periode,mois,store_id,store_city,product_id,product_name,categorie,chiffre_affaires,marge_brute,taux_marge_pct,nb_transactions,panier_moyen,taux_rupture,taux_surstock,taux_promotion,ca_sous_promo,nb_retours
2025-01,1,S01,Paris,P001,Lait demi-écrémé,Alimentaire,104747.6,22415.99,21.4,421,248.81,0.133,0.117,0.35,36661.66,9
2025-01,1,S01,Paris,P002,Riz 1kg,Alimentaire,111562.76,23651.31,21.2,1246,89.54,0.008,0.008,0.32,35700.08,17
2025-01,1,S01,Paris,P003,Pâtes 500g,Alimentaire,100832.86,22586.56,22.4,1031,97.8,0.149,0.149,0.13,13108.27,50
2025-01,1,S01,Paris,P004,Shampoing,Droguerie,123105.07,25605.85,20.8,463,265.89,0.179,0.037,0.08,9848.41,27
2025-01,1,S01,Paris,P005,Lessive,Droguerie,2269.17,1014.32,44.7,639,3.55,0.175,0.05,0.18,408.45,37
2025-01,1,S01,Paris,P006,T-shirt homme,Textile,101794.01,29927.44,29.4,242,420.64,0.166,0.031,0.35,35627.9,8
2025-01,1,S01,Paris,P007,Jeans,Textile,86538.17,25442.22,29.4,954,90.71,0.143,0.079,0.25,21634.54,32
2025-01,1,S01,Paris,P008,Smartphone,Électronique,79035.77,30112.63,38.1,1176,67.21,0.136,0.142,0.2,15807.15,27
2025-01,1,S01,Paris,P009,TV 4K,Électronique,40736.97,15317.1,37.6,1419,28.71,0.183,0.162,0.24,9776.87,5
2025-01,1,S01,Paris,P010,Casque audio,Électronique,105757.31,22949.34,21.7,900,117.51,0.077,0.028,0.08,8460.58,2
2025-01,1,S02,Lyon,P001,Lait demi-écrémé,Alimentaire,114100.05,21907.21,19.2,38,3002.63,0.135,0.146,0.23,26243.01,47
2025-01,1,S02,Lyon,P002,Riz 1kg,Alimentaire,139311.51,21036.04,15.1,535,260.4,0.127,0.186,0.26,36220.99,27
2025-01,1,S02,Lyon,P003,Pâtes 500g,Alimentaire,129653.24,30468.51,23.5,109,1189.48,0.074,0.172,0.13,16854.92,43
2025-01,1,S02,Lyon,P004,Shampoing,Droguerie,71459.54,26725.87,37.4,490,145.84,0.145,0.08,0.3,21437.86,43
2025-01,1,S02,Lyon,P005,Lessive,Droguerie,101281.5,38993.38,38.5,1449,69.9,0.109,0.072,0.02,2025.63,7
2025-01,1,S02,Lyon,P006,T-shirt homme,Textile,34211.48,12179.29,35.6,1369,24.99,0.007,0.031,0.2,6842.3,33
2025-01,1,S02,Lyon,P007,Jeans,Textile,48699.02,12759.14,26.2,93,523.65,0.033,0.053,0.34,16557.67,36
2025-01,1,S02,Lyon,P008,Smartphone,Électronique,51293.72,20722.66,40.4,194,264.4,0.226,0.015,0.19,9745.81,7
2025-01,1,S02,Lyon,P009,TV 4K,Électronique,83552.36,10611.15,12.7,275,303.83,0.019,0.05,0.18,15039.42,14
2025-01,1,S02,Lyon,P010,Casque audio,Électronique,56941.26,6035.77,10.6,1145,49.73,0.031,0.166,0.4,22776.5,2
2025-01,1,S03,Marseille,P001,Lait demi-écrémé,Alimentaire,4165.99,1512.25,36.3,642,6.49,0.15,0.122,0.37,1541.42,33
2025-01,1,S03,Marseille,P002,Riz 1kg,Alimentaire,96121.54,41812.87,43.5,476,201.94,0.063,0.071,0.08,7689.72,26
2025-01,1,S03,Marseille,P003,Pâtes 500g,Alimentaire,67130.36,14500.16,21.6,1402,47.88,0.222,0.04,0.11,7384.34,18
2025-01,1,S03,Marseille,P004,Shampoing,Droguerie,9966.47,1445.14,14.5,389,25.62,0.097,0.07,0.3,2989.94,39
2025-01,1,S03,Marseille,P005,Lessive,Droguerie,41475.73,11156.97,26.9,193,214.9,0.071,0.128,0.31,12857.48,35
2025-01,1,S03,Marseille,P006,T-shirt homme,Textile,9362.57,2574.71,27.5,1057,8.86,0.037,0.043,0.22,2059.77,18
2025-01,1,S03,Marseille,P007,Jeans,Textile,29801.62,7569.61,25.4,1077,27.67,0.031,0.021,0.08,2384.13,41
2025-01,1,S03,Marseille,P008,Smartphone,Électronique,11438.43,5032.91,44.0,1016,11.26,0.086,0.017,0.13,1487.0,15
2025-01,1,S03,Marseille,P009,TV 4K,Électronique,5967.25,2607.69,43.7,1433,4.16,0.161,0.033,0.01,59.67,32
2025-01,1,S03,Marseille,P010,Casque audio,Électronique,106394.23,24470.67,23.0,1152,92.36,0.209,0.108,0.06,6383.65,49
2025-01,1,S04,Lille,P001,Lait demi-écrémé,Alimentaire,42891.0,4546.45,10.6,314,136.6,0.242,0.119,0.13,5575.83,26
2025-01,1,S04,Lille,P002,Riz 1kg,Alimentaire,127528.35,37875.92,29.7,160,797.05,0.161,0.047,0.37,47185.49,16
2025-01,1,S04,Lille,P003,Pâtes 500g,Alimentaire,105646.14,35708.4,33.8,889,118.84,0.091,0.132,0.34,35919.69,40
2025-01,1,S04,Lille,P004,Shampoing,Droguerie,84194.67,30562.67,36.3,868,97.0,0.221,0.016,0.38,31993.97,31
2025-01,1,S04,Lille,P005,Lessive,Droguerie,149572.41,12264.94,8.2,229,653.15,0.186,0.194,0.15,22435.86,26
2025-01,1,S04,Lille,P006,T-shirt homme,Textile,106190.04,31432.25,29.6,205,518.0,0.078,0.122,0.21,22299.91,44
2025-01,1,S04,Lille,P007,Jeans,Textile,17089.02,2221.57,13.0,1375,12.43,0.072,0.079,0.21,3588.69,42
2025-01,1,S04,Lille,P008,Smartphone,Électronique,83795.63,20697.52,24.7,1308,64.06,0.135,0.107,0.02,1675.91,3
2025-01,1,S04,Lille,P009,TV 4K,Électronique,119323.93,31262.87,26.2,516,231.25,0.005,0.112,0.25,29830.98,11
2025-01,1,S04,Lille,P010,Casque audio,Électronique,27850.06,3731.91,13.4,312,89.26,0.159,0.193,0.05,1392.5,22
2025-01,1,S05,Toulouse,P001,Lait demi-écrémé,Alimentaire,139504.15,21204.63,15.2,280,498.23,0.171,0.105,0.18,25110.75,45
2025-01,1,S05,Toulouse,P002,Riz 1kg,Alimentaire,145807.71,42284.24,29.0,708,205.94,0.031,0.173,0.18,26245.39,5
2025-01,1,S05,Toulouse,P003,Pâtes 500g,Alimentaire,66434.46,20063.21,30.2,657,101.12,0.129,0.009,0.04,2657.38,29
2025-01,1,S05,Toulouse,P004,Shampoing,Droguerie,104686.37,17063.88,16.3,1012,103.45,0.006,0.079,0.36,37687.09,7
2025-01,1,S05,Toulouse,P005,Lessive,Droguerie,124741.13,36673.89,29.4,446,279.69,0.241,0.091,0.18,22453.4,33
2025-01,1,S05,Toulouse,P006,T-shirt homme,Textile,108081.2,39773.88,36.8,862,125.38,0.093,0.127,0.27,29181.92,27
2025-01,1,S05,Toulouse,P007,Jeans,Textile,101890.42,12634.41,12.4,1411,72.21,0.071,0.141,0.04,4075.62,39
2025-01,1,S05,Toulouse,P008,Smartphone,Électronique,141439.64,43563.41,30.8,495,285.74,0.197,0.037,0.23,32531.12,47
2025-01,1,S05,Toulouse,P009,TV 4K,Électronique,74341.25,24235.25,32.6,131,567.49,0.009,0.158,0.14,10407.78,49
2025-01,1,S05,Toulouse,P010,Casque audio,Électronique,64758.97,7965.35,12.3,460,140.78,0.208,0.132,0.15,9713.85,44
2025-01,1,S06,Nice,P001,Lait demi-écrémé,Alimentaire,49645.41,13453.91,27.1,102,486.72,0.166,0.159,0.23,11418.44,38
2025-01,1,S06,Nice,P002,Riz 1kg,Alimentaire,127338.84,38328.99,30.1,1412,90.18,0.194,0.053,0.07,8913.72,3
2025-01,1,S06,Nice,P003,Pâtes 500g,Alimentaire,146704.77,31248.12,21.3,291,504.14,0.221,0.098,0.3,44011.43,40
2025-01,1,S06,Nice,P004,Shampoing,Droguerie,60066.96,6126.83,10.2,1245,48.25,0.104,0.137,0.18,10812.05,8
2025-01,1,S06,Nice,P005,Lessive,Droguerie,128409.55,19903.48,15.5,581,221.01,0.006,0.156,0.12,15409.15,42
2025-01,1,S06,Nice,P006,T-shirt homme,Textile,97879.58,26525.37,27.1,462,211.86,0.243,0.165,0.04,3915.18,43
2025-01,1,S06,Nice,P007,Jeans,Textile,114649.18,9515.88,8.3,1382,82.96,0.15,0.152,0.39,44713.18,2
2025-01,1,S06,Nice,P008,Smartphone,Électronique,94013.84,14008.06,14.9,976,96.33,0.002,0.177,0.07,6580.97,25
2025-01,1,S06,Nice,P009,TV 4K,Électronique,110485.61,33145.68,30.0,635,173.99,0.126,0.07,0.14,15467.99,50
2025-01,1,S06,Nice,P010,Casque audio,Électronique,114945.18,43449.28,37.8,1451,79.22,0.171,0.179,0.21,24138.49,19
2025-01,1,S07,Bordeaux,P001,Lait demi-écrémé,Alimentaire,135468.73,29396.71,21.7,156,868.39,0.169,0.102,0.06,8128.12,20
2025-01,1,S07,Bordeaux,P002,Riz 1kg,Alimentaire,69434.34,21594.08,31.1,1228,56.54,0.174,0.075,0.08,5554.75,30
2025-01,1,S07,Bordeaux,P003,Pâtes 500g,Alimentaire,24071.08,2840.39,11.8,925,26.02,0.007,0.12,0.12,2888.53,29
2025-01,1,S07,Bordeaux,P004,Shampoing,Droguerie,26302.61,8890.28,33.8,217,121.21,0.137,0.137,0.37,9731.97,36
2025-01,1,S07,Bordeaux,P005,Lessive,Droguerie,55740.25,11203.79,20.1,739,75.43,0.149,0.17,0.08,4459.22,22
2025-01,1,S07,Bordeaux,P006,T-shirt homme,Textile,26066.3,10061.59,38.6,255,102.22,0.131,0.073,0.12,3127.96,7
2025-01,1,S07,Bordeaux,P007,Jeans,Textile,12486.77,4295.45,34.4,740,16.87,0.015,0.144,0.24,2996.82,29
2025-01,1,S07,Bordeaux,P008,Smartphone,Électronique,110697.88,39408.45,35.6,534,207.3,0.07,0.034,0.32,35423.32,6
2025-01,1,S07,Bordeaux,P009,TV 4K,Électronique,37639.76,7264.47,19.3,1070,35.18,0.103,0.182,0.25,9409.94,34
2025-01,1,S07,Bordeaux,P010,Casque audio,Électronique,90831.52,14442.21,15.9,874,103.93,0.079,0.123,0.13,11808.1,17
2025-01,1,S08,Nantes,P001,Lait demi-écrémé,Alimentaire,54239.45,19471.96,35.9,857,63.29,0.242,0.045,0.15,8135.92,39
2025-01,1,S08,Nantes,P002,Riz 1kg,Alimentaire,74440.66,21811.11,29.3,564,131.99,0.156,0.162,0.03,2233.22,48
2025-01,1,S08,Nantes,P003,Pâtes 500g,Alimentaire,59877.06,18681.64,31.2,38,1575.71,0.166,0.093,0.19,11376.64,38
2025-01,1,S08,Nantes,P004,Shampoing,Droguerie,40568.37,4705.93,11.6,783,51.81,0.001,0.038,0.36,14604.61,41
2025-01,1,S08,Nantes,P005,Lessive,Droguerie,57694.82,8769.61,15.2,1187,48.61,0.008,0.016,0.29,16731.5,30
2025-01,1,S08,Nantes,P006,T-shirt homme,Textile,5104.78,530.9,10.4,1474,3.46,0.226,0.198,0.17,867.81,44
2025-01,1,S08,Nantes,P007,Jeans,Textile,69963.04,29594.37,42.3,470,148.86,0.118,0.111,0.08,5597.04,38
2025-01,1,S08,Nantes,P008,Smartphone,Électronique,74122.49,11785.48,15.9,356,208.21,0.243,0.157,0.25,18530.62,30
2025-01,1,S08,Nantes,P009,TV 4K,Électronique,11552.39,2437.55,21.1,476,24.27,0.054,0.19,0.06,693.14,37
2025-01,1,S08,Nantes,P010,Casque audio,Électronique,6960.78,1955.98,28.1,890,7.82,0.23,0.038,0.1,696.08,24
2025-02,2,S01,Paris,P001,Lait demi-écrémé,Alimentaire,124414.95,32099.06,25.8,849,146.54,0.075,0.009,0.02,2488.3,11
2025-02,2,S01,Paris,P002,Riz 1kg,Alimentaire,16136.06,1952.46,12.1,188,85.83,0.038,0.06,0.16,2581.77,18
2025-02,2,S01,Paris,P003,Pâtes 500g,Alimentaire,148511.42,65642.05,44.2,1096,135.5,0.114,0.188,0.22,32672.51,16
2025-02,2,S01,Paris,P004,Shampoing,Droguerie,82246.48,13899.66,16.9,1317,62.45,0.049,0.016,0.1,8224.65,34
2025-02,2,S01,Paris,P005,Lessive,Droguerie,106235.0,35376.26,33.3,797,133.29,0.118,0.053,0.06,6374.1,0
2025-02,2,S01,Paris,P006,T-shirt homme,Textile,117047.36,13577.49,11.6,662,176.81,0.075,0.075,0.27,31602.79,47
2025-02,2,S01,Paris,P007,Jeans,Textile,78900.78,29508.89,37.4,994,79.38,0.021,0.196,0.12,9468.09,15
2025-02,2,S01,Paris,P008,Smartphone,Électronique,77652.09,27411.19,35.3,1029,75.46,0.196,0.125,0.05,3882.6,13
2025-02,2,S01,Paris,P009,TV 4K,Électronique,136032.02,25029.89,18.4,632,215.24,0.153,0.071,0.19,25846.08,22
2025-02,2,S01,Paris,P010,Casque audio,Électronique,55696.98,25007.94,44.9,1432,38.89,0.182,0.063,0.15,8354.55,25
2025-02,2,S02,Lyon,P001,Lait demi-écrémé,Alimentaire,1804.75,371.78,20.6,442,4.08,0.147,0.036,0.21,379.0,37
2025-02,2,S02,Lyon,P002,Riz 1kg,Alimentaire,110697.15,21918.04,19.8,280,395.35,0.105,0.153,0.35,38744.0,45
2025-02,2,S02,Lyon,P003,Pâtes 500g,Alimentaire,94792.87,40002.59,42.2,492,192.67,0.104,0.196,0.04,3791.71,40
2025-02,2,S02,Lyon,P004,Shampoing,Droguerie,28177.44,3719.42,13.2,553,50.95,0.131,0.007,0.33,9298.56,12
2025-02,2,S02,Lyon,P005,Lessive,Droguerie,134346.03,41378.58,30.8,830,161.86,0.125,0.009,0.19,25525.75,22
2025-02,2,S02,Lyon,P006,T-shirt homme,Textile,14015.17,1934.09,13.8,1484,9.44,0.091,0.168,0.31,4344.7,46
2025-02,2,S02,Lyon,P007,Jeans,Textile,58303.8,7113.06,12.2,109,534.9,0.122,0.17,0.01,583.04,30
2025-02,2,S02,Lyon,P008,Smartphone,Électronique,138826.33,37205.46,26.8,1229,112.96,0.049,0.035,0.36,49977.48,6
2025-02,2,S02,Lyon,P009,TV 4K,Électronique,126598.63,49120.27,38.8,395,320.5,0.194,0.176,0.39,49373.47,50
2025-02,2,S02,Lyon,P010,Casque audio,Électronique,69639.71,19568.76,28.1,1056,65.95,0.076,0.073,0.06,4178.38,14
2025-02,2,S03,Marseille,P001,Lait demi-écrémé,Alimentaire,42675.72,9217.96,21.6,817,52.23,0.153,0.178,0.14,5974.6,39
2025-02,2,S03,Marseille,P002,Riz 1kg,Alimentaire,82773.63,36503.17,44.1,1225,67.57,0.187,0.168,0.37,30626.24,11
2025-02,2,S03,Marseille,P003,Pâtes 500g,Alimentaire,101132.1,28620.38,28.3,680,148.72,0.131,0.036,0.32,32362.27,50
2025-02,2,S03,Marseille,P004,Shampoing,Droguerie,3150.26,472.54,15.0,120,26.25,0.024,0.159,0.19,598.55,46
2025-02,2,S03,Marseille,P005,Lessive,Droguerie,124995.68,19624.32,15.7,692,180.63,0.148,0.117,0.18,22499.22,40
2025-02,2,S03,Marseille,P006,T-shirt homme,Textile,126654.76,13552.06,10.7,391,323.93,0.218,0.144,0.29,36729.88,22
2025-02,2,S03,Marseille,P007,Jeans,Textile,123776.42,32553.2,26.3,664,186.41,0.161,0.176,0.21,25993.05,45
2025-02,2,S03,Marseille,P008,Smartphone,Électronique,82932.52,27284.8,32.9,1455,57.0,0.215,0.168,0.11,9122.58,8
2025-02,2,S03,Marseille,P009,TV 4K,Électronique,3452.04,845.75,24.5,1312,2.63,0.208,0.008,0.14,483.29,14
2025-02,2,S03,Marseille,P010,Casque audio,Électronique,34057.9,3950.72,11.6,998,34.13,0.185,0.126,0.14,4768.11,40
2025-02,2,S04,Lille,P001,Lait demi-écrémé,Alimentaire,75139.16,16605.75,22.1,1387,54.17,0.069,0.124,0.07,5259.74,36
2025-02,2,S04,Lille,P002,Riz 1kg,Alimentaire,120462.54,18069.38,15.0,663,181.69,0.166,0.1,0.06,7227.75,12
2025-02,2,S04,Lille,P003,Pâtes 500g,Alimentaire,23195.63,7051.47,30.4,666,34.83,0.022,0.14,0.23,5334.99,35
2025-02,2,S04,Lille,P004,Shampoing,Droguerie,81656.35,19189.24,23.5,442,184.74,0.075,0.007,0.35,28579.72,8
2025-02,2,S04,Lille,P005,Lessive,Droguerie,12530.92,4072.55,32.5,1488,8.42,0.108,0.153,0.05,626.55,23
2025-02,2,S04,Lille,P006,T-shirt homme,Textile,91246.31,32118.7,35.2,917,99.51,0.041,0.054,0.1,9124.63,10
2025-02,2,S04,Lille,P007,Jeans,Textile,55651.69,12243.37,22.0,1270,43.82,0.11,0.084,0.03,1669.55,20
2025-02,2,S04,Lille,P008,Smartphone,Électronique,55744.45,10479.96,18.8,1083,51.47,0.022,0.043,0.04,2229.78,43
2025-02,2,S04,Lille,P009,TV 4K,Électronique,11049.29,3535.77,32.0,711,15.54,0.008,0.016,0.22,2430.84,37
2025-02,2,S04,Lille,P010,Casque audio,Électronique,109769.05,38858.24,35.4,553,198.5,0.027,0.16,0.32,35126.1,19
2025-02,2,S05,Toulouse,P001,Lait demi-écrémé,Alimentaire,113724.45,36050.65,31.7,1387,81.99,0.24,0.05,0.11,12509.69,21
2025-02,2,S05,Toulouse,P002,Riz 1kg,Alimentaire,110749.81,13954.48,12.6,817,135.56,0.223,0.173,0.15,16612.47,36
2025-02,2,S05,Toulouse,P003,Pâtes 500g,Alimentaire,3416.26,519.27,15.2,672,5.08,0.127,0.067,0.27,922.39,7
2025-02,2,S05,Toulouse,P004,Shampoing,Droguerie,125231.57,50092.63,40.0,382,327.83,0.018,0.019,0.4,50092.63,18
2025-02,2,S05,Toulouse,P005,Lessive,Droguerie,97558.81,33560.23,34.4,177,551.18,0.001,0.15,0.06,5853.53,8
2025-02,2,S05,Toulouse,P006,T-shirt homme,Textile,143916.57,27775.9,19.3,1041,138.25,0.028,0.192,0.14,20148.32,9
2025-02,2,S05,Toulouse,P007,Jeans,Textile,76811.46,31339.08,40.8,164,468.36,0.114,0.049,0.18,13826.06,22
2025-02,2,S05,Toulouse,P008,Smartphone,Électronique,46311.95,12874.72,27.8,989,46.83,0.175,0.083,0.14,6483.67,30
2025-02,2,S05,Toulouse,P009,TV 4K,Électronique,145684.73,47493.22,32.6,374,389.53,0.138,0.196,0.03,4370.54,47
2025-02,2,S05,Toulouse,P010,Casque audio,Électronique,130467.88,46316.1,35.5,1476,88.39,0.113,0.041,0.18,23484.22,24
2025-02,2,S06,Nice,P001,Lait demi-écrémé,Alimentaire,48090.8,11541.79,24.0,141,341.07,0.132,0.09,0.02,961.82,20
2025-02,2,S06,Nice,P002,Riz 1kg,Alimentaire,10682.72,2414.29,22.6,1282,8.33,0.092,0.165,0.03,320.48,4
2025-02,2,S06,Nice,P003,Pâtes 500g,Alimentaire,70851.84,23451.96,33.1,504,140.58,0.191,0.029,0.09,6376.67,21
2025-02,2,S06,Nice,P004,Shampoing,Droguerie,8952.61,1092.22,12.2,209,42.84,0.041,0.097,0.25,2238.15,33
2025-02,2,S06,Nice,P005,Lessive,Droguerie,136690.6,54402.86,39.8,936,146.04,0.033,0.139,0.05,6834.53,16
2025-02,2,S06,Nice,P006,T-shirt homme,Textile,20698.12,2752.85,13.3,321,64.48,0.248,0.051,0.25,5174.53,3
2025-02,2,S06,Nice,P007,Jeans,Textile,136153.14,17019.14,12.5,518,262.84,0.245,0.19,0.01,1361.53,49
2025-02,2,S06,Nice,P008,Smartphone,Électronique,51405.93,16861.15,32.8,991,51.87,0.234,0.16,0.39,20048.31,14
2025-02,2,S06,Nice,P009,TV 4K,Électronique,120925.82,22371.28,18.5,581,208.13,0.137,0.199,0.35,42324.04,17
2025-02,2,S06,Nice,P010,Casque audio,Électronique,9977.16,2055.29,20.6,606,16.46,0.049,0.166,0.25,2494.29,34
2025-02,2,S07,Bordeaux,P001,Lait demi-écrémé,Alimentaire,67751.82,14363.39,21.2,54,1254.66,0.064,0.183,0.02,1355.04,29
2025-02,2,S07,Bordeaux,P002,Riz 1kg,Alimentaire,111487.85,44595.14,40.0,1358,82.1,0.191,0.163,0.34,37905.87,19
2025-02,2,S07,Bordeaux,P003,Pâtes 500g,Alimentaire,92761.58,9183.4,9.9,1469,63.15,0.143,0.114,0.06,5565.69,12
2025-02,2,S07,Bordeaux,P004,Shampoing,Droguerie,30340.65,13349.89,44.0,745,40.73,0.183,0.178,0.08,2427.25,42
2025-02,2,S07,Bordeaux,P005,Lessive,Droguerie,25960.8,10436.24,40.2,528,49.17,0.046,0.157,0.06,1557.65,3
2025-02,2,S07,Bordeaux,P006,T-shirt homme,Textile,13580.6,3177.86,23.4,798,17.02,0.027,0.189,0.07,950.64,40
2025-02,2,S07,Bordeaux,P007,Jeans,Textile,43708.06,19581.21,44.8,967,45.2,0.014,0.103,0.21,9178.69,8
2025-02,2,S07,Bordeaux,P008,Smartphone,Électronique,98027.45,42249.83,43.1,1164,84.22,0.056,0.159,0.39,38230.71,31
2025-02,2,S07,Bordeaux,P009,TV 4K,Électronique,95534.86,9840.09,10.3,373,256.13,0.014,0.164,0.2,19106.97,39
2025-02,2,S07,Bordeaux,P010,Casque audio,Électronique,30343.26,10104.31,33.3,1439,21.09,0.243,0.167,0.09,2730.89,42
2025-02,2,S08,Nantes,P001,Lait demi-écrémé,Alimentaire,25399.89,10109.16,39.8,785,32.36,0.239,0.198,0.35,8889.96,14
2025-02,2,S08,Nantes,P002,Riz 1kg,Alimentaire,57883.86,9435.07,16.3,977,59.25,0.087,0.145,0.26,15049.8,15
2025-02,2,S08,Nantes,P003,Pâtes 500g,Alimentaire,68935.45,6617.8,9.6,723,95.35,0.056,0.143,0.18,12408.38,8
2025-02,2,S08,Nantes,P004,Shampoing,Droguerie,98650.01,23084.1,23.4,801,123.16,0.192,0.043,0.34,33541.0,1
2025-02,2,S08,Nantes,P005,Lessive,Droguerie,64015.07,13315.13,20.8,86,744.36,0.141,0.119,0.31,19844.67,28
2025-02,2,S08,Nantes,P006,T-shirt homme,Textile,96224.74,8179.1,8.5,966,99.61,0.055,0.02,0.31,29829.67,2
2025-02,2,S08,Nantes,P007,Jeans,Textile,132049.2,15449.76,11.7,242,545.66,0.08,0.066,0.17,22448.36,11
2025-02,2,S08,Nantes,P008,Smartphone,Électronique,20097.67,5888.62,29.3,242,83.05,0.089,0.199,0.32,6431.25,36
2025-02,2,S08,Nantes,P009,TV 4K,Électronique,79639.99,18715.4,23.5,426,186.95,0.184,0.095,0.39,31059.6,17
2025-02,2,S08,Nantes,P010,Casque audio,Électronique,13638.85,1636.66,12.0,1473,9.26,0.15,0.14,0.15,2045.83,34
2025-03,3,S01,Paris,P001,Lait demi-écrémé,Alimentaire,143952.4,59164.44,41.1,468,307.59,0.249,0.036,0.4,57580.96,50
2025-03,3,S01,Paris,P002,Riz 1kg,Alimentaire,109614.79,42969.0,39.2,1092,100.38,0.166,0.019,0.11,12057.63,28
2025-03,3,S01,Paris,P003,Pâtes 500g,Alimentaire,79322.6,30697.85,38.7,180,440.68,0.125,0.094,0.03,2379.68,37
2025-03,3,S01,Paris,P004,Shampoing,Droguerie,129107.02,42863.53,33.2,361,357.64,0.061,0.04,0.0,0.0,28
2025-03,3,S01,Paris,P005,Lessive,Droguerie,94458.03,42317.2,44.8,207,456.32,0.091,0.096,0.15,14168.7,23
2025-03,3,S01,Paris,P006,T-shirt homme,Textile,65051.12,26345.7,40.5,1454,44.74,0.138,0.113,0.03,1951.53,25
2025-03,3,S01,Paris,P007,Jeans,Textile,149161.89,15811.16,10.6,84,1775.74,0.136,0.03,0.25,37290.47,1
2025-03,3,S01,Paris,P008,Smartphone,Électronique,135566.29,22639.57,16.7,700,193.67,0.236,0.086,0.38,51515.19,2
2025-03,3,S01,Paris,P009,TV 4K,Électronique,95494.01,14037.62,14.7,962,99.27,0.119,0.044,0.24,22918.56,49
2025-03,3,S01,Paris,P010,Casque audio,Électronique,118560.79,43630.37,36.8,448,264.64,0.234,0.18,0.03,3556.82,22
2025-03,3,S02,Lyon,P001,Lait demi-écrémé,Alimentaire,133219.92,53554.41,40.2,997,133.62,0.18,0.081,0.11,14654.19,33
2025-03,3,S02,Lyon,P002,Riz 1kg,Alimentaire,51130.99,11760.13,23.0,1464,34.93,0.085,0.177,0.09,4601.79,11
2025-03,3,S02,Lyon,P003,Pâtes 500g,Alimentaire,55436.13,10477.43,18.9,988,56.11,0.078,0.044,0.28,15522.12,9
2025-03,3,S02,Lyon,P004,Shampoing,Droguerie,143989.39,21598.41,15.0,331,435.01,0.189,0.152,0.24,34557.45,36
2025-03,3,S02,Lyon,P005,Lessive,Droguerie,92441.53,39102.77,42.3,892,103.63,0.027,0.114,0.29,26808.04,32
2025-03,3,S02,Lyon,P006,T-shirt homme,Textile,145188.42,34119.28,23.5,517,280.83,0.219,0.019,0.2,29037.68,38
2025-03,3,S02,Lyon,P007,Jeans,Textile,64842.64,17183.3,26.5,802,80.85,0.113,0.035,0.2,12968.53,29
2025-03,3,S02,Lyon,P008,Smartphone,Électronique,99287.34,15290.25,15.4,196,506.57,0.07,0.102,0.21,20850.34,25
2025-03,3,S02,Lyon,P009,TV 4K,Électronique,143746.03,42836.32,29.8,69,2083.28,0.091,0.058,0.02,2874.92,47
2025-03,3,S02,Lyon,P010,Casque audio,Électronique,5256.96,2139.58,40.7,234,22.47,0.227,0.18,0.07,367.99,36
2025-03,3,S03,Marseille,P001,Lait demi-écrémé,Alimentaire,21107.93,3693.89,17.5,457,46.19,0.233,0.081,0.08,1688.63,10
2025-03,3,S03,Marseille,P002,Riz 1kg,Alimentaire,86240.39,14143.42,16.4,1230,70.11,0.143,0.116,0.23,19835.29,44
2025-03,3,S03,Marseille,P003,Pâtes 500g,Alimentaire,23914.39,6241.66,26.1,495,48.31,0.076,0.182,0.32,7652.6,10
2025-03,3,S03,Marseille,P004,Shampoing,Droguerie,116774.74,19384.61,16.6,1410,82.82,0.132,0.167,0.36,42038.91,49
2025-03,3,S03,Marseille,P005,Lessive,Droguerie,7288.44,2463.49,33.8,110,66.26,0.199,0.106,0.39,2842.49,48
2025-03,3,S03,Marseille,P006,T-shirt homme,Textile,48466.04,9741.67,20.1,284,170.66,0.051,0.044,0.33,15993.79,0
2025-03,3,S03,Marseille,P007,Jeans,Textile,35759.2,10835.04,30.3,117,305.63,0.207,0.028,0.28,10012.58,4
2025-03,3,S03,Marseille,P008,Smartphone,Électronique,29229.04,10668.6,36.5,664,44.02,0.163,0.041,0.06,1753.74,34
2025-03,3,S03,Marseille,P009,TV 4K,Électronique,86483.15,17642.56,20.4,364,237.59,0.237,0.111,0.33,28539.44,14
2025-03,3,S03,Marseille,P010,Casque audio,Électronique,19762.15,8359.39,42.3,1484,13.32,0.241,0.068,0.23,4545.29,44
2025-03,3,S04,Lille,P001,Lait demi-écrémé,Alimentaire,82827.58,19133.17,23.1,767,107.99,0.167,0.159,0.14,11595.86,37
2025-03,3,S04,Lille,P002,Riz 1kg,Alimentaire,89085.04,7394.06,8.3,748,119.1,0.226,0.08,0.11,9799.35,15
2025-03,3,S04,Lille,P003,Pâtes 500g,Alimentaire,19557.99,4028.95,20.6,1241,15.76,0.077,0.06,0.19,3716.02,26
2025-03,3,S04,Lille,P004,Shampoing,Droguerie,44835.8,7666.92,17.1,1225,36.6,0.119,0.039,0.25,11208.95,24
2025-03,3,S04,Lille,P005,Lessive,Droguerie,9160.76,3645.98,39.8,271,33.8,0.043,0.13,0.32,2931.44,9
2025-03,3,S04,Lille,P006,T-shirt homme,Textile,18923.67,6982.83,36.9,466,40.61,0.18,0.054,0.19,3595.5,26
2025-03,3,S04,Lille,P007,Jeans,Textile,114648.0,10318.32,9.0,417,274.94,0.234,0.056,0.31,35540.88,8
2025-03,3,S04,Lille,P008,Smartphone,Électronique,38319.2,4598.3,12.0,119,322.01,0.202,0.062,0.25,9579.8,28
2025-03,3,S04,Lille,P009,TV 4K,Électronique,82960.93,21486.88,25.9,1014,81.82,0.152,0.02,0.27,22399.45,7
2025-03,3,S04,Lille,P010,Casque audio,Électronique,98865.71,18389.02,18.6,1024,96.55,0.014,0.145,0.1,9886.57,14
2025-03,3,S05,Toulouse,P001,Lait demi-écrémé,Alimentaire,148863.96,29326.2,19.7,1002,148.57,0.018,0.092,0.2,29772.79,19
2025-03,3,S05,Toulouse,P002,Riz 1kg,Alimentaire,142294.65,18356.01,12.9,211,674.38,0.029,0.14,0.17,24190.09,41
2025-03,3,S05,Toulouse,P003,Pâtes 500g,Alimentaire,75981.97,19679.33,25.9,836,90.89,0.111,0.013,0.35,26593.69,30
2025-03,3,S05,Toulouse,P004,Shampoing,Droguerie,39721.19,10406.95,26.2,473,83.98,0.245,0.068,0.35,13902.42,24
2025-03,3,S05,Toulouse,P005,Lessive,Droguerie,23000.35,9798.15,42.6,912,25.22,0.117,0.096,0.3,6900.1,36
2025-03,3,S05,Toulouse,P006,T-shirt homme,Textile,92780.0,32287.44,34.8,615,150.86,0.088,0.067,0.02,1855.6,50
2025-03,3,S05,Toulouse,P007,Jeans,Textile,139041.22,39487.71,28.4,626,222.11,0.037,0.087,0.18,25027.42,15
2025-03,3,S05,Toulouse,P008,Smartphone,Électronique,119092.8,51090.81,42.9,46,2588.97,0.2,0.112,0.07,8336.5,39
2025-03,3,S05,Toulouse,P009,TV 4K,Électronique,46689.57,5462.68,11.7,588,79.4,0.072,0.073,0.15,7003.44,4
2025-03,3,S05,Toulouse,P010,Casque audio,Électronique,129533.61,49093.24,37.9,1221,106.09,0.122,0.069,0.15,19430.04,13
2025-03,3,S06,Nice,P001,Lait demi-écrémé,Alimentaire,148101.19,48280.99,32.6,744,199.06,0.132,0.019,0.18,26658.21,37
2025-03,3,S06,Nice,P002,Riz 1kg,Alimentaire,135851.05,42928.93,31.6,1474,92.16,0.077,0.18,0.24,32604.25,25
2025-03,3,S06,Nice,P003,Pâtes 500g,Alimentaire,66455.71,10566.46,15.9,594,111.88,0.001,0.066,0.26,17278.48,18
2025-03,3,S06,Nice,P004,Shampoing,Droguerie,33823.73,7847.11,23.2,1224,27.63,0.189,0.193,0.09,3044.14,19
2025-03,3,S06,Nice,P005,Lessive,Droguerie,147764.11,54968.25,37.2,1170,126.29,0.121,0.002,0.2,29552.82,30
2025-03,3,S06,Nice,P006,T-shirt homme,Textile,111748.67,47493.18,42.5,1152,97.0,0.246,0.086,0.31,34642.09,32
2025-03,3,S06,Nice,P007,Jeans,Textile,113892.89,37356.87,32.8,1221,93.28,0.181,0.054,0.04,4555.72,37
2025-03,3,S06,Nice,P008,Smartphone,Électronique,73328.2,26031.51,35.5,1464,50.09,0.109,0.17,0.33,24198.31,35
2025-03,3,S06,Nice,P009,TV 4K,Électronique,149180.65,28642.68,19.2,1498,99.59,0.007,0.151,0.09,13426.26,46
2025-03,3,S06,Nice,P010,Casque audio,Électronique,148269.98,49522.17,33.4,891,166.41,0.201,0.155,0.06,8896.2,25
2025-03,3,S07,Bordeaux,P001,Lait demi-écrémé,Alimentaire,117929.5,29836.16,25.3,1154,102.19,0.122,0.112,0.02,2358.59,13
2025-03,3,S07,Bordeaux,P002,Riz 1kg,Alimentaire,106921.05,42768.42,40.0,243,440.0,0.2,0.076,0.18,19245.79,11
2025-03,3,S07,Bordeaux,P003,Pâtes 500g,Alimentaire,10049.96,3175.79,31.6,259,38.8,0.042,0.138,0.25,2512.49,38
2025-03,3,S07,Bordeaux,P004,Shampoing,Droguerie,7745.08,759.02,9.8,600,12.91,0.238,0.159,0.13,1006.86,4
2025-03,3,S07,Bordeaux,P005,Lessive,Droguerie,123722.79,29693.47,24.0,661,187.18,0.071,0.059,0.0,0.0,1
2025-03,3,S07,Bordeaux,P006,T-shirt homme,Textile,92973.23,15247.61,16.4,968,96.05,0.032,0.026,0.06,5578.39,9
2025-03,3,S07,Bordeaux,P007,Jeans,Textile,122234.14,19924.16,16.3,884,138.27,0.088,0.178,0.38,46448.97,42
2025-03,3,S07,Bordeaux,P008,Smartphone,Électronique,122695.98,24293.8,19.8,443,276.97,0.135,0.112,0.37,45397.51,1
2025-03,3,S07,Bordeaux,P009,TV 4K,Électronique,60371.26,17507.67,29.0,834,72.39,0.043,0.101,0.08,4829.7,21
2025-03,3,S07,Bordeaux,P010,Casque audio,Électronique,139430.4,28722.66,20.6,831,167.79,0.063,0.034,0.0,0.0,42
2025-03,3,S08,Nantes,P001,Lait demi-écrémé,Alimentaire,80326.6,34138.81,42.5,1261,63.7,0.112,0.074,0.18,14458.79,0
2025-03,3,S08,Nantes,P002,Riz 1kg,Alimentaire,144708.44,55712.75,38.5,38,3808.12,0.201,0.19,0.2,28941.69,17
2025-03,3,S08,Nantes,P003,Pâtes 500g,Alimentaire,145377.07,43903.88,30.2,1344,108.17,0.227,0.116,0.02,2907.54,5
2025-03,3,S08,Nantes,P004,Shampoing,Droguerie,148594.27,40566.24,27.3,296,502.01,0.129,0.105,0.36,53493.94,32
2025-03,3,S08,Nantes,P005,Lessive,Droguerie,126931.59,43156.74,34.0,147,863.48,0.222,0.154,0.3,38079.48,42
2025-03,3,S08,Nantes,P006,T-shirt homme,Textile,98500.48,42552.21,43.2,1068,92.23,0.041,0.161,0.36,35460.17,41
2025-03,3,S08,Nantes,P007,Jeans,Textile,11839.11,1408.85,11.9,855,13.85,0.129,0.068,0.14,1657.48,28
2025-03,3,S08,Nantes,P008,Smartphone,Électronique,147805.6,59417.85,40.2,211,700.5,0.057,0.108,0.13,19214.73,8
2025-03,3,S08,Nantes,P009,TV 4K,Électronique,85074.21,15143.21,17.8,1003,84.82,0.033,0.078,0.19,16164.1,41
2025-03,3,S08,Nantes,P010,Casque audio,Électronique,90918.89,8819.13,9.7,1474,61.68,0.048,0.038,0.15,13637.83,9
2025-04,4,S01,Paris,P001,Lait demi-écrémé,Alimentaire,83282.69,28232.83,33.9,1150,72.42,0.133,0.156,0.28,23319.15,50
2025-04,4,S01,Paris,P002,Riz 1kg,Alimentaire,124271.15,31067.79,25.0,1036,119.95,0.124,0.117,0.06,7456.27,3
2025-04,4,S01,Paris,P003,Pâtes 500g,Alimentaire,52110.02,22198.87,42.6,979,53.23,0.148,0.147,0.14,7295.4,2
2025-04,4,S01,Paris,P004,Shampoing,Droguerie,81340.51,13421.18,16.5,1494,54.44,0.155,0.099,0.16,13014.48,50
2025-04,4,S01,Paris,P005,Lessive,Droguerie,122070.51,35156.31,28.8,252,484.41,0.199,0.038,0.07,8544.94,40
2025-04,4,S01,Paris,P006,T-shirt homme,Textile,7874.45,2543.45,32.3,822,9.58,0.204,0.175,0.32,2519.82,42
2025-04,4,S01,Paris,P007,Jeans,Textile,1870.79,323.65,17.3,1184,1.58,0.1,0.106,0.13,243.2,1
2025-04,4,S01,Paris,P008,Smartphone,Électronique,43320.33,5155.12,11.9,542,79.93,0.092,0.065,0.05,2166.02,4
2025-04,4,S01,Paris,P009,TV 4K,Électronique,148956.59,33664.19,22.6,280,531.99,0.248,0.035,0.25,37239.15,27
2025-04,4,S01,Paris,P010,Casque audio,Électronique,37152.88,7170.51,19.3,49,758.22,0.171,0.016,0.27,10031.28,34
2025-04,4,S02,Lyon,P001,Lait demi-écrémé,Alimentaire,125704.99,24889.59,19.8,942,133.44,0.142,0.079,0.21,26398.05,26
2025-04,4,S02,Lyon,P002,Riz 1kg,Alimentaire,140315.07,63141.78,45.0,102,1375.64,0.201,0.033,0.13,18240.96,45
2025-04,4,S02,Lyon,P003,Pâtes 500g,Alimentaire,115189.3,37897.28,32.9,819,140.65,0.146,0.031,0.22,25341.65,44
2025-04,4,S02,Lyon,P004,Shampoing,Droguerie,137201.63,45002.13,32.8,997,137.61,0.178,0.102,0.32,43904.52,5
2025-04,4,S02,Lyon,P005,Lessive,Droguerie,60256.87,13618.05,22.6,616,97.82,0.016,0.129,0.02,1205.14,42
2025-04,4,S02,Lyon,P006,T-shirt homme,Textile,32627.53,13899.33,42.6,953,34.24,0.02,0.137,0.09,2936.48,0
2025-04,4,S02,Lyon,P007,Jeans,Textile,93165.4,17515.1,18.8,600,155.28,0.198,0.073,0.21,19564.73,19
2025-04,4,S02,Lyon,P008,Smartphone,Électronique,81635.8,33715.59,41.3,789,103.47,0.021,0.177,0.01,816.36,25
2025-04,4,S02,Lyon,P009,TV 4K,Électronique,47149.54,7826.82,16.6,1247,37.81,0.075,0.199,0.29,13673.37,20
2025-04,4,S02,Lyon,P010,Casque audio,Électronique,61734.67,27595.4,44.7,491,125.73,0.236,0.003,0.21,12964.28,44
2025-04,4,S03,Marseille,P001,Lait demi-écrémé,Alimentaire,51601.59,20021.42,38.8,568,90.85,0.14,0.087,0.17,8772.27,18
2025-04,4,S03,Marseille,P002,Riz 1kg,Alimentaire,78615.68,29166.42,37.1,764,102.9,0.175,0.147,0.36,28301.64,8
2025-04,4,S03,Marseille,P003,Pâtes 500g,Alimentaire,139770.34,19148.54,13.7,1014,137.84,0.231,0.06,0.12,16772.44,50
2025-04,4,S03,Marseille,P004,Shampoing,Droguerie,133632.08,17773.07,13.3,1365,97.9,0.103,0.033,0.25,33408.02,41
2025-04,4,S03,Marseille,P005,Lessive,Droguerie,25625.66,7713.32,30.1,227,112.89,0.083,0.066,0.38,9737.75,17
2025-04,4,S03,Marseille,P006,T-shirt homme,Textile,106387.54,41384.75,38.9,588,180.93,0.094,0.145,0.3,31916.26,3
2025-04,4,S03,Marseille,P007,Jeans,Textile,3057.15,1011.92,33.1,986,3.1,0.098,0.119,0.28,856.0,6
2025-04,4,S03,Marseille,P008,Smartphone,Électronique,86374.26,9155.67,10.6,1389,62.18,0.243,0.007,0.39,33685.96,4
2025-04,4,S03,Marseille,P009,TV 4K,Électronique,113417.3,44799.83,39.5,329,344.73,0.172,0.149,0.33,37427.71,11
2025-04,4,S03,Marseille,P010,Casque audio,Électronique,130727.53,12680.57,9.7,605,216.08,0.087,0.148,0.05,6536.38,38
2025-04,4,S04,Lille,P001,Lait demi-écrémé,Alimentaire,106447.73,34382.62,32.3,1221,87.18,0.163,0.147,0.4,42579.09,43
2025-04,4,S04,Lille,P002,Riz 1kg,Alimentaire,101875.79,8557.57,8.4,107,952.11,0.186,0.123,0.38,38712.8,39
2025-04,4,S04,Lille,P003,Pâtes 500g,Alimentaire,22040.58,2534.67,11.5,703,31.35,0.213,0.186,0.17,3746.9,42
2025-04,4,S04,Lille,P004,Shampoing,Droguerie,25007.65,7527.3,30.1,1451,17.23,0.159,0.116,0.14,3501.07,10
2025-04,4,S04,Lille,P005,Lessive,Droguerie,55113.04,9534.56,17.3,1137,48.47,0.168,0.088,0.08,4409.04,39
2025-04,4,S04,Lille,P006,T-shirt homme,Textile,135927.85,40642.43,29.9,291,467.11,0.211,0.054,0.27,36700.52,6
2025-04,4,S04,Lille,P007,Jeans,Textile,136984.58,46300.79,33.8,1157,118.4,0.03,0.027,0.39,53423.99,40
2025-04,4,S04,Lille,P008,Smartphone,Électronique,118233.52,40081.16,33.9,58,2038.51,0.08,0.116,0.19,22464.37,6
2025-04,4,S04,Lille,P009,TV 4K,Électronique,92861.81,14672.17,15.8,650,142.86,0.092,0.189,0.18,16715.13,25
2025-04,4,S04,Lille,P010,Casque audio,Électronique,32815.49,6005.23,18.3,501,65.5,0.03,0.021,0.38,12469.89,6
2025-04,4,S05,Toulouse,P001,Lait demi-écrémé,Alimentaire,121627.94,16663.03,13.7,444,273.94,0.25,0.164,0.17,20676.75,1
2025-04,4,S05,Toulouse,P002,Riz 1kg,Alimentaire,19390.02,2889.11,14.9,968,20.03,0.162,0.105,0.0,0.0,6
2025-04,4,S05,Toulouse,P003,Pâtes 500g,Alimentaire,74143.78,7191.95,9.7,543,136.54,0.229,0.137,0.0,0.0,44
2025-04,4,S05,Toulouse,P004,Shampoing,Droguerie,61017.02,26664.44,43.7,1154,52.87,0.173,0.154,0.39,23796.64,29
2025-04,4,S05,Toulouse,P005,Lessive,Droguerie,89035.38,33121.16,37.2,223,399.26,0.085,0.115,0.01,890.35,25
2025-04,4,S05,Toulouse,P006,T-shirt homme,Textile,21305.43,6412.93,30.1,910,23.41,0.017,0.12,0.19,4048.03,2
2025-04,4,S05,Toulouse,P007,Jeans,Textile,80219.71,10669.22,13.3,301,266.51,0.058,0.092,0.34,27274.7,0
2025-04,4,S05,Toulouse,P008,Smartphone,Électronique,82602.12,27341.3,33.1,203,406.91,0.008,0.16,0.34,28084.72,2
2025-04,4,S05,Toulouse,P009,TV 4K,Électronique,47130.55,10745.77,22.8,1362,34.6,0.011,0.05,0.22,10368.72,24
2025-04,4,S05,Toulouse,P010,Casque audio,Électronique,8238.29,741.45,9.0,413,19.95,0.035,0.018,0.1,823.83,12
2025-04,4,S06,Nice,P001,Lait demi-écrémé,Alimentaire,34341.58,8448.03,24.6,738,46.53,0.077,0.114,0.17,5838.07,32
2025-04,4,S06,Nice,P002,Riz 1kg,Alimentaire,120309.91,28874.38,24.0,493,244.04,0.127,0.096,0.38,45717.77,16
2025-04,4,S06,Nice,P003,Pâtes 500g,Alimentaire,72915.58,17791.4,24.4,403,180.93,0.214,0.056,0.39,28437.08,39
2025-04,4,S06,Nice,P004,Shampoing,Droguerie,90669.17,23755.32,26.2,890,101.88,0.129,0.085,0.05,4533.46,3
2025-04,4,S06,Nice,P005,Lessive,Droguerie,51198.31,16639.45,32.5,1075,47.63,0.008,0.097,0.05,2559.92,24
2025-04,4,S06,Nice,P006,T-shirt homme,Textile,2178.94,363.88,16.7,462,4.72,0.084,0.034,0.24,522.95,38
2025-04,4,S06,Nice,P007,Jeans,Textile,148994.75,57064.99,38.3,886,168.17,0.2,0.197,0.06,8939.68,41
2025-04,4,S06,Nice,P008,Smartphone,Électronique,102821.45,26527.93,25.8,93,1105.61,0.12,0.143,0.06,6169.29,31
2025-04,4,S06,Nice,P009,TV 4K,Électronique,38942.96,16278.16,41.8,1228,31.71,0.137,0.174,0.31,12072.32,11
2025-04,4,S06,Nice,P010,Casque audio,Électronique,81301.02,12113.85,14.9,192,423.44,0.192,0.158,0.39,31707.4,37
2025-04,4,S07,Bordeaux,P001,Lait demi-écrémé,Alimentaire,136190.13,55020.81,40.4,311,437.91,0.153,0.159,0.1,13619.01,27
2025-04,4,S07,Bordeaux,P002,Riz 1kg,Alimentaire,94863.43,32727.88,34.5,245,387.2,0.215,0.04,0.18,17075.42,19
2025-04,4,S07,Bordeaux,P003,Pâtes 500g,Alimentaire,87957.81,29641.78,33.7,1318,66.74,0.208,0.108,0.17,14952.83,6
2025-04,4,S07,Bordeaux,P004,Shampoing,Droguerie,111529.71,20633.0,18.5,494,225.77,0.221,0.061,0.26,28997.72,39
2025-04,4,S07,Bordeaux,P005,Lessive,Droguerie,56461.98,18293.68,32.4,1032,54.71,0.222,0.023,0.07,3952.34,49
2025-04,4,S07,Bordeaux,P006,T-shirt homme,Textile,1661.24,282.41,17.0,1334,1.25,0.063,0.09,0.08,132.9,4
2025-04,4,S07,Bordeaux,P007,Jeans,Textile,34732.88,14935.14,43.0,610,56.94,0.193,0.075,0.38,13198.49,18
2025-04,4,S07,Bordeaux,P008,Smartphone,Électronique,96761.74,23126.06,23.9,814,118.87,0.075,0.147,0.2,19352.35,41
2025-04,4,S07,Bordeaux,P009,TV 4K,Électronique,143923.43,29648.23,20.6,491,293.12,0.148,0.143,0.28,40298.56,13
2025-04,4,S07,Bordeaux,P010,Casque audio,Électronique,32104.1,13194.79,41.1,821,39.1,0.016,0.002,0.07,2247.29,3
2025-04,4,S08,Nantes,P001,Lait demi-écrémé,Alimentaire,94956.65,8736.01,9.2,599,158.53,0.085,0.008,0.06,5697.4,20
2025-04,4,S08,Nantes,P002,Riz 1kg,Alimentaire,55230.56,24246.22,43.9,780,70.81,0.207,0.081,0.1,5523.06,49
2025-04,4,S08,Nantes,P003,Pâtes 500g,Alimentaire,125831.48,33219.51,26.4,538,233.89,0.007,0.145,0.16,20133.04,10
2025-04,4,S08,Nantes,P004,Shampoing,Droguerie,148756.16,44924.36,30.2,588,252.99,0.228,0.126,0.28,41651.72,21
2025-04,4,S08,Nantes,P005,Lessive,Droguerie,69897.99,15237.76,21.8,1193,58.59,0.106,0.082,0.24,16775.52,18
2025-04,4,S08,Nantes,P006,T-shirt homme,Textile,88429.43,11407.4,12.9,850,104.03,0.014,0.081,0.04,3537.18,4
2025-04,4,S08,Nantes,P007,Jeans,Textile,33127.69,8679.45,26.2,1036,31.98,0.028,0.055,0.04,1325.11,34
2025-04,4,S08,Nantes,P008,Smartphone,Électronique,48666.07,8224.57,16.9,132,368.68,0.182,0.084,0.16,7786.57,44
2025-04,4,S08,Nantes,P009,TV 4K,Électronique,65795.16,7303.26,11.1,293,224.56,0.024,0.023,0.35,23028.31,35
2025-04,4,S08,Nantes,P010,Casque audio,Électronique,118957.69,29620.46,24.9,1091,109.04,0.064,0.127,0.09,10706.19,6
2025-05,5,S01,Paris,P001,Lait demi-écrémé,Alimentaire,111576.47,12161.84,10.9,609,183.21,0.182,0.17,0.33,36820.24,27
2025-05,5,S01,Paris,P002,Riz 1kg,Alimentaire,107256.86,11691.0,10.9,1246,86.08,0.034,0.041,0.3,32177.06,2
2025-05,5,S01,Paris,P003,Pâtes 500g,Alimentaire,87607.12,38809.95,44.3,1095,80.01,0.226,0.069,0.26,22777.85,9
2025-05,5,S01,Paris,P004,Shampoing,Droguerie,84652.47,33691.68,39.8,581,145.7,0.001,0.115,0.15,12697.87,19
2025-05,5,S01,Paris,P005,Lessive,Droguerie,136958.71,15065.46,11.0,680,201.41,0.104,0.117,0.23,31500.5,42
2025-05,5,S01,Paris,P006,T-shirt homme,Textile,63864.33,25737.32,40.3,1160,55.06,0.223,0.136,0.27,17243.37,40
2025-05,5,S01,Paris,P007,Jeans,Textile,13036.39,4562.74,35.0,1164,11.2,0.143,0.139,0.24,3128.73,49
2025-05,5,S01,Paris,P008,Smartphone,Électronique,19848.36,2838.32,14.3,55,360.88,0.007,0.149,0.22,4366.64,11
2025-05,5,S01,Paris,P009,TV 4K,Électronique,103104.4,16599.81,16.1,440,234.33,0.243,0.163,0.26,26807.14,24
2025-05,5,S01,Paris,P010,Casque audio,Électronique,51397.33,13054.92,25.4,752,68.35,0.093,0.118,0.31,15933.17,11
2025-05,5,S02,Lyon,P001,Lait demi-écrémé,Alimentaire,5702.16,2417.72,42.4,344,16.58,0.082,0.166,0.07,399.15,41
2025-05,5,S02,Lyon,P002,Riz 1kg,Alimentaire,133318.86,11065.47,8.3,687,194.06,0.161,0.057,0.32,42662.04,24
2025-05,5,S02,Lyon,P003,Pâtes 500g,Alimentaire,68038.87,8232.7,12.1,1267,53.7,0.104,0.029,0.34,23133.22,39
2025-05,5,S02,Lyon,P004,Shampoing,Droguerie,133251.91,35445.01,26.6,1145,116.38,0.2,0.154,0.12,15990.23,42
2025-05,5,S02,Lyon,P005,Lessive,Droguerie,11735.68,5245.85,44.7,639,18.37,0.089,0.17,0.24,2816.56,17
2025-05,5,S02,Lyon,P006,T-shirt homme,Textile,44233.85,9775.68,22.1,739,59.86,0.211,0.076,0.07,3096.37,28
2025-05,5,S02,Lyon,P007,Jeans,Textile,33821.5,11127.27,32.9,722,46.84,0.151,0.148,0.0,0.0,2
2025-05,5,S02,Lyon,P008,Smartphone,Électronique,78313.34,20831.35,26.6,1482,52.84,0.035,0.054,0.23,18012.07,3
2025-05,5,S02,Lyon,P009,TV 4K,Électronique,2242.81,870.21,38.8,554,4.05,0.233,0.173,0.06,134.57,5
2025-05,5,S02,Lyon,P010,Casque audio,Électronique,144886.6,54767.13,37.8,357,405.84,0.049,0.197,0.08,11590.93,0
2025-05,5,S03,Marseille,P001,Lait demi-écrémé,Alimentaire,71209.92,28982.44,40.7,1477,48.21,0.125,0.058,0.32,22787.17,12
2025-05,5,S03,Marseille,P002,Riz 1kg,Alimentaire,40792.21,13257.47,32.5,1399,29.16,0.159,0.025,0.38,15501.04,41
2025-05,5,S03,Marseille,P003,Pâtes 500g,Alimentaire,44206.18,13836.53,31.3,792,55.82,0.012,0.147,0.36,15914.22,12
2025-05,5,S03,Marseille,P004,Shampoing,Droguerie,104643.9,22917.01,21.9,151,693.01,0.114,0.033,0.12,12557.27,25
2025-05,5,S03,Marseille,P005,Lessive,Droguerie,61973.74,11713.04,18.9,541,114.55,0.205,0.121,0.05,3098.69,6
2025-05,5,S03,Marseille,P006,T-shirt homme,Textile,57102.98,21413.62,37.5,556,102.7,0.153,0.102,0.07,3997.21,41
2025-05,5,S03,Marseille,P007,Jeans,Textile,139115.6,57037.4,41.0,351,396.34,0.175,0.123,0.32,44516.99,38
2025-05,5,S03,Marseille,P008,Smartphone,Électronique,122326.7,32416.58,26.5,963,127.03,0.209,0.066,0.23,28135.14,32
2025-05,5,S03,Marseille,P009,TV 4K,Électronique,8345.75,1902.83,22.8,573,14.57,0.102,0.064,0.21,1752.61,23
2025-05,5,S03,Marseille,P010,Casque audio,Électronique,146746.73,13500.7,9.2,905,162.15,0.071,0.11,0.33,48426.42,28
2025-05,5,S04,Lille,P001,Lait demi-écrémé,Alimentaire,31788.65,5531.23,17.4,45,706.41,0.222,0.184,0.02,635.77,23
2025-05,5,S04,Lille,P002,Riz 1kg,Alimentaire,32489.89,6790.39,20.9,1050,30.94,0.162,0.094,0.07,2274.29,50
2025-05,5,S04,Lille,P003,Pâtes 500g,Alimentaire,28195.81,7528.28,26.7,310,90.95,0.212,0.077,0.31,8740.7,49
2025-05,5,S04,Lille,P004,Shampoing,Droguerie,81690.62,14786.0,18.1,1360,60.07,0.078,0.074,0.09,7352.16,1
2025-05,5,S04,Lille,P005,Lessive,Droguerie,136697.07,56865.98,41.6,1168,117.04,0.213,0.12,0.2,27339.41,30
2025-05,5,S04,Lille,P006,T-shirt homme,Textile,48115.94,18572.75,38.6,1029,46.76,0.205,0.106,0.08,3849.28,23
2025-05,5,S04,Lille,P007,Jeans,Textile,89459.32,16102.68,18.0,525,170.4,0.202,0.082,0.39,34889.13,11
2025-05,5,S04,Lille,P008,Smartphone,Électronique,75721.84,16431.64,21.7,902,83.95,0.058,0.094,0.06,4543.31,3
2025-05,5,S04,Lille,P009,TV 4K,Électronique,145260.5,59556.8,41.0,705,206.04,0.085,0.098,0.29,42125.54,41
2025-05,5,S04,Lille,P010,Casque audio,Électronique,57645.38,12220.82,21.2,136,423.86,0.133,0.102,0.39,22481.7,31
2025-05,5,S05,Toulouse,P001,Lait demi-écrémé,Alimentaire,106459.79,31405.64,29.5,836,127.34,0.203,0.189,0.34,36196.33,40
2025-05,5,S05,Toulouse,P002,Riz 1kg,Alimentaire,75436.45,29948.27,39.7,438,172.23,0.08,0.134,0.36,27157.12,40
2025-05,5,S05,Toulouse,P003,Pâtes 500g,Alimentaire,112503.28,46013.84,40.9,951,118.3,0.091,0.028,0.37,41626.21,29
2025-05,5,S05,Toulouse,P004,Shampoing,Droguerie,70755.25,29717.2,42.0,99,714.7,0.095,0.112,0.32,22641.68,48
2025-05,5,S05,Toulouse,P005,Lessive,Droguerie,134865.84,51249.02,38.0,224,602.08,0.043,0.042,0.1,13486.58,8
2025-05,5,S05,Toulouse,P006,T-shirt homme,Textile,115022.06,41292.92,35.9,693,165.98,0.247,0.195,0.13,14952.87,21
2025-05,5,S05,Toulouse,P007,Jeans,Textile,70917.4,20849.72,29.4,534,132.8,0.22,0.183,0.11,7800.91,40
2025-05,5,S05,Toulouse,P008,Smartphone,Électronique,8121.04,3126.6,38.5,153,53.08,0.021,0.12,0.16,1299.37,13
2025-05,5,S05,Toulouse,P009,TV 4K,Électronique,132788.04,31603.55,23.8,1213,109.47,0.197,0.088,0.11,14606.68,29
2025-05,5,S05,Toulouse,P010,Casque audio,Électronique,99311.93,25026.61,25.2,119,834.55,0.203,0.032,0.35,34759.18,2
2025-05,5,S06,Nice,P001,Lait demi-écrémé,Alimentaire,32891.03,9439.73,28.7,802,41.01,0.044,0.173,0.23,7564.94,42
2025-05,5,S06,Nice,P002,Riz 1kg,Alimentaire,100640.59,41665.2,41.4,1442,69.79,0.026,0.148,0.17,17108.9,48
2025-05,5,S06,Nice,P003,Pâtes 500g,Alimentaire,72420.51,25636.86,35.4,1103,65.66,0.116,0.158,0.16,11587.28,36
2025-05,5,S06,Nice,P004,Shampoing,Droguerie,114106.12,20767.31,18.2,1484,76.89,0.15,0.184,0.3,34231.84,8
2025-05,5,S06,Nice,P005,Lessive,Droguerie,83926.89,25010.21,29.8,1143,73.43,0.224,0.192,0.04,3357.08,30
2025-05,5,S06,Nice,P006,T-shirt homme,Textile,79122.09,29749.91,37.6,1082,73.13,0.168,0.094,0.17,13450.76,36
2025-05,5,S06,Nice,P007,Jeans,Textile,1029.76,156.52,15.2,227,4.54,0.158,0.062,0.07,72.08,28
2025-05,5,S06,Nice,P008,Smartphone,Électronique,121108.52,39965.81,33.0,878,137.94,0.025,0.178,0.3,36332.56,29
2025-05,5,S06,Nice,P009,TV 4K,Électronique,14849.38,1603.73,10.8,239,62.13,0.12,0.193,0.2,2969.88,7
2025-05,5,S06,Nice,P010,Casque audio,Électronique,15546.6,5301.39,34.1,377,41.24,0.05,0.07,0.34,5285.84,32
2025-05,5,S07,Bordeaux,P001,Lait demi-écrémé,Alimentaire,39197.22,13444.65,34.3,159,246.52,0.036,0.146,0.0,0.0,42
2025-05,5,S07,Bordeaux,P002,Riz 1kg,Alimentaire,105746.74,34684.93,32.8,1288,82.1,0.175,0.041,0.27,28551.62,28
2025-05,5,S07,Bordeaux,P003,Pâtes 500g,Alimentaire,144871.73,36507.68,25.2,586,247.22,0.163,0.122,0.04,5794.87,48
2025-05,5,S07,Bordeaux,P004,Shampoing,Droguerie,58632.8,17531.21,29.9,74,792.34,0.17,0.137,0.2,11726.56,35
2025-05,5,S07,Bordeaux,P005,Lessive,Droguerie,45312.59,10467.21,23.1,1205,37.6,0.085,0.146,0.16,7250.01,10
2025-05,5,S07,Bordeaux,P006,T-shirt homme,Textile,112975.42,19431.77,17.2,1361,83.01,0.076,0.077,0.03,3389.26,29
2025-05,5,S07,Bordeaux,P007,Jeans,Textile,77227.05,8958.34,11.6,1420,54.39,0.123,0.017,0.26,20079.03,3
2025-05,5,S07,Bordeaux,P008,Smartphone,Électronique,31709.42,8815.22,27.8,1141,27.79,0.065,0.186,0.25,7927.35,18
2025-05,5,S07,Bordeaux,P009,TV 4K,Électronique,68460.39,17388.94,25.4,1108,61.79,0.114,0.114,0.21,14376.68,32
2025-05,5,S07,Bordeaux,P010,Casque audio,Électronique,38441.33,9994.75,26.0,1170,32.86,0.135,0.151,0.06,2306.48,24
2025-05,5,S08,Nantes,P001,Lait demi-écrémé,Alimentaire,89884.44,22021.69,24.5,747,120.33,0.157,0.107,0.03,2696.53,14
2025-05,5,S08,Nantes,P002,Riz 1kg,Alimentaire,13673.41,3541.41,25.9,705,19.39,0.17,0.043,0.33,4512.23,8
2025-05,5,S08,Nantes,P003,Pâtes 500g,Alimentaire,119598.63,46284.67,38.7,31,3858.02,0.022,0.122,0.11,13155.85,12
2025-05,5,S08,Nantes,P004,Shampoing,Droguerie,149024.13,47240.65,31.7,245,608.26,0.185,0.028,0.28,41726.76,44
2025-05,5,S08,Nantes,P005,Lessive,Droguerie,18557.65,4138.36,22.3,617,30.08,0.151,0.18,0.14,2598.07,43
2025-05,5,S08,Nantes,P006,T-shirt homme,Textile,25036.74,7060.36,28.2,182,137.56,0.174,0.113,0.08,2002.94,0
2025-05,5,S08,Nantes,P007,Jeans,Textile,75779.85,31145.52,41.1,1048,72.31,0.15,0.169,0.25,18944.96,6
2025-05,5,S08,Nantes,P008,Smartphone,Électronique,117958.98,46475.84,39.4,1075,109.73,0.175,0.121,0.18,21232.62,16
2025-05,5,S08,Nantes,P009,TV 4K,Électronique,144363.75,51104.77,35.4,139,1038.59,0.072,0.191,0.34,49083.68,40
2025-05,5,S08,Nantes,P010,Casque audio,Électronique,62005.44,24740.17,39.9,266,233.1,0.016,0.187,0.05,3100.27,37
2025-06,6,S01,Paris,P001,Lait demi-écrémé,Alimentaire,79118.19,24210.17,30.6,1265,62.54,0.238,0.141,0.25,19779.55,37
2025-06,6,S01,Paris,P002,Riz 1kg,Alimentaire,75324.08,16947.92,22.5,1271,59.26,0.133,0.102,0.2,15064.82,11
2025-06,6,S01,Paris,P003,Pâtes 500g,Alimentaire,118324.76,18103.69,15.3,1338,88.43,0.123,0.062,0.38,44963.41,13
2025-06,6,S01,Paris,P004,Shampoing,Droguerie,65691.95,16620.06,25.3,781,84.11,0.084,0.041,0.32,21021.42,26
2025-06,6,S01,Paris,P005,Lessive,Droguerie,37028.53,9368.22,25.3,1077,34.38,0.004,0.127,0.27,9997.7,28
2025-06,6,S01,Paris,P006,T-shirt homme,Textile,29429.96,11301.1,38.4,426,69.08,0.185,0.19,0.25,7357.49,42
2025-06,6,S01,Paris,P007,Jeans,Textile,2359.91,481.42,20.4,796,2.96,0.073,0.015,0.34,802.37,22
2025-06,6,S01,Paris,P008,Smartphone,Électronique,145291.47,14093.27,9.7,962,151.03,0.186,0.177,0.18,26152.46,8
2025-06,6,S01,Paris,P009,TV 4K,Électronique,123536.56,15318.53,12.4,431,286.63,0.117,0.076,0.12,14824.39,41
2025-06,6,S01,Paris,P010,Casque audio,Électronique,117927.49,45166.23,38.3,502,234.92,0.206,0.053,0.23,27123.32,45
2025-06,6,S02,Lyon,P001,Lait demi-écrémé,Alimentaire,112846.69,21102.33,18.7,1489,75.79,0.054,0.047,0.05,5642.33,43
2025-06,6,S02,Lyon,P002,Riz 1kg,Alimentaire,136745.32,31588.17,23.1,1185,115.4,0.15,0.184,0.2,27349.06,32
2025-06,6,S02,Lyon,P003,Pâtes 500g,Alimentaire,125233.36,20538.27,16.4,299,418.84,0.195,0.18,0.11,13775.67,31
2025-06,6,S02,Lyon,P004,Shampoing,Droguerie,149853.69,63238.26,42.2,127,1179.95,0.21,0.168,0.38,56944.4,32
2025-06,6,S02,Lyon,P005,Lessive,Droguerie,37032.31,14294.47,38.6,1236,29.96,0.055,0.016,0.39,14442.6,38
2025-06,6,S02,Lyon,P006,T-shirt homme,Textile,70717.33,12304.82,17.4,1332,53.09,0.064,0.035,0.38,26872.59,42
2025-06,6,S02,Lyon,P007,Jeans,Textile,90912.61,38365.12,42.2,652,139.44,0.171,0.131,0.06,5454.76,11
2025-06,6,S02,Lyon,P008,Smartphone,Électronique,31145.43,7506.05,24.1,540,57.68,0.055,0.102,0.04,1245.82,2
2025-06,6,S02,Lyon,P009,TV 4K,Électronique,122887.25,29370.05,23.9,447,274.92,0.121,0.028,0.28,34408.43,34
2025-06,6,S02,Lyon,P010,Casque audio,Électronique,62105.89,17948.6,28.9,441,140.83,0.219,0.166,0.22,13663.3,48
2025-06,6,S03,Marseille,P001,Lait demi-écrémé,Alimentaire,107919.77,38311.52,35.5,1394,77.42,0.195,0.052,0.14,15108.77,19
2025-06,6,S03,Marseille,P002,Riz 1kg,Alimentaire,105532.82,29654.72,28.1,770,137.06,0.111,0.126,0.1,10553.28,42
2025-06,6,S03,Marseille,P003,Pâtes 500g,Alimentaire,97955.66,22823.67,23.3,1004,97.57,0.024,0.113,0.33,32325.37,6
2025-06,6,S03,Marseille,P004,Shampoing,Droguerie,5057.75,1790.44,35.4,363,13.93,0.195,0.176,0.29,1466.75,27
2025-06,6,S03,Marseille,P005,Lessive,Droguerie,76258.19,24173.85,31.7,742,102.77,0.155,0.062,0.24,18301.97,37
2025-06,6,S03,Marseille,P006,T-shirt homme,Textile,40928.27,5525.32,13.5,1499,27.3,0.222,0.17,0.14,5729.96,15
2025-06,6,S03,Marseille,P007,Jeans,Textile,21973.65,8328.01,37.9,1073,20.48,0.174,0.03,0.29,6372.36,32
2025-06,6,S03,Marseille,P008,Smartphone,Électronique,77591.83,24829.39,32.0,321,241.72,0.128,0.178,0.26,20173.88,3
2025-06,6,S03,Marseille,P009,TV 4K,Électronique,22348.13,3553.35,15.9,1391,16.07,0.029,0.004,0.32,7151.4,16
2025-06,6,S03,Marseille,P010,Casque audio,Électronique,93171.22,33168.95,35.6,206,452.29,0.149,0.093,0.09,8385.41,6
2025-06,6,S04,Lille,P001,Lait demi-écrémé,Alimentaire,99832.03,13676.99,13.7,878,113.7,0.248,0.199,0.31,30947.93,44
2025-06,6,S04,Lille,P002,Riz 1kg,Alimentaire,83369.8,24760.83,29.7,1058,78.8,0.06,0.157,0.24,20008.75,26
2025-06,6,S04,Lille,P003,Pâtes 500g,Alimentaire,148748.48,43583.3,29.3,1399,106.32,0.073,0.125,0.14,20824.79,30
2025-06,6,S04,Lille,P004,Shampoing,Droguerie,1321.61,570.94,43.2,996,1.33,0.195,0.092,0.2,264.32,22
2025-06,6,S04,Lille,P005,Lessive,Droguerie,32567.76,12310.61,37.8,1486,21.92,0.183,0.195,0.29,9444.65,16
2025-06,6,S04,Lille,P006,T-shirt homme,Textile,108761.85,22296.18,20.5,912,119.26,0.202,0.042,0.11,11963.8,16
2025-06,6,S04,Lille,P007,Jeans,Textile,90547.72,25172.27,27.8,1174,77.13,0.07,0.001,0.36,32597.18,5
2025-06,6,S04,Lille,P008,Smartphone,Électronique,3495.32,1128.99,32.3,408,8.57,0.146,0.176,0.29,1013.64,47
2025-06,6,S04,Lille,P009,TV 4K,Électronique,144865.37,13037.88,9.0,529,273.85,0.142,0.131,0.37,53600.19,25
2025-06,6,S04,Lille,P010,Casque audio,Électronique,91504.95,40628.2,44.4,1261,72.57,0.001,0.019,0.31,28366.53,12
2025-06,6,S05,Toulouse,P001,Lait demi-écrémé,Alimentaire,28503.18,7866.88,27.6,757,37.65,0.041,0.035,0.05,1425.16,22
2025-06,6,S05,Toulouse,P002,Riz 1kg,Alimentaire,54427.89,19376.33,35.6,1231,44.21,0.007,0.153,0.38,20682.6,4
2025-06,6,S05,Toulouse,P003,Pâtes 500g,Alimentaire,117730.23,24016.97,20.4,533,220.88,0.033,0.13,0.21,24723.35,8
2025-06,6,S05,Toulouse,P004,Shampoing,Droguerie,81823.48,16773.81,20.5,1359,60.21,0.169,0.156,0.4,32729.39,35
2025-06,6,S05,Toulouse,P005,Lessive,Droguerie,122258.31,31420.39,25.7,141,867.08,0.097,0.04,0.06,7335.5,14
2025-06,6,S05,Toulouse,P006,T-shirt homme,Textile,125346.86,26448.19,21.1,843,148.69,0.13,0.105,0.0,0.0,3
2025-06,6,S05,Toulouse,P007,Jeans,Textile,1781.19,327.74,18.4,765,2.33,0.098,0.103,0.39,694.66,45
2025-06,6,S05,Toulouse,P008,Smartphone,Électronique,46262.87,17163.52,37.1,888,52.1,0.161,0.011,0.14,6476.8,44
2025-06,6,S05,Toulouse,P009,TV 4K,Électronique,139636.94,52503.49,37.6,678,205.95,0.214,0.148,0.19,26531.02,46
2025-06,6,S05,Toulouse,P010,Casque audio,Électronique,17661.97,2084.11,11.8,1256,14.06,0.08,0.113,0.21,3709.01,43
2025-06,6,S06,Nice,P001,Lait demi-écrémé,Alimentaire,9050.01,3520.45,38.9,747,12.12,0.087,0.189,0.05,452.5,2
2025-06,6,S06,Nice,P002,Riz 1kg,Alimentaire,15034.06,2044.63,13.6,264,56.95,0.121,0.0,0.06,902.04,38
2025-06,6,S06,Nice,P003,Pâtes 500g,Alimentaire,139060.31,32957.29,23.7,885,157.13,0.193,0.199,0.11,15296.63,17
2025-06,6,S06,Nice,P004,Shampoing,Droguerie,90163.0,31827.54,35.3,1039,86.78,0.075,0.098,0.03,2704.89,9
2025-06,6,S06,Nice,P005,Lessive,Droguerie,121734.36,15947.2,13.1,339,359.1,0.075,0.108,0.07,8521.41,46
2025-06,6,S06,Nice,P006,T-shirt homme,Textile,100994.17,33732.05,33.4,81,1246.84,0.087,0.104,0.34,34338.02,25
2025-06,6,S06,Nice,P007,Jeans,Textile,15331.01,1947.04,12.7,31,494.55,0.184,0.174,0.17,2606.27,23
2025-06,6,S06,Nice,P008,Smartphone,Électronique,116667.87,48767.17,41.8,245,476.2,0.161,0.186,0.06,7000.07,44
2025-06,6,S06,Nice,P009,TV 4K,Électronique,13478.43,5013.98,37.2,1256,10.73,0.054,0.092,0.06,808.71,5
2025-06,6,S06,Nice,P010,Casque audio,Électronique,40533.56,15767.55,38.9,1307,31.01,0.012,0.033,0.21,8512.05,46
2025-06,6,S07,Bordeaux,P001,Lait demi-écrémé,Alimentaire,111317.38,39628.99,35.6,578,192.59,0.116,0.091,0.05,5565.87,8
2025-06,6,S07,Bordeaux,P002,Riz 1kg,Alimentaire,126244.51,10857.03,8.6,1490,84.73,0.062,0.052,0.38,47972.91,47
2025-06,6,S07,Bordeaux,P003,Pâtes 500g,Alimentaire,126625.83,34315.6,27.1,1393,90.9,0.06,0.07,0.33,41786.52,5
2025-06,6,S07,Bordeaux,P004,Shampoing,Droguerie,53493.68,17224.96,32.2,351,152.4,0.043,0.149,0.1,5349.37,44
2025-06,6,S07,Bordeaux,P005,Lessive,Droguerie,111550.49,23871.8,21.4,388,287.5,0.13,0.113,0.09,10039.54,18
2025-06,6,S07,Bordeaux,P006,T-shirt homme,Textile,63687.1,10508.37,16.5,183,348.02,0.23,0.034,0.03,1910.61,48
2025-06,6,S07,Bordeaux,P007,Jeans,Textile,38781.52,3567.9,9.2,333,116.46,0.218,0.014,0.26,10083.2,15
2025-06,6,S07,Bordeaux,P008,Smartphone,Électronique,134564.81,29738.82,22.1,1490,90.31,0.203,0.198,0.36,48443.33,41
2025-06,6,S07,Bordeaux,P009,TV 4K,Électronique,3481.16,1155.75,33.2,1336,2.61,0.026,0.171,0.02,69.62,40
2025-06,6,S07,Bordeaux,P010,Casque audio,Électronique,65750.92,10980.4,16.7,902,72.89,0.224,0.075,0.18,11835.17,10
2025-06,6,S08,Nantes,P001,Lait demi-écrémé,Alimentaire,33377.63,13417.81,40.2,658,50.73,0.012,0.087,0.37,12349.72,14
2025-06,6,S08,Nantes,P002,Riz 1kg,Alimentaire,149310.68,20455.56,13.7,88,1696.71,0.026,0.026,0.33,49272.52,25
2025-06,6,S08,Nantes,P003,Pâtes 500g,Alimentaire,36038.53,12757.64,35.4,791,45.56,0.113,0.047,0.38,13694.64,33
2025-06,6,S08,Nantes,P004,Shampoing,Droguerie,93785.7,25322.14,27.0,799,117.38,0.232,0.104,0.12,11254.28,26
2025-06,6,S08,Nantes,P005,Lessive,Droguerie,41334.5,5208.15,12.6,1238,33.39,0.105,0.006,0.16,6613.52,41
2025-06,6,S08,Nantes,P006,T-shirt homme,Textile,33743.94,13126.39,38.9,480,70.3,0.041,0.03,0.03,1012.32,30
2025-06,6,S08,Nantes,P007,Jeans,Textile,74868.91,12353.37,16.5,1344,55.71,0.186,0.15,0.37,27701.5,15
2025-06,6,S08,Nantes,P008,Smartphone,Électronique,32322.17,10989.54,34.0,999,32.35,0.065,0.11,0.26,8403.76,21
2025-06,6,S08,Nantes,P009,TV 4K,Électronique,123975.39,48598.35,39.2,1166,106.33,0.119,0.124,0.2,24795.08,35
2025-06,6,S08,Nantes,P010,Casque audio,Électronique,8020.09,1764.42,22.0,139,57.7,0.164,0.076,0.24,1924.82,24
2025-07,7,S01,Paris,P001,Lait demi-écrémé,Alimentaire,98067.81,27949.33,28.5,1020,96.14,0.088,0.167,0.15,14710.17,26
2025-07,7,S01,Paris,P002,Riz 1kg,Alimentaire,32263.44,7259.27,22.5,1161,27.79,0.044,0.039,0.11,3548.98,49
2025-07,7,S01,Paris,P003,Pâtes 500g,Alimentaire,129669.88,12577.98,9.7,1199,108.15,0.24,0.199,0.37,47977.86,34
2025-07,7,S01,Paris,P004,Shampoing,Droguerie,125103.49,53419.19,42.7,787,158.96,0.068,0.179,0.17,21267.59,26
2025-07,7,S01,Paris,P005,Lessive,Droguerie,8894.94,1752.3,19.7,1421,6.26,0.175,0.178,0.22,1956.89,9
2025-07,7,S01,Paris,P006,T-shirt homme,Textile,51543.97,10308.79,20.0,1018,50.63,0.12,0.11,0.24,12370.55,25
2025-07,7,S01,Paris,P007,Jeans,Textile,29775.03,9736.43,32.7,1382,21.54,0.086,0.185,0.16,4764.0,19
2025-07,7,S01,Paris,P008,Smartphone,Électronique,68783.15,6878.31,10.0,775,88.75,0.038,0.041,0.38,26137.6,25
2025-07,7,S01,Paris,P009,TV 4K,Électronique,131705.69,55448.1,42.1,542,243.0,0.155,0.008,0.07,9219.4,16
2025-07,7,S01,Paris,P010,Casque audio,Électronique,95963.96,36946.12,38.5,652,147.18,0.032,0.197,0.3,28789.19,5
2025-07,7,S02,Lyon,P001,Lait demi-écrémé,Alimentaire,64455.88,22172.82,34.4,594,108.51,0.125,0.115,0.21,13535.73,38
2025-07,7,S02,Lyon,P002,Riz 1kg,Alimentaire,93448.76,34482.59,36.9,119,785.28,0.137,0.113,0.32,29903.6,32
2025-07,7,S02,Lyon,P003,Pâtes 500g,Alimentaire,31112.84,11200.62,36.0,165,188.56,0.246,0.103,0.34,10578.37,34
2025-07,7,S02,Lyon,P004,Shampoing,Droguerie,124404.72,23636.9,19.0,897,138.69,0.225,0.006,0.04,4976.19,35
2025-07,7,S02,Lyon,P005,Lessive,Droguerie,66292.74,19688.94,29.7,605,109.57,0.062,0.132,0.01,662.93,45
2025-07,7,S02,Lyon,P006,T-shirt homme,Textile,6543.41,2591.19,39.6,665,9.84,0.219,0.112,0.19,1243.25,37
2025-07,7,S02,Lyon,P007,Jeans,Textile,119416.71,15404.76,12.9,1045,114.27,0.035,0.123,0.21,25077.51,13
2025-07,7,S02,Lyon,P008,Smartphone,Électronique,116125.34,36231.11,31.2,1295,89.67,0.23,0.116,0.03,3483.76,36
2025-07,7,S02,Lyon,P009,TV 4K,Électronique,27094.99,3982.96,14.7,443,61.16,0.153,0.181,0.29,7857.55,48
2025-07,7,S02,Lyon,P010,Casque audio,Électronique,149657.35,44298.58,29.6,157,953.23,0.149,0.143,0.3,44897.21,32
2025-07,7,S03,Marseille,P001,Lait demi-écrémé,Alimentaire,53433.54,19129.21,35.8,1046,51.08,0.213,0.032,0.27,14427.06,30
2025-07,7,S03,Marseille,P002,Riz 1kg,Alimentaire,5906.0,1287.51,21.8,460,12.84,0.202,0.183,0.37,2185.22,5
2025-07,7,S03,Marseille,P003,Pâtes 500g,Alimentaire,136401.04,14731.31,10.8,812,167.98,0.169,0.198,0.06,8184.06,44
2025-07,7,S03,Marseille,P004,Shampoing,Droguerie,71458.01,16506.8,23.1,723,98.84,0.079,0.118,0.35,25010.3,12
2025-07,7,S03,Marseille,P005,Lessive,Droguerie,40859.03,12257.71,30.0,545,74.97,0.12,0.186,0.12,4903.08,4
2025-07,7,S03,Marseille,P006,T-shirt homme,Textile,9182.87,2883.42,31.4,726,12.65,0.089,0.112,0.14,1285.6,16
2025-07,7,S03,Marseille,P007,Jeans,Textile,50817.35,19920.4,39.2,172,295.45,0.034,0.035,0.18,9147.12,6
2025-07,7,S03,Marseille,P008,Smartphone,Électronique,41963.55,18463.96,44.0,1093,38.39,0.248,0.003,0.26,10910.52,16
2025-07,7,S03,Marseille,P009,TV 4K,Électronique,29287.74,6091.85,20.8,1050,27.89,0.117,0.081,0.01,292.88,9
2025-07,7,S03,Marseille,P010,Casque audio,Électronique,90420.1,23057.13,25.5,142,636.76,0.045,0.185,0.34,30742.83,8
2025-07,7,S04,Lille,P001,Lait demi-écrémé,Alimentaire,86284.87,18378.68,21.3,1211,71.25,0.085,0.058,0.3,25885.46,11
2025-07,7,S04,Lille,P002,Riz 1kg,Alimentaire,65204.64,11606.43,17.8,1295,50.35,0.067,0.104,0.1,6520.46,47
2025-07,7,S04,Lille,P003,Pâtes 500g,Alimentaire,68371.98,28032.51,41.0,1286,53.17,0.04,0.01,0.16,10939.52,43
2025-07,7,S04,Lille,P004,Shampoing,Droguerie,21798.14,6910.01,31.7,814,26.78,0.227,0.056,0.14,3051.74,49
2025-07,7,S04,Lille,P005,Lessive,Droguerie,54946.23,13846.45,25.2,612,89.78,0.054,0.027,0.05,2747.31,14
2025-07,7,S04,Lille,P006,T-shirt homme,Textile,149481.34,20030.5,13.4,867,172.41,0.136,0.031,0.14,20927.39,16
2025-07,7,S04,Lille,P007,Jeans,Textile,65335.36,25088.78,38.4,1017,64.24,0.179,0.172,0.28,18293.9,44
2025-07,7,S04,Lille,P008,Smartphone,Électronique,75531.0,10347.75,13.7,1352,55.87,0.118,0.179,0.06,4531.86,20
2025-07,7,S04,Lille,P009,TV 4K,Électronique,137166.14,25238.57,18.4,787,174.29,0.12,0.049,0.23,31548.21,7
2025-07,7,S04,Lille,P010,Casque audio,Électronique,143041.82,39622.58,27.7,32,4470.06,0.087,0.195,0.35,50064.64,49
2025-07,7,S05,Toulouse,P001,Lait demi-écrémé,Alimentaire,38860.06,12979.26,33.4,593,65.53,0.201,0.118,0.2,7772.01,40
2025-07,7,S05,Toulouse,P002,Riz 1kg,Alimentaire,58099.19,8133.89,14.0,566,102.65,0.056,0.093,0.22,12781.82,26
2025-07,7,S05,Toulouse,P003,Pâtes 500g,Alimentaire,29396.2,9612.56,32.7,866,33.94,0.147,0.036,0.34,9994.71,36
2025-07,7,S05,Toulouse,P004,Shampoing,Droguerie,148144.31,24295.67,16.4,1337,110.8,0.123,0.133,0.32,47406.18,12
2025-07,7,S05,Toulouse,P005,Lessive,Droguerie,61523.63,6767.6,11.0,1261,48.79,0.051,0.165,0.3,18457.09,23
2025-07,7,S05,Toulouse,P006,T-shirt homme,Textile,33467.5,13286.6,39.7,1432,23.37,0.128,0.175,0.06,2008.05,3
2025-07,7,S05,Toulouse,P007,Jeans,Textile,91971.23,30626.42,33.3,1314,69.99,0.151,0.192,0.32,29430.79,10
2025-07,7,S05,Toulouse,P008,Smartphone,Électronique,129100.82,38084.74,29.5,72,1793.07,0.186,0.196,0.1,12910.08,40
2025-07,7,S05,Toulouse,P009,TV 4K,Électronique,83086.17,31905.09,38.4,209,397.54,0.152,0.038,0.23,19109.82,11
2025-07,7,S05,Toulouse,P010,Casque audio,Électronique,60624.78,11761.21,19.4,368,164.74,0.208,0.189,0.22,13337.45,36
2025-07,7,S06,Nice,P001,Lait demi-écrémé,Alimentaire,123504.23,55082.89,44.6,544,227.03,0.04,0.018,0.31,38286.31,39
2025-07,7,S06,Nice,P002,Riz 1kg,Alimentaire,40462.39,12381.49,30.6,1018,39.75,0.127,0.163,0.09,3641.62,36
2025-07,7,S06,Nice,P003,Pâtes 500g,Alimentaire,19635.4,2277.71,11.6,167,117.58,0.035,0.115,0.21,4123.43,11
2025-07,7,S06,Nice,P004,Shampoing,Droguerie,111854.92,47202.78,42.2,311,359.66,0.008,0.014,0.24,26845.18,29
2025-07,7,S06,Nice,P005,Lessive,Droguerie,17334.68,2270.84,13.1,59,293.81,0.24,0.124,0.23,3986.98,19
2025-07,7,S06,Nice,P006,T-shirt homme,Textile,40310.14,14390.72,35.7,780,51.68,0.086,0.192,0.01,403.1,48
2025-07,7,S06,Nice,P007,Jeans,Textile,131802.07,30182.67,22.9,1411,93.41,0.018,0.027,0.05,6590.1,31
2025-07,7,S06,Nice,P008,Smartphone,Électronique,17197.62,1891.74,11.0,1284,13.39,0.1,0.041,0.25,4299.4,44
2025-07,7,S06,Nice,P009,TV 4K,Électronique,64723.24,12491.59,19.3,915,70.74,0.011,0.1,0.03,1941.7,19
2025-07,7,S06,Nice,P010,Casque audio,Électronique,149618.44,54311.49,36.3,976,153.3,0.027,0.02,0.15,22442.77,46
2025-07,7,S07,Bordeaux,P001,Lait demi-écrémé,Alimentaire,86109.61,25488.44,29.6,1280,67.27,0.156,0.022,0.22,18944.11,40
2025-07,7,S07,Bordeaux,P002,Riz 1kg,Alimentaire,105658.4,35501.22,33.6,1314,80.41,0.248,0.039,0.24,25358.02,29
2025-07,7,S07,Bordeaux,P003,Pâtes 500g,Alimentaire,130609.82,19722.08,15.1,869,150.3,0.084,0.092,0.19,24815.87,6
2025-07,7,S07,Bordeaux,P004,Shampoing,Droguerie,29366.28,10102.0,34.4,565,51.98,0.192,0.0,0.18,5285.93,47
2025-07,7,S07,Bordeaux,P005,Lessive,Droguerie,41993.52,16167.51,38.5,496,84.66,0.206,0.038,0.35,14697.73,50
2025-07,7,S07,Bordeaux,P006,T-shirt homme,Textile,123185.06,36462.78,29.6,1032,119.37,0.201,0.143,0.05,6159.25,42
2025-07,7,S07,Bordeaux,P007,Jeans,Textile,32218.71,10857.71,33.7,264,122.04,0.193,0.136,0.25,8054.68,3
2025-07,7,S07,Bordeaux,P008,Smartphone,Électronique,144463.3,17191.13,11.9,561,257.51,0.051,0.157,0.24,34671.19,27
2025-07,7,S07,Bordeaux,P009,TV 4K,Électronique,130616.13,44540.1,34.1,36,3628.23,0.07,0.187,0.19,24817.06,41
2025-07,7,S07,Bordeaux,P010,Casque audio,Électronique,90893.44,29449.47,32.4,764,118.97,0.039,0.048,0.24,21814.43,20
2025-07,7,S08,Nantes,P001,Lait demi-écrémé,Alimentaire,18733.97,4646.02,24.8,1489,12.58,0.082,0.051,0.15,2810.1,0
2025-07,7,S08,Nantes,P002,Riz 1kg,Alimentaire,25865.11,8561.35,33.1,1240,20.86,0.151,0.138,0.06,1551.91,7
2025-07,7,S08,Nantes,P003,Pâtes 500g,Alimentaire,46874.72,10359.31,22.1,1096,42.77,0.04,0.124,0.23,10781.19,37
2025-07,7,S08,Nantes,P004,Shampoing,Droguerie,28920.45,5321.36,18.4,233,124.12,0.139,0.04,0.26,7519.32,2
2025-07,7,S08,Nantes,P005,Lessive,Droguerie,149791.89,51378.62,34.3,903,165.88,0.242,0.058,0.38,56920.92,28
2025-07,7,S08,Nantes,P006,T-shirt homme,Textile,52918.37,22331.55,42.2,1195,44.28,0.104,0.18,0.24,12700.41,32
2025-07,7,S08,Nantes,P007,Jeans,Textile,95108.72,34904.9,36.7,1125,84.54,0.112,0.184,0.32,30434.79,33
2025-07,7,S08,Nantes,P008,Smartphone,Électronique,135406.45,38861.65,28.7,311,435.39,0.222,0.139,0.22,29789.42,33
2025-07,7,S08,Nantes,P009,TV 4K,Électronique,83913.95,18964.55,22.6,929,90.33,0.114,0.158,0.04,3356.56,20
2025-07,7,S08,Nantes,P010,Casque audio,Électronique,121773.41,39698.13,32.6,666,182.84,0.227,0.141,0.17,20701.48,22
2025-08,8,S01,Paris,P001,Lait demi-écrémé,Alimentaire,113345.05,31736.61,28.0,1334,84.97,0.137,0.003,0.19,21535.56,4
2025-08,8,S01,Paris,P002,Riz 1kg,Alimentaire,65886.42,11068.92,16.8,1330,49.54,0.148,0.036,0.37,24377.98,10
2025-08,8,S01,Paris,P003,Pâtes 500g,Alimentaire,92229.92,10514.21,11.4,1482,62.23,0.132,0.034,0.08,7378.39,1
2025-08,8,S01,Paris,P004,Shampoing,Droguerie,104973.61,38210.39,36.4,1487,70.59,0.023,0.101,0.27,28342.87,12
2025-08,8,S01,Paris,P005,Lessive,Droguerie,108501.89,35263.11,32.5,103,1053.42,0.084,0.041,0.16,17360.3,49
2025-08,8,S01,Paris,P006,T-shirt homme,Textile,137255.52,31568.77,23.0,1046,131.22,0.084,0.068,0.14,19215.77,35
2025-08,8,S01,Paris,P007,Jeans,Textile,139701.2,47638.11,34.1,1335,104.65,0.033,0.105,0.33,46101.4,19
2025-08,8,S01,Paris,P008,Smartphone,Électronique,92884.77,7895.21,8.5,1486,62.51,0.101,0.083,0.06,5573.09,23
2025-08,8,S01,Paris,P009,TV 4K,Électronique,81937.29,32774.92,40.0,337,243.14,0.001,0.186,0.08,6554.98,30
2025-08,8,S01,Paris,P010,Casque audio,Électronique,106907.35,31537.67,29.5,148,722.35,0.145,0.071,0.38,40624.79,16
2025-08,8,S02,Lyon,P001,Lait demi-écrémé,Alimentaire,135197.02,52456.44,38.8,342,395.31,0.147,0.033,0.05,6759.85,40
2025-08,8,S02,Lyon,P002,Riz 1kg,Alimentaire,137629.07,51198.01,37.2,977,140.87,0.138,0.134,0.37,50922.76,41
2025-08,8,S02,Lyon,P003,Pâtes 500g,Alimentaire,47342.88,6249.26,13.2,1186,39.92,0.09,0.101,0.36,17043.44,50
2025-08,8,S02,Lyon,P004,Shampoing,Droguerie,74258.51,27327.13,36.8,275,270.03,0.087,0.155,0.09,6683.27,41
2025-08,8,S02,Lyon,P005,Lessive,Droguerie,89245.95,15082.57,16.9,1187,75.19,0.121,0.046,0.19,16956.73,10
2025-08,8,S02,Lyon,P006,T-shirt homme,Textile,85291.33,9637.92,11.3,402,212.17,0.227,0.012,0.27,23028.66,27
2025-08,8,S02,Lyon,P007,Jeans,Textile,126388.67,11627.76,9.2,535,236.24,0.03,0.161,0.38,48027.69,20
2025-08,8,S02,Lyon,P008,Smartphone,Électronique,50158.32,4313.62,8.6,900,55.73,0.099,0.176,0.39,19561.74,40
2025-08,8,S02,Lyon,P009,TV 4K,Électronique,48206.6,4676.04,9.7,525,91.82,0.201,0.118,0.31,14944.05,29
2025-08,8,S02,Lyon,P010,Casque audio,Électronique,142622.56,12836.03,9.0,503,283.54,0.117,0.022,0.33,47065.44,28
2025-08,8,S03,Marseille,P001,Lait demi-écrémé,Alimentaire,98000.49,32340.16,33.0,898,109.13,0.218,0.064,0.37,36260.18,10
2025-08,8,S03,Marseille,P002,Riz 1kg,Alimentaire,95026.89,23756.72,25.0,807,117.75,0.053,0.148,0.21,19955.65,18
2025-08,8,S03,Marseille,P003,Pâtes 500g,Alimentaire,52984.59,23366.2,44.1,230,230.37,0.081,0.031,0.08,4238.77,10
2025-08,8,S03,Marseille,P004,Shampoing,Droguerie,1306.6,341.02,26.1,988,1.32,0.201,0.041,0.04,52.26,44
2025-08,8,S03,Marseille,P005,Lessive,Droguerie,123427.09,47766.28,38.7,1036,119.14,0.01,0.15,0.04,4937.08,30
2025-08,8,S03,Marseille,P006,T-shirt homme,Textile,125283.14,31821.92,25.4,148,846.51,0.247,0.124,0.04,5011.33,16
2025-08,8,S03,Marseille,P007,Jeans,Textile,97973.85,9405.49,9.6,1377,71.15,0.035,0.195,0.22,21554.25,7
2025-08,8,S03,Marseille,P008,Smartphone,Électronique,101567.85,31079.76,30.6,752,135.06,0.111,0.181,0.26,26407.64,29
2025-08,8,S03,Marseille,P009,TV 4K,Électronique,51052.24,18327.75,35.9,1340,38.1,0.091,0.122,0.3,15315.67,11
2025-08,8,S03,Marseille,P010,Casque audio,Électronique,73907.54,19437.68,26.3,365,202.49,0.052,0.126,0.38,28084.87,36
2025-08,8,S04,Lille,P001,Lait demi-écrémé,Alimentaire,29275.35,2342.03,8.0,725,40.38,0.072,0.108,0.3,8782.6,43
2025-08,8,S04,Lille,P002,Riz 1kg,Alimentaire,146200.67,16082.07,11.0,1092,133.88,0.007,0.103,0.15,21930.1,8
2025-08,8,S04,Lille,P003,Pâtes 500g,Alimentaire,115867.04,14251.65,12.3,390,297.09,0.073,0.055,0.01,1158.67,9
2025-08,8,S04,Lille,P004,Shampoing,Droguerie,67317.93,18377.79,27.3,694,97.0,0.128,0.044,0.07,4712.26,19
2025-08,8,S04,Lille,P005,Lessive,Droguerie,80896.25,32843.88,40.6,239,338.48,0.087,0.041,0.2,16179.25,11
2025-08,8,S04,Lille,P006,T-shirt homme,Textile,64597.64,8333.1,12.9,1351,47.81,0.219,0.016,0.28,18087.34,44
2025-08,8,S04,Lille,P007,Jeans,Textile,50567.71,13198.17,26.1,302,167.44,0.164,0.116,0.37,18710.05,4
2025-08,8,S04,Lille,P008,Smartphone,Électronique,28061.43,7436.28,26.5,936,29.98,0.077,0.061,0.03,841.84,41
2025-08,8,S04,Lille,P009,TV 4K,Électronique,53483.04,10268.74,19.2,1230,43.48,0.224,0.161,0.15,8022.46,34
2025-08,8,S04,Lille,P010,Casque audio,Électronique,89234.7,23290.26,26.1,347,257.16,0.136,0.013,0.1,8923.47,36
2025-08,8,S05,Toulouse,P001,Lait demi-écrémé,Alimentaire,89686.08,38834.07,43.3,1032,86.91,0.049,0.129,0.29,26008.96,26
2025-08,8,S05,Toulouse,P002,Riz 1kg,Alimentaire,88857.17,19193.15,21.6,278,319.63,0.25,0.115,0.36,31988.58,11
2025-08,8,S05,Toulouse,P003,Pâtes 500g,Alimentaire,141133.87,11996.38,8.5,1036,136.23,0.131,0.043,0.1,14113.39,33
2025-08,8,S05,Toulouse,P004,Shampoing,Droguerie,55232.34,5412.77,9.8,974,56.71,0.131,0.151,0.16,8837.17,18
2025-08,8,S05,Toulouse,P005,Lessive,Droguerie,22965.89,3490.82,15.2,1182,19.43,0.048,0.116,0.0,0.0,38
2025-08,8,S05,Toulouse,P006,T-shirt homme,Textile,17863.13,6216.37,34.8,118,151.38,0.045,0.002,0.25,4465.78,8
2025-08,8,S05,Toulouse,P007,Jeans,Textile,55331.02,9074.29,16.4,123,449.85,0.159,0.034,0.13,7193.03,29
2025-08,8,S05,Toulouse,P008,Smartphone,Électronique,108840.91,40379.98,37.1,96,1133.76,0.058,0.19,0.17,18502.95,21
2025-08,8,S05,Toulouse,P009,TV 4K,Électronique,19635.94,4555.54,23.2,792,24.79,0.118,0.069,0.38,7461.66,18
2025-08,8,S05,Toulouse,P010,Casque audio,Électronique,29910.61,5084.8,17.0,898,33.31,0.1,0.012,0.19,5683.02,20
2025-08,8,S06,Nice,P001,Lait demi-écrémé,Alimentaire,37100.47,6752.29,18.2,585,63.42,0.079,0.096,0.0,0.0,16
2025-08,8,S06,Nice,P002,Riz 1kg,Alimentaire,87128.4,12110.85,13.9,1079,80.75,0.021,0.009,0.32,27881.09,30
2025-08,8,S06,Nice,P003,Pâtes 500g,Alimentaire,85339.36,23553.66,27.6,1175,72.63,0.246,0.137,0.02,1706.79,4
2025-08,8,S06,Nice,P004,Shampoing,Droguerie,99709.28,27120.92,27.2,1152,86.55,0.091,0.092,0.39,38886.62,27
2025-08,8,S06,Nice,P005,Lessive,Droguerie,126573.3,24175.5,19.1,145,872.92,0.167,0.104,0.29,36706.26,7
2025-08,8,S06,Nice,P006,T-shirt homme,Textile,100427.93,20085.59,20.0,101,994.34,0.061,0.182,0.14,14059.91,13
2025-08,8,S06,Nice,P007,Jeans,Textile,28842.71,11537.08,40.0,1253,23.02,0.028,0.071,0.32,9229.67,12
2025-08,8,S06,Nice,P008,Smartphone,Électronique,124066.19,11290.02,9.1,295,420.56,0.073,0.139,0.38,47145.15,22
2025-08,8,S06,Nice,P009,TV 4K,Électronique,106877.74,11863.43,11.1,1243,85.98,0.21,0.18,0.38,40613.54,36
2025-08,8,S06,Nice,P010,Casque audio,Électronique,41958.07,15944.07,38.0,189,222.0,0.033,0.176,0.13,5454.55,15
2025-08,8,S07,Bordeaux,P001,Lait demi-écrémé,Alimentaire,75833.78,17593.44,23.2,797,95.15,0.026,0.134,0.07,5308.36,8
2025-08,8,S07,Bordeaux,P002,Riz 1kg,Alimentaire,28936.42,9433.27,32.6,1445,20.03,0.05,0.161,0.31,8970.29,33
2025-08,8,S07,Bordeaux,P003,Pâtes 500g,Alimentaire,100709.24,21350.36,21.2,1386,72.66,0.117,0.062,0.12,12085.11,13
2025-08,8,S07,Bordeaux,P004,Shampoing,Droguerie,61029.28,9581.6,15.7,688,88.71,0.227,0.036,0.28,17088.2,14
2025-08,8,S07,Bordeaux,P005,Lessive,Droguerie,22522.91,8941.6,39.7,1079,20.87,0.239,0.091,0.36,8108.25,7
2025-08,8,S07,Bordeaux,P006,T-shirt homme,Textile,75485.67,24381.87,32.3,287,263.02,0.185,0.141,0.33,24910.27,23
2025-08,8,S07,Bordeaux,P007,Jeans,Textile,72009.0,31683.96,44.0,456,157.91,0.074,0.103,0.33,23762.97,47
2025-08,8,S07,Bordeaux,P008,Smartphone,Électronique,127569.89,33550.88,26.3,340,375.21,0.114,0.103,0.15,19135.48,37
2025-08,8,S07,Bordeaux,P009,TV 4K,Électronique,69773.18,18978.3,27.2,390,178.91,0.196,0.045,0.01,697.73,30
2025-08,8,S07,Bordeaux,P010,Casque audio,Électronique,134040.71,15548.72,11.6,555,241.51,0.226,0.015,0.07,9382.85,3
2025-08,8,S08,Nantes,P001,Lait demi-écrémé,Alimentaire,111776.84,32079.95,28.7,1356,82.43,0.139,0.144,0.18,20119.83,49
2025-08,8,S08,Nantes,P002,Riz 1kg,Alimentaire,115250.07,11755.51,10.2,650,177.31,0.164,0.047,0.16,18440.01,12
2025-08,8,S08,Nantes,P003,Pâtes 500g,Alimentaire,140635.87,59770.24,42.5,1287,109.27,0.199,0.091,0.0,0.0,15
2025-08,8,S08,Nantes,P004,Shampoing,Droguerie,61200.83,16034.62,26.2,899,68.08,0.158,0.166,0.32,19584.27,27
2025-08,8,S08,Nantes,P005,Lessive,Droguerie,87306.13,20778.86,23.8,951,91.8,0.031,0.088,0.3,26191.84,1
2025-08,8,S08,Nantes,P006,T-shirt homme,Textile,16165.29,4025.16,24.9,1494,10.82,0.067,0.04,0.21,3394.71,8
2025-08,8,S08,Nantes,P007,Jeans,Textile,23601.38,2690.56,11.4,345,68.41,0.118,0.062,0.2,4720.28,9
2025-08,8,S08,Nantes,P008,Smartphone,Électronique,37358.53,8555.1,22.9,750,49.81,0.067,0.006,0.38,14196.24,36
2025-08,8,S08,Nantes,P009,TV 4K,Électronique,9807.71,2785.39,28.4,355,27.63,0.128,0.193,0.38,3726.93,40
2025-08,8,S08,Nantes,P010,Casque audio,Électronique,8463.2,863.25,10.2,1166,7.26,0.046,0.178,0.03,253.9,43
2025-09,9,S01,Paris,P001,Lait demi-écrémé,Alimentaire,104543.21,40980.94,39.2,926,112.9,0.071,0.125,0.32,33453.83,38
2025-09,9,S01,Paris,P002,Riz 1kg,Alimentaire,53822.37,20775.43,38.6,843,63.85,0.082,0.049,0.28,15070.26,25
2025-09,9,S01,Paris,P003,Pâtes 500g,Alimentaire,51063.47,20833.9,40.8,168,303.95,0.081,0.156,0.33,16850.95,43
2025-09,9,S01,Paris,P004,Shampoing,Droguerie,116189.06,9643.69,8.3,1217,95.47,0.178,0.063,0.14,16266.47,16
2025-09,9,S01,Paris,P005,Lessive,Droguerie,78766.01,13153.92,16.7,485,162.4,0.136,0.013,0.07,5513.62,21
2025-09,9,S01,Paris,P006,T-shirt homme,Textile,149957.48,13946.05,9.3,1469,102.08,0.165,0.185,0.04,5998.3,3
2025-09,9,S01,Paris,P007,Jeans,Textile,146216.54,43280.1,29.6,697,209.78,0.078,0.183,0.07,10235.16,44
2025-09,9,S01,Paris,P008,Smartphone,Électronique,72121.99,8077.66,11.2,1479,48.76,0.185,0.179,0.33,23800.26,0
2025-09,9,S01,Paris,P009,TV 4K,Électronique,26874.89,10776.83,40.1,467,57.55,0.039,0.097,0.11,2956.24,47
2025-09,9,S01,Paris,P010,Casque audio,Électronique,79328.62,14120.49,17.8,694,114.31,0.223,0.044,0.29,23005.3,50
2025-09,9,S02,Lyon,P001,Lait demi-écrémé,Alimentaire,39463.52,4775.09,12.1,627,62.94,0.21,0.194,0.22,8681.97,14
2025-09,9,S02,Lyon,P002,Riz 1kg,Alimentaire,90337.44,20506.6,22.7,778,116.11,0.127,0.016,0.24,21680.99,17
2025-09,9,S02,Lyon,P003,Pâtes 500g,Alimentaire,92988.58,15715.07,16.9,1027,90.54,0.116,0.183,0.05,4649.43,49
2025-09,9,S02,Lyon,P004,Shampoing,Droguerie,141658.29,34564.62,24.4,795,178.19,0.004,0.047,0.15,21248.74,45
2025-09,9,S02,Lyon,P005,Lessive,Droguerie,57839.64,19029.24,32.9,822,70.36,0.215,0.108,0.09,5205.57,19
2025-09,9,S02,Lyon,P006,T-shirt homme,Textile,24988.06,5172.53,20.7,928,26.93,0.118,0.121,0.06,1499.28,11
2025-09,9,S02,Lyon,P007,Jeans,Textile,52090.43,18908.83,36.3,1053,49.47,0.104,0.026,0.2,10418.09,17
2025-09,9,S02,Lyon,P008,Smartphone,Électronique,77403.06,29490.57,38.1,691,112.02,0.138,0.179,0.38,29413.16,23
2025-09,9,S02,Lyon,P009,TV 4K,Électronique,34848.62,13451.57,38.6,345,101.01,0.192,0.034,0.02,696.97,3
2025-09,9,S02,Lyon,P010,Casque audio,Électronique,91776.2,39922.65,43.5,876,104.77,0.178,0.12,0.25,22944.05,42
2025-09,9,S03,Marseille,P001,Lait demi-écrémé,Alimentaire,91458.67,12621.3,13.8,1018,89.84,0.001,0.19,0.29,26523.01,29
2025-09,9,S03,Marseille,P002,Riz 1kg,Alimentaire,11272.4,3088.64,27.4,1480,7.62,0.085,0.063,0.28,3156.27,10
2025-09,9,S03,Marseille,P003,Pâtes 500g,Alimentaire,23012.14,5753.03,25.0,323,71.25,0.175,0.072,0.39,8974.73,22
2025-09,9,S03,Marseille,P004,Shampoing,Droguerie,88971.57,20997.29,23.6,1285,69.24,0.245,0.038,0.29,25801.76,26
2025-09,9,S03,Marseille,P005,Lessive,Droguerie,69902.33,7060.14,10.1,1067,65.51,0.207,0.098,0.24,16776.56,40
2025-09,9,S03,Marseille,P006,T-shirt homme,Textile,86473.12,28276.71,32.7,338,255.84,0.191,0.17,0.32,27671.4,5
2025-09,9,S03,Marseille,P007,Jeans,Textile,16470.23,1992.9,12.1,508,32.42,0.197,0.162,0.34,5599.88,43
2025-09,9,S03,Marseille,P008,Smartphone,Électronique,77308.3,24738.66,32.0,881,87.75,0.091,0.028,0.08,6184.66,31
2025-09,9,S03,Marseille,P009,TV 4K,Électronique,21558.37,9076.07,42.1,548,39.34,0.062,0.054,0.34,7329.85,34
2025-09,9,S03,Marseille,P010,Casque audio,Électronique,84819.11,12383.59,14.6,941,90.14,0.022,0.167,0.07,5937.34,29
2025-09,9,S04,Lille,P001,Lait demi-écrémé,Alimentaire,43070.52,8226.47,19.1,316,136.3,0.033,0.131,0.19,8183.4,41
2025-09,9,S04,Lille,P002,Riz 1kg,Alimentaire,39501.23,11534.36,29.2,1178,33.53,0.028,0.036,0.09,3555.11,47
2025-09,9,S04,Lille,P003,Pâtes 500g,Alimentaire,123874.86,24898.85,20.1,1472,84.15,0.145,0.107,0.28,34684.96,40
2025-09,9,S04,Lille,P004,Shampoing,Droguerie,120134.12,49615.39,41.3,952,126.19,0.164,0.128,0.0,0.0,16
2025-09,9,S04,Lille,P005,Lessive,Droguerie,79772.57,24011.54,30.1,1049,76.05,0.152,0.105,0.22,17549.97,30
2025-09,9,S04,Lille,P006,T-shirt homme,Textile,23523.15,10067.91,42.8,916,25.68,0.2,0.021,0.36,8468.33,30
2025-09,9,S04,Lille,P007,Jeans,Textile,111484.32,11928.82,10.7,1469,75.89,0.1,0.18,0.2,22296.86,22
2025-09,9,S04,Lille,P008,Smartphone,Électronique,40479.75,14937.03,36.9,1086,37.27,0.231,0.024,0.12,4857.57,50
2025-09,9,S04,Lille,P009,TV 4K,Électronique,75325.73,10696.25,14.2,545,138.21,0.111,0.052,0.25,18831.43,47
2025-09,9,S04,Lille,P010,Casque audio,Électronique,91962.15,21151.29,23.0,30,3065.4,0.029,0.16,0.07,6437.35,28
2025-09,9,S05,Toulouse,P001,Lait demi-écrémé,Alimentaire,65033.0,24712.54,38.0,60,1083.88,0.161,0.181,0.24,15607.92,3
2025-09,9,S05,Toulouse,P002,Riz 1kg,Alimentaire,17588.12,6472.43,36.8,492,35.75,0.157,0.072,0.29,5100.55,18
2025-09,9,S05,Toulouse,P003,Pâtes 500g,Alimentaire,54429.77,8110.04,14.9,554,98.25,0.021,0.02,0.26,14151.74,46
2025-09,9,S05,Toulouse,P004,Shampoing,Droguerie,73557.33,28098.9,38.2,1033,71.21,0.215,0.058,0.33,24273.92,24
2025-09,9,S05,Toulouse,P005,Lessive,Droguerie,48513.61,18386.66,37.9,1125,43.12,0.036,0.177,0.16,7762.18,25
2025-09,9,S05,Toulouse,P006,T-shirt homme,Textile,120902.81,25026.88,20.7,1043,115.92,0.205,0.088,0.08,9672.22,32
2025-09,9,S05,Toulouse,P007,Jeans,Textile,147287.62,28426.51,19.3,83,1774.55,0.18,0.033,0.06,8837.26,0
2025-09,9,S05,Toulouse,P008,Smartphone,Électronique,88716.16,8339.32,9.4,999,88.8,0.244,0.018,0.12,10645.94,19
2025-09,9,S05,Toulouse,P009,TV 4K,Électronique,32243.16,10930.43,33.9,1099,29.34,0.155,0.065,0.13,4191.61,48
2025-09,9,S05,Toulouse,P010,Casque audio,Électronique,19971.54,1697.58,8.5,1180,16.93,0.13,0.111,0.23,4593.45,13
2025-09,9,S06,Nice,P001,Lait demi-écrémé,Alimentaire,104126.29,45607.32,43.8,714,145.84,0.183,0.136,0.37,38526.73,8
2025-09,9,S06,Nice,P002,Riz 1kg,Alimentaire,121594.36,21157.42,17.4,113,1076.06,0.046,0.054,0.07,8511.61,43
2025-09,9,S06,Nice,P003,Pâtes 500g,Alimentaire,72710.61,26975.64,37.1,444,163.76,0.014,0.066,0.22,15996.33,50
2025-09,9,S06,Nice,P004,Shampoing,Droguerie,105303.43,34855.44,33.1,1219,86.39,0.205,0.145,0.2,21060.69,28
2025-09,9,S06,Nice,P005,Lessive,Droguerie,89283.03,35177.51,39.4,399,223.77,0.004,0.121,0.26,23213.59,8
2025-09,9,S06,Nice,P006,T-shirt homme,Textile,127788.77,10606.47,8.3,1069,119.54,0.151,0.114,0.32,40892.41,10
2025-09,9,S06,Nice,P007,Jeans,Textile,130185.74,27989.93,21.5,244,533.55,0.118,0.056,0.11,14320.43,23
2025-09,9,S06,Nice,P008,Smartphone,Électronique,147688.97,54940.3,37.2,640,230.76,0.042,0.038,0.17,25107.12,21
2025-09,9,S06,Nice,P009,TV 4K,Électronique,81644.81,35515.49,43.5,1240,65.84,0.165,0.019,0.13,10613.83,14
2025-09,9,S06,Nice,P010,Casque audio,Électronique,108846.63,13061.6,12.0,524,207.72,0.123,0.088,0.12,13061.6,16
2025-09,9,S07,Bordeaux,P001,Lait demi-écrémé,Alimentaire,53409.11,16396.6,30.7,541,98.72,0.021,0.176,0.29,15488.64,34
2025-09,9,S07,Bordeaux,P002,Riz 1kg,Alimentaire,52291.22,23269.59,44.5,435,120.21,0.106,0.054,0.08,4183.3,7
2025-09,9,S07,Bordeaux,P003,Pâtes 500g,Alimentaire,40888.05,8913.59,21.8,1211,33.76,0.19,0.188,0.28,11448.65,45
2025-09,9,S07,Bordeaux,P004,Shampoing,Droguerie,103150.39,37546.74,36.4,156,661.22,0.157,0.099,0.21,21661.58,12
2025-09,9,S07,Bordeaux,P005,Lessive,Droguerie,90483.24,35378.95,39.1,690,131.14,0.069,0.086,0.04,3619.33,1
2025-09,9,S07,Bordeaux,P006,T-shirt homme,Textile,93759.58,39285.26,41.9,545,172.04,0.187,0.127,0.4,37503.83,44
2025-09,9,S07,Bordeaux,P007,Jeans,Textile,38770.71,11088.42,28.6,922,42.05,0.013,0.039,0.02,775.41,27
2025-09,9,S07,Bordeaux,P008,Smartphone,Électronique,49352.59,10758.86,21.8,171,288.61,0.036,0.023,0.38,18753.98,33
2025-09,9,S07,Bordeaux,P009,TV 4K,Électronique,41514.8,10793.85,26.0,1196,34.71,0.101,0.05,0.01,415.15,36
2025-09,9,S07,Bordeaux,P010,Casque audio,Électronique,137405.76,33801.82,24.6,479,286.86,0.223,0.035,0.08,10992.46,7
2025-09,9,S08,Nantes,P001,Lait demi-écrémé,Alimentaire,136990.3,11096.21,8.1,438,312.76,0.106,0.149,0.02,2739.81,11
2025-09,9,S08,Nantes,P002,Riz 1kg,Alimentaire,54842.91,20895.15,38.1,1500,36.56,0.229,0.173,0.38,20840.31,50
2025-09,9,S08,Nantes,P003,Pâtes 500g,Alimentaire,82903.22,34487.74,41.6,459,180.62,0.168,0.011,0.3,24870.97,40
2025-09,9,S08,Nantes,P004,Shampoing,Droguerie,35493.16,6601.73,18.6,250,141.97,0.109,0.085,0.2,7098.63,39
2025-09,9,S08,Nantes,P005,Lessive,Droguerie,125800.59,20631.3,16.4,1195,105.27,0.227,0.081,0.21,26418.12,38
2025-09,9,S08,Nantes,P006,T-shirt homme,Textile,68192.59,15820.68,23.2,1469,46.42,0.071,0.046,0.07,4773.48,17
2025-09,9,S08,Nantes,P007,Jeans,Textile,73832.68,16169.36,21.9,958,77.07,0.004,0.005,0.25,18458.17,43
2025-09,9,S08,Nantes,P008,Smartphone,Électronique,71026.4,10156.78,14.3,1310,54.22,0.071,0.061,0.03,2130.79,34
2025-09,9,S08,Nantes,P009,TV 4K,Électronique,107999.72,37907.9,35.1,64,1687.5,0.194,0.029,0.2,21599.94,34
2025-09,9,S08,Nantes,P010,Casque audio,Électronique,118000.29,17700.04,15.0,1326,88.99,0.054,0.197,0.1,11800.03,0
2025-10,10,S01,Paris,P001,Lait demi-écrémé,Alimentaire,143438.45,58953.2,41.1,1423,100.8,0.192,0.086,0.06,8606.31,12
2025-10,10,S01,Paris,P002,Riz 1kg,Alimentaire,100846.89,37212.5,36.9,551,183.03,0.229,0.106,0.17,17143.97,24
2025-10,10,S01,Paris,P003,Pâtes 500g,Alimentaire,116310.84,25588.38,22.0,531,219.04,0.02,0.114,0.22,25588.38,19
2025-10,10,S01,Paris,P004,Shampoing,Droguerie,146569.56,41332.62,28.2,1348,108.73,0.199,0.104,0.38,55696.43,43
2025-10,10,S01,Paris,P005,Lessive,Droguerie,97007.83,33079.67,34.1,162,598.81,0.194,0.039,0.34,32982.66,36
2025-10,10,S01,Paris,P006,T-shirt homme,Textile,40731.3,8797.96,21.6,1382,29.47,0.224,0.172,0.01,407.31,8
2025-10,10,S01,Paris,P007,Jeans,Textile,41710.93,4796.76,11.5,1188,35.11,0.032,0.062,0.39,16267.26,10
2025-10,10,S01,Paris,P008,Smartphone,Électronique,55602.32,18070.75,32.5,901,61.71,0.192,0.017,0.12,6672.28,0
2025-10,10,S01,Paris,P009,TV 4K,Électronique,13028.5,2332.1,17.9,1463,8.91,0.147,0.184,0.02,260.57,45
2025-10,10,S01,Paris,P010,Casque audio,Électronique,33618.67,11195.02,33.3,1072,31.36,0.234,0.097,0.36,12102.72,12
2025-10,10,S02,Lyon,P001,Lait demi-écrémé,Alimentaire,24979.97,2572.94,10.3,1378,18.13,0.107,0.167,0.18,4496.39,5
2025-10,10,S02,Lyon,P002,Riz 1kg,Alimentaire,46817.09,18867.29,40.3,156,300.11,0.172,0.125,0.38,17790.49,48
2025-10,10,S02,Lyon,P003,Pâtes 500g,Alimentaire,14910.96,4011.05,26.9,1436,10.38,0.192,0.16,0.1,1491.1,9
2025-10,10,S02,Lyon,P004,Shampoing,Droguerie,19202.21,8122.53,42.3,738,26.02,0.183,0.171,0.07,1344.15,32
2025-10,10,S02,Lyon,P005,Lessive,Droguerie,46073.71,7556.09,16.4,409,112.65,0.134,0.039,0.34,15665.06,9
2025-10,10,S02,Lyon,P006,T-shirt homme,Textile,136314.14,59296.65,43.5,1401,97.3,0.242,0.196,0.14,19083.98,3
2025-10,10,S02,Lyon,P007,Jeans,Textile,66875.07,13575.64,20.3,1018,65.69,0.183,0.002,0.33,22068.77,41
2025-10,10,S02,Lyon,P008,Smartphone,Électronique,132054.3,23769.77,18.0,291,453.79,0.04,0.075,0.22,29051.95,33
2025-10,10,S02,Lyon,P009,TV 4K,Électronique,66385.76,16397.28,24.7,323,205.53,0.092,0.187,0.17,11285.58,32
2025-10,10,S02,Lyon,P010,Casque audio,Électronique,115859.24,25720.75,22.2,878,131.96,0.116,0.012,0.21,24330.44,44
2025-10,10,S03,Marseille,P001,Lait demi-écrémé,Alimentaire,58548.68,6967.29,11.9,807,72.55,0.025,0.053,0.34,19906.55,8
2025-10,10,S03,Marseille,P002,Riz 1kg,Alimentaire,26034.61,4582.09,17.6,191,136.31,0.222,0.091,0.04,1041.38,36
2025-10,10,S03,Marseille,P003,Pâtes 500g,Alimentaire,54336.52,12551.74,23.1,83,654.66,0.099,0.038,0.16,8693.84,28
2025-10,10,S03,Marseille,P004,Shampoing,Droguerie,129780.42,47369.85,36.5,612,212.06,0.155,0.146,0.1,12978.04,47
2025-10,10,S03,Marseille,P005,Lessive,Droguerie,50488.62,21912.06,43.4,701,72.02,0.129,0.027,0.34,17166.13,16
2025-10,10,S03,Marseille,P006,T-shirt homme,Textile,24443.43,8017.45,32.8,1181,20.7,0.121,0.184,0.3,7333.03,41
2025-10,10,S03,Marseille,P007,Jeans,Textile,47677.15,11394.84,23.9,112,425.69,0.168,0.2,0.01,476.77,35
2025-10,10,S03,Marseille,P008,Smartphone,Électronique,41712.21,7675.05,18.4,1087,38.37,0.108,0.188,0.28,11679.42,14
2025-10,10,S03,Marseille,P009,TV 4K,Électronique,56040.78,13561.87,24.2,883,63.47,0.106,0.015,0.11,6164.49,3
2025-10,10,S03,Marseille,P010,Casque audio,Électronique,48214.36,12632.16,26.2,399,120.84,0.078,0.032,0.14,6750.01,12
2025-10,10,S04,Lille,P001,Lait demi-écrémé,Alimentaire,148931.07,33509.49,22.5,1115,133.57,0.227,0.195,0.05,7446.55,28
2025-10,10,S04,Lille,P002,Riz 1kg,Alimentaire,115531.94,14441.49,12.5,101,1143.88,0.226,0.01,0.29,33504.26,3
2025-10,10,S04,Lille,P003,Pâtes 500g,Alimentaire,146231.77,39336.35,26.9,274,533.69,0.138,0.086,0.05,7311.59,33
2025-10,10,S04,Lille,P004,Shampoing,Droguerie,93961.59,23490.4,25.0,1039,90.43,0.025,0.049,0.09,8456.54,34
2025-10,10,S04,Lille,P005,Lessive,Droguerie,112067.4,37654.65,33.6,1450,77.29,0.063,0.009,0.31,34740.89,50
2025-10,10,S04,Lille,P006,T-shirt homme,Textile,21540.56,9499.39,44.1,732,29.43,0.039,0.001,0.01,215.41,49
2025-10,10,S04,Lille,P007,Jeans,Textile,40629.61,4550.52,11.2,1140,35.64,0.062,0.106,0.38,15439.25,41
2025-10,10,S04,Lille,P008,Smartphone,Électronique,83796.44,13910.21,16.6,985,85.07,0.118,0.114,0.27,22625.04,41
2025-10,10,S04,Lille,P009,TV 4K,Électronique,127568.22,54599.2,42.8,170,750.4,0.241,0.125,0.36,45924.56,16
2025-10,10,S04,Lille,P010,Casque audio,Électronique,28218.25,3611.94,12.8,679,41.56,0.216,0.191,0.1,2821.83,34
2025-10,10,S05,Toulouse,P001,Lait demi-écrémé,Alimentaire,52180.0,20611.1,39.5,159,328.18,0.027,0.176,0.3,15654.0,48
2025-10,10,S05,Toulouse,P002,Riz 1kg,Alimentaire,17959.41,2909.42,16.2,952,18.86,0.051,0.191,0.2,3591.88,16
2025-10,10,S05,Toulouse,P003,Pâtes 500g,Alimentaire,141342.32,33780.81,23.9,382,370.01,0.191,0.079,0.37,52296.66,20
2025-10,10,S05,Toulouse,P004,Shampoing,Droguerie,85441.17,34945.44,40.9,776,110.1,0.066,0.095,0.27,23069.12,20
2025-10,10,S05,Toulouse,P005,Lessive,Droguerie,99938.52,40874.85,40.9,946,105.64,0.223,0.108,0.25,24984.63,46
2025-10,10,S05,Toulouse,P006,T-shirt homme,Textile,87687.63,21132.72,24.1,925,94.8,0.04,0.047,0.17,14906.9,19
2025-10,10,S05,Toulouse,P007,Jeans,Textile,26614.97,11657.36,43.8,348,76.48,0.166,0.052,0.38,10113.69,17
2025-10,10,S05,Toulouse,P008,Smartphone,Électronique,47311.07,18924.43,40.0,454,104.21,0.18,0.195,0.37,17505.1,47
2025-10,10,S05,Toulouse,P009,TV 4K,Électronique,143111.55,50804.6,35.5,1018,140.58,0.174,0.197,0.19,27191.19,14
2025-10,10,S05,Toulouse,P010,Casque audio,Électronique,62499.7,27187.37,43.5,320,195.31,0.214,0.15,0.4,24999.88,31
2025-10,10,S06,Nice,P001,Lait demi-écrémé,Alimentaire,34959.12,7131.66,20.4,1449,24.13,0.184,0.012,0.24,8390.19,9
2025-10,10,S06,Nice,P002,Riz 1kg,Alimentaire,44712.36,17840.23,39.9,1314,34.03,0.102,0.169,0.31,13860.83,44
2025-10,10,S06,Nice,P003,Pâtes 500g,Alimentaire,70900.43,23113.54,32.6,568,124.82,0.009,0.156,0.19,13471.08,16
2025-10,10,S06,Nice,P004,Shampoing,Droguerie,113604.23,44873.67,39.5,1359,83.59,0.211,0.181,0.11,12496.47,35
2025-10,10,S06,Nice,P005,Lessive,Droguerie,95550.79,12612.7,13.2,1272,75.12,0.2,0.131,0.23,21976.68,7
2025-10,10,S06,Nice,P006,T-shirt homme,Textile,80504.16,35341.33,43.9,608,132.41,0.166,0.088,0.08,6440.33,28
2025-10,10,S06,Nice,P007,Jeans,Textile,9346.5,2233.81,23.9,821,11.38,0.198,0.039,0.19,1775.84,27
2025-10,10,S06,Nice,P008,Smartphone,Électronique,132297.85,43922.89,33.2,962,137.52,0.143,0.104,0.23,30428.51,46
2025-10,10,S06,Nice,P009,TV 4K,Électronique,112884.35,14336.31,12.7,134,842.42,0.129,0.048,0.21,23705.71,20
2025-10,10,S06,Nice,P010,Casque audio,Électronique,117210.77,48642.47,41.5,102,1149.13,0.055,0.124,0.01,1172.11,17
2025-10,10,S07,Bordeaux,P001,Lait demi-écrémé,Alimentaire,33889.59,7455.71,22.0,45,753.1,0.206,0.089,0.11,3727.85,16
2025-10,10,S07,Bordeaux,P002,Riz 1kg,Alimentaire,128903.0,17144.1,13.3,1377,93.61,0.217,0.051,0.32,41248.96,27
2025-10,10,S07,Bordeaux,P003,Pâtes 500g,Alimentaire,126900.66,30583.06,24.1,859,147.73,0.105,0.156,0.1,12690.07,24
2025-10,10,S07,Bordeaux,P004,Shampoing,Droguerie,40319.5,5604.41,13.9,1484,27.17,0.132,0.169,0.17,6854.32,12
2025-10,10,S07,Bordeaux,P005,Lessive,Droguerie,77877.35,6385.94,8.2,995,78.27,0.049,0.039,0.15,11681.6,44
2025-10,10,S07,Bordeaux,P006,T-shirt homme,Textile,69102.27,6772.02,9.8,1391,49.68,0.113,0.089,0.14,9674.32,15
2025-10,10,S07,Bordeaux,P007,Jeans,Textile,146555.82,22862.71,15.6,1234,118.76,0.171,0.018,0.2,29311.16,23
2025-10,10,S07,Bordeaux,P008,Smartphone,Électronique,143031.63,19452.3,13.6,1396,102.46,0.107,0.053,0.25,35757.91,13
2025-10,10,S07,Bordeaux,P009,TV 4K,Électronique,88758.28,23698.46,26.7,865,102.61,0.172,0.125,0.4,35503.31,45
2025-10,10,S07,Bordeaux,P010,Casque audio,Électronique,17972.24,2803.67,15.6,617,29.13,0.089,0.054,0.02,359.44,17
2025-10,10,S08,Nantes,P001,Lait demi-écrémé,Alimentaire,132466.73,43581.55,32.9,408,324.67,0.101,0.199,0.13,17220.67,23
2025-10,10,S08,Nantes,P002,Riz 1kg,Alimentaire,106784.23,10785.21,10.1,176,606.73,0.203,0.172,0.39,41645.85,31
2025-10,10,S08,Nantes,P003,Pâtes 500g,Alimentaire,126684.16,33824.67,26.7,1413,89.66,0.149,0.095,0.06,7601.05,35
2025-10,10,S08,Nantes,P004,Shampoing,Droguerie,80483.86,34608.06,43.0,775,103.85,0.192,0.086,0.04,3219.35,4
2025-10,10,S08,Nantes,P005,Lessive,Droguerie,1273.05,196.05,15.4,512,2.49,0.246,0.071,0.38,483.76,39
2025-10,10,S08,Nantes,P006,T-shirt homme,Textile,149402.41,30029.88,20.1,83,1800.03,0.081,0.012,0.37,55278.89,36
2025-10,10,S08,Nantes,P007,Jeans,Textile,65510.46,7337.17,11.2,1203,54.46,0.01,0.15,0.21,13757.2,40
2025-10,10,S08,Nantes,P008,Smartphone,Électronique,61223.16,9367.14,15.3,740,82.73,0.019,0.081,0.25,15305.79,28
2025-10,10,S08,Nantes,P009,TV 4K,Électronique,33499.75,13734.9,41.0,459,72.98,0.013,0.007,0.21,7034.95,0
2025-10,10,S08,Nantes,P010,Casque audio,Électronique,60505.04,20329.69,33.6,1001,60.44,0.084,0.152,0.08,4840.4,7
2025-11,11,S01,Paris,P001,Lait demi-écrémé,Alimentaire,90759.9,34942.56,38.5,1173,77.37,0.165,0.174,0.25,22689.97,15
2025-11,11,S01,Paris,P002,Riz 1kg,Alimentaire,42602.64,6134.78,14.4,201,211.95,0.043,0.059,0.14,5964.37,20
2025-11,11,S01,Paris,P003,Pâtes 500g,Alimentaire,105386.56,20866.54,19.8,1080,97.58,0.084,0.127,0.35,36885.3,18
2025-11,11,S01,Paris,P004,Shampoing,Droguerie,84178.52,24832.66,29.5,221,380.9,0.089,0.105,0.04,3367.14,26
2025-11,11,S01,Paris,P005,Lessive,Droguerie,95392.56,29094.73,30.5,478,199.57,0.2,0.025,0.21,20032.44,34
2025-11,11,S01,Paris,P006,T-shirt homme,Textile,60048.87,24980.33,41.6,1454,41.3,0.159,0.129,0.22,13210.75,36
2025-11,11,S01,Paris,P007,Jeans,Textile,46621.65,14499.33,31.1,1034,45.09,0.195,0.029,0.38,17716.23,6
2025-11,11,S01,Paris,P008,Smartphone,Électronique,22497.7,7424.24,33.0,353,63.73,0.247,0.002,0.11,2474.75,33
2025-11,11,S01,Paris,P009,TV 4K,Électronique,124835.3,32956.52,26.4,280,445.84,0.096,0.122,0.17,21222.0,19
2025-11,11,S01,Paris,P010,Casque audio,Électronique,45318.32,7069.66,15.6,132,343.32,0.118,0.005,0.01,453.18,2
2025-11,11,S02,Lyon,P001,Lait demi-écrémé,Alimentaire,60564.26,18714.36,30.9,493,122.85,0.238,0.16,0.24,14535.42,16
2025-11,11,S02,Lyon,P002,Riz 1kg,Alimentaire,15890.92,5069.2,31.9,138,115.15,0.07,0.171,0.16,2542.55,13
2025-11,11,S02,Lyon,P003,Pâtes 500g,Alimentaire,17852.2,4516.61,25.3,131,136.28,0.099,0.041,0.29,5177.14,6
2025-11,11,S02,Lyon,P004,Shampoing,Droguerie,61492.29,26257.21,42.7,182,337.87,0.019,0.123,0.13,7994.0,44
2025-11,11,S02,Lyon,P005,Lessive,Droguerie,53981.28,22132.32,41.0,983,54.91,0.13,0.084,0.1,5398.13,15
2025-11,11,S02,Lyon,P006,T-shirt homme,Textile,12562.39,5414.39,43.1,348,36.1,0.144,0.069,0.33,4145.59,44
2025-11,11,S02,Lyon,P007,Jeans,Textile,30697.15,7336.62,23.9,420,73.09,0.247,0.122,0.38,11664.92,4
2025-11,11,S02,Lyon,P008,Smartphone,Électronique,107768.84,45909.53,42.6,549,196.3,0.067,0.102,0.05,5388.44,41
2025-11,11,S02,Lyon,P009,TV 4K,Électronique,20225.09,3296.69,16.3,402,50.31,0.161,0.129,0.09,1820.26,40
2025-11,11,S02,Lyon,P010,Casque audio,Électronique,145524.41,51806.69,35.6,1183,123.01,0.247,0.054,0.16,23283.91,10
2025-11,11,S03,Marseille,P001,Lait demi-écrémé,Alimentaire,125984.46,30236.27,24.0,1481,85.07,0.224,0.17,0.39,49133.94,43
2025-11,11,S03,Marseille,P002,Riz 1kg,Alimentaire,31862.71,11916.65,37.4,373,85.42,0.176,0.133,0.18,5735.29,29
2025-11,11,S03,Marseille,P003,Pâtes 500g,Alimentaire,40005.28,11001.45,27.5,875,45.72,0.009,0.085,0.36,14401.9,50
2025-11,11,S03,Marseille,P004,Shampoing,Droguerie,145462.71,61530.73,42.3,864,168.36,0.192,0.113,0.4,58185.08,19
2025-11,11,S03,Marseille,P005,Lessive,Droguerie,53888.26,18914.78,35.1,1334,40.4,0.23,0.115,0.35,18860.89,20
2025-11,11,S03,Marseille,P006,T-shirt homme,Textile,40724.54,11932.29,29.3,912,44.65,0.185,0.014,0.12,4886.94,19
2025-11,11,S03,Marseille,P007,Jeans,Textile,112964.56,19091.01,16.9,1118,101.04,0.12,0.111,0.36,40667.24,34
2025-11,11,S03,Marseille,P008,Smartphone,Électronique,121054.42,28447.79,23.5,677,178.81,0.002,0.011,0.25,30263.6,34
2025-11,11,S03,Marseille,P009,TV 4K,Électronique,125162.92,54070.38,43.2,886,141.27,0.233,0.186,0.24,30039.1,2
2025-11,11,S03,Marseille,P010,Casque audio,Électronique,131897.27,32974.32,25.0,1288,102.4,0.028,0.042,0.18,23741.51,32
2025-11,11,S04,Lille,P001,Lait demi-écrémé,Alimentaire,52418.53,22173.04,42.3,1094,47.91,0.038,0.16,0.06,3145.11,49
2025-11,11,S04,Lille,P002,Riz 1kg,Alimentaire,104192.53,34070.96,32.7,295,353.2,0.073,0.185,0.21,21880.43,33
2025-11,11,S04,Lille,P003,Pâtes 500g,Alimentaire,102377.88,15663.82,15.3,870,117.68,0.129,0.097,0.02,2047.56,5
2025-11,11,S04,Lille,P004,Shampoing,Droguerie,52624.24,18892.1,35.9,470,111.97,0.002,0.049,0.3,15787.27,49
2025-11,11,S04,Lille,P005,Lessive,Droguerie,135850.25,57057.1,42.0,1076,126.25,0.17,0.017,0.17,23094.54,37
2025-11,11,S04,Lille,P006,T-shirt homme,Textile,63219.54,12896.79,20.4,582,108.62,0.001,0.06,0.25,15804.89,13
2025-11,11,S04,Lille,P007,Jeans,Textile,106691.87,28059.96,26.3,986,108.21,0.046,0.009,0.26,27739.89,3
2025-11,11,S04,Lille,P008,Smartphone,Électronique,137381.29,20469.81,14.9,490,280.37,0.238,0.139,0.23,31597.7,2
2025-11,11,S04,Lille,P009,TV 4K,Électronique,87197.06,26682.3,30.6,1076,81.04,0.191,0.2,0.31,27031.09,36
2025-11,11,S04,Lille,P010,Casque audio,Électronique,50545.24,12990.13,25.7,828,61.04,0.077,0.143,0.25,12636.31,1
2025-11,11,S05,Toulouse,P001,Lait demi-écrémé,Alimentaire,43962.95,19695.4,44.8,105,418.69,0.177,0.164,0.28,12309.63,34
2025-11,11,S05,Toulouse,P002,Riz 1kg,Alimentaire,132466.0,21194.56,16.0,1080,122.65,0.138,0.062,0.17,22519.22,3
2025-11,11,S05,Toulouse,P003,Pâtes 500g,Alimentaire,142175.8,57439.02,40.4,1116,127.4,0.075,0.072,0.21,29856.92,41
2025-11,11,S05,Toulouse,P004,Shampoing,Droguerie,78290.92,7750.8,9.9,1036,75.57,0.171,0.07,0.19,14875.27,34
2025-11,11,S05,Toulouse,P005,Lessive,Droguerie,40093.42,11827.56,29.5,1382,29.01,0.248,0.074,0.01,400.93,47
2025-11,11,S05,Toulouse,P006,T-shirt homme,Textile,113297.64,34442.48,30.4,193,587.03,0.233,0.02,0.12,13595.72,46
2025-11,11,S05,Toulouse,P007,Jeans,Textile,107387.83,44565.95,41.5,121,887.5,0.223,0.043,0.34,36511.86,10
2025-11,11,S05,Toulouse,P008,Smartphone,Électronique,64223.6,13551.18,21.1,1201,53.48,0.221,0.174,0.36,23120.5,2
2025-11,11,S05,Toulouse,P009,TV 4K,Électronique,131603.33,58300.28,44.3,1400,94.0,0.112,0.001,0.37,48693.23,28
2025-11,11,S05,Toulouse,P010,Casque audio,Électronique,112620.64,29281.37,26.0,1157,97.34,0.14,0.01,0.04,4504.83,2
2025-11,11,S06,Nice,P001,Lait demi-écrémé,Alimentaire,56344.84,11607.04,20.6,49,1149.89,0.219,0.02,0.08,4507.59,26
2025-11,11,S06,Nice,P002,Riz 1kg,Alimentaire,140845.35,42816.99,30.4,448,314.39,0.097,0.031,0.23,32394.43,12
2025-11,11,S06,Nice,P003,Pâtes 500g,Alimentaire,80188.55,9943.38,12.4,300,267.3,0.09,0.052,0.25,20047.14,13
2025-11,11,S06,Nice,P004,Shampoing,Droguerie,22961.23,4178.94,18.2,1299,17.68,0.23,0.032,0.06,1377.67,44
2025-11,11,S06,Nice,P005,Lessive,Droguerie,116576.49,51293.66,44.0,508,229.48,0.106,0.066,0.22,25646.83,23
2025-11,11,S06,Nice,P006,T-shirt homme,Textile,25159.94,4805.55,19.1,1282,19.63,0.181,0.121,0.37,9309.18,48
2025-11,11,S06,Nice,P007,Jeans,Textile,40024.72,12127.49,30.3,250,160.1,0.051,0.186,0.21,8405.19,11
2025-11,11,S06,Nice,P008,Smartphone,Électronique,136532.07,29627.46,21.7,239,571.26,0.059,0.028,0.38,51882.19,22
2025-11,11,S06,Nice,P009,TV 4K,Électronique,19305.46,2239.43,11.6,1331,14.5,0.174,0.054,0.21,4054.15,28
2025-11,11,S06,Nice,P010,Casque audio,Électronique,81673.74,24910.49,30.5,819,99.72,0.011,0.089,0.2,16334.75,16
2025-11,11,S07,Bordeaux,P001,Lait demi-écrémé,Alimentaire,9834.47,3038.85,30.9,579,16.99,0.169,0.022,0.09,885.1,49
2025-11,11,S07,Bordeaux,P002,Riz 1kg,Alimentaire,57572.96,18077.91,31.4,81,710.78,0.21,0.198,0.21,12090.32,15
2025-11,11,S07,Bordeaux,P003,Pâtes 500g,Alimentaire,28193.88,11362.13,40.3,61,462.19,0.027,0.176,0.21,5920.71,11
2025-11,11,S07,Bordeaux,P004,Shampoing,Droguerie,115649.62,47185.04,40.8,1075,107.58,0.074,0.129,0.17,19660.44,5
2025-11,11,S07,Bordeaux,P005,Lessive,Droguerie,95698.93,18182.8,19.0,735,130.2,0.102,0.072,0.19,18182.8,33
2025-11,11,S07,Bordeaux,P006,T-shirt homme,Textile,41468.9,4644.52,11.2,965,42.97,0.087,0.159,0.11,4561.58,15
2025-11,11,S07,Bordeaux,P007,Jeans,Textile,52251.24,14996.11,28.7,684,76.39,0.114,0.129,0.2,10450.25,30
2025-11,11,S07,Bordeaux,P008,Smartphone,Électronique,115489.05,25754.06,22.3,651,177.4,0.2,0.166,0.35,40421.17,17
2025-11,11,S07,Bordeaux,P009,TV 4K,Électronique,75432.18,21724.47,28.8,199,379.06,0.112,0.04,0.23,17349.4,22
2025-11,11,S07,Bordeaux,P010,Casque audio,Électronique,145457.38,58910.24,40.5,1360,106.95,0.092,0.012,0.29,42182.64,20
2025-11,11,S08,Nantes,P001,Lait demi-écrémé,Alimentaire,30817.71,11926.45,38.7,1404,21.95,0.209,0.054,0.2,6163.54,6
2025-11,11,S08,Nantes,P002,Riz 1kg,Alimentaire,32663.17,5683.39,17.4,1215,26.88,0.209,0.043,0.16,5226.11,9
2025-11,11,S08,Nantes,P003,Pâtes 500g,Alimentaire,126620.01,14054.82,11.1,376,336.76,0.165,0.105,0.36,45583.2,42
2025-11,11,S08,Nantes,P004,Shampoing,Droguerie,137799.83,43406.95,31.5,107,1287.85,0.221,0.198,0.18,24803.97,23
2025-11,11,S08,Nantes,P005,Lessive,Droguerie,7740.8,1881.01,24.3,1187,6.52,0.117,0.012,0.26,2012.61,19
2025-11,11,S08,Nantes,P006,T-shirt homme,Textile,102907.1,40236.68,39.1,660,155.92,0.066,0.025,0.36,37046.56,1
2025-11,11,S08,Nantes,P007,Jeans,Textile,15542.85,5984.0,38.5,1437,10.82,0.165,0.137,0.4,6217.14,38
2025-11,11,S08,Nantes,P008,Smartphone,Électronique,54183.86,16634.45,30.7,790,68.59,0.062,0.172,0.19,10294.93,48
2025-11,11,S08,Nantes,P009,TV 4K,Électronique,104355.53,31306.66,30.0,852,122.48,0.111,0.163,0.11,11479.11,50
2025-11,11,S08,Nantes,P010,Casque audio,Électronique,129571.37,35891.27,27.7,651,199.03,0.218,0.109,0.29,37575.7,12
2025-12,12,S01,Paris,P001,Lait demi-écrémé,Alimentaire,92257.4,33212.66,36.0,1497,61.63,0.095,0.172,0.38,35057.81,32
2025-12,12,S01,Paris,P002,Riz 1kg,Alimentaire,85429.35,28875.12,33.8,565,151.2,0.247,0.098,0.22,18794.46,49
2025-12,12,S01,Paris,P003,Pâtes 500g,Alimentaire,53906.71,19029.07,35.3,372,144.91,0.178,0.176,0.02,1078.13,46
2025-12,12,S01,Paris,P004,Shampoing,Droguerie,146492.88,27833.65,19.0,1178,124.36,0.183,0.146,0.27,39553.08,14
2025-12,12,S01,Paris,P005,Lessive,Droguerie,139957.31,40867.53,29.2,713,196.29,0.231,0.151,0.04,5598.29,38
2025-12,12,S01,Paris,P006,T-shirt homme,Textile,2888.93,756.9,26.2,1002,2.88,0.031,0.087,0.09,260.0,33
2025-12,12,S01,Paris,P007,Jeans,Textile,54435.01,24114.71,44.3,491,110.87,0.097,0.076,0.25,13608.75,11
2025-12,12,S01,Paris,P008,Smartphone,Électronique,40852.13,17525.56,42.9,1403,29.12,0.022,0.162,0.02,817.04,29
2025-12,12,S01,Paris,P009,TV 4K,Électronique,41845.66,13683.53,32.7,1465,28.56,0.116,0.041,0.17,7113.76,4
2025-12,12,S01,Paris,P010,Casque audio,Électronique,20107.71,8907.72,44.3,580,34.67,0.224,0.177,0.05,1005.39,37
2025-12,12,S02,Lyon,P001,Lait demi-écrémé,Alimentaire,140659.94,12237.41,8.7,846,166.26,0.219,0.136,0.11,15472.59,30
2025-12,12,S02,Lyon,P002,Riz 1kg,Alimentaire,104094.04,26543.98,25.5,1179,88.29,0.22,0.095,0.31,32269.15,20
2025-12,12,S02,Lyon,P003,Pâtes 500g,Alimentaire,16194.86,4745.09,29.3,1457,11.12,0.235,0.129,0.4,6477.94,23
2025-12,12,S02,Lyon,P004,Shampoing,Droguerie,22454.83,5613.71,25.0,604,37.18,0.073,0.091,0.3,6736.45,21
2025-12,12,S02,Lyon,P005,Lessive,Droguerie,68274.32,21574.69,31.6,1334,51.18,0.056,0.17,0.18,12289.38,29
2025-12,12,S02,Lyon,P006,T-shirt homme,Textile,95548.9,31626.69,33.1,1125,84.93,0.09,0.091,0.26,24842.71,11
2025-12,12,S02,Lyon,P007,Jeans,Textile,85907.55,14260.65,16.6,1133,75.82,0.098,0.164,0.32,27490.42,36
2025-12,12,S02,Lyon,P008,Smartphone,Électronique,107122.72,39528.28,36.9,418,256.27,0.153,0.003,0.2,21424.54,37
2025-12,12,S02,Lyon,P009,TV 4K,Électronique,63883.62,24403.54,38.2,504,126.75,0.078,0.14,0.07,4471.85,21
2025-12,12,S02,Lyon,P010,Casque audio,Électronique,75917.5,31505.76,41.5,60,1265.29,0.227,0.185,0.36,27330.3,8
2025-12,12,S03,Marseille,P001,Lait demi-écrémé,Alimentaire,20896.42,2758.33,13.2,553,37.79,0.158,0.053,0.32,6686.85,49
2025-12,12,S03,Marseille,P002,Riz 1kg,Alimentaire,117748.29,22960.92,19.5,1377,85.51,0.184,0.155,0.15,17662.24,39
2025-12,12,S03,Marseille,P003,Pâtes 500g,Alimentaire,98716.99,17670.34,17.9,90,1096.86,0.142,0.101,0.19,18756.23,5
2025-12,12,S03,Marseille,P004,Shampoing,Droguerie,33102.63,9831.48,29.7,754,43.9,0.029,0.059,0.1,3310.26,48
2025-12,12,S03,Marseille,P005,Lessive,Droguerie,20298.85,8951.79,44.1,556,36.51,0.146,0.053,0.19,3856.78,9
2025-12,12,S03,Marseille,P006,T-shirt homme,Textile,89170.89,10343.82,11.6,931,95.78,0.225,0.152,0.05,4458.54,46
2025-12,12,S03,Marseille,P007,Jeans,Textile,36372.24,8183.75,22.5,1089,33.4,0.228,0.039,0.24,8729.34,4
2025-12,12,S03,Marseille,P008,Smartphone,Électronique,65817.6,23036.16,35.0,294,223.87,0.177,0.145,0.29,19087.1,48
2025-12,12,S03,Marseille,P009,TV 4K,Électronique,137883.75,57911.17,42.0,810,170.23,0.069,0.194,0.15,20682.56,30
2025-12,12,S03,Marseille,P010,Casque audio,Électronique,30505.7,8175.53,26.8,1492,20.45,0.166,0.086,0.0,0.0,27
2025-12,12,S04,Lille,P001,Lait demi-écrémé,Alimentaire,10902.91,4720.96,43.3,705,15.47,0.041,0.092,0.17,1853.49,27
2025-12,12,S04,Lille,P002,Riz 1kg,Alimentaire,90411.23,12205.52,13.5,534,169.31,0.056,0.112,0.03,2712.34,19
2025-12,12,S04,Lille,P003,Pâtes 500g,Alimentaire,128303.62,44906.27,35.0,1048,122.43,0.245,0.167,0.29,37208.05,12
2025-12,12,S04,Lille,P004,Shampoing,Droguerie,122257.45,35821.43,29.3,70,1746.53,0.134,0.198,0.32,39122.38,42
2025-12,12,S04,Lille,P005,Lessive,Droguerie,132462.04,25565.17,19.3,600,220.77,0.161,0.103,0.22,29141.65,7
2025-12,12,S04,Lille,P006,T-shirt homme,Textile,55918.25,17055.07,30.5,240,232.99,0.149,0.158,0.08,4473.46,8
2025-12,12,S04,Lille,P007,Jeans,Textile,25851.21,2688.53,10.4,429,60.26,0.071,0.072,0.37,9564.95,10
2025-12,12,S04,Lille,P008,Smartphone,Électronique,87934.33,7826.16,8.9,250,351.74,0.038,0.043,0.12,10552.12,14
2025-12,12,S04,Lille,P009,TV 4K,Électronique,126388.03,41455.27,32.8,1063,118.9,0.086,0.181,0.24,30333.13,49
2025-12,12,S04,Lille,P010,Casque audio,Électronique,100606.23,14789.12,14.7,481,209.16,0.12,0.157,0.3,30181.87,3
2025-12,12,S05,Toulouse,P001,Lait demi-écrémé,Alimentaire,126555.72,50116.07,39.6,145,872.8,0.102,0.084,0.11,13921.13,27
2025-12,12,S05,Toulouse,P002,Riz 1kg,Alimentaire,123854.8,40005.1,32.3,386,320.87,0.239,0.049,0.28,34679.34,11
2025-12,12,S05,Toulouse,P003,Pâtes 500g,Alimentaire,35207.1,8203.25,23.3,831,42.37,0.134,0.11,0.08,2816.57,5
2025-12,12,S05,Toulouse,P004,Shampoing,Droguerie,54249.41,17197.06,31.7,874,62.07,0.025,0.089,0.18,9764.89,27
2025-12,12,S05,Toulouse,P005,Lessive,Droguerie,145221.68,20621.48,14.2,423,343.31,0.173,0.185,0.13,18878.82,44
2025-12,12,S05,Toulouse,P006,T-shirt homme,Textile,57507.0,16619.52,28.9,1037,55.46,0.068,0.077,0.22,12651.54,23
2025-12,12,S05,Toulouse,P007,Jeans,Textile,120265.38,11786.01,9.8,1004,119.79,0.064,0.171,0.25,30066.35,9
2025-12,12,S05,Toulouse,P008,Smartphone,Électronique,61900.6,13308.63,21.5,1026,60.33,0.132,0.19,0.16,9904.1,40
2025-12,12,S05,Toulouse,P009,TV 4K,Électronique,57011.72,16305.35,28.6,1385,41.16,0.142,0.112,0.3,17103.52,50
2025-12,12,S05,Toulouse,P010,Casque audio,Électronique,12436.92,3594.27,28.9,36,345.47,0.235,0.109,0.2,2487.38,6
2025-12,12,S06,Nice,P001,Lait demi-écrémé,Alimentaire,73712.86,16732.82,22.7,745,98.94,0.136,0.177,0.16,11794.06,20
2025-12,12,S06,Nice,P002,Riz 1kg,Alimentaire,77226.92,16989.92,22.0,899,85.9,0.005,0.034,0.09,6950.42,30
2025-12,12,S06,Nice,P003,Pâtes 500g,Alimentaire,131072.98,55181.72,42.1,196,668.74,0.069,0.023,0.26,34078.97,25
2025-12,12,S06,Nice,P004,Shampoing,Droguerie,37105.8,12244.91,33.0,823,45.09,0.111,0.036,0.0,0.0,33
2025-12,12,S06,Nice,P005,Lessive,Droguerie,35316.56,13173.08,37.3,284,124.35,0.241,0.112,0.31,10948.13,29
2025-12,12,S06,Nice,P006,T-shirt homme,Textile,3395.57,1368.41,40.3,778,4.36,0.12,0.014,0.0,0.0,26
2025-12,12,S06,Nice,P007,Jeans,Textile,130298.94,27753.67,21.3,1187,109.77,0.229,0.057,0.13,16938.86,30
2025-12,12,S06,Nice,P008,Smartphone,Électronique,142315.06,63472.52,44.6,1454,97.88,0.079,0.036,0.17,24193.56,25
2025-12,12,S06,Nice,P009,TV 4K,Électronique,38930.2,4087.67,10.5,967,40.26,0.218,0.188,0.01,389.3,48
2025-12,12,S06,Nice,P010,Casque audio,Électronique,89556.36,9492.97,10.6,1273,70.35,0.013,0.195,0.22,19702.4,17
2025-12,12,S07,Bordeaux,P001,Lait demi-écrémé,Alimentaire,52664.74,5740.46,10.9,458,114.99,0.066,0.134,0.37,19485.95,35
2025-12,12,S07,Bordeaux,P002,Riz 1kg,Alimentaire,106025.86,38169.31,36.0,120,883.55,0.173,0.051,0.31,32868.02,37
2025-12,12,S07,Bordeaux,P003,Pâtes 500g,Alimentaire,50200.97,18524.16,36.9,1183,42.44,0.168,0.172,0.12,6024.12,16
2025-12,12,S07,Bordeaux,P004,Shampoing,Droguerie,106959.52,17327.44,16.2,1040,102.85,0.163,0.162,0.33,35296.64,33
2025-12,12,S07,Bordeaux,P005,Lessive,Droguerie,39542.04,4468.25,11.3,872,45.35,0.022,0.188,0.35,13839.71,6
2025-12,12,S07,Bordeaux,P006,T-shirt homme,Textile,113416.29,29601.65,26.1,414,273.95,0.247,0.114,0.38,43098.19,5
2025-12,12,S07,Bordeaux,P007,Jeans,Textile,99363.82,22953.04,23.1,1217,81.65,0.069,0.139,0.36,35770.98,46
2025-12,12,S07,Bordeaux,P008,Smartphone,Électronique,28575.77,3400.52,11.9,568,50.31,0.152,0.098,0.02,571.52,38
2025-12,12,S07,Bordeaux,P009,TV 4K,Électronique,145030.39,57141.97,39.4,1447,100.23,0.222,0.029,0.05,7251.52,44
2025-12,12,S07,Bordeaux,P010,Casque audio,Électronique,95659.79,35394.12,37.0,224,427.05,0.071,0.144,0.34,32524.33,21
2025-12,12,S08,Nantes,P001,Lait demi-écrémé,Alimentaire,43738.09,11940.5,27.3,852,51.34,0.106,0.106,0.27,11809.28,22
2025-12,12,S08,Nantes,P002,Riz 1kg,Alimentaire,22941.36,6400.64,27.9,917,25.02,0.045,0.09,0.23,5276.51,17
2025-12,12,S08,Nantes,P003,Pâtes 500g,Alimentaire,21019.62,2249.1,10.7,222,94.68,0.007,0.134,0.32,6726.28,50
2025-12,12,S08,Nantes,P004,Shampoing,Droguerie,79978.73,23113.85,28.9,737,108.52,0.068,0.141,0.18,14396.17,35
2025-12,12,S08,Nantes,P005,Lessive,Droguerie,60099.25,6190.22,10.3,1113,54.0,0.216,0.131,0.04,2403.97,40
2025-12,12,S08,Nantes,P006,T-shirt homme,Textile,61925.63,22293.23,36.0,868,71.34,0.009,0.001,0.05,3096.28,35
2025-12,12,S08,Nantes,P007,Jeans,Textile,63953.61,20976.78,32.8,590,108.4,0.107,0.187,0.0,0.0,49
2025-12,12,S08,Nantes,P008,Smartphone,Électronique,128958.34,39074.38,30.3,1047,123.17,0.15,0.117,0.14,18054.17,48
2025-12,12,S08,Nantes,P009,TV 4K,Électronique,68180.35,26317.62,38.6,1177,57.93,0.108,0.198,0.15,10227.05,24
2025-12,12,S08,Nantes,P010,Casque audio,Électronique,77047.22,24038.73,31.2,465,165.69,0.105,0.009,0.39,30048.42,28
