date_snapshot,entrepot_id,entrepot_nom,store_id,store_city,product_id,product_name,categorie,capacite_totale,stock_actuel,seuil_min,seuil_max,taux_occupation_pct,rupture_stock,surstock,rotation_stock_j
2025-01-06,E01,Paris-Rungis,S01,Paris,P001,Lait demi-écrémé,Alimentaire,50000,24,58,1977,0.05,Oui,Non,6.9
2025-01-06,E01,Paris-Rungis,S01,Paris,P002,Riz 1kg,Alimentaire,50000,3,94,742,0.01,Oui,Non,9.0
2025-01-06,E01,Paris-Rungis,S01,Paris,P003,Pâtes 500g,Alimentaire,50000,219,36,564,0.44,Non,Non,13.4
2025-01-06,E01,Paris-Rungis,S01,Paris,P004,Shampoing,Droguerie,50000,1430,84,1752,2.86,Non,Non,29.2
2025-01-06,E01,Paris-Rungis,S01,Paris,P005,Lessive,Droguerie,50000,73,56,631,0.15,Non,Non,16.7
2025-01-06,E01,Paris-Rungis,S01,Paris,P006,T-shirt homme,Textile,50000,192,100,1756,0.38,Non,Non,28.7
2025-01-06,E01,Paris-Rungis,S01,Paris,P007,Jeans,Textile,50000,1262,63,1760,2.52,Non,Non,26.9
2025-01-06,E01,Paris-Rungis,S01,Paris,P008,Smartphone,Électronique,50000,708,89,1235,1.42,Non,Non,23.0
2025-01-06,E01,Paris-Rungis,S01,Paris,P009,TV 4K,Électronique,50000,1161,51,1265,2.32,Non,Oui,10.9
2025-01-06,E01,Paris-Rungis,S01,Paris,P010,Casque audio,Électronique,50000,794,25,1240,1.59,Non,Non,3.0
2025-01-06,E02,Lyon-Sud,S02,Lyon,P001,Lait demi-écrémé,Alimentaire,35000,997,27,1334,2.85,Non,Non,17.5
2025-01-06,E02,Lyon-Sud,S02,Lyon,P002,Riz 1kg,Alimentaire,35000,19,93,526,0.05,Oui,Non,12.5
2025-01-06,E02,Lyon-Sud,S02,Lyon,P003,Pâtes 500g,Alimentaire,35000,120,74,1621,0.34,Non,Non,3.1
2025-01-06,E02,Lyon-Sud,S02,Lyon,P004,Shampoing,Droguerie,35000,899,69,1968,2.57,Non,Non,14.8
2025-01-06,E02,Lyon-Sud,S02,Lyon,P005,Lessive,Droguerie,35000,1833,25,1924,5.24,Non,Oui,8.0
2025-01-06,E02,Lyon-Sud,S02,Lyon,P006,T-shirt homme,Textile,35000,546,81,1525,1.56,Non,Non,21.1
2025-01-06,E02,Lyon-Sud,S02,Lyon,P007,Jeans,Textile,35000,1822,36,1967,5.21,Non,Oui,28.7
2025-01-06,E02,Lyon-Sud,S02,Lyon,P008,Smartphone,Électronique,35000,591,44,1667,1.69,Non,Non,9.9
2025-01-06,E02,Lyon-Sud,S02,Lyon,P009,TV 4K,Électronique,35000,21,67,960,0.06,Oui,Non,1.1
2025-01-06,E02,Lyon-Sud,S02,Lyon,P010,Casque audio,Électronique,35000,772,82,1438,2.21,Non,Non,23.0
2025-01-06,E03,Marseille-Port,S03,Marseille,P001,Lait demi-écrémé,Alimentaire,30000,671,40,1184,2.24,Non,Non,1.2
2025-01-06,E03,Marseille-Port,S03,Marseille,P002,Riz 1kg,Alimentaire,30000,712,40,1796,2.37,Non,Non,25.0
2025-01-06,E03,Marseille-Port,S03,Marseille,P003,Pâtes 500g,Alimentaire,30000,435,29,1510,1.45,Non,Non,29.6
2025-01-06,E03,Marseille-Port,S03,Marseille,P004,Shampoing,Droguerie,30000,133,60,1022,0.44,Non,Non,27.1
2025-01-06,E03,Marseille-Port,S03,Marseille,P005,Lessive,Droguerie,30000,216,43,1085,0.72,Non,Non,14.3
2025-01-06,E03,Marseille-Port,S03,Marseille,P006,T-shirt homme,Textile,30000,596,52,876,1.99,Non,Non,2.8
2025-01-06,E03,Marseille-Port,S03,Marseille,P007,Jeans,Textile,30000,1172,43,1854,3.91,Non,Non,21.4
2025-01-06,E03,Marseille-Port,S03,Marseille,P008,Smartphone,Électronique,30000,808,39,948,2.69,Non,Non,7.4
2025-01-06,E03,Marseille-Port,S03,Marseille,P009,TV 4K,Électronique,30000,71,62,695,0.24,Non,Non,1.4
2025-01-06,E03,Marseille-Port,S03,Marseille,P010,Casque audio,Électronique,30000,81,24,1670,0.27,Non,Non,19.7
2025-01-06,E04,Lille-Nord,S04,Lille,P001,Lait demi-écrémé,Alimentaire,28000,95,73,1886,0.34,Non,Non,11.3
2025-01-06,E04,Lille-Nord,S04,Lille,P002,Riz 1kg,Alimentaire,28000,1565,20,1804,5.59,Non,Non,28.8
2025-01-06,E04,Lille-Nord,S04,Lille,P003,Pâtes 500g,Alimentaire,28000,1045,91,1347,3.73,Non,Non,8.3
2025-01-06,E04,Lille-Nord,S04,Lille,P004,Shampoing,Droguerie,28000,119,21,810,0.43,Non,Non,3.6
2025-01-06,E04,Lille-Nord,S04,Lille,P005,Lessive,Droguerie,28000,450,70,1409,1.61,Non,Non,24.0
2025-01-06,E04,Lille-Nord,S04,Lille,P006,T-shirt homme,Textile,28000,288,98,513,1.03,Non,Non,27.0
2025-01-06,E04,Lille-Nord,S04,Lille,P007,Jeans,Textile,28000,684,62,1434,2.44,Non,Non,22.9
2025-01-06,E04,Lille-Nord,S04,Lille,P008,Smartphone,Électronique,28000,1617,92,1639,5.78,Non,Oui,29.5
2025-01-06,E04,Lille-Nord,S04,Lille,P009,TV 4K,Électronique,28000,1158,77,1162,4.14,Non,Oui,26.0
2025-01-06,E04,Lille-Nord,S04,Lille,P010,Casque audio,Électronique,28000,607,31,850,2.17,Non,Non,22.4
2025-01-06,E05,Toulouse-Ouest,S05,Toulouse,P001,Lait demi-écrémé,Alimentaire,25000,343,74,1138,1.37,Non,Non,12.5
2025-01-06,E05,Toulouse-Ouest,S05,Toulouse,P002,Riz 1kg,Alimentaire,25000,429,49,992,1.72,Non,Non,20.5
2025-01-06,E05,Toulouse-Ouest,S05,Toulouse,P003,Pâtes 500g,Alimentaire,25000,144,42,517,0.58,Non,Non,14.3
2025-01-06,E05,Toulouse-Ouest,S05,Toulouse,P004,Shampoing,Droguerie,25000,382,65,1566,1.53,Non,Non,3.3
2025-01-06,E05,Toulouse-Ouest,S05,Toulouse,P005,Lessive,Droguerie,25000,50,79,1448,0.2,Oui,Non,21.2
2025-01-06,E05,Toulouse-Ouest,S05,Toulouse,P006,T-shirt homme,Textile,25000,464,36,502,1.86,Non,Oui,13.9
2025-01-06,E05,Toulouse-Ouest,S05,Toulouse,P007,Jeans,Textile,25000,331,31,1205,1.32,Non,Non,7.5
2025-01-06,E05,Toulouse-Ouest,S05,Toulouse,P008,Smartphone,Électronique,25000,185,90,512,0.74,Non,Non,6.5
2025-01-06,E05,Toulouse-Ouest,S05,Toulouse,P009,TV 4K,Électronique,25000,662,41,702,2.65,Non,Oui,24.1
2025-01-06,E05,Toulouse-Ouest,S05,Toulouse,P010,Casque audio,Électronique,25000,361,41,638,1.44,Non,Non,27.3
2025-01-06,E06,Nice-Est,S06,Nice,P001,Lait demi-écrémé,Alimentaire,20000,534,87,754,2.67,Non,Non,17.6
2025-01-06,E06,Nice-Est,S06,Nice,P002,Riz 1kg,Alimentaire,20000,8,82,1980,0.04,Oui,Non,20.9
2025-01-06,E06,Nice-Est,S06,Nice,P003,Pâtes 500g,Alimentaire,20000,444,92,693,2.22,Non,Non,4.1
2025-01-06,E06,Nice-Est,S06,Nice,P004,Shampoing,Droguerie,20000,894,34,1530,4.47,Non,Non,7.1
2025-01-06,E06,Nice-Est,S06,Nice,P005,Lessive,Droguerie,20000,1126,67,1180,5.63,Non,Oui,17.0
2025-01-06,E06,Nice-Est,S06,Nice,P006,T-shirt homme,Textile,20000,949,95,1140,4.75,Non,Non,21.0
2025-01-06,E06,Nice-Est,S06,Nice,P007,Jeans,Textile,20000,720,80,842,3.6,Non,Non,21.0
2025-01-06,E06,Nice-Est,S06,Nice,P008,Smartphone,Électronique,20000,1058,68,1638,5.29,Non,Non,2.3
2025-01-06,E06,Nice-Est,S06,Nice,P009,TV 4K,Électronique,20000,484,26,1195,2.42,Non,Non,14.9
2025-01-06,E06,Nice-Est,S06,Nice,P010,Casque audio,Électronique,20000,68,97,942,0.34,Oui,Non,16.9
2025-01-06,E07,Bordeaux-Centre,S07,Bordeaux,P001,Lait demi-écrémé,Alimentaire,22000,316,68,1746,1.44,Non,Non,15.7
2025-01-06,E07,Bordeaux-Centre,S07,Bordeaux,P002,Riz 1kg,Alimentaire,22000,353,94,1482,1.6,Non,Non,24.3
2025-01-06,E07,Bordeaux-Centre,S07,Bordeaux,P003,Pâtes 500g,Alimentaire,22000,636,55,1179,2.89,Non,Non,26.1
2025-01-06,E07,Bordeaux-Centre,S07,Bordeaux,P004,Shampoing,Droguerie,22000,282,32,1552,1.28,Non,Non,5.9
2025-01-06,E07,Bordeaux-Centre,S07,Bordeaux,P005,Lessive,Droguerie,22000,1,81,832,0.0,Oui,Non,2.6
2025-01-06,E07,Bordeaux-Centre,S07,Bordeaux,P006,T-shirt homme,Textile,22000,629,90,937,2.86,Non,Non,9.5
2025-01-06,E07,Bordeaux-Centre,S07,Bordeaux,P007,Jeans,Textile,22000,1717,36,1780,7.8,Non,Oui,29.4
2025-01-06,E07,Bordeaux-Centre,S07,Bordeaux,P008,Smartphone,Électronique,22000,318,37,1856,1.45,Non,Non,2.7
2025-01-06,E07,Bordeaux-Centre,S07,Bordeaux,P009,TV 4K,Électronique,22000,570,31,1068,2.59,Non,Non,15.1
2025-01-06,E07,Bordeaux-Centre,S07,Bordeaux,P010,Casque audio,Électronique,22000,432,55,1841,1.96,Non,Non,22.2
2025-01-06,E08,Nantes-Atlantique,S08,Nantes,P001,Lait demi-écrémé,Alimentaire,24000,67,87,724,0.28,Oui,Non,13.2
2025-01-06,E08,Nantes-Atlantique,S08,Nantes,P002,Riz 1kg,Alimentaire,24000,1233,66,1682,5.14,Non,Non,21.6
2025-01-06,E08,Nantes-Atlantique,S08,Nantes,P003,Pâtes 500g,Alimentaire,24000,259,21,1878,1.08,Non,Non,22.3
2025-01-06,E08,Nantes-Atlantique,S08,Nantes,P004,Shampoing,Droguerie,24000,36,21,761,0.15,Non,Non,19.4
2025-01-06,E08,Nantes-Atlantique,S08,Nantes,P005,Lessive,Droguerie,24000,305,26,1067,1.27,Non,Non,7.4
2025-01-06,E08,Nantes-Atlantique,S08,Nantes,P006,T-shirt homme,Textile,24000,734,36,767,3.06,Non,Oui,13.7
2025-01-06,E08,Nantes-Atlantique,S08,Nantes,P007,Jeans,Textile,24000,712,65,760,2.97,Non,Oui,26.4
2025-01-06,E08,Nantes-Atlantique,S08,Nantes,P008,Smartphone,Électronique,24000,397,51,1263,1.65,Non,Non,2.2
2025-01-06,E08,Nantes-Atlantique,S08,Nantes,P009,TV 4K,Électronique,24000,191,36,1530,0.8,Non,Non,13.1
2025-01-06,E08,Nantes-Atlantique,S08,Nantes,P010,Casque audio,Électronique,24000,519,26,1333,2.16,Non,Non,12.5
2025-01-13,E01,Paris-Rungis,S01,Paris,P001,Lait demi-écrémé,Alimentaire,50000,1689,20,1897,3.38,Non,Non,2.7
2025-01-13,E01,Paris-Rungis,S01,Paris,P002,Riz 1kg,Alimentaire,50000,957,96,972,1.91,Non,Oui,25.0
2025-01-13,E01,Paris-Rungis,S01,Paris,P003,Pâtes 500g,Alimentaire,50000,728,78,1441,1.46,Non,Non,12.5
2025-01-13,E01,Paris-Rungis,S01,Paris,P004,Shampoing,Droguerie,50000,625,94,696,1.25,Non,Non,16.6
2025-01-13,E01,Paris-Rungis,S01,Paris,P005,Lessive,Droguerie,50000,23,36,645,0.05,Oui,Non,19.9
2025-01-13,E01,Paris-Rungis,S01,Paris,P006,T-shirt homme,Textile,50000,425,96,683,0.85,Non,Non,20.8
2025-01-13,E01,Paris-Rungis,S01,Paris,P007,Jeans,Textile,50000,611,29,1461,1.22,Non,Non,12.0
2025-01-13,E01,Paris-Rungis,S01,Paris,P008,Smartphone,Électronique,50000,162,97,583,0.32,Non,Non,17.9
2025-01-13,E01,Paris-Rungis,S01,Paris,P009,TV 4K,Électronique,50000,122,87,946,0.24,Non,Non,28.4
2025-01-13,E01,Paris-Rungis,S01,Paris,P010,Casque audio,Électronique,50000,507,23,1039,1.01,Non,Non,25.4
2025-01-13,E02,Lyon-Sud,S02,Lyon,P001,Lait demi-écrémé,Alimentaire,35000,136,89,1065,0.39,Non,Non,19.0
2025-01-13,E02,Lyon-Sud,S02,Lyon,P002,Riz 1kg,Alimentaire,35000,154,70,832,0.44,Non,Non,17.5
2025-01-13,E02,Lyon-Sud,S02,Lyon,P003,Pâtes 500g,Alimentaire,35000,429,45,742,1.23,Non,Non,15.1
2025-01-13,E02,Lyon-Sud,S02,Lyon,P004,Shampoing,Droguerie,35000,375,84,614,1.07,Non,Non,12.8
2025-01-13,E02,Lyon-Sud,S02,Lyon,P005,Lessive,Droguerie,35000,805,67,1355,2.3,Non,Non,14.4
2025-01-13,E02,Lyon-Sud,S02,Lyon,P006,T-shirt homme,Textile,35000,478,25,1284,1.37,Non,Non,21.3
2025-01-13,E02,Lyon-Sud,S02,Lyon,P007,Jeans,Textile,35000,584,39,672,1.67,Non,Non,15.9
2025-01-13,E02,Lyon-Sud,S02,Lyon,P008,Smartphone,Électronique,35000,740,70,1241,2.11,Non,Non,2.8
2025-01-13,E02,Lyon-Sud,S02,Lyon,P009,TV 4K,Électronique,35000,521,94,1087,1.49,Non,Non,9.7
2025-01-13,E02,Lyon-Sud,S02,Lyon,P010,Casque audio,Électronique,35000,883,24,1403,2.52,Non,Non,12.4
2025-01-13,E03,Marseille-Port,S03,Marseille,P001,Lait demi-écrémé,Alimentaire,30000,627,45,1902,2.09,Non,Non,18.5
2025-01-13,E03,Marseille-Port,S03,Marseille,P002,Riz 1kg,Alimentaire,30000,460,44,1968,1.53,Non,Non,17.5
2025-01-13,E03,Marseille-Port,S03,Marseille,P003,Pâtes 500g,Alimentaire,30000,309,64,517,1.03,Non,Non,19.8
2025-01-13,E03,Marseille-Port,S03,Marseille,P004,Shampoing,Droguerie,30000,464,68,842,1.55,Non,Non,6.5
2025-01-13,E03,Marseille-Port,S03,Marseille,P005,Lessive,Droguerie,30000,275,41,1289,0.92,Non,Non,13.6
2025-01-13,E03,Marseille-Port,S03,Marseille,P006,T-shirt homme,Textile,30000,302,35,681,1.01,Non,Non,29.1
2025-01-13,E03,Marseille-Port,S03,Marseille,P007,Jeans,Textile,30000,804,52,943,2.68,Non,Non,12.9
2025-01-13,E03,Marseille-Port,S03,Marseille,P008,Smartphone,Électronique,30000,1136,37,1203,3.79,Non,Oui,21.2
2025-01-13,E03,Marseille-Port,S03,Marseille,P009,TV 4K,Électronique,30000,309,54,1879,1.03,Non,Non,3.9
2025-01-13,E03,Marseille-Port,S03,Marseille,P010,Casque audio,Électronique,30000,1303,85,1551,4.34,Non,Non,26.7
2025-01-13,E04,Lille-Nord,S04,Lille,P001,Lait demi-écrémé,Alimentaire,28000,1505,25,1593,5.38,Non,Oui,15.3
2025-01-13,E04,Lille-Nord,S04,Lille,P002,Riz 1kg,Alimentaire,28000,1265,96,1907,4.52,Non,Non,3.8
2025-01-13,E04,Lille-Nord,S04,Lille,P003,Pâtes 500g,Alimentaire,28000,302,99,1334,1.08,Non,Non,19.5
2025-01-13,E04,Lille-Nord,S04,Lille,P004,Shampoing,Droguerie,28000,173,59,1956,0.62,Non,Non,20.1
2025-01-13,E04,Lille-Nord,S04,Lille,P005,Lessive,Droguerie,28000,778,93,1898,2.78,Non,Non,8.6
2025-01-13,E04,Lille-Nord,S04,Lille,P006,T-shirt homme,Textile,28000,693,45,1646,2.48,Non,Non,24.3
2025-01-13,E04,Lille-Nord,S04,Lille,P007,Jeans,Textile,28000,1971,37,1974,7.04,Non,Oui,29.7
2025-01-13,E04,Lille-Nord,S04,Lille,P008,Smartphone,Électronique,28000,374,78,882,1.34,Non,Non,20.3
2025-01-13,E04,Lille-Nord,S04,Lille,P009,TV 4K,Électronique,28000,483,66,1588,1.73,Non,Non,7.5
2025-01-13,E04,Lille-Nord,S04,Lille,P010,Casque audio,Électronique,28000,834,53,914,2.98,Non,Oui,2.0
2025-01-13,E05,Toulouse-Ouest,S05,Toulouse,P001,Lait demi-écrémé,Alimentaire,25000,80,50,658,0.32,Non,Non,21.5
2025-01-13,E05,Toulouse-Ouest,S05,Toulouse,P002,Riz 1kg,Alimentaire,25000,1083,66,1869,4.33,Non,Non,15.5
2025-01-13,E05,Toulouse-Ouest,S05,Toulouse,P003,Pâtes 500g,Alimentaire,25000,546,23,1265,2.18,Non,Non,11.7
2025-01-13,E05,Toulouse-Ouest,S05,Toulouse,P004,Shampoing,Droguerie,25000,799,79,1990,3.2,Non,Non,27.6
2025-01-13,E05,Toulouse-Ouest,S05,Toulouse,P005,Lessive,Droguerie,25000,550,92,1882,2.2,Non,Non,15.5
2025-01-13,E05,Toulouse-Ouest,S05,Toulouse,P006,T-shirt homme,Textile,25000,1201,78,1322,4.8,Non,Oui,21.7
2025-01-13,E05,Toulouse-Ouest,S05,Toulouse,P007,Jeans,Textile,25000,1581,54,1978,6.32,Non,Non,28.3
2025-01-13,E05,Toulouse-Ouest,S05,Toulouse,P008,Smartphone,Électronique,25000,369,62,908,1.48,Non,Non,29.0
2025-01-13,E05,Toulouse-Ouest,S05,Toulouse,P009,TV 4K,Électronique,25000,1155,75,1259,4.62,Non,Oui,14.7
2025-01-13,E05,Toulouse-Ouest,S05,Toulouse,P010,Casque audio,Électronique,25000,791,54,1304,3.16,Non,Non,28.0
2025-01-13,E06,Nice-Est,S06,Nice,P001,Lait demi-écrémé,Alimentaire,20000,782,96,1529,3.91,Non,Non,28.9
2025-01-13,E06,Nice-Est,S06,Nice,P002,Riz 1kg,Alimentaire,20000,427,28,1382,2.14,Non,Non,27.3
2025-01-13,E06,Nice-Est,S06,Nice,P003,Pâtes 500g,Alimentaire,20000,181,36,661,0.91,Non,Non,11.0
2025-01-13,E06,Nice-Est,S06,Nice,P004,Shampoing,Droguerie,20000,8,67,545,0.04,Oui,Non,17.6
2025-01-13,E06,Nice-Est,S06,Nice,P005,Lessive,Droguerie,20000,1040,99,1127,5.2,Non,Oui,3.5
2025-01-13,E06,Nice-Est,S06,Nice,P006,T-shirt homme,Textile,20000,778,63,879,3.89,Non,Non,12.6
2025-01-13,E06,Nice-Est,S06,Nice,P007,Jeans,Textile,20000,760,38,1161,3.8,Non,Non,17.7
2025-01-13,E06,Nice-Est,S06,Nice,P008,Smartphone,Électronique,20000,914,70,1118,4.57,Non,Non,6.3
2025-01-13,E06,Nice-Est,S06,Nice,P009,TV 4K,Électronique,20000,464,50,527,2.32,Non,Non,26.2
2025-01-13,E06,Nice-Est,S06,Nice,P010,Casque audio,Électronique,20000,245,55,779,1.23,Non,Non,11.7
2025-01-13,E07,Bordeaux-Centre,S07,Bordeaux,P001,Lait demi-écrémé,Alimentaire,22000,272,95,743,1.24,Non,Non,6.3
2025-01-13,E07,Bordeaux-Centre,S07,Bordeaux,P002,Riz 1kg,Alimentaire,22000,107,35,1085,0.49,Non,Non,29.9
2025-01-13,E07,Bordeaux-Centre,S07,Bordeaux,P003,Pâtes 500g,Alimentaire,22000,1115,53,1832,5.07,Non,Non,17.9
2025-01-13,E07,Bordeaux-Centre,S07,Bordeaux,P004,Shampoing,Droguerie,22000,425,51,822,1.93,Non,Non,24.7
2025-01-13,E07,Bordeaux-Centre,S07,Bordeaux,P005,Lessive,Droguerie,22000,632,58,1148,2.87,Non,Non,7.2
2025-01-13,E07,Bordeaux-Centre,S07,Bordeaux,P006,T-shirt homme,Textile,22000,1160,27,1427,5.27,Non,Non,13.0
2025-01-13,E07,Bordeaux-Centre,S07,Bordeaux,P007,Jeans,Textile,22000,106,78,962,0.48,Non,Non,28.9
2025-01-13,E07,Bordeaux-Centre,S07,Bordeaux,P008,Smartphone,Électronique,22000,546,22,561,2.48,Non,Oui,19.7
2025-01-13,E07,Bordeaux-Centre,S07,Bordeaux,P009,TV 4K,Électronique,22000,1087,35,1515,4.94,Non,Non,24.8
2025-01-13,E07,Bordeaux-Centre,S07,Bordeaux,P010,Casque audio,Électronique,22000,123,41,790,0.56,Non,Non,3.3
2025-01-13,E08,Nantes-Atlantique,S08,Nantes,P001,Lait demi-écrémé,Alimentaire,24000,189,90,1414,0.79,Non,Non,27.6
2025-01-13,E08,Nantes-Atlantique,S08,Nantes,P002,Riz 1kg,Alimentaire,24000,651,91,1075,2.71,Non,Non,5.5
2025-01-13,E08,Nantes-Atlantique,S08,Nantes,P003,Pâtes 500g,Alimentaire,24000,572,66,1847,2.38,Non,Non,22.4
2025-01-13,E08,Nantes-Atlantique,S08,Nantes,P004,Shampoing,Droguerie,24000,1035,42,1386,4.31,Non,Non,24.1
2025-01-13,E08,Nantes-Atlantique,S08,Nantes,P005,Lessive,Droguerie,24000,1020,53,1046,4.25,Non,Oui,2.4
2025-01-13,E08,Nantes-Atlantique,S08,Nantes,P006,T-shirt homme,Textile,24000,658,83,897,2.74,Non,Non,29.0
2025-01-13,E08,Nantes-Atlantique,S08,Nantes,P007,Jeans,Textile,24000,1083,23,1916,4.51,Non,Non,12.9
2025-01-13,E08,Nantes-Atlantique,S08,Nantes,P008,Smartphone,Électronique,24000,227,63,802,0.95,Non,Non,27.2
2025-01-13,E08,Nantes-Atlantique,S08,Nantes,P009,TV 4K,Électronique,24000,270,79,1427,1.12,Non,Non,17.7
2025-01-13,E08,Nantes-Atlantique,S08,Nantes,P010,Casque audio,Électronique,24000,663,71,1896,2.76,Non,Non,12.8
2025-01-20,E01,Paris-Rungis,S01,Paris,P001,Lait demi-écrémé,Alimentaire,50000,6,44,1458,0.01,Oui,Non,4.2
2025-01-20,E01,Paris-Rungis,S01,Paris,P002,Riz 1kg,Alimentaire,50000,1694,27,1822,3.39,Non,Oui,2.4
2025-01-20,E01,Paris-Rungis,S01,Paris,P003,Pâtes 500g,Alimentaire,50000,731,100,1934,1.46,Non,Non,24.6
2025-01-20,E01,Paris-Rungis,S01,Paris,P004,Shampoing,Droguerie,50000,128,76,1599,0.26,Non,Non,1.7
2025-01-20,E01,Paris-Rungis,S01,Paris,P005,Lessive,Droguerie,50000,1063,67,1166,2.13,Non,Oui,20.1
2025-01-20,E01,Paris-Rungis,S01,Paris,P006,T-shirt homme,Textile,50000,25,25,574,0.05,Non,Non,27.7
2025-01-20,E01,Paris-Rungis,S01,Paris,P007,Jeans,Textile,50000,364,81,1897,0.73,Non,Non,22.2
2025-01-20,E01,Paris-Rungis,S01,Paris,P008,Smartphone,Électronique,50000,381,28,1133,0.76,Non,Non,10.3
2025-01-20,E01,Paris-Rungis,S01,Paris,P009,TV 4K,Électronique,50000,435,44,745,0.87,Non,Non,1.8
2025-01-20,E01,Paris-Rungis,S01,Paris,P010,Casque audio,Électronique,50000,587,58,964,1.17,Non,Non,21.1
2025-01-20,E02,Lyon-Sud,S02,Lyon,P001,Lait demi-écrémé,Alimentaire,35000,781,35,945,2.23,Non,Non,12.5
2025-01-20,E02,Lyon-Sud,S02,Lyon,P002,Riz 1kg,Alimentaire,35000,177,100,1921,0.51,Non,Non,15.3
2025-01-20,E02,Lyon-Sud,S02,Lyon,P003,Pâtes 500g,Alimentaire,35000,203,41,571,0.58,Non,Non,4.5
2025-01-20,E02,Lyon-Sud,S02,Lyon,P004,Shampoing,Droguerie,35000,708,68,1774,2.02,Non,Non,11.2
2025-01-20,E02,Lyon-Sud,S02,Lyon,P005,Lessive,Droguerie,35000,800,39,1561,2.29,Non,Non,6.1
2025-01-20,E02,Lyon-Sud,S02,Lyon,P006,T-shirt homme,Textile,35000,1320,23,1730,3.77,Non,Non,6.4
2025-01-20,E02,Lyon-Sud,S02,Lyon,P007,Jeans,Textile,35000,504,100,1492,1.44,Non,Non,11.0
2025-01-20,E02,Lyon-Sud,S02,Lyon,P008,Smartphone,Électronique,35000,721,67,1760,2.06,Non,Non,25.0
2025-01-20,E02,Lyon-Sud,S02,Lyon,P009,TV 4K,Électronique,35000,151,47,980,0.43,Non,Non,5.9
2025-01-20,E02,Lyon-Sud,S02,Lyon,P010,Casque audio,Électronique,35000,716,76,964,2.05,Non,Non,18.9
2025-01-20,E03,Marseille-Port,S03,Marseille,P001,Lait demi-écrémé,Alimentaire,30000,1245,86,1735,4.15,Non,Non,6.1
2025-01-20,E03,Marseille-Port,S03,Marseille,P002,Riz 1kg,Alimentaire,30000,970,56,1244,3.23,Non,Non,21.0
2025-01-20,E03,Marseille-Port,S03,Marseille,P003,Pâtes 500g,Alimentaire,30000,461,48,1225,1.54,Non,Non,4.7
2025-01-20,E03,Marseille-Port,S03,Marseille,P004,Shampoing,Droguerie,30000,178,74,1374,0.59,Non,Non,15.7
2025-01-20,E03,Marseille-Port,S03,Marseille,P005,Lessive,Droguerie,30000,813,24,1461,2.71,Non,Non,3.7
2025-01-20,E03,Marseille-Port,S03,Marseille,P006,T-shirt homme,Textile,30000,940,26,1628,3.13,Non,Non,2.3
2025-01-20,E03,Marseille-Port,S03,Marseille,P007,Jeans,Textile,30000,1243,43,1296,4.14,Non,Oui,15.4
2025-01-20,E03,Marseille-Port,S03,Marseille,P008,Smartphone,Électronique,30000,324,35,1535,1.08,Non,Non,25.1
2025-01-20,E03,Marseille-Port,S03,Marseille,P009,TV 4K,Électronique,30000,79,45,1280,0.26,Non,Non,3.9
2025-01-20,E03,Marseille-Port,S03,Marseille,P010,Casque audio,Électronique,30000,159,82,755,0.53,Non,Non,12.5
2025-01-20,E04,Lille-Nord,S04,Lille,P001,Lait demi-écrémé,Alimentaire,28000,1731,65,1820,6.18,Non,Oui,28.6
2025-01-20,E04,Lille-Nord,S04,Lille,P002,Riz 1kg,Alimentaire,28000,914,90,955,3.26,Non,Oui,28.9
2025-01-20,E04,Lille-Nord,S04,Lille,P003,Pâtes 500g,Alimentaire,28000,374,91,1794,1.34,Non,Non,21.5
2025-01-20,E04,Lille-Nord,S04,Lille,P004,Shampoing,Droguerie,28000,1625,83,1864,5.8,Non,Non,25.4
2025-01-20,E04,Lille-Nord,S04,Lille,P005,Lessive,Droguerie,28000,1560,75,1948,5.57,Non,Non,8.6
2025-01-20,E04,Lille-Nord,S04,Lille,P006,T-shirt homme,Textile,28000,979,53,1324,3.5,Non,Non,6.8
2025-01-20,E04,Lille-Nord,S04,Lille,P007,Jeans,Textile,28000,268,76,1037,0.96,Non,Non,5.2
2025-01-20,E04,Lille-Nord,S04,Lille,P008,Smartphone,Électronique,28000,312,47,1914,1.11,Non,Non,5.1
2025-01-20,E04,Lille-Nord,S04,Lille,P009,TV 4K,Électronique,28000,1041,40,1958,3.72,Non,Non,1.5
2025-01-20,E04,Lille-Nord,S04,Lille,P010,Casque audio,Électronique,28000,598,33,1744,2.14,Non,Non,8.4
2025-01-20,E05,Toulouse-Ouest,S05,Toulouse,P001,Lait demi-écrémé,Alimentaire,25000,1147,39,1208,4.59,Non,Oui,29.7
2025-01-20,E05,Toulouse-Ouest,S05,Toulouse,P002,Riz 1kg,Alimentaire,25000,734,92,815,2.94,Non,Oui,24.7
2025-01-20,E05,Toulouse-Ouest,S05,Toulouse,P003,Pâtes 500g,Alimentaire,25000,182,100,877,0.73,Non,Non,22.3
2025-01-20,E05,Toulouse-Ouest,S05,Toulouse,P004,Shampoing,Droguerie,25000,117,65,1329,0.47,Non,Non,11.9
2025-01-20,E05,Toulouse-Ouest,S05,Toulouse,P005,Lessive,Droguerie,25000,432,99,1191,1.73,Non,Non,11.8
2025-01-20,E05,Toulouse-Ouest,S05,Toulouse,P006,T-shirt homme,Textile,25000,496,26,1297,1.98,Non,Non,25.2
2025-01-20,E05,Toulouse-Ouest,S05,Toulouse,P007,Jeans,Textile,25000,68,81,1001,0.27,Oui,Non,25.8
2025-01-20,E05,Toulouse-Ouest,S05,Toulouse,P008,Smartphone,Électronique,25000,113,34,1588,0.45,Non,Non,8.9
2025-01-20,E05,Toulouse-Ouest,S05,Toulouse,P009,TV 4K,Électronique,25000,214,82,1064,0.86,Non,Non,25.0
2025-01-20,E05,Toulouse-Ouest,S05,Toulouse,P010,Casque audio,Électronique,25000,1370,20,1494,5.48,Non,Oui,10.1
2025-01-20,E06,Nice-Est,S06,Nice,P001,Lait demi-écrémé,Alimentaire,20000,249,91,1124,1.24,Non,Non,19.9
2025-01-20,E06,Nice-Est,S06,Nice,P002,Riz 1kg,Alimentaire,20000,13,61,804,0.07,Oui,Non,26.8
2025-01-20,E06,Nice-Est,S06,Nice,P003,Pâtes 500g,Alimentaire,20000,793,29,950,3.96,Non,Non,12.2
2025-01-20,E06,Nice-Est,S06,Nice,P004,Shampoing,Droguerie,20000,117,71,1853,0.58,Non,Non,15.8
2025-01-20,E06,Nice-Est,S06,Nice,P005,Lessive,Droguerie,20000,817,56,1859,4.08,Non,Non,7.6
2025-01-20,E06,Nice-Est,S06,Nice,P006,T-shirt homme,Textile,20000,748,80,1845,3.74,Non,Non,12.2
2025-01-20,E06,Nice-Est,S06,Nice,P007,Jeans,Textile,20000,566,60,1996,2.83,Non,Non,23.9
2025-01-20,E06,Nice-Est,S06,Nice,P008,Smartphone,Électronique,20000,652,25,1240,3.26,Non,Non,8.3
2025-01-20,E06,Nice-Est,S06,Nice,P009,TV 4K,Électronique,20000,641,29,856,3.21,Non,Non,20.1
2025-01-20,E06,Nice-Est,S06,Nice,P010,Casque audio,Électronique,20000,438,67,677,2.19,Non,Non,29.3
2025-01-20,E07,Bordeaux-Centre,S07,Bordeaux,P001,Lait demi-écrémé,Alimentaire,22000,79,54,647,0.36,Non,Non,17.4
2025-01-20,E07,Bordeaux-Centre,S07,Bordeaux,P002,Riz 1kg,Alimentaire,22000,877,63,1175,3.99,Non,Non,8.9
2025-01-20,E07,Bordeaux-Centre,S07,Bordeaux,P003,Pâtes 500g,Alimentaire,22000,187,92,1873,0.85,Non,Non,17.7
2025-01-20,E07,Bordeaux-Centre,S07,Bordeaux,P004,Shampoing,Droguerie,22000,433,68,1713,1.97,Non,Non,18.1
2025-01-20,E07,Bordeaux-Centre,S07,Bordeaux,P005,Lessive,Droguerie,22000,1017,77,1620,4.62,Non,Non,11.4
2025-01-20,E07,Bordeaux-Centre,S07,Bordeaux,P006,T-shirt homme,Textile,22000,488,43,623,2.22,Non,Non,24.3
2025-01-20,E07,Bordeaux-Centre,S07,Bordeaux,P007,Jeans,Textile,22000,259,37,537,1.18,Non,Non,5.9
2025-01-20,E07,Bordeaux-Centre,S07,Bordeaux,P008,Smartphone,Électronique,22000,30,40,1865,0.14,Oui,Non,3.1
2025-01-20,E07,Bordeaux-Centre,S07,Bordeaux,P009,TV 4K,Électronique,22000,139,83,696,0.63,Non,Non,22.1
2025-01-20,E07,Bordeaux-Centre,S07,Bordeaux,P010,Casque audio,Électronique,22000,314,31,806,1.43,Non,Non,3.1
2025-01-20,E08,Nantes-Atlantique,S08,Nantes,P001,Lait demi-écrémé,Alimentaire,24000,498,45,1670,2.08,Non,Non,22.8
2025-01-20,E08,Nantes-Atlantique,S08,Nantes,P002,Riz 1kg,Alimentaire,24000,826,75,1770,3.44,Non,Non,14.4
2025-01-20,E08,Nantes-Atlantique,S08,Nantes,P003,Pâtes 500g,Alimentaire,24000,929,92,1825,3.87,Non,Non,12.8
2025-01-20,E08,Nantes-Atlantique,S08,Nantes,P004,Shampoing,Droguerie,24000,971,92,1571,4.05,Non,Non,7.3
2025-01-20,E08,Nantes-Atlantique,S08,Nantes,P005,Lessive,Droguerie,24000,1004,41,1373,4.18,Non,Non,26.9
2025-01-20,E08,Nantes-Atlantique,S08,Nantes,P006,T-shirt homme,Textile,24000,616,49,663,2.57,Non,Oui,29.6
2025-01-20,E08,Nantes-Atlantique,S08,Nantes,P007,Jeans,Textile,24000,448,43,770,1.87,Non,Non,19.9
2025-01-20,E08,Nantes-Atlantique,S08,Nantes,P008,Smartphone,Électronique,24000,694,23,1442,2.89,Non,Non,21.2
2025-01-20,E08,Nantes-Atlantique,S08,Nantes,P009,TV 4K,Électronique,24000,1273,87,1595,5.3,Non,Non,14.8
2025-01-20,E08,Nantes-Atlantique,S08,Nantes,P010,Casque audio,Électronique,24000,721,89,1360,3.0,Non,Non,7.9
2025-01-27,E01,Paris-Rungis,S01,Paris,P001,Lait demi-écrémé,Alimentaire,50000,1402,46,1792,2.8,Non,Non,17.6
2025-01-27,E01,Paris-Rungis,S01,Paris,P002,Riz 1kg,Alimentaire,50000,118,59,915,0.24,Non,Non,18.5
2025-01-27,E01,Paris-Rungis,S01,Paris,P003,Pâtes 500g,Alimentaire,50000,673,100,1282,1.35,Non,Non,10.0
2025-01-27,E01,Paris-Rungis,S01,Paris,P004,Shampoing,Droguerie,50000,1376,23,1549,2.75,Non,Non,22.0
2025-01-27,E01,Paris-Rungis,S01,Paris,P005,Lessive,Droguerie,50000,685,94,1804,1.37,Non,Non,6.3
2025-01-27,E01,Paris-Rungis,S01,Paris,P006,T-shirt homme,Textile,50000,46,35,796,0.09,Non,Non,5.6
2025-01-27,E01,Paris-Rungis,S01,Paris,P007,Jeans,Textile,50000,360,95,641,0.72,Non,Non,25.4
2025-01-27,E01,Paris-Rungis,S01,Paris,P008,Smartphone,Électronique,50000,774,64,1495,1.55,Non,Non,8.9
2025-01-27,E01,Paris-Rungis,S01,Paris,P009,TV 4K,Électronique,50000,1310,56,1653,2.62,Non,Non,14.2
2025-01-27,E01,Paris-Rungis,S01,Paris,P010,Casque audio,Électronique,50000,14,56,1482,0.03,Oui,Non,21.6
2025-01-27,E02,Lyon-Sud,S02,Lyon,P001,Lait demi-écrémé,Alimentaire,35000,430,20,787,1.23,Non,Non,29.1
2025-01-27,E02,Lyon-Sud,S02,Lyon,P002,Riz 1kg,Alimentaire,35000,627,79,1310,1.79,Non,Non,10.0
2025-01-27,E02,Lyon-Sud,S02,Lyon,P003,Pâtes 500g,Alimentaire,35000,821,75,1516,2.35,Non,Non,9.6
2025-01-27,E02,Lyon-Sud,S02,Lyon,P004,Shampoing,Droguerie,35000,921,77,1714,2.63,Non,Non,27.8
2025-01-27,E02,Lyon-Sud,S02,Lyon,P005,Lessive,Droguerie,35000,412,31,1359,1.18,Non,Non,12.2
2025-01-27,E02,Lyon-Sud,S02,Lyon,P006,T-shirt homme,Textile,35000,69,64,1373,0.2,Non,Non,8.5
2025-01-27,E02,Lyon-Sud,S02,Lyon,P007,Jeans,Textile,35000,23,62,567,0.07,Oui,Non,12.8
2025-01-27,E02,Lyon-Sud,S02,Lyon,P008,Smartphone,Électronique,35000,451,65,1144,1.29,Non,Non,14.6
2025-01-27,E02,Lyon-Sud,S02,Lyon,P009,TV 4K,Électronique,35000,1513,24,1705,4.32,Non,Non,12.2
2025-01-27,E02,Lyon-Sud,S02,Lyon,P010,Casque audio,Électronique,35000,873,54,1657,2.49,Non,Non,18.9
2025-01-27,E03,Marseille-Port,S03,Marseille,P001,Lait demi-écrémé,Alimentaire,30000,161,79,1403,0.54,Non,Non,4.2
2025-01-27,E03,Marseille-Port,S03,Marseille,P002,Riz 1kg,Alimentaire,30000,733,92,1831,2.44,Non,Non,5.0
2025-01-27,E03,Marseille-Port,S03,Marseille,P003,Pâtes 500g,Alimentaire,30000,328,68,956,1.09,Non,Non,7.0
2025-01-27,E03,Marseille-Port,S03,Marseille,P004,Shampoing,Droguerie,30000,954,67,1715,3.18,Non,Non,21.9
2025-01-27,E03,Marseille-Port,S03,Marseille,P005,Lessive,Droguerie,30000,716,42,1253,2.39,Non,Non,4.2
2025-01-27,E03,Marseille-Port,S03,Marseille,P006,T-shirt homme,Textile,30000,473,87,829,1.58,Non,Non,13.0
2025-01-27,E03,Marseille-Port,S03,Marseille,P007,Jeans,Textile,30000,613,46,1373,2.04,Non,Non,7.8
2025-01-27,E03,Marseille-Port,S03,Marseille,P008,Smartphone,Électronique,30000,593,30,1143,1.98,Non,Non,27.6
2025-01-27,E03,Marseille-Port,S03,Marseille,P009,TV 4K,Électronique,30000,1167,99,1646,3.89,Non,Non,23.1
2025-01-27,E03,Marseille-Port,S03,Marseille,P010,Casque audio,Électronique,30000,714,98,1305,2.38,Non,Non,27.8
2025-01-27,E04,Lille-Nord,S04,Lille,P001,Lait demi-écrémé,Alimentaire,28000,890,72,1846,3.18,Non,Non,8.2
2025-01-27,E04,Lille-Nord,S04,Lille,P002,Riz 1kg,Alimentaire,28000,598,62,1036,2.14,Non,Non,22.6
2025-01-27,E04,Lille-Nord,S04,Lille,P003,Pâtes 500g,Alimentaire,28000,527,59,1952,1.88,Non,Non,23.8
2025-01-27,E04,Lille-Nord,S04,Lille,P004,Shampoing,Droguerie,28000,248,59,1753,0.89,Non,Non,12.5
2025-01-27,E04,Lille-Nord,S04,Lille,P005,Lessive,Droguerie,28000,500,97,1706,1.79,Non,Non,22.8
2025-01-27,E04,Lille-Nord,S04,Lille,P006,T-shirt homme,Textile,28000,1934,51,1945,6.91,Non,Oui,25.9
2025-01-27,E04,Lille-Nord,S04,Lille,P007,Jeans,Textile,28000,923,55,1684,3.3,Non,Non,9.3
2025-01-27,E04,Lille-Nord,S04,Lille,P008,Smartphone,Électronique,28000,839,93,1052,3.0,Non,Non,8.7
2025-01-27,E04,Lille-Nord,S04,Lille,P009,TV 4K,Électronique,28000,1713,87,1884,6.12,Non,Oui,20.1
2025-01-27,E04,Lille-Nord,S04,Lille,P010,Casque audio,Électronique,28000,149,91,850,0.53,Non,Non,7.5
2025-01-27,E05,Toulouse-Ouest,S05,Toulouse,P001,Lait demi-écrémé,Alimentaire,25000,1025,95,1172,4.1,Non,Non,13.2
2025-01-27,E05,Toulouse-Ouest,S05,Toulouse,P002,Riz 1kg,Alimentaire,25000,976,97,1980,3.9,Non,Non,22.0
2025-01-27,E05,Toulouse-Ouest,S05,Toulouse,P003,Pâtes 500g,Alimentaire,25000,1370,47,1678,5.48,Non,Non,24.7
2025-01-27,E05,Toulouse-Ouest,S05,Toulouse,P004,Shampoing,Droguerie,25000,552,86,1693,2.21,Non,Non,3.9
2025-01-27,E05,Toulouse-Ouest,S05,Toulouse,P005,Lessive,Droguerie,25000,8,40,712,0.03,Oui,Non,29.9
2025-01-27,E05,Toulouse-Ouest,S05,Toulouse,P006,T-shirt homme,Textile,25000,264,93,1412,1.06,Non,Non,2.8
2025-01-27,E05,Toulouse-Ouest,S05,Toulouse,P007,Jeans,Textile,25000,490,42,735,1.96,Non,Non,23.1
2025-01-27,E05,Toulouse-Ouest,S05,Toulouse,P008,Smartphone,Électronique,25000,617,81,1169,2.47,Non,Non,27.1
2025-01-27,E05,Toulouse-Ouest,S05,Toulouse,P009,TV 4K,Électronique,25000,394,86,1212,1.58,Non,Non,9.3
2025-01-27,E05,Toulouse-Ouest,S05,Toulouse,P010,Casque audio,Électronique,25000,689,72,1258,2.76,Non,Non,14.7
2025-01-27,E06,Nice-Est,S06,Nice,P001,Lait demi-écrémé,Alimentaire,20000,128,94,770,0.64,Non,Non,2.1
2025-01-27,E06,Nice-Est,S06,Nice,P002,Riz 1kg,Alimentaire,20000,309,21,587,1.54,Non,Non,9.1
2025-01-27,E06,Nice-Est,S06,Nice,P003,Pâtes 500g,Alimentaire,20000,781,75,1123,3.91,Non,Non,27.9
2025-01-27,E06,Nice-Est,S06,Nice,P004,Shampoing,Droguerie,20000,1251,38,1981,6.25,Non,Non,7.5
2025-01-27,E06,Nice-Est,S06,Nice,P005,Lessive,Droguerie,20000,144,26,556,0.72,Non,Non,27.0
2025-01-27,E06,Nice-Est,S06,Nice,P006,T-shirt homme,Textile,20000,139,65,718,0.69,Non,Non,23.6
2025-01-27,E06,Nice-Est,S06,Nice,P007,Jeans,Textile,20000,682,46,1445,3.41,Non,Non,25.9
2025-01-27,E06,Nice-Est,S06,Nice,P008,Smartphone,Électronique,20000,1447,65,1582,7.23,Non,Oui,18.3
2025-01-27,E06,Nice-Est,S06,Nice,P009,TV 4K,Électronique,20000,690,44,1177,3.45,Non,Non,19.2
2025-01-27,E06,Nice-Est,S06,Nice,P010,Casque audio,Électronique,20000,284,80,504,1.42,Non,Non,28.3
2025-01-27,E07,Bordeaux-Centre,S07,Bordeaux,P001,Lait demi-écrémé,Alimentaire,22000,1248,30,1674,5.67,Non,Non,7.3
2025-01-27,E07,Bordeaux-Centre,S07,Bordeaux,P002,Riz 1kg,Alimentaire,22000,738,28,1034,3.35,Non,Non,17.0
2025-01-27,E07,Bordeaux-Centre,S07,Bordeaux,P003,Pâtes 500g,Alimentaire,22000,670,44,1031,3.05,Non,Non,12.5
2025-01-27,E07,Bordeaux-Centre,S07,Bordeaux,P004,Shampoing,Droguerie,22000,74,48,673,0.34,Non,Non,7.5
2025-01-27,E07,Bordeaux-Centre,S07,Bordeaux,P005,Lessive,Droguerie,22000,759,89,1627,3.45,Non,Non,2.4
2025-01-27,E07,Bordeaux-Centre,S07,Bordeaux,P006,T-shirt homme,Textile,22000,375,46,1107,1.7,Non,Non,6.5
2025-01-27,E07,Bordeaux-Centre,S07,Bordeaux,P007,Jeans,Textile,22000,686,72,822,3.12,Non,Non,22.5
2025-01-27,E07,Bordeaux-Centre,S07,Bordeaux,P008,Smartphone,Électronique,22000,199,24,1009,0.9,Non,Non,10.0
2025-01-27,E07,Bordeaux-Centre,S07,Bordeaux,P009,TV 4K,Électronique,22000,271,57,875,1.23,Non,Non,12.8
2025-01-27,E07,Bordeaux-Centre,S07,Bordeaux,P010,Casque audio,Électronique,22000,308,33,538,1.4,Non,Non,7.7
2025-01-27,E08,Nantes-Atlantique,S08,Nantes,P001,Lait demi-écrémé,Alimentaire,24000,1186,77,1962,4.94,Non,Non,13.1
2025-01-27,E08,Nantes-Atlantique,S08,Nantes,P002,Riz 1kg,Alimentaire,24000,57,70,1606,0.24,Oui,Non,1.9
2025-01-27,E08,Nantes-Atlantique,S08,Nantes,P003,Pâtes 500g,Alimentaire,24000,1449,60,1955,6.04,Non,Non,27.0
2025-01-27,E08,Nantes-Atlantique,S08,Nantes,P004,Shampoing,Droguerie,24000,781,92,1074,3.25,Non,Non,22.8
2025-01-27,E08,Nantes-Atlantique,S08,Nantes,P005,Lessive,Droguerie,24000,669,26,813,2.79,Non,Non,3.6
2025-01-27,E08,Nantes-Atlantique,S08,Nantes,P006,T-shirt homme,Textile,24000,585,82,1397,2.44,Non,Non,2.9
2025-01-27,E08,Nantes-Atlantique,S08,Nantes,P007,Jeans,Textile,24000,38,53,885,0.16,Oui,Non,9.8
2025-01-27,E08,Nantes-Atlantique,S08,Nantes,P008,Smartphone,Électronique,24000,158,60,619,0.66,Non,Non,7.6
2025-01-27,E08,Nantes-Atlantique,S08,Nantes,P009,TV 4K,Électronique,24000,167,66,596,0.7,Non,Non,5.7
2025-01-27,E08,Nantes-Atlantique,S08,Nantes,P010,Casque audio,Électronique,24000,574,91,1748,2.39,Non,Non,13.2
2025-02-03,E01,Paris-Rungis,S01,Paris,P001,Lait demi-écrémé,Alimentaire,50000,459,63,871,0.92,Non,Non,22.8
2025-02-03,E01,Paris-Rungis,S01,Paris,P002,Riz 1kg,Alimentaire,50000,205,40,907,0.41,Non,Non,4.9
2025-02-03,E01,Paris-Rungis,S01,Paris,P003,Pâtes 500g,Alimentaire,50000,1624,39,1777,3.25,Non,Oui,7.8
2025-02-03,E01,Paris-Rungis,S01,Paris,P004,Shampoing,Droguerie,50000,137,37,533,0.27,Non,Non,10.6
2025-02-03,E01,Paris-Rungis,S01,Paris,P005,Lessive,Droguerie,50000,220,93,720,0.44,Non,Non,6.9
2025-02-03,E01,Paris-Rungis,S01,Paris,P006,T-shirt homme,Textile,50000,22,21,970,0.04,Non,Non,7.4
2025-02-03,E01,Paris-Rungis,S01,Paris,P007,Jeans,Textile,50000,959,52,1336,1.92,Non,Non,13.8
2025-02-03,E01,Paris-Rungis,S01,Paris,P008,Smartphone,Électronique,50000,1845,35,1872,3.69,Non,Oui,13.4
2025-02-03,E01,Paris-Rungis,S01,Paris,P009,TV 4K,Électronique,50000,21,78,1247,0.04,Oui,Non,13.7
2025-02-03,E01,Paris-Rungis,S01,Paris,P010,Casque audio,Électronique,50000,489,74,790,0.98,Non,Non,18.7
2025-02-03,E02,Lyon-Sud,S02,Lyon,P001,Lait demi-écrémé,Alimentaire,35000,510,64,1145,1.46,Non,Non,27.1
2025-02-03,E02,Lyon-Sud,S02,Lyon,P002,Riz 1kg,Alimentaire,35000,284,27,855,0.81,Non,Non,19.6
2025-02-03,E02,Lyon-Sud,S02,Lyon,P003,Pâtes 500g,Alimentaire,35000,80,46,614,0.23,Non,Non,28.3
2025-02-03,E02,Lyon-Sud,S02,Lyon,P004,Shampoing,Droguerie,35000,752,42,972,2.15,Non,Non,17.9
2025-02-03,E02,Lyon-Sud,S02,Lyon,P005,Lessive,Droguerie,35000,349,53,1498,1.0,Non,Non,7.8
2025-02-03,E02,Lyon-Sud,S02,Lyon,P006,T-shirt homme,Textile,35000,269,47,1054,0.77,Non,Non,2.4
2025-02-03,E02,Lyon-Sud,S02,Lyon,P007,Jeans,Textile,35000,938,89,1106,2.68,Non,Non,3.0
2025-02-03,E02,Lyon-Sud,S02,Lyon,P008,Smartphone,Électronique,35000,93,94,533,0.27,Oui,Non,14.2
2025-02-03,E02,Lyon-Sud,S02,Lyon,P009,TV 4K,Électronique,35000,677,40,834,1.93,Non,Non,24.1
2025-02-03,E02,Lyon-Sud,S02,Lyon,P010,Casque audio,Électronique,35000,382,57,606,1.09,Non,Non,2.7
2025-02-03,E03,Marseille-Port,S03,Marseille,P001,Lait demi-écrémé,Alimentaire,30000,947,72,1030,3.16,Non,Oui,22.2
2025-02-03,E03,Marseille-Port,S03,Marseille,P002,Riz 1kg,Alimentaire,30000,1315,33,1475,4.38,Non,Non,19.4
2025-02-03,E03,Marseille-Port,S03,Marseille,P003,Pâtes 500g,Alimentaire,30000,533,83,1157,1.78,Non,Non,13.0
2025-02-03,E03,Marseille-Port,S03,Marseille,P004,Shampoing,Droguerie,30000,374,99,1730,1.25,Non,Non,27.8
2025-02-03,E03,Marseille-Port,S03,Marseille,P005,Lessive,Droguerie,30000,736,26,1291,2.45,Non,Non,19.6
2025-02-03,E03,Marseille-Port,S03,Marseille,P006,T-shirt homme,Textile,30000,902,49,1599,3.01,Non,Non,5.5
2025-02-03,E03,Marseille-Port,S03,Marseille,P007,Jeans,Textile,30000,303,80,1788,1.01,Non,Non,10.8
2025-02-03,E03,Marseille-Port,S03,Marseille,P008,Smartphone,Électronique,30000,159,28,868,0.53,Non,Non,10.2
2025-02-03,E03,Marseille-Port,S03,Marseille,P009,TV 4K,Électronique,30000,1601,25,1697,5.34,Non,Oui,21.0
2025-02-03,E03,Marseille-Port,S03,Marseille,P010,Casque audio,Électronique,30000,1093,69,1307,3.64,Non,Non,9.2
2025-02-03,E04,Lille-Nord,S04,Lille,P001,Lait demi-écrémé,Alimentaire,28000,1484,52,1538,5.3,Non,Oui,22.4
2025-02-03,E04,Lille-Nord,S04,Lille,P002,Riz 1kg,Alimentaire,28000,510,51,1494,1.82,Non,Non,19.2
2025-02-03,E04,Lille-Nord,S04,Lille,P003,Pâtes 500g,Alimentaire,28000,1575,77,1674,5.62,Non,Oui,28.3
2025-02-03,E04,Lille-Nord,S04,Lille,P004,Shampoing,Droguerie,28000,133,43,704,0.47,Non,Non,3.5
2025-02-03,E04,Lille-Nord,S04,Lille,P005,Lessive,Droguerie,28000,543,26,744,1.94,Non,Non,14.3
2025-02-03,E04,Lille-Nord,S04,Lille,P006,T-shirt homme,Textile,28000,241,85,585,0.86,Non,Non,21.2
2025-02-03,E04,Lille-Nord,S04,Lille,P007,Jeans,Textile,28000,1257,90,1351,4.49,Non,Oui,2.4
2025-02-03,E04,Lille-Nord,S04,Lille,P008,Smartphone,Électronique,28000,101,29,1430,0.36,Non,Non,26.0
2025-02-03,E04,Lille-Nord,S04,Lille,P009,TV 4K,Électronique,28000,73,82,1096,0.26,Oui,Non,24.1
2025-02-03,E04,Lille-Nord,S04,Lille,P010,Casque audio,Électronique,28000,309,48,1725,1.1,Non,Non,11.2
2025-02-03,E05,Toulouse-Ouest,S05,Toulouse,P001,Lait demi-écrémé,Alimentaire,25000,1264,95,1768,5.06,Non,Non,8.3
2025-02-03,E05,Toulouse-Ouest,S05,Toulouse,P002,Riz 1kg,Alimentaire,25000,612,65,864,2.45,Non,Non,10.2
2025-02-03,E05,Toulouse-Ouest,S05,Toulouse,P003,Pâtes 500g,Alimentaire,25000,208,34,1511,0.83,Non,Non,6.0
2025-02-03,E05,Toulouse-Ouest,S05,Toulouse,P004,Shampoing,Droguerie,25000,794,38,1508,3.18,Non,Non,22.7
2025-02-03,E05,Toulouse-Ouest,S05,Toulouse,P005,Lessive,Droguerie,25000,570,51,951,2.28,Non,Non,14.2
2025-02-03,E05,Toulouse-Ouest,S05,Toulouse,P006,T-shirt homme,Textile,25000,369,40,543,1.48,Non,Non,25.9
2025-02-03,E05,Toulouse-Ouest,S05,Toulouse,P007,Jeans,Textile,25000,115,39,795,0.46,Non,Non,11.9
2025-02-03,E05,Toulouse-Ouest,S05,Toulouse,P008,Smartphone,Électronique,25000,656,68,1890,2.62,Non,Non,20.9
2025-02-03,E05,Toulouse-Ouest,S05,Toulouse,P009,TV 4K,Électronique,25000,1323,53,1710,5.29,Non,Non,12.1
2025-02-03,E05,Toulouse-Ouest,S05,Toulouse,P010,Casque audio,Électronique,25000,757,44,899,3.03,Non,Non,22.3
2025-02-03,E06,Nice-Est,S06,Nice,P001,Lait demi-écrémé,Alimentaire,20000,207,89,900,1.03,Non,Non,29.3
2025-02-03,E06,Nice-Est,S06,Nice,P002,Riz 1kg,Alimentaire,20000,906,57,1118,4.53,Non,Non,26.4
2025-02-03,E06,Nice-Est,S06,Nice,P003,Pâtes 500g,Alimentaire,20000,1028,22,1124,5.14,Non,Oui,25.4
2025-02-03,E06,Nice-Est,S06,Nice,P004,Shampoing,Droguerie,20000,1227,83,1541,6.13,Non,Non,17.8
2025-02-03,E06,Nice-Est,S06,Nice,P005,Lessive,Droguerie,20000,277,62,524,1.39,Non,Non,14.5
2025-02-03,E06,Nice-Est,S06,Nice,P006,T-shirt homme,Textile,20000,383,41,521,1.92,Non,Non,18.8
2025-02-03,E06,Nice-Est,S06,Nice,P007,Jeans,Textile,20000,1401,68,1539,7.0,Non,Oui,11.1
2025-02-03,E06,Nice-Est,S06,Nice,P008,Smartphone,Électronique,20000,388,98,1141,1.94,Non,Non,23.9
2025-02-03,E06,Nice-Est,S06,Nice,P009,TV 4K,Électronique,20000,527,77,1517,2.63,Non,Non,19.1
2025-02-03,E06,Nice-Est,S06,Nice,P010,Casque audio,Électronique,20000,874,43,1313,4.37,Non,Non,19.4
2025-02-03,E07,Bordeaux-Centre,S07,Bordeaux,P001,Lait demi-écrémé,Alimentaire,22000,612,46,827,2.78,Non,Non,22.5
2025-02-03,E07,Bordeaux-Centre,S07,Bordeaux,P002,Riz 1kg,Alimentaire,22000,274,73,977,1.25,Non,Non,6.4
2025-02-03,E07,Bordeaux-Centre,S07,Bordeaux,P003,Pâtes 500g,Alimentaire,22000,653,83,1471,2.97,Non,Non,24.0
2025-02-03,E07,Bordeaux-Centre,S07,Bordeaux,P004,Shampoing,Droguerie,22000,1161,40,1234,5.28,Non,Oui,5.5
2025-02-03,E07,Bordeaux-Centre,S07,Bordeaux,P005,Lessive,Droguerie,22000,408,73,664,1.85,Non,Non,11.1
2025-02-03,E07,Bordeaux-Centre,S07,Bordeaux,P006,T-shirt homme,Textile,22000,619,30,790,2.81,Non,Non,4.9
2025-02-03,E07,Bordeaux-Centre,S07,Bordeaux,P007,Jeans,Textile,22000,1485,67,1672,6.75,Non,Non,27.9
2025-02-03,E07,Bordeaux-Centre,S07,Bordeaux,P008,Smartphone,Électronique,22000,585,39,1713,2.66,Non,Non,4.4
2025-02-03,E07,Bordeaux-Centre,S07,Bordeaux,P009,TV 4K,Électronique,22000,447,61,1340,2.03,Non,Non,2.2
2025-02-03,E07,Bordeaux-Centre,S07,Bordeaux,P010,Casque audio,Électronique,22000,646,95,1150,2.94,Non,Non,23.0
2025-02-03,E08,Nantes-Atlantique,S08,Nantes,P001,Lait demi-écrémé,Alimentaire,24000,476,94,1323,1.98,Non,Non,13.6
2025-02-03,E08,Nantes-Atlantique,S08,Nantes,P002,Riz 1kg,Alimentaire,24000,1474,79,1868,6.14,Non,Non,24.6
2025-02-03,E08,Nantes-Atlantique,S08,Nantes,P003,Pâtes 500g,Alimentaire,24000,846,72,852,3.52,Non,Oui,19.1
2025-02-03,E08,Nantes-Atlantique,S08,Nantes,P004,Shampoing,Droguerie,24000,1564,57,1860,6.52,Non,Non,28.7
2025-02-03,E08,Nantes-Atlantique,S08,Nantes,P005,Lessive,Droguerie,24000,772,25,1383,3.22,Non,Non,3.2
2025-02-03,E08,Nantes-Atlantique,S08,Nantes,P006,T-shirt homme,Textile,24000,1053,53,1776,4.39,Non,Non,1.8
2025-02-03,E08,Nantes-Atlantique,S08,Nantes,P007,Jeans,Textile,24000,198,90,1195,0.83,Non,Non,6.6
2025-02-03,E08,Nantes-Atlantique,S08,Nantes,P008,Smartphone,Électronique,24000,670,33,956,2.79,Non,Non,16.6
2025-02-03,E08,Nantes-Atlantique,S08,Nantes,P009,TV 4K,Électronique,24000,279,25,589,1.16,Non,Non,17.6
2025-02-03,E08,Nantes-Atlantique,S08,Nantes,P010,Casque audio,Électronique,24000,1752,48,1942,7.3,Non,Oui,5.6
2025-02-10,E01,Paris-Rungis,S01,Paris,P001,Lait demi-écrémé,Alimentaire,50000,155,30,862,0.31,Non,Non,3.7
2025-02-10,E01,Paris-Rungis,S01,Paris,P002,Riz 1kg,Alimentaire,50000,381,42,656,0.76,Non,Non,22.7
2025-02-10,E01,Paris-Rungis,S01,Paris,P003,Pâtes 500g,Alimentaire,50000,1809,85,1857,3.62,Non,Oui,4.3
2025-02-10,E01,Paris-Rungis,S01,Paris,P004,Shampoing,Droguerie,50000,314,67,1602,0.63,Non,Non,26.2
2025-02-10,E01,Paris-Rungis,S01,Paris,P005,Lessive,Droguerie,50000,1097,89,1354,2.19,Non,Non,15.5
2025-02-10,E01,Paris-Rungis,S01,Paris,P006,T-shirt homme,Textile,50000,17,71,1110,0.03,Oui,Non,4.0
2025-02-10,E01,Paris-Rungis,S01,Paris,P007,Jeans,Textile,50000,543,94,724,1.09,Non,Non,10.5
2025-02-10,E01,Paris-Rungis,S01,Paris,P008,Smartphone,Électronique,50000,119,91,1600,0.24,Non,Non,12.3
2025-02-10,E01,Paris-Rungis,S01,Paris,P009,TV 4K,Électronique,50000,689,59,773,1.38,Non,Non,1.0
2025-02-10,E01,Paris-Rungis,S01,Paris,P010,Casque audio,Électronique,50000,583,69,863,1.17,Non,Non,27.9
2025-02-10,E02,Lyon-Sud,S02,Lyon,P001,Lait demi-écrémé,Alimentaire,35000,1307,83,1405,3.73,Non,Oui,16.2
2025-02-10,E02,Lyon-Sud,S02,Lyon,P002,Riz 1kg,Alimentaire,35000,1066,51,1142,3.05,Non,Oui,10.5
2025-02-10,E02,Lyon-Sud,S02,Lyon,P003,Pâtes 500g,Alimentaire,35000,822,69,1806,2.35,Non,Non,9.2
2025-02-10,E02,Lyon-Sud,S02,Lyon,P004,Shampoing,Droguerie,35000,243,71,1136,0.69,Non,Non,18.3
2025-02-10,E02,Lyon-Sud,S02,Lyon,P005,Lessive,Droguerie,35000,303,36,945,0.87,Non,Non,20.1
2025-02-10,E02,Lyon-Sud,S02,Lyon,P006,T-shirt homme,Textile,35000,288,34,1750,0.82,Non,Non,21.7
2025-02-10,E02,Lyon-Sud,S02,Lyon,P007,Jeans,Textile,35000,183,75,796,0.52,Non,Non,3.2
2025-02-10,E02,Lyon-Sud,S02,Lyon,P008,Smartphone,Électronique,35000,312,43,535,0.89,Non,Non,21.0
2025-02-10,E02,Lyon-Sud,S02,Lyon,P009,TV 4K,Électronique,35000,334,25,1082,0.95,Non,Non,18.7
2025-02-10,E02,Lyon-Sud,S02,Lyon,P010,Casque audio,Électronique,35000,814,88,944,2.33,Non,Non,29.2
2025-02-10,E03,Marseille-Port,S03,Marseille,P001,Lait demi-écrémé,Alimentaire,30000,994,56,2000,3.31,Non,Non,28.2
2025-02-10,E03,Marseille-Port,S03,Marseille,P002,Riz 1kg,Alimentaire,30000,1773,92,1933,5.91,Non,Oui,4.2
2025-02-10,E03,Marseille-Port,S03,Marseille,P003,Pâtes 500g,Alimentaire,30000,914,80,1759,3.05,Non,Non,5.4
2025-02-10,E03,Marseille-Port,S03,Marseille,P004,Shampoing,Droguerie,30000,1248,72,1704,4.16,Non,Non,18.2
2025-02-10,E03,Marseille-Port,S03,Marseille,P005,Lessive,Droguerie,30000,197,98,1068,0.66,Non,Non,19.9
2025-02-10,E03,Marseille-Port,S03,Marseille,P006,T-shirt homme,Textile,30000,407,85,1930,1.36,Non,Non,4.2
2025-02-10,E03,Marseille-Port,S03,Marseille,P007,Jeans,Textile,30000,58,90,540,0.19,Oui,Non,7.4
2025-02-10,E03,Marseille-Port,S03,Marseille,P008,Smartphone,Électronique,30000,839,75,1364,2.8,Non,Non,1.6
2025-02-10,E03,Marseille-Port,S03,Marseille,P009,TV 4K,Électronique,30000,4,41,1946,0.01,Oui,Non,2.8
2025-02-10,E03,Marseille-Port,S03,Marseille,P010,Casque audio,Électronique,30000,765,64,902,2.55,Non,Non,5.7
2025-02-10,E04,Lille-Nord,S04,Lille,P001,Lait demi-écrémé,Alimentaire,28000,557,63,896,1.99,Non,Non,12.5
2025-02-10,E04,Lille-Nord,S04,Lille,P002,Riz 1kg,Alimentaire,28000,164,32,507,0.59,Non,Non,19.3
2025-02-10,E04,Lille-Nord,S04,Lille,P003,Pâtes 500g,Alimentaire,28000,276,61,867,0.99,Non,Non,8.1
2025-02-10,E04,Lille-Nord,S04,Lille,P004,Shampoing,Droguerie,28000,563,87,981,2.01,Non,Non,21.6
2025-02-10,E04,Lille-Nord,S04,Lille,P005,Lessive,Droguerie,28000,1411,65,1632,5.04,Non,Non,5.7
2025-02-10,E04,Lille-Nord,S04,Lille,P006,T-shirt homme,Textile,28000,350,73,1761,1.25,Non,Non,20.1
2025-02-10,E04,Lille-Nord,S04,Lille,P007,Jeans,Textile,28000,127,92,1752,0.45,Non,Non,2.7
2025-02-10,E04,Lille-Nord,S04,Lille,P008,Smartphone,Électronique,28000,1428,70,1593,5.1,Non,Non,13.5
2025-02-10,E04,Lille-Nord,S04,Lille,P009,TV 4K,Électronique,28000,499,78,1393,1.78,Non,Non,25.9
2025-02-10,E04,Lille-Nord,S04,Lille,P010,Casque audio,Électronique,28000,423,42,1638,1.51,Non,Non,26.6
2025-02-10,E05,Toulouse-Ouest,S05,Toulouse,P001,Lait demi-écrémé,Alimentaire,25000,789,84,1748,3.16,Non,Non,20.5
2025-02-10,E05,Toulouse-Ouest,S05,Toulouse,P002,Riz 1kg,Alimentaire,25000,834,46,939,3.34,Non,Non,15.0
2025-02-10,E05,Toulouse-Ouest,S05,Toulouse,P003,Pâtes 500g,Alimentaire,25000,688,30,1535,2.75,Non,Non,19.4
2025-02-10,E05,Toulouse-Ouest,S05,Toulouse,P004,Shampoing,Droguerie,25000,1536,100,1610,6.14,Non,Oui,25.0
2025-02-10,E05,Toulouse-Ouest,S05,Toulouse,P005,Lessive,Droguerie,25000,407,71,862,1.63,Non,Non,14.2
2025-02-10,E05,Toulouse-Ouest,S05,Toulouse,P006,T-shirt homme,Textile,25000,1130,51,1388,4.52,Non,Non,9.8
2025-02-10,E05,Toulouse-Ouest,S05,Toulouse,P007,Jeans,Textile,25000,498,33,501,1.99,Non,Oui,3.2
2025-02-10,E05,Toulouse-Ouest,S05,Toulouse,P008,Smartphone,Électronique,25000,1035,39,1859,4.14,Non,Non,23.9
2025-02-10,E05,Toulouse-Ouest,S05,Toulouse,P009,TV 4K,Électronique,25000,734,45,962,2.94,Non,Non,18.7
2025-02-10,E05,Toulouse-Ouest,S05,Toulouse,P010,Casque audio,Électronique,25000,1107,32,1878,4.43,Non,Non,25.6
2025-02-10,E06,Nice-Est,S06,Nice,P001,Lait demi-écrémé,Alimentaire,20000,382,48,1215,1.91,Non,Non,14.4
2025-02-10,E06,Nice-Est,S06,Nice,P002,Riz 1kg,Alimentaire,20000,1753,96,1991,8.77,Non,Non,2.8
2025-02-10,E06,Nice-Est,S06,Nice,P003,Pâtes 500g,Alimentaire,20000,40,81,1166,0.2,Oui,Non,12.8
2025-02-10,E06,Nice-Est,S06,Nice,P004,Shampoing,Droguerie,20000,789,81,1509,3.94,Non,Non,3.8
2025-02-10,E06,Nice-Est,S06,Nice,P005,Lessive,Droguerie,20000,1288,25,1365,6.44,Non,Oui,22.0
2025-02-10,E06,Nice-Est,S06,Nice,P006,T-shirt homme,Textile,20000,6,94,842,0.03,Oui,Non,19.4
2025-02-10,E06,Nice-Est,S06,Nice,P007,Jeans,Textile,20000,205,88,1570,1.03,Non,Non,25.8
2025-02-10,E06,Nice-Est,S06,Nice,P008,Smartphone,Électronique,20000,788,54,1006,3.94,Non,Non,3.2
2025-02-10,E06,Nice-Est,S06,Nice,P009,TV 4K,Électronique,20000,1242,36,1456,6.21,Non,Non,13.9
2025-02-10,E06,Nice-Est,S06,Nice,P010,Casque audio,Électronique,20000,471,72,739,2.35,Non,Non,27.6
2025-02-10,E07,Bordeaux-Centre,S07,Bordeaux,P001,Lait demi-écrémé,Alimentaire,22000,1215,34,1221,5.52,Non,Oui,13.2
2025-02-10,E07,Bordeaux-Centre,S07,Bordeaux,P002,Riz 1kg,Alimentaire,22000,505,88,1817,2.3,Non,Non,16.7
2025-02-10,E07,Bordeaux-Centre,S07,Bordeaux,P003,Pâtes 500g,Alimentaire,22000,1018,58,1216,4.63,Non,Non,6.2
2025-02-10,E07,Bordeaux-Centre,S07,Bordeaux,P004,Shampoing,Droguerie,22000,1683,22,1966,7.65,Non,Non,22.2
2025-02-10,E07,Bordeaux-Centre,S07,Bordeaux,P005,Lessive,Droguerie,22000,754,70,1271,3.43,Non,Non,21.2
2025-02-10,E07,Bordeaux-Centre,S07,Bordeaux,P006,T-shirt homme,Textile,22000,787,71,1593,3.58,Non,Non,23.1
2025-02-10,E07,Bordeaux-Centre,S07,Bordeaux,P007,Jeans,Textile,22000,1177,98,1224,5.35,Non,Oui,25.1
2025-02-10,E07,Bordeaux-Centre,S07,Bordeaux,P008,Smartphone,Électronique,22000,917,37,1162,4.17,Non,Non,6.9
2025-02-10,E07,Bordeaux-Centre,S07,Bordeaux,P009,TV 4K,Électronique,22000,1214,98,1538,5.52,Non,Non,17.4
2025-02-10,E07,Bordeaux-Centre,S07,Bordeaux,P010,Casque audio,Électronique,22000,667,40,1203,3.03,Non,Non,7.5
2025-02-10,E08,Nantes-Atlantique,S08,Nantes,P001,Lait demi-écrémé,Alimentaire,24000,891,54,1874,3.71,Non,Non,19.2
2025-02-10,E08,Nantes-Atlantique,S08,Nantes,P002,Riz 1kg,Alimentaire,24000,610,21,1410,2.54,Non,Non,26.7
2025-02-10,E08,Nantes-Atlantique,S08,Nantes,P003,Pâtes 500g,Alimentaire,24000,46,94,1744,0.19,Oui,Non,13.9
2025-02-10,E08,Nantes-Atlantique,S08,Nantes,P004,Shampoing,Droguerie,24000,292,100,1473,1.22,Non,Non,23.2
2025-02-10,E08,Nantes-Atlantique,S08,Nantes,P005,Lessive,Droguerie,24000,1208,72,1366,5.03,Non,Non,29.7
2025-02-10,E08,Nantes-Atlantique,S08,Nantes,P006,T-shirt homme,Textile,24000,448,58,628,1.87,Non,Non,17.6
2025-02-10,E08,Nantes-Atlantique,S08,Nantes,P007,Jeans,Textile,24000,44,70,1492,0.18,Oui,Non,17.3
2025-02-10,E08,Nantes-Atlantique,S08,Nantes,P008,Smartphone,Électronique,24000,936,90,1719,3.9,Non,Non,9.9
2025-02-10,E08,Nantes-Atlantique,S08,Nantes,P009,TV 4K,Électronique,24000,572,83,1022,2.38,Non,Non,11.2
2025-02-10,E08,Nantes-Atlantique,S08,Nantes,P010,Casque audio,Électronique,24000,582,99,1669,2.43,Non,Non,12.8
2025-02-17,E01,Paris-Rungis,S01,Paris,P001,Lait demi-écrémé,Alimentaire,50000,396,29,1542,0.79,Non,Non,24.3
2025-02-17,E01,Paris-Rungis,S01,Paris,P002,Riz 1kg,Alimentaire,50000,230,84,1119,0.46,Non,Non,12.9
2025-02-17,E01,Paris-Rungis,S01,Paris,P003,Pâtes 500g,Alimentaire,50000,938,51,1091,1.88,Non,Non,16.1
2025-02-17,E01,Paris-Rungis,S01,Paris,P004,Shampoing,Droguerie,50000,422,100,1203,0.84,Non,Non,12.6
2025-02-17,E01,Paris-Rungis,S01,Paris,P005,Lessive,Droguerie,50000,1092,94,1598,2.18,Non,Non,4.1
2025-02-17,E01,Paris-Rungis,S01,Paris,P006,T-shirt homme,Textile,50000,1093,68,1099,2.19,Non,Oui,1.8
2025-02-17,E01,Paris-Rungis,S01,Paris,P007,Jeans,Textile,50000,20,57,1147,0.04,Oui,Non,24.0
2025-02-17,E01,Paris-Rungis,S01,Paris,P008,Smartphone,Électronique,50000,1310,41,1857,2.62,Non,Non,15.9
2025-02-17,E01,Paris-Rungis,S01,Paris,P009,TV 4K,Électronique,50000,334,70,520,0.67,Non,Non,29.0
2025-02-17,E01,Paris-Rungis,S01,Paris,P010,Casque audio,Électronique,50000,167,35,564,0.33,Non,Non,12.6
2025-02-17,E02,Lyon-Sud,S02,Lyon,P001,Lait demi-écrémé,Alimentaire,35000,406,78,580,1.16,Non,Non,12.6
2025-02-17,E02,Lyon-Sud,S02,Lyon,P002,Riz 1kg,Alimentaire,35000,125,90,1732,0.36,Non,Non,1.5
2025-02-17,E02,Lyon-Sud,S02,Lyon,P003,Pâtes 500g,Alimentaire,35000,277,89,866,0.79,Non,Non,16.5
2025-02-17,E02,Lyon-Sud,S02,Lyon,P004,Shampoing,Droguerie,35000,1065,52,1234,3.04,Non,Non,4.0
2025-02-17,E02,Lyon-Sud,S02,Lyon,P005,Lessive,Droguerie,35000,284,48,501,0.81,Non,Non,26.4
2025-02-17,E02,Lyon-Sud,S02,Lyon,P006,T-shirt homme,Textile,35000,389,93,1637,1.11,Non,Non,26.4
2025-02-17,E02,Lyon-Sud,S02,Lyon,P007,Jeans,Textile,35000,988,25,1175,2.82,Non,Non,9.8
2025-02-17,E02,Lyon-Sud,S02,Lyon,P008,Smartphone,Électronique,35000,485,89,1628,1.39,Non,Non,18.9
2025-02-17,E02,Lyon-Sud,S02,Lyon,P009,TV 4K,Électronique,35000,217,80,1036,0.62,Non,Non,17.0
2025-02-17,E02,Lyon-Sud,S02,Lyon,P010,Casque audio,Électronique,35000,14,73,984,0.04,Oui,Non,5.3
2025-02-17,E03,Marseille-Port,S03,Marseille,P001,Lait demi-écrémé,Alimentaire,30000,26,77,1258,0.09,Oui,Non,2.4
2025-02-17,E03,Marseille-Port,S03,Marseille,P002,Riz 1kg,Alimentaire,30000,353,47,594,1.18,Non,Non,21.9
2025-02-17,E03,Marseille-Port,S03,Marseille,P003,Pâtes 500g,Alimentaire,30000,606,71,708,2.02,Non,Non,26.8
2025-02-17,E03,Marseille-Port,S03,Marseille,P004,Shampoing,Droguerie,30000,416,96,1228,1.39,Non,Non,1.5
2025-02-17,E03,Marseille-Port,S03,Marseille,P005,Lessive,Droguerie,30000,599,65,1293,2.0,Non,Non,3.8
2025-02-17,E03,Marseille-Port,S03,Marseille,P006,T-shirt homme,Textile,30000,392,53,1657,1.31,Non,Non,24.9
2025-02-17,E03,Marseille-Port,S03,Marseille,P007,Jeans,Textile,30000,1729,89,1861,5.76,Non,Oui,27.0
2025-02-17,E03,Marseille-Port,S03,Marseille,P008,Smartphone,Électronique,30000,919,57,1384,3.06,Non,Non,17.5
2025-02-17,E03,Marseille-Port,S03,Marseille,P009,TV 4K,Électronique,30000,1476,84,1482,4.92,Non,Oui,27.5
2025-02-17,E03,Marseille-Port,S03,Marseille,P010,Casque audio,Électronique,30000,966,35,1587,3.22,Non,Non,5.7
2025-02-17,E04,Lille-Nord,S04,Lille,P001,Lait demi-écrémé,Alimentaire,28000,115,24,563,0.41,Non,Non,19.3
2025-02-17,E04,Lille-Nord,S04,Lille,P002,Riz 1kg,Alimentaire,28000,762,46,1375,2.72,Non,Non,26.8
2025-02-17,E04,Lille-Nord,S04,Lille,P003,Pâtes 500g,Alimentaire,28000,236,35,597,0.84,Non,Non,8.9
2025-02-17,E04,Lille-Nord,S04,Lille,P004,Shampoing,Droguerie,28000,516,57,1120,1.84,Non,Non,4.8
2025-02-17,E04,Lille-Nord,S04,Lille,P005,Lessive,Droguerie,28000,402,96,588,1.44,Non,Non,15.0
2025-02-17,E04,Lille-Nord,S04,Lille,P006,T-shirt homme,Textile,28000,1144,63,1364,4.09,Non,Non,27.2
2025-02-17,E04,Lille-Nord,S04,Lille,P007,Jeans,Textile,28000,337,71,1266,1.2,Non,Non,9.7
2025-02-17,E04,Lille-Nord,S04,Lille,P008,Smartphone,Électronique,28000,290,24,1273,1.04,Non,Non,23.8
2025-02-17,E04,Lille-Nord,S04,Lille,P009,TV 4K,Électronique,28000,331,36,739,1.18,Non,Non,27.4
2025-02-17,E04,Lille-Nord,S04,Lille,P010,Casque audio,Électronique,28000,893,98,1723,3.19,Non,Non,26.3
2025-02-17,E05,Toulouse-Ouest,S05,Toulouse,P001,Lait demi-écrémé,Alimentaire,25000,871,37,1145,3.48,Non,Non,23.3
2025-02-17,E05,Toulouse-Ouest,S05,Toulouse,P002,Riz 1kg,Alimentaire,25000,127,43,870,0.51,Non,Non,18.7
2025-02-17,E05,Toulouse-Ouest,S05,Toulouse,P003,Pâtes 500g,Alimentaire,25000,220,62,983,0.88,Non,Non,28.0
2025-02-17,E05,Toulouse-Ouest,S05,Toulouse,P004,Shampoing,Droguerie,25000,60,57,1400,0.24,Non,Non,8.5
2025-02-17,E05,Toulouse-Ouest,S05,Toulouse,P005,Lessive,Droguerie,25000,796,59,1483,3.18,Non,Non,9.8
2025-02-17,E05,Toulouse-Ouest,S05,Toulouse,P006,T-shirt homme,Textile,25000,1608,56,1902,6.43,Non,Non,10.4
2025-02-17,E05,Toulouse-Ouest,S05,Toulouse,P007,Jeans,Textile,25000,615,96,956,2.46,Non,Non,13.7
2025-02-17,E05,Toulouse-Ouest,S05,Toulouse,P008,Smartphone,Électronique,25000,237,41,697,0.95,Non,Non,16.5
2025-02-17,E05,Toulouse-Ouest,S05,Toulouse,P009,TV 4K,Électronique,25000,500,60,512,2.0,Non,Oui,25.1
2025-02-17,E05,Toulouse-Ouest,S05,Toulouse,P010,Casque audio,Électronique,25000,682,37,1088,2.73,Non,Non,22.1
2025-02-17,E06,Nice-Est,S06,Nice,P001,Lait demi-écrémé,Alimentaire,20000,170,47,708,0.85,Non,Non,21.3
2025-02-17,E06,Nice-Est,S06,Nice,P002,Riz 1kg,Alimentaire,20000,3,96,615,0.01,Oui,Non,22.5
2025-02-17,E06,Nice-Est,S06,Nice,P003,Pâtes 500g,Alimentaire,20000,674,70,761,3.37,Non,Non,6.4
2025-02-17,E06,Nice-Est,S06,Nice,P004,Shampoing,Droguerie,20000,483,31,639,2.42,Non,Non,7.9
2025-02-17,E06,Nice-Est,S06,Nice,P005,Lessive,Droguerie,20000,948,38,1797,4.74,Non,Non,15.3
2025-02-17,E06,Nice-Est,S06,Nice,P006,T-shirt homme,Textile,20000,504,74,1054,2.52,Non,Non,18.9
2025-02-17,E06,Nice-Est,S06,Nice,P007,Jeans,Textile,20000,657,91,1157,3.28,Non,Non,17.1
2025-02-17,E06,Nice-Est,S06,Nice,P008,Smartphone,Électronique,20000,598,41,870,2.99,Non,Non,20.4
2025-02-17,E06,Nice-Est,S06,Nice,P009,TV 4K,Électronique,20000,1723,41,1895,8.62,Non,Oui,11.0
2025-02-17,E06,Nice-Est,S06,Nice,P010,Casque audio,Électronique,20000,415,60,707,2.08,Non,Non,4.4
2025-02-17,E07,Bordeaux-Centre,S07,Bordeaux,P001,Lait demi-écrémé,Alimentaire,22000,1001,84,1171,4.55,Non,Non,11.7
2025-02-17,E07,Bordeaux-Centre,S07,Bordeaux,P002,Riz 1kg,Alimentaire,22000,136,30,1418,0.62,Non,Non,2.6
2025-02-17,E07,Bordeaux-Centre,S07,Bordeaux,P003,Pâtes 500g,Alimentaire,22000,1304,26,1583,5.93,Non,Non,2.4
2025-02-17,E07,Bordeaux-Centre,S07,Bordeaux,P004,Shampoing,Droguerie,22000,189,59,1727,0.86,Non,Non,8.5
2025-02-17,E07,Bordeaux-Centre,S07,Bordeaux,P005,Lessive,Droguerie,22000,551,78,1129,2.5,Non,Non,14.7
2025-02-17,E07,Bordeaux-Centre,S07,Bordeaux,P006,T-shirt homme,Textile,22000,439,66,1807,2.0,Non,Non,11.3
2025-02-17,E07,Bordeaux-Centre,S07,Bordeaux,P007,Jeans,Textile,22000,897,38,1109,4.08,Non,Non,26.3
2025-02-17,E07,Bordeaux-Centre,S07,Bordeaux,P008,Smartphone,Électronique,22000,472,57,729,2.15,Non,Non,4.5
2025-02-17,E07,Bordeaux-Centre,S07,Bordeaux,P009,TV 4K,Électronique,22000,940,94,1114,4.27,Non,Non,6.8
2025-02-17,E07,Bordeaux-Centre,S07,Bordeaux,P010,Casque audio,Électronique,22000,416,57,1735,1.89,Non,Non,2.1
2025-02-17,E08,Nantes-Atlantique,S08,Nantes,P001,Lait demi-écrémé,Alimentaire,24000,1045,49,1500,4.35,Non,Non,16.5
2025-02-17,E08,Nantes-Atlantique,S08,Nantes,P002,Riz 1kg,Alimentaire,24000,127,48,899,0.53,Non,Non,16.4
2025-02-17,E08,Nantes-Atlantique,S08,Nantes,P003,Pâtes 500g,Alimentaire,24000,70,73,670,0.29,Oui,Non,21.0
2025-02-17,E08,Nantes-Atlantique,S08,Nantes,P004,Shampoing,Droguerie,24000,1067,50,1819,4.45,Non,Non,27.6
2025-02-17,E08,Nantes-Atlantique,S08,Nantes,P005,Lessive,Droguerie,24000,76,43,1374,0.32,Non,Non,15.9
2025-02-17,E08,Nantes-Atlantique,S08,Nantes,P006,T-shirt homme,Textile,24000,358,84,1595,1.49,Non,Non,24.6
2025-02-17,E08,Nantes-Atlantique,S08,Nantes,P007,Jeans,Textile,24000,361,91,639,1.5,Non,Non,24.0
2025-02-17,E08,Nantes-Atlantique,S08,Nantes,P008,Smartphone,Électronique,24000,973,81,1612,4.05,Non,Non,6.7
2025-02-17,E08,Nantes-Atlantique,S08,Nantes,P009,TV 4K,Électronique,24000,890,56,1636,3.71,Non,Non,6.3
2025-02-17,E08,Nantes-Atlantique,S08,Nantes,P010,Casque audio,Électronique,24000,371,28,1141,1.55,Non,Non,4.5
2025-02-24,E01,Paris-Rungis,S01,Paris,P001,Lait demi-écrémé,Alimentaire,50000,669,59,1336,1.34,Non,Non,25.1
2025-02-24,E01,Paris-Rungis,S01,Paris,P002,Riz 1kg,Alimentaire,50000,463,47,1170,0.93,Non,Non,15.0
2025-02-24,E01,Paris-Rungis,S01,Paris,P003,Pâtes 500g,Alimentaire,50000,103,85,602,0.21,Non,Non,15.8
2025-02-24,E01,Paris-Rungis,S01,Paris,P004,Shampoing,Droguerie,50000,870,33,1229,1.74,Non,Non,20.9
2025-02-24,E01,Paris-Rungis,S01,Paris,P005,Lessive,Droguerie,50000,571,44,1099,1.14,Non,Non,26.2
2025-02-24,E01,Paris-Rungis,S01,Paris,P006,T-shirt homme,Textile,50000,490,83,679,0.98,Non,Non,13.8
2025-02-24,E01,Paris-Rungis,S01,Paris,P007,Jeans,Textile,50000,606,68,832,1.21,Non,Non,24.5
2025-02-24,E01,Paris-Rungis,S01,Paris,P008,Smartphone,Électronique,50000,317,95,633,0.63,Non,Non,7.5
2025-02-24,E01,Paris-Rungis,S01,Paris,P009,TV 4K,Électronique,50000,601,70,779,1.2,Non,Non,18.5
2025-02-24,E01,Paris-Rungis,S01,Paris,P010,Casque audio,Électronique,50000,880,52,1270,1.76,Non,Non,8.6
2025-02-24,E02,Lyon-Sud,S02,Lyon,P001,Lait demi-écrémé,Alimentaire,35000,601,63,607,1.72,Non,Oui,17.7
2025-02-24,E02,Lyon-Sud,S02,Lyon,P002,Riz 1kg,Alimentaire,35000,75,23,1912,0.21,Non,Non,4.3
2025-02-24,E02,Lyon-Sud,S02,Lyon,P003,Pâtes 500g,Alimentaire,35000,1134,88,1719,3.24,Non,Non,10.9
2025-02-24,E02,Lyon-Sud,S02,Lyon,P004,Shampoing,Droguerie,35000,34,49,1682,0.1,Oui,Non,16.4
2025-02-24,E02,Lyon-Sud,S02,Lyon,P005,Lessive,Droguerie,35000,1451,49,1900,4.15,Non,Non,10.9
2025-02-24,E02,Lyon-Sud,S02,Lyon,P006,T-shirt homme,Textile,35000,174,32,1942,0.5,Non,Non,16.7
2025-02-24,E02,Lyon-Sud,S02,Lyon,P007,Jeans,Textile,35000,1069,72,1858,3.05,Non,Non,9.4
2025-02-24,E02,Lyon-Sud,S02,Lyon,P008,Smartphone,Électronique,35000,666,56,848,1.9,Non,Non,9.5
2025-02-24,E02,Lyon-Sud,S02,Lyon,P009,TV 4K,Électronique,35000,1058,55,1553,3.02,Non,Non,9.6
2025-02-24,E02,Lyon-Sud,S02,Lyon,P010,Casque audio,Électronique,35000,937,98,1983,2.68,Non,Non,17.9
2025-02-24,E03,Marseille-Port,S03,Marseille,P001,Lait demi-écrémé,Alimentaire,30000,574,76,849,1.91,Non,Non,27.4
2025-02-24,E03,Marseille-Port,S03,Marseille,P002,Riz 1kg,Alimentaire,30000,672,67,1504,2.24,Non,Non,19.4
2025-02-24,E03,Marseille-Port,S03,Marseille,P003,Pâtes 500g,Alimentaire,30000,1064,93,1213,3.55,Non,Non,4.7
2025-02-24,E03,Marseille-Port,S03,Marseille,P004,Shampoing,Droguerie,30000,606,86,727,2.02,Non,Non,2.5
2025-02-24,E03,Marseille-Port,S03,Marseille,P005,Lessive,Droguerie,30000,451,38,646,1.5,Non,Non,22.6
2025-02-24,E03,Marseille-Port,S03,Marseille,P006,T-shirt homme,Textile,30000,1103,79,1997,3.68,Non,Non,18.7
2025-02-24,E03,Marseille-Port,S03,Marseille,P007,Jeans,Textile,30000,140,100,651,0.47,Non,Non,9.7
2025-02-24,E03,Marseille-Port,S03,Marseille,P008,Smartphone,Électronique,30000,654,89,884,2.18,Non,Non,18.6
2025-02-24,E03,Marseille-Port,S03,Marseille,P009,TV 4K,Électronique,30000,473,77,667,1.58,Non,Non,1.4
2025-02-24,E03,Marseille-Port,S03,Marseille,P010,Casque audio,Électronique,30000,1083,62,1689,3.61,Non,Non,9.7
2025-02-24,E04,Lille-Nord,S04,Lille,P001,Lait demi-écrémé,Alimentaire,28000,202,53,1173,0.72,Non,Non,23.9
2025-02-24,E04,Lille-Nord,S04,Lille,P002,Riz 1kg,Alimentaire,28000,1016,46,1371,3.63,Non,Non,23.1
2025-02-24,E04,Lille-Nord,S04,Lille,P003,Pâtes 500g,Alimentaire,28000,801,40,1571,2.86,Non,Non,29.5
2025-02-24,E04,Lille-Nord,S04,Lille,P004,Shampoing,Droguerie,28000,186,33,669,0.66,Non,Non,22.1
2025-02-24,E04,Lille-Nord,S04,Lille,P005,Lessive,Droguerie,28000,540,23,929,1.93,Non,Non,15.6
2025-02-24,E04,Lille-Nord,S04,Lille,P006,T-shirt homme,Textile,28000,233,75,1598,0.83,Non,Non,23.5
2025-02-24,E04,Lille-Nord,S04,Lille,P007,Jeans,Textile,28000,624,93,1003,2.23,Non,Non,29.6
2025-02-24,E04,Lille-Nord,S04,Lille,P008,Smartphone,Électronique,28000,163,82,1603,0.58,Non,Non,9.0
2025-02-24,E04,Lille-Nord,S04,Lille,P009,TV 4K,Électronique,28000,23,63,1680,0.08,Oui,Non,26.7
2025-02-24,E04,Lille-Nord,S04,Lille,P010,Casque audio,Électronique,28000,1344,22,1764,4.8,Non,Non,27.6
2025-02-24,E05,Toulouse-Ouest,S05,Toulouse,P001,Lait demi-écrémé,Alimentaire,25000,1732,93,1790,6.93,Non,Oui,5.8
2025-02-24,E05,Toulouse-Ouest,S05,Toulouse,P002,Riz 1kg,Alimentaire,25000,958,33,1411,3.83,Non,Non,17.7
2025-02-24,E05,Toulouse-Ouest,S05,Toulouse,P003,Pâtes 500g,Alimentaire,25000,302,67,1146,1.21,Non,Non,17.2
2025-02-24,E05,Toulouse-Ouest,S05,Toulouse,P004,Shampoing,Droguerie,25000,1198,74,1366,4.79,Non,Non,7.0
2025-02-24,E05,Toulouse-Ouest,S05,Toulouse,P005,Lessive,Droguerie,25000,643,67,683,2.57,Non,Oui,25.0
2025-02-24,E05,Toulouse-Ouest,S05,Toulouse,P006,T-shirt homme,Textile,25000,1102,60,1533,4.41,Non,Non,22.8
2025-02-24,E05,Toulouse-Ouest,S05,Toulouse,P007,Jeans,Textile,25000,326,79,524,1.3,Non,Non,6.7
2025-02-24,E05,Toulouse-Ouest,S05,Toulouse,P008,Smartphone,Électronique,25000,124,70,540,0.5,Non,Non,4.5
2025-02-24,E05,Toulouse-Ouest,S05,Toulouse,P009,TV 4K,Électronique,25000,163,50,1697,0.65,Non,Non,1.3
2025-02-24,E05,Toulouse-Ouest,S05,Toulouse,P010,Casque audio,Électronique,25000,587,88,757,2.35,Non,Non,29.6
2025-02-24,E06,Nice-Est,S06,Nice,P001,Lait demi-écrémé,Alimentaire,20000,661,59,775,3.31,Non,Non,26.1
2025-02-24,E06,Nice-Est,S06,Nice,P002,Riz 1kg,Alimentaire,20000,249,64,748,1.24,Non,Non,22.0
2025-02-24,E06,Nice-Est,S06,Nice,P003,Pâtes 500g,Alimentaire,20000,120,25,1675,0.6,Non,Non,21.0
2025-02-24,E06,Nice-Est,S06,Nice,P004,Shampoing,Droguerie,20000,206,61,1595,1.03,Non,Non,25.8
2025-02-24,E06,Nice-Est,S06,Nice,P005,Lessive,Droguerie,20000,290,35,587,1.45,Non,Non,10.5
2025-02-24,E06,Nice-Est,S06,Nice,P006,T-shirt homme,Textile,20000,434,37,1113,2.17,Non,Non,21.7
2025-02-24,E06,Nice-Est,S06,Nice,P007,Jeans,Textile,20000,142,46,1320,0.71,Non,Non,27.3
2025-02-24,E06,Nice-Est,S06,Nice,P008,Smartphone,Électronique,20000,421,87,1516,2.1,Non,Non,12.0
2025-02-24,E06,Nice-Est,S06,Nice,P009,TV 4K,Électronique,20000,450,71,786,2.25,Non,Non,3.3
2025-02-24,E06,Nice-Est,S06,Nice,P010,Casque audio,Électronique,20000,1475,64,1543,7.38,Non,Oui,18.4
2025-02-24,E07,Bordeaux-Centre,S07,Bordeaux,P001,Lait demi-écrémé,Alimentaire,22000,214,92,1002,0.97,Non,Non,11.2
2025-02-24,E07,Bordeaux-Centre,S07,Bordeaux,P002,Riz 1kg,Alimentaire,22000,7,99,623,0.03,Oui,Non,19.2
2025-02-24,E07,Bordeaux-Centre,S07,Bordeaux,P003,Pâtes 500g,Alimentaire,22000,881,89,1158,4.0,Non,Non,3.6
2025-02-24,E07,Bordeaux-Centre,S07,Bordeaux,P004,Shampoing,Droguerie,22000,1363,57,1422,6.2,Non,Oui,8.1
2025-02-24,E07,Bordeaux-Centre,S07,Bordeaux,P005,Lessive,Droguerie,22000,769,62,1290,3.5,Non,Non,7.9
2025-02-24,E07,Bordeaux-Centre,S07,Bordeaux,P006,T-shirt homme,Textile,22000,380,82,1663,1.73,Non,Non,11.4
2025-02-24,E07,Bordeaux-Centre,S07,Bordeaux,P007,Jeans,Textile,22000,388,34,707,1.76,Non,Non,9.4
2025-02-24,E07,Bordeaux-Centre,S07,Bordeaux,P008,Smartphone,Électronique,22000,1256,70,1890,5.71,Non,Non,2.2
2025-02-24,E07,Bordeaux-Centre,S07,Bordeaux,P009,TV 4K,Électronique,22000,491,37,1540,2.23,Non,Non,14.7
2025-02-24,E07,Bordeaux-Centre,S07,Bordeaux,P010,Casque audio,Électronique,22000,57,43,1435,0.26,Non,Non,25.8
2025-02-24,E08,Nantes-Atlantique,S08,Nantes,P001,Lait demi-écrémé,Alimentaire,24000,863,89,1717,3.6,Non,Non,29.9
2025-02-24,E08,Nantes-Atlantique,S08,Nantes,P002,Riz 1kg,Alimentaire,24000,9,68,1339,0.04,Oui,Non,11.0
2025-02-24,E08,Nantes-Atlantique,S08,Nantes,P003,Pâtes 500g,Alimentaire,24000,362,51,1104,1.51,Non,Non,16.1
2025-02-24,E08,Nantes-Atlantique,S08,Nantes,P004,Shampoing,Droguerie,24000,262,68,1022,1.09,Non,Non,3.0
2025-02-24,E08,Nantes-Atlantique,S08,Nantes,P005,Lessive,Droguerie,24000,35,72,656,0.15,Oui,Non,26.9
2025-02-24,E08,Nantes-Atlantique,S08,Nantes,P006,T-shirt homme,Textile,24000,945,99,1926,3.94,Non,Non,28.8
2025-02-24,E08,Nantes-Atlantique,S08,Nantes,P007,Jeans,Textile,24000,419,61,1799,1.75,Non,Non,10.7
2025-02-24,E08,Nantes-Atlantique,S08,Nantes,P008,Smartphone,Électronique,24000,543,58,1338,2.26,Non,Non,2.2
2025-02-24,E08,Nantes-Atlantique,S08,Nantes,P009,TV 4K,Électronique,24000,38,67,754,0.16,Oui,Non,6.5
2025-02-24,E08,Nantes-Atlantique,S08,Nantes,P010,Casque audio,Électronique,24000,2,91,1619,0.01,Oui,Non,4.9
2025-03-03,E01,Paris-Rungis,S01,Paris,P001,Lait demi-écrémé,Alimentaire,50000,270,47,516,0.54,Non,Non,5.1
2025-03-03,E01,Paris-Rungis,S01,Paris,P002,Riz 1kg,Alimentaire,50000,432,73,927,0.86,Non,Non,4.9
2025-03-03,E01,Paris-Rungis,S01,Paris,P003,Pâtes 500g,Alimentaire,50000,269,85,709,0.54,Non,Non,19.4
2025-03-03,E01,Paris-Rungis,S01,Paris,P004,Shampoing,Droguerie,50000,237,54,1428,0.47,Non,Non,16.3
2025-03-03,E01,Paris-Rungis,S01,Paris,P005,Lessive,Droguerie,50000,606,94,970,1.21,Non,Non,10.2
2025-03-03,E01,Paris-Rungis,S01,Paris,P006,T-shirt homme,Textile,50000,421,47,544,0.84,Non,Non,17.7
2025-03-03,E01,Paris-Rungis,S01,Paris,P007,Jeans,Textile,50000,1014,25,1356,2.03,Non,Non,12.7
2025-03-03,E01,Paris-Rungis,S01,Paris,P008,Smartphone,Électronique,50000,1417,97,1783,2.83,Non,Non,27.7
2025-03-03,E01,Paris-Rungis,S01,Paris,P009,TV 4K,Électronique,50000,177,92,855,0.35,Non,Non,15.7
2025-03-03,E01,Paris-Rungis,S01,Paris,P010,Casque audio,Électronique,50000,1042,55,1756,2.08,Non,Non,14.2
2025-03-03,E02,Lyon-Sud,S02,Lyon,P001,Lait demi-écrémé,Alimentaire,35000,718,54,1155,2.05,Non,Non,4.2
2025-03-03,E02,Lyon-Sud,S02,Lyon,P002,Riz 1kg,Alimentaire,35000,1101,50,1173,3.15,Non,Oui,22.7
2025-03-03,E02,Lyon-Sud,S02,Lyon,P003,Pâtes 500g,Alimentaire,35000,502,78,778,1.43,Non,Non,4.6
2025-03-03,E02,Lyon-Sud,S02,Lyon,P004,Shampoing,Droguerie,35000,21,54,902,0.06,Oui,Non,19.6
2025-03-03,E02,Lyon-Sud,S02,Lyon,P005,Lessive,Droguerie,35000,1146,74,1632,3.27,Non,Non,29.6
2025-03-03,E02,Lyon-Sud,S02,Lyon,P006,T-shirt homme,Textile,35000,554,33,1285,1.58,Non,Non,23.5
2025-03-03,E02,Lyon-Sud,S02,Lyon,P007,Jeans,Textile,35000,312,24,915,0.89,Non,Non,28.5
2025-03-03,E02,Lyon-Sud,S02,Lyon,P008,Smartphone,Électronique,35000,1070,95,1531,3.06,Non,Non,27.1
2025-03-03,E02,Lyon-Sud,S02,Lyon,P009,TV 4K,Électronique,35000,420,84,1510,1.2,Non,Non,16.9
2025-03-03,E02,Lyon-Sud,S02,Lyon,P010,Casque audio,Électronique,35000,1530,76,1835,4.37,Non,Non,11.4
2025-03-03,E03,Marseille-Port,S03,Marseille,P001,Lait demi-écrémé,Alimentaire,30000,749,85,955,2.5,Non,Non,7.8
2025-03-03,E03,Marseille-Port,S03,Marseille,P002,Riz 1kg,Alimentaire,30000,972,71,1081,3.24,Non,Non,14.0
2025-03-03,E03,Marseille-Port,S03,Marseille,P003,Pâtes 500g,Alimentaire,30000,238,52,693,0.79,Non,Non,21.8
2025-03-03,E03,Marseille-Port,S03,Marseille,P004,Shampoing,Droguerie,30000,115,97,525,0.38,Non,Non,28.3
2025-03-03,E03,Marseille-Port,S03,Marseille,P005,Lessive,Droguerie,30000,524,64,895,1.75,Non,Non,25.0
2025-03-03,E03,Marseille-Port,S03,Marseille,P006,T-shirt homme,Textile,30000,190,73,547,0.63,Non,Non,16.8
2025-03-03,E03,Marseille-Port,S03,Marseille,P007,Jeans,Textile,30000,357,70,772,1.19,Non,Non,8.7
2025-03-03,E03,Marseille-Port,S03,Marseille,P008,Smartphone,Électronique,30000,268,41,580,0.89,Non,Non,3.0
2025-03-03,E03,Marseille-Port,S03,Marseille,P009,TV 4K,Électronique,30000,915,41,976,3.05,Non,Oui,3.5
2025-03-03,E03,Marseille-Port,S03,Marseille,P010,Casque audio,Électronique,30000,1336,24,1983,4.45,Non,Non,11.3
2025-03-03,E04,Lille-Nord,S04,Lille,P001,Lait demi-écrémé,Alimentaire,28000,7,79,774,0.03,Oui,Non,8.8
2025-03-03,E04,Lille-Nord,S04,Lille,P002,Riz 1kg,Alimentaire,28000,20,55,635,0.07,Oui,Non,2.6
2025-03-03,E04,Lille-Nord,S04,Lille,P003,Pâtes 500g,Alimentaire,28000,1211,83,1912,4.32,Non,Non,25.3
2025-03-03,E04,Lille-Nord,S04,Lille,P004,Shampoing,Droguerie,28000,578,54,704,2.06,Non,Non,7.2
2025-03-03,E04,Lille-Nord,S04,Lille,P005,Lessive,Droguerie,28000,491,54,1260,1.75,Non,Non,25.4
2025-03-03,E04,Lille-Nord,S04,Lille,P006,T-shirt homme,Textile,28000,494,29,621,1.76,Non,Non,21.7
2025-03-03,E04,Lille-Nord,S04,Lille,P007,Jeans,Textile,28000,649,59,702,2.32,Non,Oui,27.8
2025-03-03,E04,Lille-Nord,S04,Lille,P008,Smartphone,Électronique,28000,953,38,1067,3.4,Non,Non,1.8
2025-03-03,E04,Lille-Nord,S04,Lille,P009,TV 4K,Électronique,28000,309,91,1472,1.1,Non,Non,22.6
2025-03-03,E04,Lille-Nord,S04,Lille,P010,Casque audio,Électronique,28000,833,52,1676,2.97,Non,Non,6.9
2025-03-03,E05,Toulouse-Ouest,S05,Toulouse,P001,Lait demi-écrémé,Alimentaire,25000,160,42,1264,0.64,Non,Non,29.8
2025-03-03,E05,Toulouse-Ouest,S05,Toulouse,P002,Riz 1kg,Alimentaire,25000,189,58,795,0.76,Non,Non,9.4
2025-03-03,E05,Toulouse-Ouest,S05,Toulouse,P003,Pâtes 500g,Alimentaire,25000,1322,53,1921,5.29,Non,Non,20.5
2025-03-03,E05,Toulouse-Ouest,S05,Toulouse,P004,Shampoing,Droguerie,25000,204,42,1358,0.82,Non,Non,4.1
2025-03-03,E05,Toulouse-Ouest,S05,Toulouse,P005,Lessive,Droguerie,25000,36,99,605,0.14,Oui,Non,6.6
2025-03-03,E05,Toulouse-Ouest,S05,Toulouse,P006,T-shirt homme,Textile,25000,883,68,1576,3.53,Non,Non,3.9
2025-03-03,E05,Toulouse-Ouest,S05,Toulouse,P007,Jeans,Textile,25000,51,68,940,0.2,Oui,Non,14.8
2025-03-03,E05,Toulouse-Ouest,S05,Toulouse,P008,Smartphone,Électronique,25000,817,39,1618,3.27,Non,Non,14.0
2025-03-03,E05,Toulouse-Ouest,S05,Toulouse,P009,TV 4K,Électronique,25000,155,41,614,0.62,Non,Non,23.6
2025-03-03,E05,Toulouse-Ouest,S05,Toulouse,P010,Casque audio,Électronique,25000,686,24,1717,2.74,Non,Non,23.6
2025-03-03,E06,Nice-Est,S06,Nice,P001,Lait demi-écrémé,Alimentaire,20000,848,50,1300,4.24,Non,Non,21.9
2025-03-03,E06,Nice-Est,S06,Nice,P002,Riz 1kg,Alimentaire,20000,738,28,1669,3.69,Non,Non,6.7
2025-03-03,E06,Nice-Est,S06,Nice,P003,Pâtes 500g,Alimentaire,20000,63,89,1694,0.32,Oui,Non,1.3
2025-03-03,E06,Nice-Est,S06,Nice,P004,Shampoing,Droguerie,20000,1238,79,1474,6.19,Non,Non,10.1
2025-03-03,E06,Nice-Est,S06,Nice,P005,Lessive,Droguerie,20000,506,27,696,2.53,Non,Non,8.1
2025-03-03,E06,Nice-Est,S06,Nice,P006,T-shirt homme,Textile,20000,25,62,1653,0.12,Oui,Non,1.8
2025-03-03,E06,Nice-Est,S06,Nice,P007,Jeans,Textile,20000,630,79,942,3.15,Non,Non,14.4
2025-03-03,E06,Nice-Est,S06,Nice,P008,Smartphone,Électronique,20000,462,44,570,2.31,Non,Non,6.0
2025-03-03,E06,Nice-Est,S06,Nice,P009,TV 4K,Électronique,20000,209,31,723,1.04,Non,Non,16.7
2025-03-03,E06,Nice-Est,S06,Nice,P010,Casque audio,Électronique,20000,84,68,1659,0.42,Non,Non,22.6
2025-03-03,E07,Bordeaux-Centre,S07,Bordeaux,P001,Lait demi-écrémé,Alimentaire,22000,399,80,654,1.81,Non,Non,15.4
2025-03-03,E07,Bordeaux-Centre,S07,Bordeaux,P002,Riz 1kg,Alimentaire,22000,25,43,745,0.11,Oui,Non,24.3
2025-03-03,E07,Bordeaux-Centre,S07,Bordeaux,P003,Pâtes 500g,Alimentaire,22000,572,52,1147,2.6,Non,Non,22.6
2025-03-03,E07,Bordeaux-Centre,S07,Bordeaux,P004,Shampoing,Droguerie,22000,227,34,1515,1.03,Non,Non,17.5
2025-03-03,E07,Bordeaux-Centre,S07,Bordeaux,P005,Lessive,Droguerie,22000,485,90,640,2.2,Non,Non,25.2
2025-03-03,E07,Bordeaux-Centre,S07,Bordeaux,P006,T-shirt homme,Textile,22000,627,78,1025,2.85,Non,Non,8.1
2025-03-03,E07,Bordeaux-Centre,S07,Bordeaux,P007,Jeans,Textile,22000,230,26,796,1.05,Non,Non,23.0
2025-03-03,E07,Bordeaux-Centre,S07,Bordeaux,P008,Smartphone,Électronique,22000,188,57,769,0.85,Non,Non,11.5
2025-03-03,E07,Bordeaux-Centre,S07,Bordeaux,P009,TV 4K,Électronique,22000,813,31,1826,3.7,Non,Non,1.4
2025-03-03,E07,Bordeaux-Centre,S07,Bordeaux,P010,Casque audio,Électronique,22000,219,63,870,1.0,Non,Non,27.4
2025-03-03,E08,Nantes-Atlantique,S08,Nantes,P001,Lait demi-écrémé,Alimentaire,24000,145,54,668,0.6,Non,Non,28.7
2025-03-03,E08,Nantes-Atlantique,S08,Nantes,P002,Riz 1kg,Alimentaire,24000,556,22,1694,2.32,Non,Non,9.8
2025-03-03,E08,Nantes-Atlantique,S08,Nantes,P003,Pâtes 500g,Alimentaire,24000,369,77,1471,1.54,Non,Non,11.9
2025-03-03,E08,Nantes-Atlantique,S08,Nantes,P004,Shampoing,Droguerie,24000,690,22,926,2.88,Non,Non,6.3
2025-03-03,E08,Nantes-Atlantique,S08,Nantes,P005,Lessive,Droguerie,24000,646,100,1223,2.69,Non,Non,3.7
2025-03-03,E08,Nantes-Atlantique,S08,Nantes,P006,T-shirt homme,Textile,24000,837,36,1463,3.49,Non,Non,3.3
2025-03-03,E08,Nantes-Atlantique,S08,Nantes,P007,Jeans,Textile,24000,1675,79,1734,6.98,Non,Oui,9.7
2025-03-03,E08,Nantes-Atlantique,S08,Nantes,P008,Smartphone,Électronique,24000,137,91,549,0.57,Non,Non,8.8
2025-03-03,E08,Nantes-Atlantique,S08,Nantes,P009,TV 4K,Électronique,24000,735,64,1917,3.06,Non,Non,17.9
2025-03-03,E08,Nantes-Atlantique,S08,Nantes,P010,Casque audio,Électronique,24000,391,64,729,1.63,Non,Non,2.1
2025-03-10,E01,Paris-Rungis,S01,Paris,P001,Lait demi-écrémé,Alimentaire,50000,588,33,717,1.18,Non,Non,20.4
2025-03-10,E01,Paris-Rungis,S01,Paris,P002,Riz 1kg,Alimentaire,50000,1190,60,1599,2.38,Non,Non,27.7
2025-03-10,E01,Paris-Rungis,S01,Paris,P003,Pâtes 500g,Alimentaire,50000,824,31,849,1.65,Non,Oui,13.5
2025-03-10,E01,Paris-Rungis,S01,Paris,P004,Shampoing,Droguerie,50000,584,71,1939,1.17,Non,Non,22.2
2025-03-10,E01,Paris-Rungis,S01,Paris,P005,Lessive,Droguerie,50000,522,88,1347,1.04,Non,Non,14.9
2025-03-10,E01,Paris-Rungis,S01,Paris,P006,T-shirt homme,Textile,50000,1381,74,1552,2.76,Non,Non,13.2
2025-03-10,E01,Paris-Rungis,S01,Paris,P007,Jeans,Textile,50000,776,47,1449,1.55,Non,Non,30.0
2025-03-10,E01,Paris-Rungis,S01,Paris,P008,Smartphone,Électronique,50000,1076,21,1524,2.15,Non,Non,8.8
2025-03-10,E01,Paris-Rungis,S01,Paris,P009,TV 4K,Électronique,50000,48,78,1030,0.1,Oui,Non,15.8
2025-03-10,E01,Paris-Rungis,S01,Paris,P010,Casque audio,Électronique,50000,1346,49,1397,2.69,Non,Oui,17.2
2025-03-10,E02,Lyon-Sud,S02,Lyon,P001,Lait demi-écrémé,Alimentaire,35000,224,31,1656,0.64,Non,Non,17.6
2025-03-10,E02,Lyon-Sud,S02,Lyon,P002,Riz 1kg,Alimentaire,35000,267,82,1097,0.76,Non,Non,3.5
2025-03-10,E02,Lyon-Sud,S02,Lyon,P003,Pâtes 500g,Alimentaire,35000,51,58,589,0.15,Oui,Non,12.7
2025-03-10,E02,Lyon-Sud,S02,Lyon,P004,Shampoing,Droguerie,35000,402,87,912,1.15,Non,Non,18.6
2025-03-10,E02,Lyon-Sud,S02,Lyon,P005,Lessive,Droguerie,35000,202,100,761,0.58,Non,Non,23.8
2025-03-10,E02,Lyon-Sud,S02,Lyon,P006,T-shirt homme,Textile,35000,550,49,1070,1.57,Non,Non,15.8
2025-03-10,E02,Lyon-Sud,S02,Lyon,P007,Jeans,Textile,35000,80,54,1419,0.23,Non,Non,15.6
2025-03-10,E02,Lyon-Sud,S02,Lyon,P008,Smartphone,Électronique,35000,587,35,958,1.68,Non,Non,29.0
2025-03-10,E02,Lyon-Sud,S02,Lyon,P009,TV 4K,Électronique,35000,561,72,1152,1.6,Non,Non,13.5
2025-03-10,E02,Lyon-Sud,S02,Lyon,P010,Casque audio,Électronique,35000,1752,38,1963,5.01,Non,Non,1.3
2025-03-10,E03,Marseille-Port,S03,Marseille,P001,Lait demi-écrémé,Alimentaire,30000,204,28,840,0.68,Non,Non,22.6
2025-03-10,E03,Marseille-Port,S03,Marseille,P002,Riz 1kg,Alimentaire,30000,1520,82,1905,5.07,Non,Non,5.3
2025-03-10,E03,Marseille-Port,S03,Marseille,P003,Pâtes 500g,Alimentaire,30000,673,21,1235,2.24,Non,Non,1.0
2025-03-10,E03,Marseille-Port,S03,Marseille,P004,Shampoing,Droguerie,30000,2,46,946,0.01,Oui,Non,2.8
2025-03-10,E03,Marseille-Port,S03,Marseille,P005,Lessive,Droguerie,30000,1062,22,1623,3.54,Non,Non,11.9
2025-03-10,E03,Marseille-Port,S03,Marseille,P006,T-shirt homme,Textile,30000,825,57,1962,2.75,Non,Non,14.1
2025-03-10,E03,Marseille-Port,S03,Marseille,P007,Jeans,Textile,30000,626,95,727,2.09,Non,Non,1.1
2025-03-10,E03,Marseille-Port,S03,Marseille,P008,Smartphone,Électronique,30000,1170,86,1567,3.9,Non,Non,23.3
2025-03-10,E03,Marseille-Port,S03,Marseille,P009,TV 4K,Électronique,30000,124,92,684,0.41,Non,Non,8.3
2025-03-10,E03,Marseille-Port,S03,Marseille,P010,Casque audio,Électronique,30000,11,71,505,0.04,Oui,Non,17.8
2025-03-10,E04,Lille-Nord,S04,Lille,P001,Lait demi-écrémé,Alimentaire,28000,1162,31,1287,4.15,Non,Oui,22.8
2025-03-10,E04,Lille-Nord,S04,Lille,P002,Riz 1kg,Alimentaire,28000,240,100,811,0.86,Non,Non,5.0
2025-03-10,E04,Lille-Nord,S04,Lille,P003,Pâtes 500g,Alimentaire,28000,467,83,912,1.67,Non,Non,22.5
2025-03-10,E04,Lille-Nord,S04,Lille,P004,Shampoing,Droguerie,28000,1089,94,1878,3.89,Non,Non,28.4
2025-03-10,E04,Lille-Nord,S04,Lille,P005,Lessive,Droguerie,28000,941,93,1988,3.36,Non,Non,22.5
2025-03-10,E04,Lille-Nord,S04,Lille,P006,T-shirt homme,Textile,28000,397,99,591,1.42,Non,Non,1.3
2025-03-10,E04,Lille-Nord,S04,Lille,P007,Jeans,Textile,28000,1112,63,1114,3.97,Non,Oui,29.7
2025-03-10,E04,Lille-Nord,S04,Lille,P008,Smartphone,Électronique,28000,870,30,1621,3.11,Non,Non,14.9
2025-03-10,E04,Lille-Nord,S04,Lille,P009,TV 4K,Électronique,28000,501,53,1295,1.79,Non,Non,2.2
2025-03-10,E04,Lille-Nord,S04,Lille,P010,Casque audio,Électronique,28000,1671,22,1722,5.97,Non,Oui,25.4
2025-03-10,E05,Toulouse-Ouest,S05,Toulouse,P001,Lait demi-écrémé,Alimentaire,25000,567,95,1554,2.27,Non,Non,20.8
2025-03-10,E05,Toulouse-Ouest,S05,Toulouse,P002,Riz 1kg,Alimentaire,25000,243,51,1389,0.97,Non,Non,26.8
2025-03-10,E05,Toulouse-Ouest,S05,Toulouse,P003,Pâtes 500g,Alimentaire,25000,168,51,1412,0.67,Non,Non,28.0
2025-03-10,E05,Toulouse-Ouest,S05,Toulouse,P004,Shampoing,Droguerie,25000,325,86,674,1.3,Non,Non,3.7
2025-03-10,E05,Toulouse-Ouest,S05,Toulouse,P005,Lessive,Droguerie,25000,1322,97,1637,5.29,Non,Non,11.7
2025-03-10,E05,Toulouse-Ouest,S05,Toulouse,P006,T-shirt homme,Textile,25000,1026,53,1175,4.1,Non,Non,5.1
2025-03-10,E05,Toulouse-Ouest,S05,Toulouse,P007,Jeans,Textile,25000,307,93,1132,1.23,Non,Non,29.2
2025-03-10,E05,Toulouse-Ouest,S05,Toulouse,P008,Smartphone,Électronique,25000,532,44,1802,2.13,Non,Non,24.3
2025-03-10,E05,Toulouse-Ouest,S05,Toulouse,P009,TV 4K,Électronique,25000,371,21,640,1.48,Non,Non,6.9
2025-03-10,E05,Toulouse-Ouest,S05,Toulouse,P010,Casque audio,Électronique,25000,845,50,1068,3.38,Non,Non,12.9
2025-03-10,E06,Nice-Est,S06,Nice,P001,Lait demi-écrémé,Alimentaire,20000,768,77,1158,3.84,Non,Non,28.4
2025-03-10,E06,Nice-Est,S06,Nice,P002,Riz 1kg,Alimentaire,20000,512,97,1723,2.56,Non,Non,9.2
2025-03-10,E06,Nice-Est,S06,Nice,P003,Pâtes 500g,Alimentaire,20000,884,54,1328,4.42,Non,Non,13.8
2025-03-10,E06,Nice-Est,S06,Nice,P004,Shampoing,Droguerie,20000,59,26,695,0.29,Non,Non,17.0
2025-03-10,E06,Nice-Est,S06,Nice,P005,Lessive,Droguerie,20000,1476,54,1818,7.38,Non,Non,1.5
2025-03-10,E06,Nice-Est,S06,Nice,P006,T-shirt homme,Textile,20000,1576,37,1946,7.88,Non,Non,16.6
2025-03-10,E06,Nice-Est,S06,Nice,P007,Jeans,Textile,20000,1038,31,1910,5.19,Non,Non,5.4
2025-03-10,E06,Nice-Est,S06,Nice,P008,Smartphone,Électronique,20000,455,37,1836,2.27,Non,Non,15.9
2025-03-10,E06,Nice-Est,S06,Nice,P009,TV 4K,Électronique,20000,2,96,1091,0.01,Oui,Non,5.3
2025-03-10,E06,Nice-Est,S06,Nice,P010,Casque audio,Électronique,20000,34,70,788,0.17,Oui,Non,16.4
2025-03-10,E07,Bordeaux-Centre,S07,Bordeaux,P001,Lait demi-écrémé,Alimentaire,22000,508,84,643,2.31,Non,Non,8.6
2025-03-10,E07,Bordeaux-Centre,S07,Bordeaux,P002,Riz 1kg,Alimentaire,22000,478,61,778,2.17,Non,Non,7.6
2025-03-10,E07,Bordeaux-Centre,S07,Bordeaux,P003,Pâtes 500g,Alimentaire,22000,394,65,1804,1.79,Non,Non,12.9
2025-03-10,E07,Bordeaux-Centre,S07,Bordeaux,P004,Shampoing,Droguerie,22000,352,40,955,1.6,Non,Non,29.9
2025-03-10,E07,Bordeaux-Centre,S07,Bordeaux,P005,Lessive,Droguerie,22000,301,22,517,1.37,Non,Non,3.5
2025-03-10,E07,Bordeaux-Centre,S07,Bordeaux,P006,T-shirt homme,Textile,22000,573,99,693,2.6,Non,Non,28.6
2025-03-10,E07,Bordeaux-Centre,S07,Bordeaux,P007,Jeans,Textile,22000,679,90,1936,3.09,Non,Non,4.1
2025-03-10,E07,Bordeaux-Centre,S07,Bordeaux,P008,Smartphone,Électronique,22000,857,34,1906,3.9,Non,Non,28.2
2025-03-10,E07,Bordeaux-Centre,S07,Bordeaux,P009,TV 4K,Électronique,22000,805,100,861,3.66,Non,Oui,19.3
2025-03-10,E07,Bordeaux-Centre,S07,Bordeaux,P010,Casque audio,Électronique,22000,1156,61,1208,5.25,Non,Oui,1.5
2025-03-10,E08,Nantes-Atlantique,S08,Nantes,P001,Lait demi-écrémé,Alimentaire,24000,32,70,734,0.13,Oui,Non,2.8
2025-03-10,E08,Nantes-Atlantique,S08,Nantes,P002,Riz 1kg,Alimentaire,24000,224,97,854,0.93,Non,Non,2.6
2025-03-10,E08,Nantes-Atlantique,S08,Nantes,P003,Pâtes 500g,Alimentaire,24000,48,74,1336,0.2,Oui,Non,2.6
2025-03-10,E08,Nantes-Atlantique,S08,Nantes,P004,Shampoing,Droguerie,24000,496,36,1650,2.07,Non,Non,16.1
2025-03-10,E08,Nantes-Atlantique,S08,Nantes,P005,Lessive,Droguerie,24000,30,78,677,0.12,Oui,Non,3.6
2025-03-10,E08,Nantes-Atlantique,S08,Nantes,P006,T-shirt homme,Textile,24000,130,42,910,0.54,Non,Non,17.5
2025-03-10,E08,Nantes-Atlantique,S08,Nantes,P007,Jeans,Textile,24000,140,100,1374,0.58,Non,Non,11.2
2025-03-10,E08,Nantes-Atlantique,S08,Nantes,P008,Smartphone,Électronique,24000,270,36,560,1.12,Non,Non,28.4
2025-03-10,E08,Nantes-Atlantique,S08,Nantes,P009,TV 4K,Électronique,24000,509,67,523,2.12,Non,Oui,22.3
2025-03-10,E08,Nantes-Atlantique,S08,Nantes,P010,Casque audio,Électronique,24000,459,75,1165,1.91,Non,Non,28.7
2025-03-17,E01,Paris-Rungis,S01,Paris,P001,Lait demi-écrémé,Alimentaire,50000,781,53,1139,1.56,Non,Non,22.0
2025-03-17,E01,Paris-Rungis,S01,Paris,P002,Riz 1kg,Alimentaire,50000,363,59,1841,0.73,Non,Non,26.9
2025-03-17,E01,Paris-Rungis,S01,Paris,P003,Pâtes 500g,Alimentaire,50000,448,76,1358,0.9,Non,Non,25.7
2025-03-17,E01,Paris-Rungis,S01,Paris,P004,Shampoing,Droguerie,50000,51,58,1284,0.1,Oui,Non,4.1
2025-03-17,E01,Paris-Rungis,S01,Paris,P005,Lessive,Droguerie,50000,484,31,1181,0.97,Non,Non,1.2
2025-03-17,E01,Paris-Rungis,S01,Paris,P006,T-shirt homme,Textile,50000,1522,83,1972,3.04,Non,Non,24.2
2025-03-17,E01,Paris-Rungis,S01,Paris,P007,Jeans,Textile,50000,633,46,1998,1.27,Non,Non,15.3
2025-03-17,E01,Paris-Rungis,S01,Paris,P008,Smartphone,Électronique,50000,481,39,1031,0.96,Non,Non,11.1
2025-03-17,E01,Paris-Rungis,S01,Paris,P009,TV 4K,Électronique,50000,502,73,670,1.0,Non,Non,30.0
2025-03-17,E01,Paris-Rungis,S01,Paris,P010,Casque audio,Électronique,50000,167,88,846,0.33,Non,Non,28.3
2025-03-17,E02,Lyon-Sud,S02,Lyon,P001,Lait demi-écrémé,Alimentaire,35000,258,32,1891,0.74,Non,Non,25.0
2025-03-17,E02,Lyon-Sud,S02,Lyon,P002,Riz 1kg,Alimentaire,35000,927,43,1307,2.65,Non,Non,29.6
2025-03-17,E02,Lyon-Sud,S02,Lyon,P003,Pâtes 500g,Alimentaire,35000,856,85,1302,2.45,Non,Non,21.4
2025-03-17,E02,Lyon-Sud,S02,Lyon,P004,Shampoing,Droguerie,35000,819,69,1219,2.34,Non,Non,28.6
2025-03-17,E02,Lyon-Sud,S02,Lyon,P005,Lessive,Droguerie,35000,156,36,1065,0.45,Non,Non,28.7
2025-03-17,E02,Lyon-Sud,S02,Lyon,P006,T-shirt homme,Textile,35000,837,99,1405,2.39,Non,Non,25.7
2025-03-17,E02,Lyon-Sud,S02,Lyon,P007,Jeans,Textile,35000,552,76,1545,1.58,Non,Non,23.9
2025-03-17,E02,Lyon-Sud,S02,Lyon,P008,Smartphone,Électronique,35000,956,57,1469,2.73,Non,Non,25.1
2025-03-17,E02,Lyon-Sud,S02,Lyon,P009,TV 4K,Électronique,35000,123,40,1684,0.35,Non,Non,19.5
2025-03-17,E02,Lyon-Sud,S02,Lyon,P010,Casque audio,Électronique,35000,37,66,530,0.11,Oui,Non,13.0
2025-03-17,E03,Marseille-Port,S03,Marseille,P001,Lait demi-écrémé,Alimentaire,30000,621,33,1545,2.07,Non,Non,15.5
2025-03-17,E03,Marseille-Port,S03,Marseille,P002,Riz 1kg,Alimentaire,30000,298,81,1117,0.99,Non,Non,4.6
2025-03-17,E03,Marseille-Port,S03,Marseille,P003,Pâtes 500g,Alimentaire,30000,429,60,1056,1.43,Non,Non,9.9
2025-03-17,E03,Marseille-Port,S03,Marseille,P004,Shampoing,Droguerie,30000,858,59,1986,2.86,Non,Non,26.5
2025-03-17,E03,Marseille-Port,S03,Marseille,P005,Lessive,Droguerie,30000,312,68,1621,1.04,Non,Non,28.5
2025-03-17,E03,Marseille-Port,S03,Marseille,P006,T-shirt homme,Textile,30000,344,39,677,1.15,Non,Non,23.9
2025-03-17,E03,Marseille-Port,S03,Marseille,P007,Jeans,Textile,30000,619,75,1017,2.06,Non,Non,22.4
2025-03-17,E03,Marseille-Port,S03,Marseille,P008,Smartphone,Électronique,30000,365,65,835,1.22,Non,Non,8.4
2025-03-17,E03,Marseille-Port,S03,Marseille,P009,TV 4K,Électronique,30000,409,42,535,1.36,Non,Non,20.1
2025-03-17,E03,Marseille-Port,S03,Marseille,P010,Casque audio,Électronique,30000,180,55,1079,0.6,Non,Non,23.2
2025-03-17,E04,Lille-Nord,S04,Lille,P001,Lait demi-écrémé,Alimentaire,28000,1454,32,1873,5.19,Non,Non,18.8
2025-03-17,E04,Lille-Nord,S04,Lille,P002,Riz 1kg,Alimentaire,28000,1127,45,1619,4.03,Non,Non,3.3
2025-03-17,E04,Lille-Nord,S04,Lille,P003,Pâtes 500g,Alimentaire,28000,510,38,1449,1.82,Non,Non,1.1
2025-03-17,E04,Lille-Nord,S04,Lille,P004,Shampoing,Droguerie,28000,314,74,978,1.12,Non,Non,7.5
2025-03-17,E04,Lille-Nord,S04,Lille,P005,Lessive,Droguerie,28000,1024,95,1088,3.66,Non,Oui,26.4
2025-03-17,E04,Lille-Nord,S04,Lille,P006,T-shirt homme,Textile,28000,741,84,866,2.65,Non,Non,2.9
2025-03-17,E04,Lille-Nord,S04,Lille,P007,Jeans,Textile,28000,859,86,1067,3.07,Non,Non,16.6
2025-03-17,E04,Lille-Nord,S04,Lille,P008,Smartphone,Électronique,28000,531,71,1329,1.9,Non,Non,26.1
2025-03-17,E04,Lille-Nord,S04,Lille,P009,TV 4K,Électronique,28000,201,22,1211,0.72,Non,Non,24.7
2025-03-17,E04,Lille-Nord,S04,Lille,P010,Casque audio,Électronique,28000,93,25,872,0.33,Non,Non,5.7
2025-03-17,E05,Toulouse-Ouest,S05,Toulouse,P001,Lait demi-écrémé,Alimentaire,25000,401,67,1136,1.6,Non,Non,20.0
2025-03-17,E05,Toulouse-Ouest,S05,Toulouse,P002,Riz 1kg,Alimentaire,25000,190,55,668,0.76,Non,Non,8.2
2025-03-17,E05,Toulouse-Ouest,S05,Toulouse,P003,Pâtes 500g,Alimentaire,25000,725,23,742,2.9,Non,Oui,12.6
2025-03-17,E05,Toulouse-Ouest,S05,Toulouse,P004,Shampoing,Droguerie,25000,1523,59,1751,6.09,Non,Non,28.6
2025-03-17,E05,Toulouse-Ouest,S05,Toulouse,P005,Lessive,Droguerie,25000,421,74,508,1.68,Non,Non,28.4
2025-03-17,E05,Toulouse-Ouest,S05,Toulouse,P006,T-shirt homme,Textile,25000,102,83,791,0.41,Non,Non,21.7
2025-03-17,E05,Toulouse-Ouest,S05,Toulouse,P007,Jeans,Textile,25000,108,84,1288,0.43,Non,Non,29.6
2025-03-17,E05,Toulouse-Ouest,S05,Toulouse,P008,Smartphone,Électronique,25000,63,45,834,0.25,Non,Non,30.0
2025-03-17,E05,Toulouse-Ouest,S05,Toulouse,P009,TV 4K,Électronique,25000,608,45,715,2.43,Non,Non,14.0
2025-03-17,E05,Toulouse-Ouest,S05,Toulouse,P010,Casque audio,Électronique,25000,1237,95,1775,4.95,Non,Non,27.5
2025-03-17,E06,Nice-Est,S06,Nice,P001,Lait demi-écrémé,Alimentaire,20000,91,26,664,0.46,Non,Non,24.4
2025-03-17,E06,Nice-Est,S06,Nice,P002,Riz 1kg,Alimentaire,20000,214,24,527,1.07,Non,Non,9.6
2025-03-17,E06,Nice-Est,S06,Nice,P003,Pâtes 500g,Alimentaire,20000,246,80,739,1.23,Non,Non,4.1
2025-03-17,E06,Nice-Est,S06,Nice,P004,Shampoing,Droguerie,20000,603,83,702,3.02,Non,Non,24.9
2025-03-17,E06,Nice-Est,S06,Nice,P005,Lessive,Droguerie,20000,93,91,1349,0.46,Non,Non,23.6
2025-03-17,E06,Nice-Est,S06,Nice,P006,T-shirt homme,Textile,20000,1551,33,1790,7.75,Non,Non,12.3
2025-03-17,E06,Nice-Est,S06,Nice,P007,Jeans,Textile,20000,104,39,1226,0.52,Non,Non,21.9
2025-03-17,E06,Nice-Est,S06,Nice,P008,Smartphone,Électronique,20000,595,53,701,2.97,Non,Non,19.8
2025-03-17,E06,Nice-Est,S06,Nice,P009,TV 4K,Électronique,20000,673,79,1572,3.36,Non,Non,26.2
2025-03-17,E06,Nice-Est,S06,Nice,P010,Casque audio,Électronique,20000,246,21,1787,1.23,Non,Non,3.2
2025-03-17,E07,Bordeaux-Centre,S07,Bordeaux,P001,Lait demi-écrémé,Alimentaire,22000,457,76,1197,2.08,Non,Non,10.8
2025-03-17,E07,Bordeaux-Centre,S07,Bordeaux,P002,Riz 1kg,Alimentaire,22000,244,41,1946,1.11,Non,Non,1.7
2025-03-17,E07,Bordeaux-Centre,S07,Bordeaux,P003,Pâtes 500g,Alimentaire,22000,1082,41,1643,4.92,Non,Non,20.6
2025-03-17,E07,Bordeaux-Centre,S07,Bordeaux,P004,Shampoing,Droguerie,22000,1525,76,1570,6.93,Non,Oui,1.1
2025-03-17,E07,Bordeaux-Centre,S07,Bordeaux,P005,Lessive,Droguerie,22000,1226,37,1458,5.57,Non,Non,23.1
2025-03-17,E07,Bordeaux-Centre,S07,Bordeaux,P006,T-shirt homme,Textile,22000,229,49,1458,1.04,Non,Non,28.4
2025-03-17,E07,Bordeaux-Centre,S07,Bordeaux,P007,Jeans,Textile,22000,56,33,1373,0.25,Non,Non,17.0
2025-03-17,E07,Bordeaux-Centre,S07,Bordeaux,P008,Smartphone,Électronique,22000,630,85,727,2.86,Non,Non,14.6
2025-03-17,E07,Bordeaux-Centre,S07,Bordeaux,P009,TV 4K,Électronique,22000,207,39,765,0.94,Non,Non,20.6
2025-03-17,E07,Bordeaux-Centre,S07,Bordeaux,P010,Casque audio,Électronique,22000,786,95,1797,3.57,Non,Non,8.3
2025-03-17,E08,Nantes-Atlantique,S08,Nantes,P001,Lait demi-écrémé,Alimentaire,24000,548,82,747,2.28,Non,Non,6.7
2025-03-17,E08,Nantes-Atlantique,S08,Nantes,P002,Riz 1kg,Alimentaire,24000,41,63,964,0.17,Oui,Non,14.0
2025-03-17,E08,Nantes-Atlantique,S08,Nantes,P003,Pâtes 500g,Alimentaire,24000,217,73,1646,0.9,Non,Non,27.1
2025-03-17,E08,Nantes-Atlantique,S08,Nantes,P004,Shampoing,Droguerie,24000,817,20,872,3.4,Non,Oui,9.3
2025-03-17,E08,Nantes-Atlantique,S08,Nantes,P005,Lessive,Droguerie,24000,1480,21,1879,6.17,Non,Non,21.8
2025-03-17,E08,Nantes-Atlantique,S08,Nantes,P006,T-shirt homme,Textile,24000,953,66,1220,3.97,Non,Non,26.1
2025-03-17,E08,Nantes-Atlantique,S08,Nantes,P007,Jeans,Textile,24000,15,84,564,0.06,Oui,Non,5.9
2025-03-17,E08,Nantes-Atlantique,S08,Nantes,P008,Smartphone,Électronique,24000,1777,52,1870,7.4,Non,Oui,9.5
2025-03-17,E08,Nantes-Atlantique,S08,Nantes,P009,TV 4K,Électronique,24000,897,37,936,3.74,Non,Oui,12.5
2025-03-17,E08,Nantes-Atlantique,S08,Nantes,P010,Casque audio,Électronique,24000,124,43,832,0.52,Non,Non,12.3
2025-03-24,E01,Paris-Rungis,S01,Paris,P001,Lait demi-écrémé,Alimentaire,50000,1233,24,1287,2.47,Non,Oui,20.4
2025-03-24,E01,Paris-Rungis,S01,Paris,P002,Riz 1kg,Alimentaire,50000,721,68,1629,1.44,Non,Non,25.6
2025-03-24,E01,Paris-Rungis,S01,Paris,P003,Pâtes 500g,Alimentaire,50000,966,53,1315,1.93,Non,Non,1.6
2025-03-24,E01,Paris-Rungis,S01,Paris,P004,Shampoing,Droguerie,50000,1398,76,1897,2.8,Non,Non,11.3
2025-03-24,E01,Paris-Rungis,S01,Paris,P005,Lessive,Droguerie,50000,1413,75,1769,2.83,Non,Non,4.4
2025-03-24,E01,Paris-Rungis,S01,Paris,P006,T-shirt homme,Textile,50000,290,93,1246,0.58,Non,Non,3.6
2025-03-24,E01,Paris-Rungis,S01,Paris,P007,Jeans,Textile,50000,416,27,736,0.83,Non,Non,26.9
2025-03-24,E01,Paris-Rungis,S01,Paris,P008,Smartphone,Électronique,50000,148,38,1295,0.3,Non,Non,1.1
2025-03-24,E01,Paris-Rungis,S01,Paris,P009,TV 4K,Électronique,50000,202,21,945,0.4,Non,Non,11.6
2025-03-24,E01,Paris-Rungis,S01,Paris,P010,Casque audio,Électronique,50000,320,86,1028,0.64,Non,Non,9.2
2025-03-24,E02,Lyon-Sud,S02,Lyon,P001,Lait demi-écrémé,Alimentaire,35000,1532,47,1939,4.38,Non,Non,21.2
2025-03-24,E02,Lyon-Sud,S02,Lyon,P002,Riz 1kg,Alimentaire,35000,454,99,1602,1.3,Non,Non,17.8
2025-03-24,E02,Lyon-Sud,S02,Lyon,P003,Pâtes 500g,Alimentaire,35000,599,56,1609,1.71,Non,Non,15.6
2025-03-24,E02,Lyon-Sud,S02,Lyon,P004,Shampoing,Droguerie,35000,10,48,548,0.03,Oui,Non,9.7
2025-03-24,E02,Lyon-Sud,S02,Lyon,P005,Lessive,Droguerie,35000,1230,33,1370,3.51,Non,Non,24.5
2025-03-24,E02,Lyon-Sud,S02,Lyon,P006,T-shirt homme,Textile,35000,323,29,531,0.92,Non,Non,25.9
2025-03-24,E02,Lyon-Sud,S02,Lyon,P007,Jeans,Textile,35000,103,25,801,0.29,Non,Non,11.7
2025-03-24,E02,Lyon-Sud,S02,Lyon,P008,Smartphone,Électronique,35000,975,29,1272,2.79,Non,Non,21.9
2025-03-24,E02,Lyon-Sud,S02,Lyon,P009,TV 4K,Électronique,35000,595,90,1294,1.7,Non,Non,12.7
2025-03-24,E02,Lyon-Sud,S02,Lyon,P010,Casque audio,Électronique,35000,683,51,973,1.95,Non,Non,26.2
2025-03-24,E03,Marseille-Port,S03,Marseille,P001,Lait demi-écrémé,Alimentaire,30000,476,98,1175,1.59,Non,Non,10.0
2025-03-24,E03,Marseille-Port,S03,Marseille,P002,Riz 1kg,Alimentaire,30000,3,31,691,0.01,Oui,Non,10.4
2025-03-24,E03,Marseille-Port,S03,Marseille,P003,Pâtes 500g,Alimentaire,30000,1021,35,1065,3.4,Non,Oui,13.2
2025-03-24,E03,Marseille-Port,S03,Marseille,P004,Shampoing,Droguerie,30000,1035,39,1504,3.45,Non,Non,24.8
2025-03-24,E03,Marseille-Port,S03,Marseille,P005,Lessive,Droguerie,30000,250,94,1369,0.83,Non,Non,10.3
2025-03-24,E03,Marseille-Port,S03,Marseille,P006,T-shirt homme,Textile,30000,690,51,1630,2.3,Non,Non,10.3
2025-03-24,E03,Marseille-Port,S03,Marseille,P007,Jeans,Textile,30000,559,34,780,1.86,Non,Non,23.3
2025-03-24,E03,Marseille-Port,S03,Marseille,P008,Smartphone,Électronique,30000,674,77,1509,2.25,Non,Non,24.4
2025-03-24,E03,Marseille-Port,S03,Marseille,P009,TV 4K,Électronique,30000,606,37,979,2.02,Non,Non,11.8
2025-03-24,E03,Marseille-Port,S03,Marseille,P010,Casque audio,Électronique,30000,1037,92,1519,3.46,Non,Non,3.9
2025-03-24,E04,Lille-Nord,S04,Lille,P001,Lait demi-écrémé,Alimentaire,28000,316,66,1031,1.13,Non,Non,11.9
2025-03-24,E04,Lille-Nord,S04,Lille,P002,Riz 1kg,Alimentaire,28000,1663,25,1875,5.94,Non,Non,18.4
2025-03-24,E04,Lille-Nord,S04,Lille,P003,Pâtes 500g,Alimentaire,28000,751,40,965,2.68,Non,Non,12.1
2025-03-24,E04,Lille-Nord,S04,Lille,P004,Shampoing,Droguerie,28000,599,39,1105,2.14,Non,Non,13.6
2025-03-24,E04,Lille-Nord,S04,Lille,P005,Lessive,Droguerie,28000,865,67,1073,3.09,Non,Non,23.4
2025-03-24,E04,Lille-Nord,S04,Lille,P006,T-shirt homme,Textile,28000,37,79,789,0.13,Oui,Non,11.4
2025-03-24,E04,Lille-Nord,S04,Lille,P007,Jeans,Textile,28000,27,76,708,0.1,Oui,Non,14.4
2025-03-24,E04,Lille-Nord,S04,Lille,P008,Smartphone,Électronique,28000,949,27,1524,3.39,Non,Non,4.6
2025-03-24,E04,Lille-Nord,S04,Lille,P009,TV 4K,Électronique,28000,984,69,1039,3.51,Non,Oui,16.4
2025-03-24,E04,Lille-Nord,S04,Lille,P010,Casque audio,Électronique,28000,1361,49,1485,4.86,Non,Oui,22.0
2025-03-24,E05,Toulouse-Ouest,S05,Toulouse,P001,Lait demi-écrémé,Alimentaire,25000,498,47,700,1.99,Non,Non,10.2
2025-03-24,E05,Toulouse-Ouest,S05,Toulouse,P002,Riz 1kg,Alimentaire,25000,32,49,1585,0.13,Oui,Non,23.5
2025-03-24,E05,Toulouse-Ouest,S05,Toulouse,P003,Pâtes 500g,Alimentaire,25000,149,76,1107,0.6,Non,Non,25.4
2025-03-24,E05,Toulouse-Ouest,S05,Toulouse,P004,Shampoing,Droguerie,25000,940,84,1164,3.76,Non,Non,20.5
2025-03-24,E05,Toulouse-Ouest,S05,Toulouse,P005,Lessive,Droguerie,25000,165,69,602,0.66,Non,Non,17.3
2025-03-24,E05,Toulouse-Ouest,S05,Toulouse,P006,T-shirt homme,Textile,25000,807,62,1031,3.23,Non,Non,20.9
2025-03-24,E05,Toulouse-Ouest,S05,Toulouse,P007,Jeans,Textile,25000,461,71,802,1.84,Non,Non,6.4
2025-03-24,E05,Toulouse-Ouest,S05,Toulouse,P008,Smartphone,Électronique,25000,93,86,1114,0.37,Non,Non,14.0
2025-03-24,E05,Toulouse-Ouest,S05,Toulouse,P009,TV 4K,Électronique,25000,139,74,1013,0.56,Non,Non,1.3
2025-03-24,E05,Toulouse-Ouest,S05,Toulouse,P010,Casque audio,Électronique,25000,423,68,1899,1.69,Non,Non,5.2
2025-03-24,E06,Nice-Est,S06,Nice,P001,Lait demi-écrémé,Alimentaire,20000,422,28,1946,2.11,Non,Non,28.3
2025-03-24,E06,Nice-Est,S06,Nice,P002,Riz 1kg,Alimentaire,20000,1123,46,1988,5.62,Non,Non,29.0
2025-03-24,E06,Nice-Est,S06,Nice,P003,Pâtes 500g,Alimentaire,20000,855,71,1474,4.28,Non,Non,21.1
2025-03-24,E06,Nice-Est,S06,Nice,P004,Shampoing,Droguerie,20000,256,65,1736,1.28,Non,Non,7.3
2025-03-24,E06,Nice-Est,S06,Nice,P005,Lessive,Droguerie,20000,1032,87,1383,5.16,Non,Non,25.2
2025-03-24,E06,Nice-Est,S06,Nice,P006,T-shirt homme,Textile,20000,416,97,606,2.08,Non,Non,27.0
2025-03-24,E06,Nice-Est,S06,Nice,P007,Jeans,Textile,20000,805,23,1039,4.03,Non,Non,18.1
2025-03-24,E06,Nice-Est,S06,Nice,P008,Smartphone,Électronique,20000,58,49,861,0.29,Non,Non,21.1
2025-03-24,E06,Nice-Est,S06,Nice,P009,TV 4K,Électronique,20000,265,67,981,1.32,Non,Non,1.2
2025-03-24,E06,Nice-Est,S06,Nice,P010,Casque audio,Électronique,20000,1074,23,1907,5.37,Non,Non,28.4
2025-03-24,E07,Bordeaux-Centre,S07,Bordeaux,P001,Lait demi-écrémé,Alimentaire,22000,485,97,796,2.2,Non,Non,6.8
2025-03-24,E07,Bordeaux-Centre,S07,Bordeaux,P002,Riz 1kg,Alimentaire,22000,335,73,671,1.52,Non,Non,18.3
2025-03-24,E07,Bordeaux-Centre,S07,Bordeaux,P003,Pâtes 500g,Alimentaire,22000,527,77,1378,2.4,Non,Non,23.5
2025-03-24,E07,Bordeaux-Centre,S07,Bordeaux,P004,Shampoing,Droguerie,22000,698,60,892,3.17,Non,Non,20.0
2025-03-24,E07,Bordeaux-Centre,S07,Bordeaux,P005,Lessive,Droguerie,22000,922,61,1342,4.19,Non,Non,2.7
2025-03-24,E07,Bordeaux-Centre,S07,Bordeaux,P006,T-shirt homme,Textile,22000,1219,80,1524,5.54,Non,Non,26.6
2025-03-24,E07,Bordeaux-Centre,S07,Bordeaux,P007,Jeans,Textile,22000,694,83,1955,3.15,Non,Non,11.0
2025-03-24,E07,Bordeaux-Centre,S07,Bordeaux,P008,Smartphone,Électronique,22000,157,40,1393,0.71,Non,Non,18.0
2025-03-24,E07,Bordeaux-Centre,S07,Bordeaux,P009,TV 4K,Électronique,22000,851,23,994,3.87,Non,Non,23.7
2025-03-24,E07,Bordeaux-Centre,S07,Bordeaux,P010,Casque audio,Électronique,22000,185,53,801,0.84,Non,Non,14.8
2025-03-24,E08,Nantes-Atlantique,S08,Nantes,P001,Lait demi-écrémé,Alimentaire,24000,466,71,766,1.94,Non,Non,22.1
2025-03-24,E08,Nantes-Atlantique,S08,Nantes,P002,Riz 1kg,Alimentaire,24000,180,43,622,0.75,Non,Non,6.1
2025-03-24,E08,Nantes-Atlantique,S08,Nantes,P003,Pâtes 500g,Alimentaire,24000,211,38,1487,0.88,Non,Non,4.1
2025-03-24,E08,Nantes-Atlantique,S08,Nantes,P004,Shampoing,Droguerie,24000,759,29,1451,3.16,Non,Non,19.9
2025-03-24,E08,Nantes-Atlantique,S08,Nantes,P005,Lessive,Droguerie,24000,1242,82,1372,5.17,Non,Oui,4.5
2025-03-24,E08,Nantes-Atlantique,S08,Nantes,P006,T-shirt homme,Textile,24000,433,82,718,1.8,Non,Non,5.8
2025-03-24,E08,Nantes-Atlantique,S08,Nantes,P007,Jeans,Textile,24000,631,57,822,2.63,Non,Non,26.6
2025-03-24,E08,Nantes-Atlantique,S08,Nantes,P008,Smartphone,Électronique,24000,295,67,733,1.23,Non,Non,8.8
2025-03-24,E08,Nantes-Atlantique,S08,Nantes,P009,TV 4K,Électronique,24000,1181,90,1327,4.92,Non,Non,17.1
2025-03-24,E08,Nantes-Atlantique,S08,Nantes,P010,Casque audio,Électronique,24000,359,24,1267,1.5,Non,Non,28.3
2025-03-31,E01,Paris-Rungis,S01,Paris,P001,Lait demi-écrémé,Alimentaire,50000,16,74,1684,0.03,Oui,Non,7.0
2025-03-31,E01,Paris-Rungis,S01,Paris,P002,Riz 1kg,Alimentaire,50000,30,42,883,0.06,Oui,Non,27.1
2025-03-31,E01,Paris-Rungis,S01,Paris,P003,Pâtes 500g,Alimentaire,50000,1627,72,1664,3.25,Non,Oui,16.9
2025-03-31,E01,Paris-Rungis,S01,Paris,P004,Shampoing,Droguerie,50000,377,32,1045,0.75,Non,Non,20.7
2025-03-31,E01,Paris-Rungis,S01,Paris,P005,Lessive,Droguerie,50000,158,54,1514,0.32,Non,Non,2.8
2025-03-31,E01,Paris-Rungis,S01,Paris,P006,T-shirt homme,Textile,50000,73,89,551,0.15,Oui,Non,14.1
2025-03-31,E01,Paris-Rungis,S01,Paris,P007,Jeans,Textile,50000,825,22,942,1.65,Non,Non,29.9
2025-03-31,E01,Paris-Rungis,S01,Paris,P008,Smartphone,Électronique,50000,456,71,897,0.91,Non,Non,26.7
2025-03-31,E01,Paris-Rungis,S01,Paris,P009,TV 4K,Électronique,50000,22,25,1201,0.04,Oui,Non,28.3
2025-03-31,E01,Paris-Rungis,S01,Paris,P010,Casque audio,Électronique,50000,406,57,1694,0.81,Non,Non,7.1
2025-03-31,E02,Lyon-Sud,S02,Lyon,P001,Lait demi-écrémé,Alimentaire,35000,375,72,1439,1.07,Non,Non,8.4
2025-03-31,E02,Lyon-Sud,S02,Lyon,P002,Riz 1kg,Alimentaire,35000,1182,55,1271,3.38,Non,Oui,7.5
2025-03-31,E02,Lyon-Sud,S02,Lyon,P003,Pâtes 500g,Alimentaire,35000,327,34,1402,0.93,Non,Non,17.3
2025-03-31,E02,Lyon-Sud,S02,Lyon,P004,Shampoing,Droguerie,35000,494,76,1387,1.41,Non,Non,27.6
2025-03-31,E02,Lyon-Sud,S02,Lyon,P005,Lessive,Droguerie,35000,455,20,1605,1.3,Non,Non,28.8
2025-03-31,E02,Lyon-Sud,S02,Lyon,P006,T-shirt homme,Textile,35000,665,24,1314,1.9,Non,Non,8.5
2025-03-31,E02,Lyon-Sud,S02,Lyon,P007,Jeans,Textile,35000,1126,40,1216,3.22,Non,Oui,10.4
2025-03-31,E02,Lyon-Sud,S02,Lyon,P008,Smartphone,Électronique,35000,755,97,948,2.16,Non,Non,18.5
2025-03-31,E02,Lyon-Sud,S02,Lyon,P009,TV 4K,Électronique,35000,1435,36,1446,4.1,Non,Oui,5.6
2025-03-31,E02,Lyon-Sud,S02,Lyon,P010,Casque audio,Électronique,35000,553,83,869,1.58,Non,Non,26.0
2025-03-31,E03,Marseille-Port,S03,Marseille,P001,Lait demi-écrémé,Alimentaire,30000,241,40,1672,0.8,Non,Non,24.8
2025-03-31,E03,Marseille-Port,S03,Marseille,P002,Riz 1kg,Alimentaire,30000,97,48,1212,0.32,Non,Non,9.7
2025-03-31,E03,Marseille-Port,S03,Marseille,P003,Pâtes 500g,Alimentaire,30000,121,92,1379,0.4,Non,Non,4.6
2025-03-31,E03,Marseille-Port,S03,Marseille,P004,Shampoing,Droguerie,30000,859,75,1971,2.86,Non,Non,14.1
2025-03-31,E03,Marseille-Port,S03,Marseille,P005,Lessive,Droguerie,30000,464,62,851,1.55,Non,Non,26.0
2025-03-31,E03,Marseille-Port,S03,Marseille,P006,T-shirt homme,Textile,30000,622,90,1819,2.07,Non,Non,11.3
2025-03-31,E03,Marseille-Port,S03,Marseille,P007,Jeans,Textile,30000,1001,46,1704,3.34,Non,Non,8.7
2025-03-31,E03,Marseille-Port,S03,Marseille,P008,Smartphone,Électronique,30000,765,100,1700,2.55,Non,Non,1.7
2025-03-31,E03,Marseille-Port,S03,Marseille,P009,TV 4K,Électronique,30000,1118,20,1535,3.73,Non,Non,13.6
2025-03-31,E03,Marseille-Port,S03,Marseille,P010,Casque audio,Électronique,30000,1014,20,1357,3.38,Non,Non,29.8
2025-03-31,E04,Lille-Nord,S04,Lille,P001,Lait demi-écrémé,Alimentaire,28000,173,72,544,0.62,Non,Non,2.3
2025-03-31,E04,Lille-Nord,S04,Lille,P002,Riz 1kg,Alimentaire,28000,1464,21,1862,5.23,Non,Non,27.7
2025-03-31,E04,Lille-Nord,S04,Lille,P003,Pâtes 500g,Alimentaire,28000,609,92,851,2.17,Non,Non,2.3
2025-03-31,E04,Lille-Nord,S04,Lille,P004,Shampoing,Droguerie,28000,380,43,659,1.36,Non,Non,23.5
2025-03-31,E04,Lille-Nord,S04,Lille,P005,Lessive,Droguerie,28000,634,58,987,2.26,Non,Non,1.9
2025-03-31,E04,Lille-Nord,S04,Lille,P006,T-shirt homme,Textile,28000,1172,53,1610,4.19,Non,Non,27.5
2025-03-31,E04,Lille-Nord,S04,Lille,P007,Jeans,Textile,28000,177,94,961,0.63,Non,Non,27.1
2025-03-31,E04,Lille-Nord,S04,Lille,P008,Smartphone,Électronique,28000,253,64,894,0.9,Non,Non,7.0
2025-03-31,E04,Lille-Nord,S04,Lille,P009,TV 4K,Électronique,28000,250,20,843,0.89,Non,Non,11.4
2025-03-31,E04,Lille-Nord,S04,Lille,P010,Casque audio,Électronique,28000,383,25,815,1.37,Non,Non,27.3
2025-03-31,E05,Toulouse-Ouest,S05,Toulouse,P001,Lait demi-écrémé,Alimentaire,25000,121,62,1204,0.48,Non,Non,4.3
2025-03-31,E05,Toulouse-Ouest,S05,Toulouse,P002,Riz 1kg,Alimentaire,25000,580,48,1191,2.32,Non,Non,10.5
2025-03-31,E05,Toulouse-Ouest,S05,Toulouse,P003,Pâtes 500g,Alimentaire,25000,875,24,962,3.5,Non,Oui,12.7
2025-03-31,E05,Toulouse-Ouest,S05,Toulouse,P004,Shampoing,Droguerie,25000,1147,84,1635,4.59,Non,Non,9.3
2025-03-31,E05,Toulouse-Ouest,S05,Toulouse,P005,Lessive,Droguerie,25000,396,46,1777,1.58,Non,Non,22.9
2025-03-31,E05,Toulouse-Ouest,S05,Toulouse,P006,T-shirt homme,Textile,25000,166,51,894,0.66,Non,Non,9.5
2025-03-31,E05,Toulouse-Ouest,S05,Toulouse,P007,Jeans,Textile,25000,334,51,1307,1.34,Non,Non,18.2
2025-03-31,E05,Toulouse-Ouest,S05,Toulouse,P008,Smartphone,Électronique,25000,27,36,514,0.11,Oui,Non,11.1
2025-03-31,E05,Toulouse-Ouest,S05,Toulouse,P009,TV 4K,Électronique,25000,472,88,1821,1.89,Non,Non,4.6
2025-03-31,E05,Toulouse-Ouest,S05,Toulouse,P010,Casque audio,Électronique,25000,185,54,1053,0.74,Non,Non,5.7
2025-03-31,E06,Nice-Est,S06,Nice,P001,Lait demi-écrémé,Alimentaire,20000,454,94,617,2.27,Non,Non,23.6
2025-03-31,E06,Nice-Est,S06,Nice,P002,Riz 1kg,Alimentaire,20000,641,96,1304,3.21,Non,Non,27.3
2025-03-31,E06,Nice-Est,S06,Nice,P003,Pâtes 500g,Alimentaire,20000,1259,98,1731,6.3,Non,Non,4.9
2025-03-31,E06,Nice-Est,S06,Nice,P004,Shampoing,Droguerie,20000,146,27,741,0.73,Non,Non,8.0
2025-03-31,E06,Nice-Est,S06,Nice,P005,Lessive,Droguerie,20000,405,83,1322,2.02,Non,Non,3.2
2025-03-31,E06,Nice-Est,S06,Nice,P006,T-shirt homme,Textile,20000,761,78,1132,3.81,Non,Non,9.1
2025-03-31,E06,Nice-Est,S06,Nice,P007,Jeans,Textile,20000,393,28,530,1.97,Non,Non,6.3
2025-03-31,E06,Nice-Est,S06,Nice,P008,Smartphone,Électronique,20000,190,54,1812,0.95,Non,Non,17.4
2025-03-31,E06,Nice-Est,S06,Nice,P009,TV 4K,Électronique,20000,200,77,1200,1.0,Non,Non,18.0
2025-03-31,E06,Nice-Est,S06,Nice,P010,Casque audio,Électronique,20000,914,43,1310,4.57,Non,Non,3.2
2025-03-31,E07,Bordeaux-Centre,S07,Bordeaux,P001,Lait demi-écrémé,Alimentaire,22000,493,49,704,2.24,Non,Non,11.8
2025-03-31,E07,Bordeaux-Centre,S07,Bordeaux,P002,Riz 1kg,Alimentaire,22000,433,71,762,1.97,Non,Non,25.8
2025-03-31,E07,Bordeaux-Centre,S07,Bordeaux,P003,Pâtes 500g,Alimentaire,22000,652,55,1469,2.96,Non,Non,5.4
2025-03-31,E07,Bordeaux-Centre,S07,Bordeaux,P004,Shampoing,Droguerie,22000,816,85,1789,3.71,Non,Non,8.3
2025-03-31,E07,Bordeaux-Centre,S07,Bordeaux,P005,Lessive,Droguerie,22000,718,33,790,3.26,Non,Oui,1.7
2025-03-31,E07,Bordeaux-Centre,S07,Bordeaux,P006,T-shirt homme,Textile,22000,246,99,1371,1.12,Non,Non,14.0
2025-03-31,E07,Bordeaux-Centre,S07,Bordeaux,P007,Jeans,Textile,22000,4,49,554,0.02,Oui,Non,17.6
2025-03-31,E07,Bordeaux-Centre,S07,Bordeaux,P008,Smartphone,Électronique,22000,1519,40,1851,6.9,Non,Non,26.5
2025-03-31,E07,Bordeaux-Centre,S07,Bordeaux,P009,TV 4K,Électronique,22000,281,54,1145,1.28,Non,Non,8.8
2025-03-31,E07,Bordeaux-Centre,S07,Bordeaux,P010,Casque audio,Électronique,22000,722,44,840,3.28,Non,Non,4.1
2025-03-31,E08,Nantes-Atlantique,S08,Nantes,P001,Lait demi-écrémé,Alimentaire,24000,471,65,1915,1.96,Non,Non,25.9
2025-03-31,E08,Nantes-Atlantique,S08,Nantes,P002,Riz 1kg,Alimentaire,24000,325,65,520,1.35,Non,Non,3.7
2025-03-31,E08,Nantes-Atlantique,S08,Nantes,P003,Pâtes 500g,Alimentaire,24000,1580,46,1974,6.58,Non,Non,5.0
2025-03-31,E08,Nantes-Atlantique,S08,Nantes,P004,Shampoing,Droguerie,24000,215,94,1810,0.9,Non,Non,9.7
2025-03-31,E08,Nantes-Atlantique,S08,Nantes,P005,Lessive,Droguerie,24000,904,26,1559,3.77,Non,Non,15.1
2025-03-31,E08,Nantes-Atlantique,S08,Nantes,P006,T-shirt homme,Textile,24000,1306,95,1444,5.44,Non,Oui,5.1
2025-03-31,E08,Nantes-Atlantique,S08,Nantes,P007,Jeans,Textile,24000,259,79,1739,1.08,Non,Non,11.9
2025-03-31,E08,Nantes-Atlantique,S08,Nantes,P008,Smartphone,Électronique,24000,157,52,768,0.65,Non,Non,29.2
2025-03-31,E08,Nantes-Atlantique,S08,Nantes,P009,TV 4K,Électronique,24000,483,84,1616,2.01,Non,Non,21.5
2025-03-31,E08,Nantes-Atlantique,S08,Nantes,P010,Casque audio,Électronique,24000,1634,52,1786,6.81,Non,Oui,20.6
2025-04-07,E01,Paris-Rungis,S01,Paris,P001,Lait demi-écrémé,Alimentaire,50000,604,89,724,1.21,Non,Non,6.2
2025-04-07,E01,Paris-Rungis,S01,Paris,P002,Riz 1kg,Alimentaire,50000,1111,20,1119,2.22,Non,Oui,15.0
2025-04-07,E01,Paris-Rungis,S01,Paris,P003,Pâtes 500g,Alimentaire,50000,1009,25,1383,2.02,Non,Non,19.4
2025-04-07,E01,Paris-Rungis,S01,Paris,P004,Shampoing,Droguerie,50000,213,93,906,0.43,Non,Non,26.5
2025-04-07,E01,Paris-Rungis,S01,Paris,P005,Lessive,Droguerie,50000,1207,41,1706,2.41,Non,Non,29.6
2025-04-07,E01,Paris-Rungis,S01,Paris,P006,T-shirt homme,Textile,50000,195,75,1225,0.39,Non,Non,11.4
2025-04-07,E01,Paris-Rungis,S01,Paris,P007,Jeans,Textile,50000,169,99,617,0.34,Non,Non,10.9
2025-04-07,E01,Paris-Rungis,S01,Paris,P008,Smartphone,Électronique,50000,593,89,1862,1.19,Non,Non,28.8
2025-04-07,E01,Paris-Rungis,S01,Paris,P009,TV 4K,Électronique,50000,532,55,617,1.06,Non,Non,10.7
2025-04-07,E01,Paris-Rungis,S01,Paris,P010,Casque audio,Électronique,50000,1079,84,1235,2.16,Non,Non,16.4
2025-04-07,E02,Lyon-Sud,S02,Lyon,P001,Lait demi-écrémé,Alimentaire,35000,793,89,851,2.27,Non,Oui,10.3
2025-04-07,E02,Lyon-Sud,S02,Lyon,P002,Riz 1kg,Alimentaire,35000,1625,75,1955,4.64,Non,Non,14.9
2025-04-07,E02,Lyon-Sud,S02,Lyon,P003,Pâtes 500g,Alimentaire,35000,18,71,852,0.05,Oui,Non,22.5
2025-04-07,E02,Lyon-Sud,S02,Lyon,P004,Shampoing,Droguerie,35000,987,54,1314,2.82,Non,Non,4.6
2025-04-07,E02,Lyon-Sud,S02,Lyon,P005,Lessive,Droguerie,35000,371,94,844,1.06,Non,Non,9.8
2025-04-07,E02,Lyon-Sud,S02,Lyon,P006,T-shirt homme,Textile,35000,1791,47,1805,5.12,Non,Oui,10.2
2025-04-07,E02,Lyon-Sud,S02,Lyon,P007,Jeans,Textile,35000,599,67,664,1.71,Non,Oui,12.4
2025-04-07,E02,Lyon-Sud,S02,Lyon,P008,Smartphone,Électronique,35000,176,91,825,0.5,Non,Non,6.3
2025-04-07,E02,Lyon-Sud,S02,Lyon,P009,TV 4K,Électronique,35000,108,64,517,0.31,Non,Non,16.5
2025-04-07,E02,Lyon-Sud,S02,Lyon,P010,Casque audio,Électronique,35000,1629,65,1993,4.65,Non,Non,20.2
2025-04-07,E03,Marseille-Port,S03,Marseille,P001,Lait demi-écrémé,Alimentaire,30000,775,71,844,2.58,Non,Oui,26.6
2025-04-07,E03,Marseille-Port,S03,Marseille,P002,Riz 1kg,Alimentaire,30000,352,58,1415,1.17,Non,Non,17.0
2025-04-07,E03,Marseille-Port,S03,Marseille,P003,Pâtes 500g,Alimentaire,30000,1557,44,1706,5.19,Non,Oui,8.3
2025-04-07,E03,Marseille-Port,S03,Marseille,P004,Shampoing,Droguerie,30000,26,43,1823,0.09,Oui,Non,3.6
2025-04-07,E03,Marseille-Port,S03,Marseille,P005,Lessive,Droguerie,30000,251,41,832,0.84,Non,Non,27.7
2025-04-07,E03,Marseille-Port,S03,Marseille,P006,T-shirt homme,Textile,30000,358,31,1088,1.19,Non,Non,18.2
2025-04-07,E03,Marseille-Port,S03,Marseille,P007,Jeans,Textile,30000,1438,21,1740,4.79,Non,Non,20.0
2025-04-07,E03,Marseille-Port,S03,Marseille,P008,Smartphone,Électronique,30000,710,70,848,2.37,Non,Non,13.9
2025-04-07,E03,Marseille-Port,S03,Marseille,P009,TV 4K,Électronique,30000,816,37,1339,2.72,Non,Non,1.0
2025-04-07,E03,Marseille-Port,S03,Marseille,P010,Casque audio,Électronique,30000,594,63,607,1.98,Non,Oui,11.5
2025-04-07,E04,Lille-Nord,S04,Lille,P001,Lait demi-écrémé,Alimentaire,28000,68,44,879,0.24,Non,Non,14.8
2025-04-07,E04,Lille-Nord,S04,Lille,P002,Riz 1kg,Alimentaire,28000,80,56,1825,0.29,Non,Non,1.5
2025-04-07,E04,Lille-Nord,S04,Lille,P003,Pâtes 500g,Alimentaire,28000,153,49,1758,0.55,Non,Non,2.4
2025-04-07,E04,Lille-Nord,S04,Lille,P004,Shampoing,Droguerie,28000,449,30,1677,1.6,Non,Non,8.1
2025-04-07,E04,Lille-Nord,S04,Lille,P005,Lessive,Droguerie,28000,1268,45,1603,4.53,Non,Non,6.2
2025-04-07,E04,Lille-Nord,S04,Lille,P006,T-shirt homme,Textile,28000,949,40,1110,3.39,Non,Non,3.7
2025-04-07,E04,Lille-Nord,S04,Lille,P007,Jeans,Textile,28000,391,95,955,1.4,Non,Non,25.7
2025-04-07,E04,Lille-Nord,S04,Lille,P008,Smartphone,Électronique,28000,43,25,1359,0.15,Non,Non,28.0
2025-04-07,E04,Lille-Nord,S04,Lille,P009,TV 4K,Électronique,28000,995,38,1444,3.55,Non,Non,20.1
2025-04-07,E04,Lille-Nord,S04,Lille,P010,Casque audio,Électronique,28000,575,61,1319,2.05,Non,Non,12.6
2025-04-07,E05,Toulouse-Ouest,S05,Toulouse,P001,Lait demi-écrémé,Alimentaire,25000,485,73,612,1.94,Non,Non,29.3
2025-04-07,E05,Toulouse-Ouest,S05,Toulouse,P002,Riz 1kg,Alimentaire,25000,576,36,1300,2.3,Non,Non,7.3
2025-04-07,E05,Toulouse-Ouest,S05,Toulouse,P003,Pâtes 500g,Alimentaire,25000,1923,87,1960,7.69,Non,Oui,11.3
2025-04-07,E05,Toulouse-Ouest,S05,Toulouse,P004,Shampoing,Droguerie,25000,666,21,1672,2.66,Non,Non,7.6
2025-04-07,E05,Toulouse-Ouest,S05,Toulouse,P005,Lessive,Droguerie,25000,277,42,909,1.11,Non,Non,13.3
2025-04-07,E05,Toulouse-Ouest,S05,Toulouse,P006,T-shirt homme,Textile,25000,1349,76,1371,5.4,Non,Oui,5.3
2025-04-07,E05,Toulouse-Ouest,S05,Toulouse,P007,Jeans,Textile,25000,227,48,1878,0.91,Non,Non,7.0
2025-04-07,E05,Toulouse-Ouest,S05,Toulouse,P008,Smartphone,Électronique,25000,234,45,1340,0.94,Non,Non,1.4
2025-04-07,E05,Toulouse-Ouest,S05,Toulouse,P009,TV 4K,Électronique,25000,579,99,1030,2.32,Non,Non,21.7
2025-04-07,E05,Toulouse-Ouest,S05,Toulouse,P010,Casque audio,Électronique,25000,281,75,1113,1.12,Non,Non,28.2
2025-04-07,E06,Nice-Est,S06,Nice,P001,Lait demi-écrémé,Alimentaire,20000,714,32,1296,3.57,Non,Non,9.0
2025-04-07,E06,Nice-Est,S06,Nice,P002,Riz 1kg,Alimentaire,20000,201,56,738,1.0,Non,Non,14.3
2025-04-07,E06,Nice-Est,S06,Nice,P003,Pâtes 500g,Alimentaire,20000,1348,79,1462,6.74,Non,Oui,26.9
2025-04-07,E06,Nice-Est,S06,Nice,P004,Shampoing,Droguerie,20000,976,86,1241,4.88,Non,Non,28.6
2025-04-07,E06,Nice-Est,S06,Nice,P005,Lessive,Droguerie,20000,426,24,1364,2.13,Non,Non,23.9
2025-04-07,E06,Nice-Est,S06,Nice,P006,T-shirt homme,Textile,20000,368,97,1098,1.84,Non,Non,19.1
2025-04-07,E06,Nice-Est,S06,Nice,P007,Jeans,Textile,20000,877,25,1068,4.38,Non,Non,24.5
2025-04-07,E06,Nice-Est,S06,Nice,P008,Smartphone,Électronique,20000,696,80,1171,3.48,Non,Non,3.9
2025-04-07,E06,Nice-Est,S06,Nice,P009,TV 4K,Électronique,20000,40,90,1403,0.2,Oui,Non,29.9
2025-04-07,E06,Nice-Est,S06,Nice,P010,Casque audio,Électronique,20000,1260,83,1769,6.3,Non,Non,17.4
2025-04-07,E07,Bordeaux-Centre,S07,Bordeaux,P001,Lait demi-écrémé,Alimentaire,22000,374,42,1113,1.7,Non,Non,2.2
2025-04-07,E07,Bordeaux-Centre,S07,Bordeaux,P002,Riz 1kg,Alimentaire,22000,448,41,1087,2.04,Non,Non,13.9
2025-04-07,E07,Bordeaux-Centre,S07,Bordeaux,P003,Pâtes 500g,Alimentaire,22000,159,54,1047,0.72,Non,Non,23.3
2025-04-07,E07,Bordeaux-Centre,S07,Bordeaux,P004,Shampoing,Droguerie,22000,275,41,948,1.25,Non,Non,11.0
2025-04-07,E07,Bordeaux-Centre,S07,Bordeaux,P005,Lessive,Droguerie,22000,513,62,902,2.33,Non,Non,24.9
2025-04-07,E07,Bordeaux-Centre,S07,Bordeaux,P006,T-shirt homme,Textile,22000,918,93,1023,4.17,Non,Non,17.5
2025-04-07,E07,Bordeaux-Centre,S07,Bordeaux,P007,Jeans,Textile,22000,367,21,838,1.67,Non,Non,26.4
2025-04-07,E07,Bordeaux-Centre,S07,Bordeaux,P008,Smartphone,Électronique,22000,461,88,1257,2.1,Non,Non,12.0
2025-04-07,E07,Bordeaux-Centre,S07,Bordeaux,P009,TV 4K,Électronique,22000,1145,37,1356,5.2,Non,Non,17.5
2025-04-07,E07,Bordeaux-Centre,S07,Bordeaux,P010,Casque audio,Électronique,22000,957,55,1909,4.35,Non,Non,6.0
2025-04-07,E08,Nantes-Atlantique,S08,Nantes,P001,Lait demi-écrémé,Alimentaire,24000,545,86,1388,2.27,Non,Non,2.8
2025-04-07,E08,Nantes-Atlantique,S08,Nantes,P002,Riz 1kg,Alimentaire,24000,304,21,506,1.27,Non,Non,10.8
2025-04-07,E08,Nantes-Atlantique,S08,Nantes,P003,Pâtes 500g,Alimentaire,24000,640,84,1190,2.67,Non,Non,15.0
2025-04-07,E08,Nantes-Atlantique,S08,Nantes,P004,Shampoing,Droguerie,24000,93,54,857,0.39,Non,Non,12.3
2025-04-07,E08,Nantes-Atlantique,S08,Nantes,P005,Lessive,Droguerie,24000,328,55,980,1.37,Non,Non,23.6
2025-04-07,E08,Nantes-Atlantique,S08,Nantes,P006,T-shirt homme,Textile,24000,33,97,532,0.14,Oui,Non,17.9
2025-04-07,E08,Nantes-Atlantique,S08,Nantes,P007,Jeans,Textile,24000,1092,48,1476,4.55,Non,Non,3.3
2025-04-07,E08,Nantes-Atlantique,S08,Nantes,P008,Smartphone,Électronique,24000,312,74,602,1.3,Non,Non,15.2
2025-04-07,E08,Nantes-Atlantique,S08,Nantes,P009,TV 4K,Électronique,24000,300,72,692,1.25,Non,Non,7.4
2025-04-07,E08,Nantes-Atlantique,S08,Nantes,P010,Casque audio,Électronique,24000,536,84,1570,2.23,Non,Non,9.0
2025-04-14,E01,Paris-Rungis,S01,Paris,P001,Lait demi-écrémé,Alimentaire,50000,405,78,604,0.81,Non,Non,22.1
2025-04-14,E01,Paris-Rungis,S01,Paris,P002,Riz 1kg,Alimentaire,50000,1541,30,1610,3.08,Non,Oui,14.1
2025-04-14,E01,Paris-Rungis,S01,Paris,P003,Pâtes 500g,Alimentaire,50000,525,64,1351,1.05,Non,Non,27.0
2025-04-14,E01,Paris-Rungis,S01,Paris,P004,Shampoing,Droguerie,50000,695,79,769,1.39,Non,Oui,26.4
2025-04-14,E01,Paris-Rungis,S01,Paris,P005,Lessive,Droguerie,50000,1133,49,1327,2.27,Non,Non,27.8
2025-04-14,E01,Paris-Rungis,S01,Paris,P006,T-shirt homme,Textile,50000,608,28,1253,1.22,Non,Non,26.6
2025-04-14,E01,Paris-Rungis,S01,Paris,P007,Jeans,Textile,50000,763,31,1563,1.53,Non,Non,24.7
2025-04-14,E01,Paris-Rungis,S01,Paris,P008,Smartphone,Électronique,50000,68,97,1669,0.14,Oui,Non,28.2
2025-04-14,E01,Paris-Rungis,S01,Paris,P009,TV 4K,Électronique,50000,973,39,1427,1.95,Non,Non,27.8
2025-04-14,E01,Paris-Rungis,S01,Paris,P010,Casque audio,Électronique,50000,225,41,1681,0.45,Non,Non,1.3
2025-04-14,E02,Lyon-Sud,S02,Lyon,P001,Lait demi-écrémé,Alimentaire,35000,685,86,1130,1.96,Non,Non,2.2
2025-04-14,E02,Lyon-Sud,S02,Lyon,P002,Riz 1kg,Alimentaire,35000,1722,78,1830,4.92,Non,Oui,25.3
2025-04-14,E02,Lyon-Sud,S02,Lyon,P003,Pâtes 500g,Alimentaire,35000,297,69,541,0.85,Non,Non,29.3
2025-04-14,E02,Lyon-Sud,S02,Lyon,P004,Shampoing,Droguerie,35000,877,66,1343,2.51,Non,Non,2.0
2025-04-14,E02,Lyon-Sud,S02,Lyon,P005,Lessive,Droguerie,35000,722,24,966,2.06,Non,Non,8.2
2025-04-14,E02,Lyon-Sud,S02,Lyon,P006,T-shirt homme,Textile,35000,1212,54,1370,3.46,Non,Non,15.8
2025-04-14,E02,Lyon-Sud,S02,Lyon,P007,Jeans,Textile,35000,405,47,555,1.16,Non,Non,15.0
2025-04-14,E02,Lyon-Sud,S02,Lyon,P008,Smartphone,Électronique,35000,432,76,1863,1.23,Non,Non,1.6
2025-04-14,E02,Lyon-Sud,S02,Lyon,P009,TV 4K,Électronique,35000,1435,71,1464,4.1,Non,Oui,24.0
2025-04-14,E02,Lyon-Sud,S02,Lyon,P010,Casque audio,Électronique,35000,277,35,1622,0.79,Non,Non,6.3
2025-04-14,E03,Marseille-Port,S03,Marseille,P001,Lait demi-écrémé,Alimentaire,30000,840,43,1361,2.8,Non,Non,26.7
2025-04-14,E03,Marseille-Port,S03,Marseille,P002,Riz 1kg,Alimentaire,30000,1315,80,1676,4.38,Non,Non,9.2
2025-04-14,E03,Marseille-Port,S03,Marseille,P003,Pâtes 500g,Alimentaire,30000,33,30,1758,0.11,Non,Non,23.4
2025-04-14,E03,Marseille-Port,S03,Marseille,P004,Shampoing,Droguerie,30000,1325,77,1540,4.42,Non,Non,15.7
2025-04-14,E03,Marseille-Port,S03,Marseille,P005,Lessive,Droguerie,30000,514,62,946,1.71,Non,Non,23.0
2025-04-14,E03,Marseille-Port,S03,Marseille,P006,T-shirt homme,Textile,30000,396,96,595,1.32,Non,Non,14.7
2025-04-14,E03,Marseille-Port,S03,Marseille,P007,Jeans,Textile,30000,849,46,1672,2.83,Non,Non,6.9
2025-04-14,E03,Marseille-Port,S03,Marseille,P008,Smartphone,Électronique,30000,1054,41,1926,3.51,Non,Non,21.1
2025-04-14,E03,Marseille-Port,S03,Marseille,P009,TV 4K,Électronique,30000,818,84,1486,2.73,Non,Non,1.7
2025-04-14,E03,Marseille-Port,S03,Marseille,P010,Casque audio,Électronique,30000,660,60,1805,2.2,Non,Non,25.6
2025-04-14,E04,Lille-Nord,S04,Lille,P001,Lait demi-écrémé,Alimentaire,28000,282,58,1669,1.01,Non,Non,5.0
2025-04-14,E04,Lille-Nord,S04,Lille,P002,Riz 1kg,Alimentaire,28000,932,35,1922,3.33,Non,Non,2.7
2025-04-14,E04,Lille-Nord,S04,Lille,P003,Pâtes 500g,Alimentaire,28000,159,91,1365,0.57,Non,Non,16.8
2025-04-14,E04,Lille-Nord,S04,Lille,P004,Shampoing,Droguerie,28000,1481,71,1898,5.29,Non,Non,13.8
2025-04-14,E04,Lille-Nord,S04,Lille,P005,Lessive,Droguerie,28000,421,72,1300,1.5,Non,Non,6.4
2025-04-14,E04,Lille-Nord,S04,Lille,P006,T-shirt homme,Textile,28000,411,27,642,1.47,Non,Non,23.1
2025-04-14,E04,Lille-Nord,S04,Lille,P007,Jeans,Textile,28000,1835,93,1884,6.55,Non,Oui,26.5
2025-04-14,E04,Lille-Nord,S04,Lille,P008,Smartphone,Électronique,28000,829,80,892,2.96,Non,Oui,17.8
2025-04-14,E04,Lille-Nord,S04,Lille,P009,TV 4K,Électronique,28000,1260,42,1542,4.5,Non,Non,3.3
2025-04-14,E04,Lille-Nord,S04,Lille,P010,Casque audio,Électronique,28000,327,92,1598,1.17,Non,Non,15.2
2025-04-14,E05,Toulouse-Ouest,S05,Toulouse,P001,Lait demi-écrémé,Alimentaire,25000,428,91,815,1.71,Non,Non,21.4
2025-04-14,E05,Toulouse-Ouest,S05,Toulouse,P002,Riz 1kg,Alimentaire,25000,474,46,977,1.9,Non,Non,3.6
2025-04-14,E05,Toulouse-Ouest,S05,Toulouse,P003,Pâtes 500g,Alimentaire,25000,866,20,1593,3.46,Non,Non,24.8
2025-04-14,E05,Toulouse-Ouest,S05,Toulouse,P004,Shampoing,Droguerie,25000,537,59,1750,2.15,Non,Non,6.0
2025-04-14,E05,Toulouse-Ouest,S05,Toulouse,P005,Lessive,Droguerie,25000,323,95,1097,1.29,Non,Non,1.9
2025-04-14,E05,Toulouse-Ouest,S05,Toulouse,P006,T-shirt homme,Textile,25000,1406,95,1596,5.62,Non,Non,28.7
2025-04-14,E05,Toulouse-Ouest,S05,Toulouse,P007,Jeans,Textile,25000,243,50,678,0.97,Non,Non,28.8
2025-04-14,E05,Toulouse-Ouest,S05,Toulouse,P008,Smartphone,Électronique,25000,1310,58,1907,5.24,Non,Non,18.4
2025-04-14,E05,Toulouse-Ouest,S05,Toulouse,P009,TV 4K,Électronique,25000,289,22,731,1.16,Non,Non,11.4
2025-04-14,E05,Toulouse-Ouest,S05,Toulouse,P010,Casque audio,Électronique,25000,857,92,1750,3.43,Non,Non,14.0
2025-04-14,E06,Nice-Est,S06,Nice,P001,Lait demi-écrémé,Alimentaire,20000,367,68,1726,1.84,Non,Non,2.8
2025-04-14,E06,Nice-Est,S06,Nice,P002,Riz 1kg,Alimentaire,20000,899,63,1603,4.5,Non,Non,6.5
2025-04-14,E06,Nice-Est,S06,Nice,P003,Pâtes 500g,Alimentaire,20000,332,67,1029,1.66,Non,Non,28.8
2025-04-14,E06,Nice-Est,S06,Nice,P004,Shampoing,Droguerie,20000,574,54,975,2.87,Non,Non,27.5
2025-04-14,E06,Nice-Est,S06,Nice,P005,Lessive,Droguerie,20000,1610,55,1848,8.05,Non,Non,8.1
2025-04-14,E06,Nice-Est,S06,Nice,P006,T-shirt homme,Textile,20000,300,26,1928,1.5,Non,Non,23.7
2025-04-14,E06,Nice-Est,S06,Nice,P007,Jeans,Textile,20000,1103,29,1454,5.51,Non,Non,4.2
2025-04-14,E06,Nice-Est,S06,Nice,P008,Smartphone,Électronique,20000,11,80,1528,0.06,Oui,Non,12.2
2025-04-14,E06,Nice-Est,S06,Nice,P009,TV 4K,Électronique,20000,555,68,1812,2.77,Non,Non,20.2
2025-04-14,E06,Nice-Est,S06,Nice,P010,Casque audio,Électronique,20000,1080,34,1203,5.4,Non,Non,17.8
2025-04-14,E07,Bordeaux-Centre,S07,Bordeaux,P001,Lait demi-écrémé,Alimentaire,22000,388,26,710,1.76,Non,Non,19.9
2025-04-14,E07,Bordeaux-Centre,S07,Bordeaux,P002,Riz 1kg,Alimentaire,22000,1480,52,1689,6.73,Non,Non,20.1
2025-04-14,E07,Bordeaux-Centre,S07,Bordeaux,P003,Pâtes 500g,Alimentaire,22000,336,85,690,1.53,Non,Non,1.0
2025-04-14,E07,Bordeaux-Centre,S07,Bordeaux,P004,Shampoing,Droguerie,22000,117,77,594,0.53,Non,Non,14.8
2025-04-14,E07,Bordeaux-Centre,S07,Bordeaux,P005,Lessive,Droguerie,22000,422,96,819,1.92,Non,Non,19.3
2025-04-14,E07,Bordeaux-Centre,S07,Bordeaux,P006,T-shirt homme,Textile,22000,98,25,1413,0.45,Non,Non,6.9
2025-04-14,E07,Bordeaux-Centre,S07,Bordeaux,P007,Jeans,Textile,22000,1104,85,1788,5.02,Non,Non,1.9
2025-04-14,E07,Bordeaux-Centre,S07,Bordeaux,P008,Smartphone,Électronique,22000,326,28,1430,1.48,Non,Non,12.7
2025-04-14,E07,Bordeaux-Centre,S07,Bordeaux,P009,TV 4K,Électronique,22000,615,87,839,2.8,Non,Non,28.4
2025-04-14,E07,Bordeaux-Centre,S07,Bordeaux,P010,Casque audio,Électronique,22000,666,90,856,3.03,Non,Non,26.2
2025-04-14,E08,Nantes-Atlantique,S08,Nantes,P001,Lait demi-écrémé,Alimentaire,24000,1078,57,1112,4.49,Non,Oui,10.5
2025-04-14,E08,Nantes-Atlantique,S08,Nantes,P002,Riz 1kg,Alimentaire,24000,1742,23,1852,7.26,Non,Oui,1.6
2025-04-14,E08,Nantes-Atlantique,S08,Nantes,P003,Pâtes 500g,Alimentaire,24000,1039,38,1557,4.33,Non,Non,20.1
2025-04-14,E08,Nantes-Atlantique,S08,Nantes,P004,Shampoing,Droguerie,24000,376,63,1657,1.57,Non,Non,19.6
2025-04-14,E08,Nantes-Atlantique,S08,Nantes,P005,Lessive,Droguerie,24000,564,79,1792,2.35,Non,Non,3.6
2025-04-14,E08,Nantes-Atlantique,S08,Nantes,P006,T-shirt homme,Textile,24000,4,73,1605,0.02,Oui,Non,13.3
2025-04-14,E08,Nantes-Atlantique,S08,Nantes,P007,Jeans,Textile,24000,230,95,1903,0.96,Non,Non,21.9
2025-04-14,E08,Nantes-Atlantique,S08,Nantes,P008,Smartphone,Électronique,24000,175,69,725,0.73,Non,Non,24.2
2025-04-14,E08,Nantes-Atlantique,S08,Nantes,P009,TV 4K,Électronique,24000,271,71,1302,1.13,Non,Non,1.5
2025-04-14,E08,Nantes-Atlantique,S08,Nantes,P010,Casque audio,Électronique,24000,273,24,1586,1.14,Non,Non,25.4
2025-04-21,E01,Paris-Rungis,S01,Paris,P001,Lait demi-écrémé,Alimentaire,50000,245,50,1779,0.49,Non,Non,14.2
2025-04-21,E01,Paris-Rungis,S01,Paris,P002,Riz 1kg,Alimentaire,50000,398,42,1362,0.8,Non,Non,20.5
2025-04-21,E01,Paris-Rungis,S01,Paris,P003,Pâtes 500g,Alimentaire,50000,551,53,1074,1.1,Non,Non,7.3
2025-04-21,E01,Paris-Rungis,S01,Paris,P004,Shampoing,Droguerie,50000,376,96,1281,0.75,Non,Non,19.6
2025-04-21,E01,Paris-Rungis,S01,Paris,P005,Lessive,Droguerie,50000,1393,62,1568,2.79,Non,Non,24.8
2025-04-21,E01,Paris-Rungis,S01,Paris,P006,T-shirt homme,Textile,50000,83,82,512,0.17,Non,Non,6.2
2025-04-21,E01,Paris-Rungis,S01,Paris,P007,Jeans,Textile,50000,1347,57,1855,2.69,Non,Non,5.1
2025-04-21,E01,Paris-Rungis,S01,Paris,P008,Smartphone,Électronique,50000,1795,40,1846,3.59,Non,Oui,11.8
2025-04-21,E01,Paris-Rungis,S01,Paris,P009,TV 4K,Électronique,50000,38,72,1721,0.08,Oui,Non,18.0
2025-04-21,E01,Paris-Rungis,S01,Paris,P010,Casque audio,Électronique,50000,469,39,956,0.94,Non,Non,11.6
2025-04-21,E02,Lyon-Sud,S02,Lyon,P001,Lait demi-écrémé,Alimentaire,35000,564,21,874,1.61,Non,Non,27.4
2025-04-21,E02,Lyon-Sud,S02,Lyon,P002,Riz 1kg,Alimentaire,35000,829,92,1424,2.37,Non,Non,24.9
2025-04-21,E02,Lyon-Sud,S02,Lyon,P003,Pâtes 500g,Alimentaire,35000,624,27,1011,1.78,Non,Non,11.9
2025-04-21,E02,Lyon-Sud,S02,Lyon,P004,Shampoing,Droguerie,35000,67,77,501,0.19,Oui,Non,27.6
2025-04-21,E02,Lyon-Sud,S02,Lyon,P005,Lessive,Droguerie,35000,384,57,996,1.1,Non,Non,10.2
2025-04-21,E02,Lyon-Sud,S02,Lyon,P006,T-shirt homme,Textile,35000,360,59,586,1.03,Non,Non,11.3
2025-04-21,E02,Lyon-Sud,S02,Lyon,P007,Jeans,Textile,35000,162,74,1023,0.46,Non,Non,21.3
2025-04-21,E02,Lyon-Sud,S02,Lyon,P008,Smartphone,Électronique,35000,570,76,1252,1.63,Non,Non,20.7
2025-04-21,E02,Lyon-Sud,S02,Lyon,P009,TV 4K,Électronique,35000,557,51,1319,1.59,Non,Non,25.4
2025-04-21,E02,Lyon-Sud,S02,Lyon,P010,Casque audio,Électronique,35000,300,85,1619,0.86,Non,Non,4.4
2025-04-21,E03,Marseille-Port,S03,Marseille,P001,Lait demi-écrémé,Alimentaire,30000,1020,92,1425,3.4,Non,Non,8.2
2025-04-21,E03,Marseille-Port,S03,Marseille,P002,Riz 1kg,Alimentaire,30000,819,67,1066,2.73,Non,Non,12.9
2025-04-21,E03,Marseille-Port,S03,Marseille,P003,Pâtes 500g,Alimentaire,30000,236,45,760,0.79,Non,Non,13.4
2025-04-21,E03,Marseille-Port,S03,Marseille,P004,Shampoing,Droguerie,30000,949,68,1325,3.16,Non,Non,18.5
2025-04-21,E03,Marseille-Port,S03,Marseille,P005,Lessive,Droguerie,30000,835,99,1583,2.78,Non,Non,9.2
2025-04-21,E03,Marseille-Port,S03,Marseille,P006,T-shirt homme,Textile,30000,381,29,764,1.27,Non,Non,17.9
2025-04-21,E03,Marseille-Port,S03,Marseille,P007,Jeans,Textile,30000,1365,92,1492,4.55,Non,Oui,27.2
2025-04-21,E03,Marseille-Port,S03,Marseille,P008,Smartphone,Électronique,30000,262,37,603,0.87,Non,Non,6.4
2025-04-21,E03,Marseille-Port,S03,Marseille,P009,TV 4K,Électronique,30000,377,87,1292,1.26,Non,Non,5.8
2025-04-21,E03,Marseille-Port,S03,Marseille,P010,Casque audio,Électronique,30000,1269,72,1654,4.23,Non,Non,4.7
2025-04-21,E04,Lille-Nord,S04,Lille,P001,Lait demi-écrémé,Alimentaire,28000,815,69,1353,2.91,Non,Non,3.1
2025-04-21,E04,Lille-Nord,S04,Lille,P002,Riz 1kg,Alimentaire,28000,1194,78,1665,4.26,Non,Non,12.8
2025-04-21,E04,Lille-Nord,S04,Lille,P003,Pâtes 500g,Alimentaire,28000,772,44,1206,2.76,Non,Non,18.7
2025-04-21,E04,Lille-Nord,S04,Lille,P004,Shampoing,Droguerie,28000,1346,95,1730,4.81,Non,Non,24.8
2025-04-21,E04,Lille-Nord,S04,Lille,P005,Lessive,Droguerie,28000,1620,95,1735,5.79,Non,Oui,28.6
2025-04-21,E04,Lille-Nord,S04,Lille,P006,T-shirt homme,Textile,28000,220,90,1007,0.79,Non,Non,10.3
2025-04-21,E04,Lille-Nord,S04,Lille,P007,Jeans,Textile,28000,818,90,1477,2.92,Non,Non,17.1
2025-04-21,E04,Lille-Nord,S04,Lille,P008,Smartphone,Électronique,28000,1014,79,1954,3.62,Non,Non,14.1
2025-04-21,E04,Lille-Nord,S04,Lille,P009,TV 4K,Électronique,28000,888,43,1262,3.17,Non,Non,1.4
2025-04-21,E04,Lille-Nord,S04,Lille,P010,Casque audio,Électronique,28000,260,35,1005,0.93,Non,Non,16.2
2025-04-21,E05,Toulouse-Ouest,S05,Toulouse,P001,Lait demi-écrémé,Alimentaire,25000,515,26,1571,2.06,Non,Non,27.0
2025-04-21,E05,Toulouse-Ouest,S05,Toulouse,P002,Riz 1kg,Alimentaire,25000,335,51,695,1.34,Non,Non,6.8
2025-04-21,E05,Toulouse-Ouest,S05,Toulouse,P003,Pâtes 500g,Alimentaire,25000,782,87,888,3.13,Non,Non,18.4
2025-04-21,E05,Toulouse-Ouest,S05,Toulouse,P004,Shampoing,Droguerie,25000,412,39,758,1.65,Non,Non,1.3
2025-04-21,E05,Toulouse-Ouest,S05,Toulouse,P005,Lessive,Droguerie,25000,296,20,636,1.18,Non,Non,9.6
2025-04-21,E05,Toulouse-Ouest,S05,Toulouse,P006,T-shirt homme,Textile,25000,300,79,1316,1.2,Non,Non,25.4
2025-04-21,E05,Toulouse-Ouest,S05,Toulouse,P007,Jeans,Textile,25000,464,28,1124,1.86,Non,Non,25.7
2025-04-21,E05,Toulouse-Ouest,S05,Toulouse,P008,Smartphone,Électronique,25000,1916,56,1997,7.66,Non,Oui,17.4
2025-04-21,E05,Toulouse-Ouest,S05,Toulouse,P009,TV 4K,Électronique,25000,242,47,1115,0.97,Non,Non,1.5
2025-04-21,E05,Toulouse-Ouest,S05,Toulouse,P010,Casque audio,Électronique,25000,1015,86,1677,4.06,Non,Non,10.3
2025-04-21,E06,Nice-Est,S06,Nice,P001,Lait demi-écrémé,Alimentaire,20000,271,89,1462,1.35,Non,Non,2.0
2025-04-21,E06,Nice-Est,S06,Nice,P002,Riz 1kg,Alimentaire,20000,890,98,1606,4.45,Non,Non,19.7
2025-04-21,E06,Nice-Est,S06,Nice,P003,Pâtes 500g,Alimentaire,20000,327,69,1108,1.64,Non,Non,22.5
2025-04-21,E06,Nice-Est,S06,Nice,P004,Shampoing,Droguerie,20000,23,37,1107,0.11,Oui,Non,10.6
2025-04-21,E06,Nice-Est,S06,Nice,P005,Lessive,Droguerie,20000,531,39,613,2.66,Non,Non,6.3
2025-04-21,E06,Nice-Est,S06,Nice,P006,T-shirt homme,Textile,20000,31,63,975,0.15,Oui,Non,17.5
2025-04-21,E06,Nice-Est,S06,Nice,P007,Jeans,Textile,20000,876,82,1373,4.38,Non,Non,18.7
2025-04-21,E06,Nice-Est,S06,Nice,P008,Smartphone,Électronique,20000,534,33,1774,2.67,Non,Non,17.2
2025-04-21,E06,Nice-Est,S06,Nice,P009,TV 4K,Électronique,20000,256,99,1320,1.28,Non,Non,27.5
2025-04-21,E06,Nice-Est,S06,Nice,P010,Casque audio,Électronique,20000,69,92,1616,0.34,Oui,Non,19.8
2025-04-21,E07,Bordeaux-Centre,S07,Bordeaux,P001,Lait demi-écrémé,Alimentaire,22000,1093,67,1323,4.97,Non,Non,4.8
2025-04-21,E07,Bordeaux-Centre,S07,Bordeaux,P002,Riz 1kg,Alimentaire,22000,485,20,674,2.2,Non,Non,20.1
2025-04-21,E07,Bordeaux-Centre,S07,Bordeaux,P003,Pâtes 500g,Alimentaire,22000,5,51,1786,0.02,Oui,Non,14.0
2025-04-21,E07,Bordeaux-Centre,S07,Bordeaux,P004,Shampoing,Droguerie,22000,205,72,1337,0.93,Non,Non,28.2
2025-04-21,E07,Bordeaux-Centre,S07,Bordeaux,P005,Lessive,Droguerie,22000,682,75,1671,3.1,Non,Non,29.4
2025-04-21,E07,Bordeaux-Centre,S07,Bordeaux,P006,T-shirt homme,Textile,22000,1500,39,1834,6.82,Non,Non,19.6
2025-04-21,E07,Bordeaux-Centre,S07,Bordeaux,P007,Jeans,Textile,22000,317,57,513,1.44,Non,Non,8.2
2025-04-21,E07,Bordeaux-Centre,S07,Bordeaux,P008,Smartphone,Électronique,22000,527,59,1505,2.4,Non,Non,4.5
2025-04-21,E07,Bordeaux-Centre,S07,Bordeaux,P009,TV 4K,Électronique,22000,461,40,1151,2.1,Non,Non,29.0
2025-04-21,E07,Bordeaux-Centre,S07,Bordeaux,P010,Casque audio,Électronique,22000,1352,44,1487,6.15,Non,Oui,18.9
2025-04-21,E08,Nantes-Atlantique,S08,Nantes,P001,Lait demi-écrémé,Alimentaire,24000,13,71,698,0.05,Oui,Non,2.5
2025-04-21,E08,Nantes-Atlantique,S08,Nantes,P002,Riz 1kg,Alimentaire,24000,402,82,1515,1.68,Non,Non,19.6
2025-04-21,E08,Nantes-Atlantique,S08,Nantes,P003,Pâtes 500g,Alimentaire,24000,716,29,1516,2.98,Non,Non,2.8
2025-04-21,E08,Nantes-Atlantique,S08,Nantes,P004,Shampoing,Droguerie,24000,589,73,676,2.45,Non,Non,23.1
2025-04-21,E08,Nantes-Atlantique,S08,Nantes,P005,Lessive,Droguerie,24000,150,42,592,0.62,Non,Non,21.2
2025-04-21,E08,Nantes-Atlantique,S08,Nantes,P006,T-shirt homme,Textile,24000,1223,99,1695,5.1,Non,Non,21.9
2025-04-21,E08,Nantes-Atlantique,S08,Nantes,P007,Jeans,Textile,24000,528,95,906,2.2,Non,Non,15.0
2025-04-21,E08,Nantes-Atlantique,S08,Nantes,P008,Smartphone,Électronique,24000,82,46,1441,0.34,Non,Non,6.5
2025-04-21,E08,Nantes-Atlantique,S08,Nantes,P009,TV 4K,Électronique,24000,635,43,1101,2.65,Non,Non,9.0
2025-04-21,E08,Nantes-Atlantique,S08,Nantes,P010,Casque audio,Électronique,24000,0,77,1086,0.0,Oui,Non,23.6
2025-04-28,E01,Paris-Rungis,S01,Paris,P001,Lait demi-écrémé,Alimentaire,50000,52,83,1383,0.1,Oui,Non,13.9
2025-04-28,E01,Paris-Rungis,S01,Paris,P002,Riz 1kg,Alimentaire,50000,263,88,1351,0.53,Non,Non,23.5
2025-04-28,E01,Paris-Rungis,S01,Paris,P003,Pâtes 500g,Alimentaire,50000,5,60,634,0.01,Oui,Non,21.1
2025-04-28,E01,Paris-Rungis,S01,Paris,P004,Shampoing,Droguerie,50000,658,80,1346,1.32,Non,Non,3.2
2025-04-28,E01,Paris-Rungis,S01,Paris,P005,Lessive,Droguerie,50000,482,97,646,0.96,Non,Non,19.3
2025-04-28,E01,Paris-Rungis,S01,Paris,P006,T-shirt homme,Textile,50000,183,91,1231,0.37,Non,Non,15.0
2025-04-28,E01,Paris-Rungis,S01,Paris,P007,Jeans,Textile,50000,340,50,1846,0.68,Non,Non,26.1
2025-04-28,E01,Paris-Rungis,S01,Paris,P008,Smartphone,Électronique,50000,160,95,1210,0.32,Non,Non,8.8
2025-04-28,E01,Paris-Rungis,S01,Paris,P009,TV 4K,Électronique,50000,261,69,894,0.52,Non,Non,2.1
2025-04-28,E01,Paris-Rungis,S01,Paris,P010,Casque audio,Électronique,50000,1627,29,1643,3.25,Non,Oui,11.3
2025-04-28,E02,Lyon-Sud,S02,Lyon,P001,Lait demi-écrémé,Alimentaire,35000,709,20,1205,2.03,Non,Non,16.8
2025-04-28,E02,Lyon-Sud,S02,Lyon,P002,Riz 1kg,Alimentaire,35000,1508,30,1992,4.31,Non,Non,24.4
2025-04-28,E02,Lyon-Sud,S02,Lyon,P003,Pâtes 500g,Alimentaire,35000,533,61,1425,1.52,Non,Non,8.9
2025-04-28,E02,Lyon-Sud,S02,Lyon,P004,Shampoing,Droguerie,35000,749,99,1303,2.14,Non,Non,8.2
2025-04-28,E02,Lyon-Sud,S02,Lyon,P005,Lessive,Droguerie,35000,96,34,1315,0.27,Non,Non,19.8
2025-04-28,E02,Lyon-Sud,S02,Lyon,P006,T-shirt homme,Textile,35000,25,80,505,0.07,Oui,Non,9.3
2025-04-28,E02,Lyon-Sud,S02,Lyon,P007,Jeans,Textile,35000,913,95,1003,2.61,Non,Oui,25.0
2025-04-28,E02,Lyon-Sud,S02,Lyon,P008,Smartphone,Électronique,35000,637,21,1968,1.82,Non,Non,10.2
2025-04-28,E02,Lyon-Sud,S02,Lyon,P009,TV 4K,Électronique,35000,552,59,740,1.58,Non,Non,9.0
2025-04-28,E02,Lyon-Sud,S02,Lyon,P010,Casque audio,Électronique,35000,618,22,1009,1.77,Non,Non,27.8
2025-04-28,E03,Marseille-Port,S03,Marseille,P001,Lait demi-écrémé,Alimentaire,30000,182,89,806,0.61,Non,Non,3.4
2025-04-28,E03,Marseille-Port,S03,Marseille,P002,Riz 1kg,Alimentaire,30000,214,89,549,0.71,Non,Non,18.1
2025-04-28,E03,Marseille-Port,S03,Marseille,P003,Pâtes 500g,Alimentaire,30000,785,70,828,2.62,Non,Oui,28.3
2025-04-28,E03,Marseille-Port,S03,Marseille,P004,Shampoing,Droguerie,30000,526,25,988,1.75,Non,Non,11.8
2025-04-28,E03,Marseille-Port,S03,Marseille,P005,Lessive,Droguerie,30000,817,89,1635,2.72,Non,Non,20.9
2025-04-28,E03,Marseille-Port,S03,Marseille,P006,T-shirt homme,Textile,30000,1420,55,1786,4.73,Non,Non,22.6
2025-04-28,E03,Marseille-Port,S03,Marseille,P007,Jeans,Textile,30000,1106,76,1593,3.69,Non,Non,1.4
2025-04-28,E03,Marseille-Port,S03,Marseille,P008,Smartphone,Électronique,30000,322,70,1158,1.07,Non,Non,18.6
2025-04-28,E03,Marseille-Port,S03,Marseille,P009,TV 4K,Électronique,30000,391,63,685,1.3,Non,Non,9.2
2025-04-28,E03,Marseille-Port,S03,Marseille,P010,Casque audio,Électronique,30000,1229,75,1952,4.1,Non,Non,7.0
2025-04-28,E04,Lille-Nord,S04,Lille,P001,Lait demi-écrémé,Alimentaire,28000,484,46,1979,1.73,Non,Non,10.9
2025-04-28,E04,Lille-Nord,S04,Lille,P002,Riz 1kg,Alimentaire,28000,204,73,770,0.73,Non,Non,2.6
2025-04-28,E04,Lille-Nord,S04,Lille,P003,Pâtes 500g,Alimentaire,28000,959,44,1738,3.43,Non,Non,9.7
2025-04-28,E04,Lille-Nord,S04,Lille,P004,Shampoing,Droguerie,28000,1038,22,1530,3.71,Non,Non,27.1
2025-04-28,E04,Lille-Nord,S04,Lille,P005,Lessive,Droguerie,28000,87,75,1498,0.31,Non,Non,15.7
2025-04-28,E04,Lille-Nord,S04,Lille,P006,T-shirt homme,Textile,28000,989,97,1643,3.53,Non,Non,29.8
2025-04-28,E04,Lille-Nord,S04,Lille,P007,Jeans,Textile,28000,344,25,1721,1.23,Non,Non,2.2
2025-04-28,E04,Lille-Nord,S04,Lille,P008,Smartphone,Électronique,28000,1432,35,1727,5.11,Non,Non,18.8
2025-04-28,E04,Lille-Nord,S04,Lille,P009,TV 4K,Électronique,28000,1684,89,1980,6.01,Non,Non,21.1
2025-04-28,E04,Lille-Nord,S04,Lille,P010,Casque audio,Électronique,28000,80,56,955,0.29,Non,Non,3.7
2025-04-28,E05,Toulouse-Ouest,S05,Toulouse,P001,Lait demi-écrémé,Alimentaire,25000,775,38,1298,3.1,Non,Non,3.9
2025-04-28,E05,Toulouse-Ouest,S05,Toulouse,P002,Riz 1kg,Alimentaire,25000,564,62,1600,2.26,Non,Non,17.1
2025-04-28,E05,Toulouse-Ouest,S05,Toulouse,P003,Pâtes 500g,Alimentaire,25000,351,91,596,1.4,Non,Non,5.7
2025-04-28,E05,Toulouse-Ouest,S05,Toulouse,P004,Shampoing,Droguerie,25000,190,71,993,0.76,Non,Non,20.1
2025-04-28,E05,Toulouse-Ouest,S05,Toulouse,P005,Lessive,Droguerie,25000,1343,34,1716,5.37,Non,Non,12.7
2025-04-28,E05,Toulouse-Ouest,S05,Toulouse,P006,T-shirt homme,Textile,25000,1400,57,1431,5.6,Non,Oui,20.5
2025-04-28,E05,Toulouse-Ouest,S05,Toulouse,P007,Jeans,Textile,25000,18,40,800,0.07,Oui,Non,10.1
2025-04-28,E05,Toulouse-Ouest,S05,Toulouse,P008,Smartphone,Électronique,25000,1388,96,1463,5.55,Non,Oui,1.2
2025-04-28,E05,Toulouse-Ouest,S05,Toulouse,P009,TV 4K,Électronique,25000,744,81,1058,2.98,Non,Non,21.6
2025-04-28,E05,Toulouse-Ouest,S05,Toulouse,P010,Casque audio,Électronique,25000,1429,57,1483,5.72,Non,Oui,28.8
2025-04-28,E06,Nice-Est,S06,Nice,P001,Lait demi-écrémé,Alimentaire,20000,1390,27,1589,6.95,Non,Non,26.9
2025-04-28,E06,Nice-Est,S06,Nice,P002,Riz 1kg,Alimentaire,20000,402,37,1811,2.01,Non,Non,3.3
2025-04-28,E06,Nice-Est,S06,Nice,P003,Pâtes 500g,Alimentaire,20000,799,28,1092,4.0,Non,Non,22.6
2025-04-28,E06,Nice-Est,S06,Nice,P004,Shampoing,Droguerie,20000,694,99,1672,3.47,Non,Non,22.1
2025-04-28,E06,Nice-Est,S06,Nice,P005,Lessive,Droguerie,20000,862,93,1057,4.31,Non,Non,26.4
2025-04-28,E06,Nice-Est,S06,Nice,P006,T-shirt homme,Textile,20000,835,82,1293,4.17,Non,Non,4.8
2025-04-28,E06,Nice-Est,S06,Nice,P007,Jeans,Textile,20000,254,72,868,1.27,Non,Non,10.5
2025-04-28,E06,Nice-Est,S06,Nice,P008,Smartphone,Électronique,20000,5,93,1269,0.03,Oui,Non,11.5
2025-04-28,E06,Nice-Est,S06,Nice,P009,TV 4K,Électronique,20000,767,21,782,3.84,Non,Oui,12.1
2025-04-28,E06,Nice-Est,S06,Nice,P010,Casque audio,Électronique,20000,33,88,1116,0.17,Oui,Non,4.8
2025-04-28,E07,Bordeaux-Centre,S07,Bordeaux,P001,Lait demi-écrémé,Alimentaire,22000,918,82,1637,4.17,Non,Non,1.2
2025-04-28,E07,Bordeaux-Centre,S07,Bordeaux,P002,Riz 1kg,Alimentaire,22000,821,69,1558,3.73,Non,Non,2.4
2025-04-28,E07,Bordeaux-Centre,S07,Bordeaux,P003,Pâtes 500g,Alimentaire,22000,484,26,1305,2.2,Non,Non,2.2
2025-04-28,E07,Bordeaux-Centre,S07,Bordeaux,P004,Shampoing,Droguerie,22000,444,70,988,2.02,Non,Non,25.0
2025-04-28,E07,Bordeaux-Centre,S07,Bordeaux,P005,Lessive,Droguerie,22000,132,67,590,0.6,Non,Non,22.2
2025-04-28,E07,Bordeaux-Centre,S07,Bordeaux,P006,T-shirt homme,Textile,22000,1296,31,1825,5.89,Non,Non,13.4
2025-04-28,E07,Bordeaux-Centre,S07,Bordeaux,P007,Jeans,Textile,22000,1116,21,1777,5.07,Non,Non,18.0
2025-04-28,E07,Bordeaux-Centre,S07,Bordeaux,P008,Smartphone,Électronique,22000,600,21,943,2.73,Non,Non,2.3
2025-04-28,E07,Bordeaux-Centre,S07,Bordeaux,P009,TV 4K,Électronique,22000,60,35,837,0.27,Non,Non,24.4
2025-04-28,E07,Bordeaux-Centre,S07,Bordeaux,P010,Casque audio,Électronique,22000,59,50,1808,0.27,Non,Non,5.2
2025-04-28,E08,Nantes-Atlantique,S08,Nantes,P001,Lait demi-écrémé,Alimentaire,24000,268,37,547,1.12,Non,Non,10.8
2025-04-28,E08,Nantes-Atlantique,S08,Nantes,P002,Riz 1kg,Alimentaire,24000,759,45,1442,3.16,Non,Non,17.5
2025-04-28,E08,Nantes-Atlantique,S08,Nantes,P003,Pâtes 500g,Alimentaire,24000,473,96,1250,1.97,Non,Non,25.9
2025-04-28,E08,Nantes-Atlantique,S08,Nantes,P004,Shampoing,Droguerie,24000,1688,93,1829,7.03,Non,Oui,6.4
2025-04-28,E08,Nantes-Atlantique,S08,Nantes,P005,Lessive,Droguerie,24000,50,70,585,0.21,Oui,Non,19.1
2025-04-28,E08,Nantes-Atlantique,S08,Nantes,P006,T-shirt homme,Textile,24000,88,88,1381,0.37,Non,Non,4.9
2025-04-28,E08,Nantes-Atlantique,S08,Nantes,P007,Jeans,Textile,24000,1009,79,1214,4.2,Non,Non,28.1
2025-04-28,E08,Nantes-Atlantique,S08,Nantes,P008,Smartphone,Électronique,24000,559,61,1027,2.33,Non,Non,29.5
2025-04-28,E08,Nantes-Atlantique,S08,Nantes,P009,TV 4K,Électronique,24000,44,95,780,0.18,Oui,Non,10.3
2025-04-28,E08,Nantes-Atlantique,S08,Nantes,P010,Casque audio,Électronique,24000,576,91,1738,2.4,Non,Non,21.1
2025-05-05,E01,Paris-Rungis,S01,Paris,P001,Lait demi-écrémé,Alimentaire,50000,526,62,961,1.05,Non,Non,3.6
2025-05-05,E01,Paris-Rungis,S01,Paris,P002,Riz 1kg,Alimentaire,50000,123,91,533,0.25,Non,Non,21.8
2025-05-05,E01,Paris-Rungis,S01,Paris,P003,Pâtes 500g,Alimentaire,50000,712,96,1297,1.42,Non,Non,19.2
2025-05-05,E01,Paris-Rungis,S01,Paris,P004,Shampoing,Droguerie,50000,290,87,932,0.58,Non,Non,26.7
2025-05-05,E01,Paris-Rungis,S01,Paris,P005,Lessive,Droguerie,50000,815,56,1176,1.63,Non,Non,29.4
2025-05-05,E01,Paris-Rungis,S01,Paris,P006,T-shirt homme,Textile,50000,611,40,843,1.22,Non,Non,24.0
2025-05-05,E01,Paris-Rungis,S01,Paris,P007,Jeans,Textile,50000,126,67,805,0.25,Non,Non,15.3
2025-05-05,E01,Paris-Rungis,S01,Paris,P008,Smartphone,Électronique,50000,322,83,607,0.64,Non,Non,21.3
2025-05-05,E01,Paris-Rungis,S01,Paris,P009,TV 4K,Électronique,50000,240,68,524,0.48,Non,Non,29.1
2025-05-05,E01,Paris-Rungis,S01,Paris,P010,Casque audio,Électronique,50000,430,72,710,0.86,Non,Non,25.4
2025-05-05,E02,Lyon-Sud,S02,Lyon,P001,Lait demi-écrémé,Alimentaire,35000,866,59,1609,2.47,Non,Non,1.9
2025-05-05,E02,Lyon-Sud,S02,Lyon,P002,Riz 1kg,Alimentaire,35000,919,21,1106,2.63,Non,Non,26.0
2025-05-05,E02,Lyon-Sud,S02,Lyon,P003,Pâtes 500g,Alimentaire,35000,831,39,1363,2.37,Non,Non,1.5
2025-05-05,E02,Lyon-Sud,S02,Lyon,P004,Shampoing,Droguerie,35000,128,45,1223,0.37,Non,Non,11.6
2025-05-05,E02,Lyon-Sud,S02,Lyon,P005,Lessive,Droguerie,35000,72,66,555,0.21,Non,Non,11.9
2025-05-05,E02,Lyon-Sud,S02,Lyon,P006,T-shirt homme,Textile,35000,8,45,1894,0.02,Oui,Non,3.0
2025-05-05,E02,Lyon-Sud,S02,Lyon,P007,Jeans,Textile,35000,1486,49,1891,4.25,Non,Non,19.4
2025-05-05,E02,Lyon-Sud,S02,Lyon,P008,Smartphone,Électronique,35000,1017,31,1366,2.91,Non,Non,24.5
2025-05-05,E02,Lyon-Sud,S02,Lyon,P009,TV 4K,Électronique,35000,110,60,1366,0.31,Non,Non,11.1
2025-05-05,E02,Lyon-Sud,S02,Lyon,P010,Casque audio,Électronique,35000,126,76,1671,0.36,Non,Non,11.8
2025-05-05,E03,Marseille-Port,S03,Marseille,P001,Lait demi-écrémé,Alimentaire,30000,618,42,1023,2.06,Non,Non,3.2
2025-05-05,E03,Marseille-Port,S03,Marseille,P002,Riz 1kg,Alimentaire,30000,668,51,1709,2.23,Non,Non,9.9
2025-05-05,E03,Marseille-Port,S03,Marseille,P003,Pâtes 500g,Alimentaire,30000,115,92,1043,0.38,Non,Non,21.6
2025-05-05,E03,Marseille-Port,S03,Marseille,P004,Shampoing,Droguerie,30000,1526,53,1998,5.09,Non,Non,11.6
2025-05-05,E03,Marseille-Port,S03,Marseille,P005,Lessive,Droguerie,30000,1662,32,1892,5.54,Non,Non,10.3
2025-05-05,E03,Marseille-Port,S03,Marseille,P006,T-shirt homme,Textile,30000,111,79,1695,0.37,Non,Non,10.3
2025-05-05,E03,Marseille-Port,S03,Marseille,P007,Jeans,Textile,30000,586,78,752,1.95,Non,Non,28.1
2025-05-05,E03,Marseille-Port,S03,Marseille,P008,Smartphone,Électronique,30000,1074,30,1816,3.58,Non,Non,19.5
2025-05-05,E03,Marseille-Port,S03,Marseille,P009,TV 4K,Électronique,30000,890,88,1314,2.97,Non,Non,29.0
2025-05-05,E03,Marseille-Port,S03,Marseille,P010,Casque audio,Électronique,30000,828,58,1971,2.76,Non,Non,17.8
2025-05-05,E04,Lille-Nord,S04,Lille,P001,Lait demi-écrémé,Alimentaire,28000,795,74,1176,2.84,Non,Non,26.7
2025-05-05,E04,Lille-Nord,S04,Lille,P002,Riz 1kg,Alimentaire,28000,199,90,981,0.71,Non,Non,26.6
2025-05-05,E04,Lille-Nord,S04,Lille,P003,Pâtes 500g,Alimentaire,28000,540,97,1513,1.93,Non,Non,19.2
2025-05-05,E04,Lille-Nord,S04,Lille,P004,Shampoing,Droguerie,28000,810,91,1442,2.89,Non,Non,16.9
2025-05-05,E04,Lille-Nord,S04,Lille,P005,Lessive,Droguerie,28000,959,20,1266,3.43,Non,Non,2.4
2025-05-05,E04,Lille-Nord,S04,Lille,P006,T-shirt homme,Textile,28000,763,43,997,2.73,Non,Non,21.1
2025-05-05,E04,Lille-Nord,S04,Lille,P007,Jeans,Textile,28000,181,80,1997,0.65,Non,Non,16.7
2025-05-05,E04,Lille-Nord,S04,Lille,P008,Smartphone,Électronique,28000,102,51,512,0.36,Non,Non,17.3
2025-05-05,E04,Lille-Nord,S04,Lille,P009,TV 4K,Électronique,28000,368,40,552,1.31,Non,Non,13.5
2025-05-05,E04,Lille-Nord,S04,Lille,P010,Casque audio,Électronique,28000,194,50,944,0.69,Non,Non,25.7
2025-05-05,E05,Toulouse-Ouest,S05,Toulouse,P001,Lait demi-écrémé,Alimentaire,25000,1446,38,1913,5.78,Non,Non,18.5
2025-05-05,E05,Toulouse-Ouest,S05,Toulouse,P002,Riz 1kg,Alimentaire,25000,805,81,935,3.22,Non,Non,20.8
2025-05-05,E05,Toulouse-Ouest,S05,Toulouse,P003,Pâtes 500g,Alimentaire,25000,829,46,1658,3.32,Non,Non,9.4
2025-05-05,E05,Toulouse-Ouest,S05,Toulouse,P004,Shampoing,Droguerie,25000,574,25,881,2.3,Non,Non,27.7
2025-05-05,E05,Toulouse-Ouest,S05,Toulouse,P005,Lessive,Droguerie,25000,781,61,991,3.12,Non,Non,5.8
2025-05-05,E05,Toulouse-Ouest,S05,Toulouse,P006,T-shirt homme,Textile,25000,770,70,1442,3.08,Non,Non,18.9
2025-05-05,E05,Toulouse-Ouest,S05,Toulouse,P007,Jeans,Textile,25000,382,95,1836,1.53,Non,Non,8.5
2025-05-05,E05,Toulouse-Ouest,S05,Toulouse,P008,Smartphone,Électronique,25000,484,76,1469,1.94,Non,Non,19.0
2025-05-05,E05,Toulouse-Ouest,S05,Toulouse,P009,TV 4K,Électronique,25000,738,40,958,2.95,Non,Non,16.5
2025-05-05,E05,Toulouse-Ouest,S05,Toulouse,P010,Casque audio,Électronique,25000,288,63,1834,1.15,Non,Non,2.4
2025-05-05,E06,Nice-Est,S06,Nice,P001,Lait demi-écrémé,Alimentaire,20000,373,50,1904,1.86,Non,Non,1.6
2025-05-05,E06,Nice-Est,S06,Nice,P002,Riz 1kg,Alimentaire,20000,705,32,1014,3.52,Non,Non,29.8
2025-05-05,E06,Nice-Est,S06,Nice,P003,Pâtes 500g,Alimentaire,20000,1263,28,1366,6.31,Non,Oui,6.5
2025-05-05,E06,Nice-Est,S06,Nice,P004,Shampoing,Droguerie,20000,571,42,1557,2.85,Non,Non,9.5
2025-05-05,E06,Nice-Est,S06,Nice,P005,Lessive,Droguerie,20000,1013,47,1108,5.07,Non,Oui,20.1
2025-05-05,E06,Nice-Est,S06,Nice,P006,T-shirt homme,Textile,20000,1075,97,1710,5.38,Non,Non,5.3
2025-05-05,E06,Nice-Est,S06,Nice,P007,Jeans,Textile,20000,494,97,518,2.47,Non,Oui,10.6
2025-05-05,E06,Nice-Est,S06,Nice,P008,Smartphone,Électronique,20000,336,61,672,1.68,Non,Non,25.4
2025-05-05,E06,Nice-Est,S06,Nice,P009,TV 4K,Électronique,20000,398,63,759,1.99,Non,Non,2.7
2025-05-05,E06,Nice-Est,S06,Nice,P010,Casque audio,Électronique,20000,893,76,1162,4.46,Non,Non,17.5
2025-05-05,E07,Bordeaux-Centre,S07,Bordeaux,P001,Lait demi-écrémé,Alimentaire,22000,142,97,1774,0.65,Non,Non,6.9
2025-05-05,E07,Bordeaux-Centre,S07,Bordeaux,P002,Riz 1kg,Alimentaire,22000,30,48,754,0.14,Oui,Non,1.1
2025-05-05,E07,Bordeaux-Centre,S07,Bordeaux,P003,Pâtes 500g,Alimentaire,22000,503,70,1082,2.29,Non,Non,7.2
2025-05-05,E07,Bordeaux-Centre,S07,Bordeaux,P004,Shampoing,Droguerie,22000,792,39,877,3.6,Non,Oui,23.0
2025-05-05,E07,Bordeaux-Centre,S07,Bordeaux,P005,Lessive,Droguerie,22000,1595,100,1984,7.25,Non,Non,5.4
2025-05-05,E07,Bordeaux-Centre,S07,Bordeaux,P006,T-shirt homme,Textile,22000,920,36,1509,4.18,Non,Non,14.6
2025-05-05,E07,Bordeaux-Centre,S07,Bordeaux,P007,Jeans,Textile,22000,77,47,917,0.35,Non,Non,13.0
2025-05-05,E07,Bordeaux-Centre,S07,Bordeaux,P008,Smartphone,Électronique,22000,69,84,1933,0.31,Oui,Non,28.7
2025-05-05,E07,Bordeaux-Centre,S07,Bordeaux,P009,TV 4K,Électronique,22000,979,71,1111,4.45,Non,Non,1.8
2025-05-05,E07,Bordeaux-Centre,S07,Bordeaux,P010,Casque audio,Électronique,22000,106,76,507,0.48,Non,Non,17.2
2025-05-05,E08,Nantes-Atlantique,S08,Nantes,P001,Lait demi-écrémé,Alimentaire,24000,387,26,987,1.61,Non,Non,24.1
2025-05-05,E08,Nantes-Atlantique,S08,Nantes,P002,Riz 1kg,Alimentaire,24000,641,62,1758,2.67,Non,Non,5.9
2025-05-05,E08,Nantes-Atlantique,S08,Nantes,P003,Pâtes 500g,Alimentaire,24000,277,84,1123,1.15,Non,Non,19.3
2025-05-05,E08,Nantes-Atlantique,S08,Nantes,P004,Shampoing,Droguerie,24000,1687,30,1990,7.03,Non,Non,2.1
2025-05-05,E08,Nantes-Atlantique,S08,Nantes,P005,Lessive,Droguerie,24000,609,80,1950,2.54,Non,Non,22.1
2025-05-05,E08,Nantes-Atlantique,S08,Nantes,P006,T-shirt homme,Textile,24000,553,36,1515,2.3,Non,Non,1.5
2025-05-05,E08,Nantes-Atlantique,S08,Nantes,P007,Jeans,Textile,24000,751,75,1469,3.13,Non,Non,15.7
2025-05-05,E08,Nantes-Atlantique,S08,Nantes,P008,Smartphone,Électronique,24000,860,74,1428,3.58,Non,Non,5.0
2025-05-05,E08,Nantes-Atlantique,S08,Nantes,P009,TV 4K,Électronique,24000,431,92,504,1.8,Non,Non,27.9
2025-05-05,E08,Nantes-Atlantique,S08,Nantes,P010,Casque audio,Électronique,24000,40,40,528,0.17,Non,Non,8.1
2025-05-12,E01,Paris-Rungis,S01,Paris,P001,Lait demi-écrémé,Alimentaire,50000,824,71,890,1.65,Non,Oui,15.7
2025-05-12,E01,Paris-Rungis,S01,Paris,P002,Riz 1kg,Alimentaire,50000,1734,65,1799,3.47,Non,Oui,24.0
2025-05-12,E01,Paris-Rungis,S01,Paris,P003,Pâtes 500g,Alimentaire,50000,843,71,1037,1.69,Non,Non,22.1
2025-05-12,E01,Paris-Rungis,S01,Paris,P004,Shampoing,Droguerie,50000,917,56,1674,1.83,Non,Non,8.8
2025-05-12,E01,Paris-Rungis,S01,Paris,P005,Lessive,Droguerie,50000,1322,96,1494,2.64,Non,Non,18.0
2025-05-12,E01,Paris-Rungis,S01,Paris,P006,T-shirt homme,Textile,50000,445,33,1570,0.89,Non,Non,29.4
2025-05-12,E01,Paris-Rungis,S01,Paris,P007,Jeans,Textile,50000,992,93,1891,1.98,Non,Non,22.7
2025-05-12,E01,Paris-Rungis,S01,Paris,P008,Smartphone,Électronique,50000,568,89,1950,1.14,Non,Non,25.4
2025-05-12,E01,Paris-Rungis,S01,Paris,P009,TV 4K,Électronique,50000,263,96,658,0.53,Non,Non,18.4
2025-05-12,E01,Paris-Rungis,S01,Paris,P010,Casque audio,Électronique,50000,70,84,1375,0.14,Oui,Non,18.1
2025-05-12,E02,Lyon-Sud,S02,Lyon,P001,Lait demi-écrémé,Alimentaire,35000,642,99,1145,1.83,Non,Non,1.4
2025-05-12,E02,Lyon-Sud,S02,Lyon,P002,Riz 1kg,Alimentaire,35000,1438,56,1723,4.11,Non,Non,24.2
2025-05-12,E02,Lyon-Sud,S02,Lyon,P003,Pâtes 500g,Alimentaire,35000,426,46,792,1.22,Non,Non,23.5
2025-05-12,E02,Lyon-Sud,S02,Lyon,P004,Shampoing,Droguerie,35000,443,75,1107,1.27,Non,Non,4.7
2025-05-12,E02,Lyon-Sud,S02,Lyon,P005,Lessive,Droguerie,35000,526,48,1709,1.5,Non,Non,26.9
2025-05-12,E02,Lyon-Sud,S02,Lyon,P006,T-shirt homme,Textile,35000,103,32,767,0.29,Non,Non,5.6
2025-05-12,E02,Lyon-Sud,S02,Lyon,P007,Jeans,Textile,35000,1441,90,1699,4.12,Non,Non,28.1
2025-05-12,E02,Lyon-Sud,S02,Lyon,P008,Smartphone,Électronique,35000,152,88,1833,0.43,Non,Non,20.2
2025-05-12,E02,Lyon-Sud,S02,Lyon,P009,TV 4K,Électronique,35000,590,33,1174,1.69,Non,Non,17.3
2025-05-12,E02,Lyon-Sud,S02,Lyon,P010,Casque audio,Électronique,35000,257,63,966,0.73,Non,Non,1.5
2025-05-12,E03,Marseille-Port,S03,Marseille,P001,Lait demi-écrémé,Alimentaire,30000,701,29,873,2.34,Non,Non,14.1
2025-05-12,E03,Marseille-Port,S03,Marseille,P002,Riz 1kg,Alimentaire,30000,197,40,781,0.66,Non,Non,24.7
2025-05-12,E03,Marseille-Port,S03,Marseille,P003,Pâtes 500g,Alimentaire,30000,1874,87,1940,6.25,Non,Oui,9.8
2025-05-12,E03,Marseille-Port,S03,Marseille,P004,Shampoing,Droguerie,30000,353,83,1114,1.18,Non,Non,25.0
2025-05-12,E03,Marseille-Port,S03,Marseille,P005,Lessive,Droguerie,30000,814,40,1198,2.71,Non,Non,21.7
2025-05-12,E03,Marseille-Port,S03,Marseille,P006,T-shirt homme,Textile,30000,1006,84,1925,3.35,Non,Non,2.9
2025-05-12,E03,Marseille-Port,S03,Marseille,P007,Jeans,Textile,30000,1077,85,1526,3.59,Non,Non,5.1
2025-05-12,E03,Marseille-Port,S03,Marseille,P008,Smartphone,Électronique,30000,461,36,919,1.54,Non,Non,16.2
2025-05-12,E03,Marseille-Port,S03,Marseille,P009,TV 4K,Électronique,30000,989,89,1829,3.3,Non,Non,2.7
2025-05-12,E03,Marseille-Port,S03,Marseille,P010,Casque audio,Électronique,30000,138,89,1094,0.46,Non,Non,12.3
2025-05-12,E04,Lille-Nord,S04,Lille,P001,Lait demi-écrémé,Alimentaire,28000,157,26,1287,0.56,Non,Non,29.6
2025-05-12,E04,Lille-Nord,S04,Lille,P002,Riz 1kg,Alimentaire,28000,1481,45,1929,5.29,Non,Non,8.4
2025-05-12,E04,Lille-Nord,S04,Lille,P003,Pâtes 500g,Alimentaire,28000,626,67,1320,2.24,Non,Non,14.6
2025-05-12,E04,Lille-Nord,S04,Lille,P004,Shampoing,Droguerie,28000,1098,93,1727,3.92,Non,Non,29.2
2025-05-12,E04,Lille-Nord,S04,Lille,P005,Lessive,Droguerie,28000,50,54,1301,0.18,Oui,Non,22.8
2025-05-12,E04,Lille-Nord,S04,Lille,P006,T-shirt homme,Textile,28000,877,61,1555,3.13,Non,Non,20.9
2025-05-12,E04,Lille-Nord,S04,Lille,P007,Jeans,Textile,28000,792,99,1051,2.83,Non,Non,6.6
2025-05-12,E04,Lille-Nord,S04,Lille,P008,Smartphone,Électronique,28000,994,89,994,3.55,Non,Oui,1.1
2025-05-12,E04,Lille-Nord,S04,Lille,P009,TV 4K,Électronique,28000,315,99,1410,1.12,Non,Non,6.8
2025-05-12,E04,Lille-Nord,S04,Lille,P010,Casque audio,Électronique,28000,556,35,603,1.99,Non,Oui,2.7
2025-05-12,E05,Toulouse-Ouest,S05,Toulouse,P001,Lait demi-écrémé,Alimentaire,25000,171,38,1354,0.68,Non,Non,12.1
2025-05-12,E05,Toulouse-Ouest,S05,Toulouse,P002,Riz 1kg,Alimentaire,25000,101,36,515,0.4,Non,Non,13.1
2025-05-12,E05,Toulouse-Ouest,S05,Toulouse,P003,Pâtes 500g,Alimentaire,25000,920,65,1152,3.68,Non,Non,20.8
2025-05-12,E05,Toulouse-Ouest,S05,Toulouse,P004,Shampoing,Droguerie,25000,676,72,1068,2.7,Non,Non,15.5
2025-05-12,E05,Toulouse-Ouest,S05,Toulouse,P005,Lessive,Droguerie,25000,660,86,1316,2.64,Non,Non,10.5
2025-05-12,E05,Toulouse-Ouest,S05,Toulouse,P006,T-shirt homme,Textile,25000,721,65,1510,2.88,Non,Non,3.9
2025-05-12,E05,Toulouse-Ouest,S05,Toulouse,P007,Jeans,Textile,25000,481,42,1021,1.92,Non,Non,13.5
2025-05-12,E05,Toulouse-Ouest,S05,Toulouse,P008,Smartphone,Électronique,25000,53,20,514,0.21,Non,Non,12.2
2025-05-12,E05,Toulouse-Ouest,S05,Toulouse,P009,TV 4K,Électronique,25000,1067,77,1191,4.27,Non,Non,23.8
2025-05-12,E05,Toulouse-Ouest,S05,Toulouse,P010,Casque audio,Électronique,25000,271,73,1587,1.08,Non,Non,9.4
2025-05-12,E06,Nice-Est,S06,Nice,P001,Lait demi-écrémé,Alimentaire,20000,146,27,1231,0.73,Non,Non,13.0
2025-05-12,E06,Nice-Est,S06,Nice,P002,Riz 1kg,Alimentaire,20000,332,65,1022,1.66,Non,Non,4.1
2025-05-12,E06,Nice-Est,S06,Nice,P003,Pâtes 500g,Alimentaire,20000,619,42,1025,3.09,Non,Non,8.5
2025-05-12,E06,Nice-Est,S06,Nice,P004,Shampoing,Droguerie,20000,1252,85,1705,6.26,Non,Non,14.7
2025-05-12,E06,Nice-Est,S06,Nice,P005,Lessive,Droguerie,20000,73,57,510,0.36,Non,Non,24.2
2025-05-12,E06,Nice-Est,S06,Nice,P006,T-shirt homme,Textile,20000,541,45,912,2.71,Non,Non,12.8
2025-05-12,E06,Nice-Est,S06,Nice,P007,Jeans,Textile,20000,34,88,1372,0.17,Oui,Non,15.9
2025-05-12,E06,Nice-Est,S06,Nice,P008,Smartphone,Électronique,20000,962,49,1151,4.81,Non,Non,26.2
2025-05-12,E06,Nice-Est,S06,Nice,P009,TV 4K,Électronique,20000,40,28,1426,0.2,Non,Non,28.8
2025-05-12,E06,Nice-Est,S06,Nice,P010,Casque audio,Électronique,20000,46,72,897,0.23,Oui,Non,26.6
2025-05-12,E07,Bordeaux-Centre,S07,Bordeaux,P001,Lait demi-écrémé,Alimentaire,22000,315,58,1048,1.43,Non,Non,27.6
2025-05-12,E07,Bordeaux-Centre,S07,Bordeaux,P002,Riz 1kg,Alimentaire,22000,842,85,1816,3.83,Non,Non,2.8
2025-05-12,E07,Bordeaux-Centre,S07,Bordeaux,P003,Pâtes 500g,Alimentaire,22000,681,25,1920,3.1,Non,Non,22.2
2025-05-12,E07,Bordeaux-Centre,S07,Bordeaux,P004,Shampoing,Droguerie,22000,1507,89,1752,6.85,Non,Non,16.5
2025-05-12,E07,Bordeaux-Centre,S07,Bordeaux,P005,Lessive,Droguerie,22000,1591,23,1746,7.23,Non,Oui,26.3
2025-05-12,E07,Bordeaux-Centre,S07,Bordeaux,P006,T-shirt homme,Textile,22000,275,28,935,1.25,Non,Non,20.4
2025-05-12,E07,Bordeaux-Centre,S07,Bordeaux,P007,Jeans,Textile,22000,1577,21,1695,7.17,Non,Oui,13.6
2025-05-12,E07,Bordeaux-Centre,S07,Bordeaux,P008,Smartphone,Électronique,22000,974,28,1743,4.43,Non,Non,18.3
2025-05-12,E07,Bordeaux-Centre,S07,Bordeaux,P009,TV 4K,Électronique,22000,276,93,1497,1.25,Non,Non,25.4
2025-05-12,E07,Bordeaux-Centre,S07,Bordeaux,P010,Casque audio,Électronique,22000,568,63,813,2.58,Non,Non,8.8
2025-05-12,E08,Nantes-Atlantique,S08,Nantes,P001,Lait demi-écrémé,Alimentaire,24000,797,46,1242,3.32,Non,Non,18.7
2025-05-12,E08,Nantes-Atlantique,S08,Nantes,P002,Riz 1kg,Alimentaire,24000,305,87,526,1.27,Non,Non,10.2
2025-05-12,E08,Nantes-Atlantique,S08,Nantes,P003,Pâtes 500g,Alimentaire,24000,419,25,1450,1.75,Non,Non,11.3
2025-05-12,E08,Nantes-Atlantique,S08,Nantes,P004,Shampoing,Droguerie,24000,1007,68,1915,4.2,Non,Non,9.7
2025-05-12,E08,Nantes-Atlantique,S08,Nantes,P005,Lessive,Droguerie,24000,329,85,529,1.37,Non,Non,15.4
2025-05-12,E08,Nantes-Atlantique,S08,Nantes,P006,T-shirt homme,Textile,24000,514,48,1673,2.14,Non,Non,20.6
2025-05-12,E08,Nantes-Atlantique,S08,Nantes,P007,Jeans,Textile,24000,1696,63,1697,7.07,Non,Oui,19.2
2025-05-12,E08,Nantes-Atlantique,S08,Nantes,P008,Smartphone,Électronique,24000,143,90,592,0.6,Non,Non,20.1
2025-05-12,E08,Nantes-Atlantique,S08,Nantes,P009,TV 4K,Électronique,24000,86,75,502,0.36,Non,Non,21.8
2025-05-12,E08,Nantes-Atlantique,S08,Nantes,P010,Casque audio,Électronique,24000,301,52,1053,1.25,Non,Non,19.9
2025-05-19,E01,Paris-Rungis,S01,Paris,P001,Lait demi-écrémé,Alimentaire,50000,92,25,977,0.18,Non,Non,11.3
2025-05-19,E01,Paris-Rungis,S01,Paris,P002,Riz 1kg,Alimentaire,50000,1562,87,1729,3.12,Non,Oui,5.1
2025-05-19,E01,Paris-Rungis,S01,Paris,P003,Pâtes 500g,Alimentaire,50000,35,86,1074,0.07,Oui,Non,14.6
2025-05-19,E01,Paris-Rungis,S01,Paris,P004,Shampoing,Droguerie,50000,41,59,814,0.08,Oui,Non,7.6
2025-05-19,E01,Paris-Rungis,S01,Paris,P005,Lessive,Droguerie,50000,1361,92,1401,2.72,Non,Oui,14.3
2025-05-19,E01,Paris-Rungis,S01,Paris,P006,T-shirt homme,Textile,50000,894,56,1590,1.79,Non,Non,14.3
2025-05-19,E01,Paris-Rungis,S01,Paris,P007,Jeans,Textile,50000,232,98,1248,0.46,Non,Non,20.0
2025-05-19,E01,Paris-Rungis,S01,Paris,P008,Smartphone,Électronique,50000,871,28,1551,1.74,Non,Non,22.4
2025-05-19,E01,Paris-Rungis,S01,Paris,P009,TV 4K,Électronique,50000,325,86,1977,0.65,Non,Non,6.8
2025-05-19,E01,Paris-Rungis,S01,Paris,P010,Casque audio,Électronique,50000,1545,84,1569,3.09,Non,Oui,22.0
2025-05-19,E02,Lyon-Sud,S02,Lyon,P001,Lait demi-écrémé,Alimentaire,35000,1064,97,1155,3.04,Non,Oui,26.3
2025-05-19,E02,Lyon-Sud,S02,Lyon,P002,Riz 1kg,Alimentaire,35000,217,85,1066,0.62,Non,Non,17.5
2025-05-19,E02,Lyon-Sud,S02,Lyon,P003,Pâtes 500g,Alimentaire,35000,662,40,1001,1.89,Non,Non,23.2
2025-05-19,E02,Lyon-Sud,S02,Lyon,P004,Shampoing,Droguerie,35000,63,41,1379,0.18,Non,Non,22.4
2025-05-19,E02,Lyon-Sud,S02,Lyon,P005,Lessive,Droguerie,35000,1123,66,1979,3.21,Non,Non,11.9
2025-05-19,E02,Lyon-Sud,S02,Lyon,P006,T-shirt homme,Textile,35000,339,99,1073,0.97,Non,Non,14.3
2025-05-19,E02,Lyon-Sud,S02,Lyon,P007,Jeans,Textile,35000,1057,81,1099,3.02,Non,Oui,7.1
2025-05-19,E02,Lyon-Sud,S02,Lyon,P008,Smartphone,Électronique,35000,716,76,894,2.05,Non,Non,1.1
2025-05-19,E02,Lyon-Sud,S02,Lyon,P009,TV 4K,Électronique,35000,863,71,872,2.47,Non,Oui,18.1
2025-05-19,E02,Lyon-Sud,S02,Lyon,P010,Casque audio,Électronique,35000,188,31,1260,0.54,Non,Non,29.5
2025-05-19,E03,Marseille-Port,S03,Marseille,P001,Lait demi-écrémé,Alimentaire,30000,479,87,684,1.6,Non,Non,16.7
2025-05-19,E03,Marseille-Port,S03,Marseille,P002,Riz 1kg,Alimentaire,30000,300,39,1103,1.0,Non,Non,26.7
2025-05-19,E03,Marseille-Port,S03,Marseille,P003,Pâtes 500g,Alimentaire,30000,1153,66,1196,3.84,Non,Oui,10.1
2025-05-19,E03,Marseille-Port,S03,Marseille,P004,Shampoing,Droguerie,30000,1215,99,1623,4.05,Non,Non,25.2
2025-05-19,E03,Marseille-Port,S03,Marseille,P005,Lessive,Droguerie,30000,241,73,812,0.8,Non,Non,4.9
2025-05-19,E03,Marseille-Port,S03,Marseille,P006,T-shirt homme,Textile,30000,669,38,950,2.23,Non,Non,14.7
2025-05-19,E03,Marseille-Port,S03,Marseille,P007,Jeans,Textile,30000,1029,77,1779,3.43,Non,Non,28.4
2025-05-19,E03,Marseille-Port,S03,Marseille,P008,Smartphone,Électronique,30000,175,23,810,0.58,Non,Non,7.6
2025-05-19,E03,Marseille-Port,S03,Marseille,P009,TV 4K,Électronique,30000,36,93,615,0.12,Oui,Non,21.5
2025-05-19,E03,Marseille-Port,S03,Marseille,P010,Casque audio,Électronique,30000,558,74,1147,1.86,Non,Non,26.3
2025-05-19,E04,Lille-Nord,S04,Lille,P001,Lait demi-écrémé,Alimentaire,28000,1306,89,1785,4.66,Non,Non,14.0
2025-05-19,E04,Lille-Nord,S04,Lille,P002,Riz 1kg,Alimentaire,28000,954,90,1074,3.41,Non,Non,29.5
2025-05-19,E04,Lille-Nord,S04,Lille,P003,Pâtes 500g,Alimentaire,28000,531,94,1161,1.9,Non,Non,3.0
2025-05-19,E04,Lille-Nord,S04,Lille,P004,Shampoing,Droguerie,28000,1016,76,1361,3.63,Non,Non,10.1
2025-05-19,E04,Lille-Nord,S04,Lille,P005,Lessive,Droguerie,28000,1074,45,1715,3.84,Non,Non,3.2
2025-05-19,E04,Lille-Nord,S04,Lille,P006,T-shirt homme,Textile,28000,1278,89,1607,4.56,Non,Non,20.9
2025-05-19,E04,Lille-Nord,S04,Lille,P007,Jeans,Textile,28000,473,77,930,1.69,Non,Non,15.9
2025-05-19,E04,Lille-Nord,S04,Lille,P008,Smartphone,Électronique,28000,132,65,1694,0.47,Non,Non,10.3
2025-05-19,E04,Lille-Nord,S04,Lille,P009,TV 4K,Électronique,28000,571,97,618,2.04,Non,Oui,17.8
2025-05-19,E04,Lille-Nord,S04,Lille,P010,Casque audio,Électronique,28000,1246,67,1544,4.45,Non,Non,23.1
2025-05-19,E05,Toulouse-Ouest,S05,Toulouse,P001,Lait demi-écrémé,Alimentaire,25000,343,100,1299,1.37,Non,Non,12.7
2025-05-19,E05,Toulouse-Ouest,S05,Toulouse,P002,Riz 1kg,Alimentaire,25000,517,90,930,2.07,Non,Non,8.6
2025-05-19,E05,Toulouse-Ouest,S05,Toulouse,P003,Pâtes 500g,Alimentaire,25000,841,85,1407,3.36,Non,Non,7.0
2025-05-19,E05,Toulouse-Ouest,S05,Toulouse,P004,Shampoing,Droguerie,25000,17,22,818,0.07,Oui,Non,20.9
2025-05-19,E05,Toulouse-Ouest,S05,Toulouse,P005,Lessive,Droguerie,25000,154,71,662,0.62,Non,Non,7.9
2025-05-19,E05,Toulouse-Ouest,S05,Toulouse,P006,T-shirt homme,Textile,25000,222,71,1895,0.89,Non,Non,6.2
2025-05-19,E05,Toulouse-Ouest,S05,Toulouse,P007,Jeans,Textile,25000,1234,100,1867,4.94,Non,Non,1.8
2025-05-19,E05,Toulouse-Ouest,S05,Toulouse,P008,Smartphone,Électronique,25000,560,62,680,2.24,Non,Non,26.5
2025-05-19,E05,Toulouse-Ouest,S05,Toulouse,P009,TV 4K,Électronique,25000,158,89,704,0.63,Non,Non,27.9
2025-05-19,E05,Toulouse-Ouest,S05,Toulouse,P010,Casque audio,Électronique,25000,1318,89,1571,5.27,Non,Non,12.2
2025-05-19,E06,Nice-Est,S06,Nice,P001,Lait demi-écrémé,Alimentaire,20000,274,32,1546,1.37,Non,Non,24.6
2025-05-19,E06,Nice-Est,S06,Nice,P002,Riz 1kg,Alimentaire,20000,1694,23,1828,8.47,Non,Oui,15.2
2025-05-19,E06,Nice-Est,S06,Nice,P003,Pâtes 500g,Alimentaire,20000,1220,71,1294,6.1,Non,Oui,2.1
2025-05-19,E06,Nice-Est,S06,Nice,P004,Shampoing,Droguerie,20000,465,35,596,2.33,Non,Non,18.0
2025-05-19,E06,Nice-Est,S06,Nice,P005,Lessive,Droguerie,20000,300,48,1485,1.5,Non,Non,18.1
2025-05-19,E06,Nice-Est,S06,Nice,P006,T-shirt homme,Textile,20000,1133,38,1293,5.67,Non,Non,18.6
2025-05-19,E06,Nice-Est,S06,Nice,P007,Jeans,Textile,20000,281,49,958,1.41,Non,Non,27.3
2025-05-19,E06,Nice-Est,S06,Nice,P008,Smartphone,Électronique,20000,1739,85,1857,8.7,Non,Oui,13.7
2025-05-19,E06,Nice-Est,S06,Nice,P009,TV 4K,Électronique,20000,930,58,1744,4.65,Non,Non,27.7
2025-05-19,E06,Nice-Est,S06,Nice,P010,Casque audio,Électronique,20000,647,51,1961,3.23,Non,Non,2.3
2025-05-19,E07,Bordeaux-Centre,S07,Bordeaux,P001,Lait demi-écrémé,Alimentaire,22000,942,82,1171,4.28,Non,Non,15.8
2025-05-19,E07,Bordeaux-Centre,S07,Bordeaux,P002,Riz 1kg,Alimentaire,22000,1494,72,1562,6.79,Non,Oui,26.1
2025-05-19,E07,Bordeaux-Centre,S07,Bordeaux,P003,Pâtes 500g,Alimentaire,22000,725,44,1192,3.3,Non,Non,21.0
2025-05-19,E07,Bordeaux-Centre,S07,Bordeaux,P004,Shampoing,Droguerie,22000,905,21,1497,4.11,Non,Non,7.8
2025-05-19,E07,Bordeaux-Centre,S07,Bordeaux,P005,Lessive,Droguerie,22000,824,32,849,3.75,Non,Oui,20.1
2025-05-19,E07,Bordeaux-Centre,S07,Bordeaux,P006,T-shirt homme,Textile,22000,330,47,705,1.5,Non,Non,10.5
2025-05-19,E07,Bordeaux-Centre,S07,Bordeaux,P007,Jeans,Textile,22000,325,100,587,1.48,Non,Non,13.8
2025-05-19,E07,Bordeaux-Centre,S07,Bordeaux,P008,Smartphone,Électronique,22000,260,24,1232,1.18,Non,Non,19.7
2025-05-19,E07,Bordeaux-Centre,S07,Bordeaux,P009,TV 4K,Électronique,22000,1265,87,1479,5.75,Non,Non,18.5
2025-05-19,E07,Bordeaux-Centre,S07,Bordeaux,P010,Casque audio,Électronique,22000,560,48,1557,2.55,Non,Non,21.6
2025-05-19,E08,Nantes-Atlantique,S08,Nantes,P001,Lait demi-écrémé,Alimentaire,24000,91,55,1039,0.38,Non,Non,10.0
2025-05-19,E08,Nantes-Atlantique,S08,Nantes,P002,Riz 1kg,Alimentaire,24000,428,85,1600,1.78,Non,Non,4.0
2025-05-19,E08,Nantes-Atlantique,S08,Nantes,P003,Pâtes 500g,Alimentaire,24000,130,29,1137,0.54,Non,Non,9.9
2025-05-19,E08,Nantes-Atlantique,S08,Nantes,P004,Shampoing,Droguerie,24000,104,81,605,0.43,Non,Non,22.8
2025-05-19,E08,Nantes-Atlantique,S08,Nantes,P005,Lessive,Droguerie,24000,1624,49,1827,6.77,Non,Non,10.4
2025-05-19,E08,Nantes-Atlantique,S08,Nantes,P006,T-shirt homme,Textile,24000,410,26,906,1.71,Non,Non,16.5
2025-05-19,E08,Nantes-Atlantique,S08,Nantes,P007,Jeans,Textile,24000,332,76,733,1.38,Non,Non,19.2
2025-05-19,E08,Nantes-Atlantique,S08,Nantes,P008,Smartphone,Électronique,24000,1232,70,1593,5.13,Non,Non,3.2
2025-05-19,E08,Nantes-Atlantique,S08,Nantes,P009,TV 4K,Électronique,24000,1308,24,1693,5.45,Non,Non,13.7
2025-05-19,E08,Nantes-Atlantique,S08,Nantes,P010,Casque audio,Électronique,24000,914,77,1765,3.81,Non,Non,16.6
2025-05-26,E01,Paris-Rungis,S01,Paris,P001,Lait demi-écrémé,Alimentaire,50000,654,38,975,1.31,Non,Non,29.2
2025-05-26,E01,Paris-Rungis,S01,Paris,P002,Riz 1kg,Alimentaire,50000,731,100,1046,1.46,Non,Non,13.4
2025-05-26,E01,Paris-Rungis,S01,Paris,P003,Pâtes 500g,Alimentaire,50000,843,57,1039,1.69,Non,Non,29.3
2025-05-26,E01,Paris-Rungis,S01,Paris,P004,Shampoing,Droguerie,50000,50,93,1100,0.1,Oui,Non,27.5
2025-05-26,E01,Paris-Rungis,S01,Paris,P005,Lessive,Droguerie,50000,875,49,1366,1.75,Non,Non,28.7
2025-05-26,E01,Paris-Rungis,S01,Paris,P006,T-shirt homme,Textile,50000,442,22,635,0.88,Non,Non,7.3
2025-05-26,E01,Paris-Rungis,S01,Paris,P007,Jeans,Textile,50000,653,37,1755,1.31,Non,Non,14.9
2025-05-26,E01,Paris-Rungis,S01,Paris,P008,Smartphone,Électronique,50000,1355,83,1536,2.71,Non,Non,7.0
2025-05-26,E01,Paris-Rungis,S01,Paris,P009,TV 4K,Électronique,50000,1192,35,1227,2.38,Non,Oui,28.4
2025-05-26,E01,Paris-Rungis,S01,Paris,P010,Casque audio,Électronique,50000,328,66,1427,0.66,Non,Non,18.4
2025-05-26,E02,Lyon-Sud,S02,Lyon,P001,Lait demi-écrémé,Alimentaire,35000,899,38,1856,2.57,Non,Non,7.8
2025-05-26,E02,Lyon-Sud,S02,Lyon,P002,Riz 1kg,Alimentaire,35000,1145,85,1305,3.27,Non,Non,23.4
2025-05-26,E02,Lyon-Sud,S02,Lyon,P003,Pâtes 500g,Alimentaire,35000,77,46,1955,0.22,Non,Non,5.0
2025-05-26,E02,Lyon-Sud,S02,Lyon,P004,Shampoing,Droguerie,35000,1145,31,1178,3.27,Non,Oui,11.7
2025-05-26,E02,Lyon-Sud,S02,Lyon,P005,Lessive,Droguerie,35000,335,58,1815,0.96,Non,Non,29.9
2025-05-26,E02,Lyon-Sud,S02,Lyon,P006,T-shirt homme,Textile,35000,179,49,964,0.51,Non,Non,9.7
2025-05-26,E02,Lyon-Sud,S02,Lyon,P007,Jeans,Textile,35000,141,68,1263,0.4,Non,Non,16.9
2025-05-26,E02,Lyon-Sud,S02,Lyon,P008,Smartphone,Électronique,35000,550,100,1020,1.57,Non,Non,8.2
2025-05-26,E02,Lyon-Sud,S02,Lyon,P009,TV 4K,Électronique,35000,49,75,1296,0.14,Oui,Non,28.5
2025-05-26,E02,Lyon-Sud,S02,Lyon,P010,Casque audio,Électronique,35000,597,46,1114,1.71,Non,Non,24.0
2025-05-26,E03,Marseille-Port,S03,Marseille,P001,Lait demi-écrémé,Alimentaire,30000,521,80,1952,1.74,Non,Non,12.3
2025-05-26,E03,Marseille-Port,S03,Marseille,P002,Riz 1kg,Alimentaire,30000,1172,35,1207,3.91,Non,Oui,11.3
2025-05-26,E03,Marseille-Port,S03,Marseille,P003,Pâtes 500g,Alimentaire,30000,168,56,1831,0.56,Non,Non,27.7
2025-05-26,E03,Marseille-Port,S03,Marseille,P004,Shampoing,Droguerie,30000,235,82,1048,0.78,Non,Non,13.3
2025-05-26,E03,Marseille-Port,S03,Marseille,P005,Lessive,Droguerie,30000,172,76,506,0.57,Non,Non,1.4
2025-05-26,E03,Marseille-Port,S03,Marseille,P006,T-shirt homme,Textile,30000,78,40,839,0.26,Non,Non,15.9
2025-05-26,E03,Marseille-Port,S03,Marseille,P007,Jeans,Textile,30000,1156,32,1328,3.85,Non,Non,17.0
2025-05-26,E03,Marseille-Port,S03,Marseille,P008,Smartphone,Électronique,30000,233,56,702,0.78,Non,Non,23.8
2025-05-26,E03,Marseille-Port,S03,Marseille,P009,TV 4K,Électronique,30000,982,58,1060,3.27,Non,Oui,12.2
2025-05-26,E03,Marseille-Port,S03,Marseille,P010,Casque audio,Électronique,30000,1209,27,1944,4.03,Non,Non,8.4
2025-05-26,E04,Lille-Nord,S04,Lille,P001,Lait demi-écrémé,Alimentaire,28000,710,91,916,2.54,Non,Non,15.1
2025-05-26,E04,Lille-Nord,S04,Lille,P002,Riz 1kg,Alimentaire,28000,52,77,1089,0.19,Oui,Non,22.3
2025-05-26,E04,Lille-Nord,S04,Lille,P003,Pâtes 500g,Alimentaire,28000,1659,36,1711,5.92,Non,Oui,21.9
2025-05-26,E04,Lille-Nord,S04,Lille,P004,Shampoing,Droguerie,28000,829,36,1597,2.96,Non,Non,9.4
2025-05-26,E04,Lille-Nord,S04,Lille,P005,Lessive,Droguerie,28000,789,50,912,2.82,Non,Non,28.1
2025-05-26,E04,Lille-Nord,S04,Lille,P006,T-shirt homme,Textile,28000,1299,39,1369,4.64,Non,Oui,11.1
2025-05-26,E04,Lille-Nord,S04,Lille,P007,Jeans,Textile,28000,1486,23,1677,5.31,Non,Non,19.7
2025-05-26,E04,Lille-Nord,S04,Lille,P008,Smartphone,Électronique,28000,1677,69,1948,5.99,Non,Non,6.4
2025-05-26,E04,Lille-Nord,S04,Lille,P009,TV 4K,Électronique,28000,425,91,886,1.52,Non,Non,11.9
2025-05-26,E04,Lille-Nord,S04,Lille,P010,Casque audio,Électronique,28000,614,78,752,2.19,Non,Non,22.6
2025-05-26,E05,Toulouse-Ouest,S05,Toulouse,P001,Lait demi-écrémé,Alimentaire,25000,891,73,1347,3.56,Non,Non,28.6
2025-05-26,E05,Toulouse-Ouest,S05,Toulouse,P002,Riz 1kg,Alimentaire,25000,320,20,785,1.28,Non,Non,22.7
2025-05-26,E05,Toulouse-Ouest,S05,Toulouse,P003,Pâtes 500g,Alimentaire,25000,356,50,1069,1.42,Non,Non,24.5
2025-05-26,E05,Toulouse-Ouest,S05,Toulouse,P004,Shampoing,Droguerie,25000,131,24,775,0.52,Non,Non,4.9
2025-05-26,E05,Toulouse-Ouest,S05,Toulouse,P005,Lessive,Droguerie,25000,81,48,1050,0.32,Non,Non,3.1
2025-05-26,E05,Toulouse-Ouest,S05,Toulouse,P006,T-shirt homme,Textile,25000,896,46,1985,3.58,Non,Non,29.2
2025-05-26,E05,Toulouse-Ouest,S05,Toulouse,P007,Jeans,Textile,25000,912,90,952,3.65,Non,Oui,13.2
2025-05-26,E05,Toulouse-Ouest,S05,Toulouse,P008,Smartphone,Électronique,25000,1516,65,1764,6.06,Non,Non,1.5
2025-05-26,E05,Toulouse-Ouest,S05,Toulouse,P009,TV 4K,Électronique,25000,1258,80,1426,5.03,Non,Non,3.1
2025-05-26,E05,Toulouse-Ouest,S05,Toulouse,P010,Casque audio,Électronique,25000,623,39,1801,2.49,Non,Non,9.0
2025-05-26,E06,Nice-Est,S06,Nice,P001,Lait demi-écrémé,Alimentaire,20000,280,71,746,1.4,Non,Non,9.5
2025-05-26,E06,Nice-Est,S06,Nice,P002,Riz 1kg,Alimentaire,20000,216,98,836,1.08,Non,Non,8.1
2025-05-26,E06,Nice-Est,S06,Nice,P003,Pâtes 500g,Alimentaire,20000,468,64,628,2.34,Non,Non,9.8
2025-05-26,E06,Nice-Est,S06,Nice,P004,Shampoing,Droguerie,20000,889,70,1238,4.45,Non,Non,26.6
2025-05-26,E06,Nice-Est,S06,Nice,P005,Lessive,Droguerie,20000,107,37,1271,0.53,Non,Non,4.2
2025-05-26,E06,Nice-Est,S06,Nice,P006,T-shirt homme,Textile,20000,501,69,1004,2.5,Non,Non,22.8
2025-05-26,E06,Nice-Est,S06,Nice,P007,Jeans,Textile,20000,68,68,946,0.34,Non,Non,17.5
2025-05-26,E06,Nice-Est,S06,Nice,P008,Smartphone,Électronique,20000,781,65,1816,3.91,Non,Non,26.9
2025-05-26,E06,Nice-Est,S06,Nice,P009,TV 4K,Électronique,20000,1193,62,1229,5.96,Non,Oui,23.0
2025-05-26,E06,Nice-Est,S06,Nice,P010,Casque audio,Électronique,20000,1403,43,1495,7.02,Non,Oui,13.7
2025-05-26,E07,Bordeaux-Centre,S07,Bordeaux,P001,Lait demi-écrémé,Alimentaire,22000,305,53,689,1.39,Non,Non,18.6
2025-05-26,E07,Bordeaux-Centre,S07,Bordeaux,P002,Riz 1kg,Alimentaire,22000,878,23,943,3.99,Non,Oui,29.1
2025-05-26,E07,Bordeaux-Centre,S07,Bordeaux,P003,Pâtes 500g,Alimentaire,22000,5,90,1162,0.02,Oui,Non,29.2
2025-05-26,E07,Bordeaux-Centre,S07,Bordeaux,P004,Shampoing,Droguerie,22000,130,62,1203,0.59,Non,Non,22.1
2025-05-26,E07,Bordeaux-Centre,S07,Bordeaux,P005,Lessive,Droguerie,22000,590,46,1055,2.68,Non,Non,27.8
2025-05-26,E07,Bordeaux-Centre,S07,Bordeaux,P006,T-shirt homme,Textile,22000,817,52,1625,3.71,Non,Non,15.0
2025-05-26,E07,Bordeaux-Centre,S07,Bordeaux,P007,Jeans,Textile,22000,1097,43,1592,4.99,Non,Non,7.6
2025-05-26,E07,Bordeaux-Centre,S07,Bordeaux,P008,Smartphone,Électronique,22000,960,20,1115,4.36,Non,Non,22.9
2025-05-26,E07,Bordeaux-Centre,S07,Bordeaux,P009,TV 4K,Électronique,22000,258,49,635,1.17,Non,Non,27.8
2025-05-26,E07,Bordeaux-Centre,S07,Bordeaux,P010,Casque audio,Électronique,22000,171,55,1274,0.78,Non,Non,11.8
2025-05-26,E08,Nantes-Atlantique,S08,Nantes,P001,Lait demi-écrémé,Alimentaire,24000,405,81,1098,1.69,Non,Non,5.3
2025-05-26,E08,Nantes-Atlantique,S08,Nantes,P002,Riz 1kg,Alimentaire,24000,266,31,734,1.11,Non,Non,21.2
2025-05-26,E08,Nantes-Atlantique,S08,Nantes,P003,Pâtes 500g,Alimentaire,24000,1077,95,1437,4.49,Non,Non,16.0
2025-05-26,E08,Nantes-Atlantique,S08,Nantes,P004,Shampoing,Droguerie,24000,437,95,1148,1.82,Non,Non,2.8
2025-05-26,E08,Nantes-Atlantique,S08,Nantes,P005,Lessive,Droguerie,24000,28,21,1092,0.12,Non,Non,17.9
2025-05-26,E08,Nantes-Atlantique,S08,Nantes,P006,T-shirt homme,Textile,24000,451,56,999,1.88,Non,Non,15.4
2025-05-26,E08,Nantes-Atlantique,S08,Nantes,P007,Jeans,Textile,24000,194,75,1370,0.81,Non,Non,15.9
2025-05-26,E08,Nantes-Atlantique,S08,Nantes,P008,Smartphone,Électronique,24000,1082,26,1930,4.51,Non,Non,24.3
2025-05-26,E08,Nantes-Atlantique,S08,Nantes,P009,TV 4K,Électronique,24000,61,84,605,0.25,Oui,Non,3.9
2025-05-26,E08,Nantes-Atlantique,S08,Nantes,P010,Casque audio,Électronique,24000,498,88,1483,2.08,Non,Non,3.5
2025-06-02,E01,Paris-Rungis,S01,Paris,P001,Lait demi-écrémé,Alimentaire,50000,172,46,1692,0.34,Non,Non,10.4
2025-06-02,E01,Paris-Rungis,S01,Paris,P002,Riz 1kg,Alimentaire,50000,234,28,1012,0.47,Non,Non,13.6
2025-06-02,E01,Paris-Rungis,S01,Paris,P003,Pâtes 500g,Alimentaire,50000,349,88,1344,0.7,Non,Non,19.3
2025-06-02,E01,Paris-Rungis,S01,Paris,P004,Shampoing,Droguerie,50000,1123,21,1495,2.25,Non,Non,3.3
2025-06-02,E01,Paris-Rungis,S01,Paris,P005,Lessive,Droguerie,50000,46,78,699,0.09,Oui,Non,18.8
2025-06-02,E01,Paris-Rungis,S01,Paris,P006,T-shirt homme,Textile,50000,1074,71,1792,2.15,Non,Non,10.3
2025-06-02,E01,Paris-Rungis,S01,Paris,P007,Jeans,Textile,50000,338,58,763,0.68,Non,Non,23.1
2025-06-02,E01,Paris-Rungis,S01,Paris,P008,Smartphone,Électronique,50000,1315,26,1332,2.63,Non,Oui,16.9
2025-06-02,E01,Paris-Rungis,S01,Paris,P009,TV 4K,Électronique,50000,438,20,792,0.88,Non,Non,24.8
2025-06-02,E01,Paris-Rungis,S01,Paris,P010,Casque audio,Électronique,50000,946,45,1000,1.89,Non,Oui,24.5
2025-06-02,E02,Lyon-Sud,S02,Lyon,P001,Lait demi-écrémé,Alimentaire,35000,539,29,1262,1.54,Non,Non,6.2
2025-06-02,E02,Lyon-Sud,S02,Lyon,P002,Riz 1kg,Alimentaire,35000,413,45,525,1.18,Non,Non,2.0
2025-06-02,E02,Lyon-Sud,S02,Lyon,P003,Pâtes 500g,Alimentaire,35000,55,43,899,0.16,Non,Non,6.4
2025-06-02,E02,Lyon-Sud,S02,Lyon,P004,Shampoing,Droguerie,35000,686,84,1384,1.96,Non,Non,29.3
2025-06-02,E02,Lyon-Sud,S02,Lyon,P005,Lessive,Droguerie,35000,38,62,1924,0.11,Oui,Non,20.6
2025-06-02,E02,Lyon-Sud,S02,Lyon,P006,T-shirt homme,Textile,35000,295,37,844,0.84,Non,Non,22.5
2025-06-02,E02,Lyon-Sud,S02,Lyon,P007,Jeans,Textile,35000,314,32,1092,0.9,Non,Non,1.8
2025-06-02,E02,Lyon-Sud,S02,Lyon,P008,Smartphone,Électronique,35000,75,72,1483,0.21,Non,Non,4.0
2025-06-02,E02,Lyon-Sud,S02,Lyon,P009,TV 4K,Électronique,35000,654,29,1024,1.87,Non,Non,22.4
2025-06-02,E02,Lyon-Sud,S02,Lyon,P010,Casque audio,Électronique,35000,19,92,790,0.05,Oui,Non,3.8
2025-06-02,E03,Marseille-Port,S03,Marseille,P001,Lait demi-écrémé,Alimentaire,30000,511,71,1369,1.7,Non,Non,7.0
2025-06-02,E03,Marseille-Port,S03,Marseille,P002,Riz 1kg,Alimentaire,30000,131,86,788,0.44,Non,Non,4.9
2025-06-02,E03,Marseille-Port,S03,Marseille,P003,Pâtes 500g,Alimentaire,30000,76,37,1069,0.25,Non,Non,1.9
2025-06-02,E03,Marseille-Port,S03,Marseille,P004,Shampoing,Droguerie,30000,889,60,975,2.96,Non,Oui,29.3
2025-06-02,E03,Marseille-Port,S03,Marseille,P005,Lessive,Droguerie,30000,680,36,877,2.27,Non,Non,6.1
2025-06-02,E03,Marseille-Port,S03,Marseille,P006,T-shirt homme,Textile,30000,286,67,1273,0.95,Non,Non,20.0
2025-06-02,E03,Marseille-Port,S03,Marseille,P007,Jeans,Textile,30000,1513,32,1858,5.04,Non,Non,18.8
2025-06-02,E03,Marseille-Port,S03,Marseille,P008,Smartphone,Électronique,30000,116,25,654,0.39,Non,Non,23.0
2025-06-02,E03,Marseille-Port,S03,Marseille,P009,TV 4K,Électronique,30000,628,52,1594,2.09,Non,Non,7.1
2025-06-02,E03,Marseille-Port,S03,Marseille,P010,Casque audio,Électronique,30000,197,93,706,0.66,Non,Non,7.6
2025-06-02,E04,Lille-Nord,S04,Lille,P001,Lait demi-écrémé,Alimentaire,28000,371,42,1244,1.32,Non,Non,16.0
2025-06-02,E04,Lille-Nord,S04,Lille,P002,Riz 1kg,Alimentaire,28000,162,34,939,0.58,Non,Non,8.1
2025-06-02,E04,Lille-Nord,S04,Lille,P003,Pâtes 500g,Alimentaire,28000,343,96,1020,1.23,Non,Non,25.1
2025-06-02,E04,Lille-Nord,S04,Lille,P004,Shampoing,Droguerie,28000,580,72,1891,2.07,Non,Non,10.7
2025-06-02,E04,Lille-Nord,S04,Lille,P005,Lessive,Droguerie,28000,380,47,1123,1.36,Non,Non,15.5
2025-06-02,E04,Lille-Nord,S04,Lille,P006,T-shirt homme,Textile,28000,906,58,1110,3.24,Non,Non,13.4
2025-06-02,E04,Lille-Nord,S04,Lille,P007,Jeans,Textile,28000,270,20,854,0.96,Non,Non,17.9
2025-06-02,E04,Lille-Nord,S04,Lille,P008,Smartphone,Électronique,28000,395,75,1379,1.41,Non,Non,8.8
2025-06-02,E04,Lille-Nord,S04,Lille,P009,TV 4K,Électronique,28000,1659,26,1994,5.92,Non,Non,17.9
2025-06-02,E04,Lille-Nord,S04,Lille,P010,Casque audio,Électronique,28000,447,65,1006,1.6,Non,Non,22.8
2025-06-02,E05,Toulouse-Ouest,S05,Toulouse,P001,Lait demi-écrémé,Alimentaire,25000,1775,80,1780,7.1,Non,Oui,24.8
2025-06-02,E05,Toulouse-Ouest,S05,Toulouse,P002,Riz 1kg,Alimentaire,25000,1173,55,1855,4.69,Non,Non,17.0
2025-06-02,E05,Toulouse-Ouest,S05,Toulouse,P003,Pâtes 500g,Alimentaire,25000,363,100,1238,1.45,Non,Non,19.0
2025-06-02,E05,Toulouse-Ouest,S05,Toulouse,P004,Shampoing,Droguerie,25000,828,49,1229,3.31,Non,Non,25.2
2025-06-02,E05,Toulouse-Ouest,S05,Toulouse,P005,Lessive,Droguerie,25000,363,31,1185,1.45,Non,Non,29.9
2025-06-02,E05,Toulouse-Ouest,S05,Toulouse,P006,T-shirt homme,Textile,25000,680,71,1259,2.72,Non,Non,17.3
2025-06-02,E05,Toulouse-Ouest,S05,Toulouse,P007,Jeans,Textile,25000,999,28,1047,4.0,Non,Oui,23.2
2025-06-02,E05,Toulouse-Ouest,S05,Toulouse,P008,Smartphone,Électronique,25000,378,69,822,1.51,Non,Non,23.8
2025-06-02,E05,Toulouse-Ouest,S05,Toulouse,P009,TV 4K,Électronique,25000,426,85,624,1.7,Non,Non,13.1
2025-06-02,E05,Toulouse-Ouest,S05,Toulouse,P010,Casque audio,Électronique,25000,968,33,1045,3.87,Non,Oui,23.7
2025-06-02,E06,Nice-Est,S06,Nice,P001,Lait demi-écrémé,Alimentaire,20000,255,67,948,1.27,Non,Non,12.7
2025-06-02,E06,Nice-Est,S06,Nice,P002,Riz 1kg,Alimentaire,20000,759,94,1929,3.79,Non,Non,5.6
2025-06-02,E06,Nice-Est,S06,Nice,P003,Pâtes 500g,Alimentaire,20000,806,76,1054,4.03,Non,Non,13.6
2025-06-02,E06,Nice-Est,S06,Nice,P004,Shampoing,Droguerie,20000,477,60,1865,2.38,Non,Non,10.8
2025-06-02,E06,Nice-Est,S06,Nice,P005,Lessive,Droguerie,20000,1431,91,1688,7.16,Non,Non,21.0
2025-06-02,E06,Nice-Est,S06,Nice,P006,T-shirt homme,Textile,20000,649,72,760,3.25,Non,Non,26.5
2025-06-02,E06,Nice-Est,S06,Nice,P007,Jeans,Textile,20000,694,93,1629,3.47,Non,Non,22.7
2025-06-02,E06,Nice-Est,S06,Nice,P008,Smartphone,Électronique,20000,414,39,1093,2.07,Non,Non,26.4
2025-06-02,E06,Nice-Est,S06,Nice,P009,TV 4K,Électronique,20000,1213,69,1511,6.07,Non,Non,5.4
2025-06-02,E06,Nice-Est,S06,Nice,P010,Casque audio,Électronique,20000,972,33,1193,4.86,Non,Non,3.4
2025-06-02,E07,Bordeaux-Centre,S07,Bordeaux,P001,Lait demi-écrémé,Alimentaire,22000,1429,78,1820,6.5,Non,Non,28.1
2025-06-02,E07,Bordeaux-Centre,S07,Bordeaux,P002,Riz 1kg,Alimentaire,22000,1120,45,1780,5.09,Non,Non,28.0
2025-06-02,E07,Bordeaux-Centre,S07,Bordeaux,P003,Pâtes 500g,Alimentaire,22000,435,61,1055,1.98,Non,Non,28.3
2025-06-02,E07,Bordeaux-Centre,S07,Bordeaux,P004,Shampoing,Droguerie,22000,1123,56,1341,5.1,Non,Non,10.5
2025-06-02,E07,Bordeaux-Centre,S07,Bordeaux,P005,Lessive,Droguerie,22000,684,74,1004,3.11,Non,Non,17.8
2025-06-02,E07,Bordeaux-Centre,S07,Bordeaux,P006,T-shirt homme,Textile,22000,402,72,707,1.83,Non,Non,22.2
2025-06-02,E07,Bordeaux-Centre,S07,Bordeaux,P007,Jeans,Textile,22000,963,38,1106,4.38,Non,Non,18.1
2025-06-02,E07,Bordeaux-Centre,S07,Bordeaux,P008,Smartphone,Électronique,22000,1246,50,1761,5.66,Non,Non,22.8
2025-06-02,E07,Bordeaux-Centre,S07,Bordeaux,P009,TV 4K,Électronique,22000,158,89,1846,0.72,Non,Non,13.0
2025-06-02,E07,Bordeaux-Centre,S07,Bordeaux,P010,Casque audio,Électronique,22000,689,65,959,3.13,Non,Non,28.4
2025-06-02,E08,Nantes-Atlantique,S08,Nantes,P001,Lait demi-écrémé,Alimentaire,24000,403,30,707,1.68,Non,Non,27.0
2025-06-02,E08,Nantes-Atlantique,S08,Nantes,P002,Riz 1kg,Alimentaire,24000,402,85,1843,1.68,Non,Non,21.1
2025-06-02,E08,Nantes-Atlantique,S08,Nantes,P003,Pâtes 500g,Alimentaire,24000,250,31,559,1.04,Non,Non,1.7
2025-06-02,E08,Nantes-Atlantique,S08,Nantes,P004,Shampoing,Droguerie,24000,267,46,1470,1.11,Non,Non,12.0
2025-06-02,E08,Nantes-Atlantique,S08,Nantes,P005,Lessive,Droguerie,24000,340,80,1915,1.42,Non,Non,23.5
2025-06-02,E08,Nantes-Atlantique,S08,Nantes,P006,T-shirt homme,Textile,24000,280,20,695,1.17,Non,Non,16.6
2025-06-02,E08,Nantes-Atlantique,S08,Nantes,P007,Jeans,Textile,24000,1134,74,1487,4.72,Non,Non,27.2
2025-06-02,E08,Nantes-Atlantique,S08,Nantes,P008,Smartphone,Électronique,24000,286,22,1638,1.19,Non,Non,12.2
2025-06-02,E08,Nantes-Atlantique,S08,Nantes,P009,TV 4K,Électronique,24000,425,55,1675,1.77,Non,Non,4.4
2025-06-02,E08,Nantes-Atlantique,S08,Nantes,P010,Casque audio,Électronique,24000,815,35,1084,3.4,Non,Non,23.7
2025-06-09,E01,Paris-Rungis,S01,Paris,P001,Lait demi-écrémé,Alimentaire,50000,905,95,1109,1.81,Non,Non,12.5
2025-06-09,E01,Paris-Rungis,S01,Paris,P002,Riz 1kg,Alimentaire,50000,569,61,1815,1.14,Non,Non,25.3
2025-06-09,E01,Paris-Rungis,S01,Paris,P003,Pâtes 500g,Alimentaire,50000,336,94,1796,0.67,Non,Non,12.3
2025-06-09,E01,Paris-Rungis,S01,Paris,P004,Shampoing,Droguerie,50000,830,57,1205,1.66,Non,Non,6.9
2025-06-09,E01,Paris-Rungis,S01,Paris,P005,Lessive,Droguerie,50000,222,44,1724,0.44,Non,Non,14.3
2025-06-09,E01,Paris-Rungis,S01,Paris,P006,T-shirt homme,Textile,50000,1291,94,1705,2.58,Non,Non,27.1
2025-06-09,E01,Paris-Rungis,S01,Paris,P007,Jeans,Textile,50000,404,21,940,0.81,Non,Non,24.8
2025-06-09,E01,Paris-Rungis,S01,Paris,P008,Smartphone,Électronique,50000,1361,53,1535,2.72,Non,Non,3.3
2025-06-09,E01,Paris-Rungis,S01,Paris,P009,TV 4K,Électronique,50000,657,34,871,1.31,Non,Non,13.0
2025-06-09,E01,Paris-Rungis,S01,Paris,P010,Casque audio,Électronique,50000,598,69,1971,1.2,Non,Non,17.4
2025-06-09,E02,Lyon-Sud,S02,Lyon,P001,Lait demi-écrémé,Alimentaire,35000,839,31,1770,2.4,Non,Non,14.1
2025-06-09,E02,Lyon-Sud,S02,Lyon,P002,Riz 1kg,Alimentaire,35000,1127,23,1343,3.22,Non,Non,7.5
2025-06-09,E02,Lyon-Sud,S02,Lyon,P003,Pâtes 500g,Alimentaire,35000,614,62,951,1.75,Non,Non,4.2
2025-06-09,E02,Lyon-Sud,S02,Lyon,P004,Shampoing,Droguerie,35000,220,33,1297,0.63,Non,Non,5.9
2025-06-09,E02,Lyon-Sud,S02,Lyon,P005,Lessive,Droguerie,35000,116,93,556,0.33,Non,Non,12.6
2025-06-09,E02,Lyon-Sud,S02,Lyon,P006,T-shirt homme,Textile,35000,1232,51,1662,3.52,Non,Non,8.9
2025-06-09,E02,Lyon-Sud,S02,Lyon,P007,Jeans,Textile,35000,83,94,569,0.24,Oui,Non,6.6
2025-06-09,E02,Lyon-Sud,S02,Lyon,P008,Smartphone,Électronique,35000,556,49,1057,1.59,Non,Non,7.2
2025-06-09,E02,Lyon-Sud,S02,Lyon,P009,TV 4K,Électronique,35000,1345,73,1487,3.84,Non,Oui,24.2
2025-06-09,E02,Lyon-Sud,S02,Lyon,P010,Casque audio,Électronique,35000,205,55,1592,0.59,Non,Non,9.2
2025-06-09,E03,Marseille-Port,S03,Marseille,P001,Lait demi-écrémé,Alimentaire,30000,1415,92,1617,4.72,Non,Non,8.7
2025-06-09,E03,Marseille-Port,S03,Marseille,P002,Riz 1kg,Alimentaire,30000,444,27,645,1.48,Non,Non,15.3
2025-06-09,E03,Marseille-Port,S03,Marseille,P003,Pâtes 500g,Alimentaire,30000,75,47,577,0.25,Non,Non,29.8
2025-06-09,E03,Marseille-Port,S03,Marseille,P004,Shampoing,Droguerie,30000,106,89,686,0.35,Non,Non,12.6
2025-06-09,E03,Marseille-Port,S03,Marseille,P005,Lessive,Droguerie,30000,1340,56,1684,4.47,Non,Non,21.6
2025-06-09,E03,Marseille-Port,S03,Marseille,P006,T-shirt homme,Textile,30000,48,30,551,0.16,Non,Non,25.6
2025-06-09,E03,Marseille-Port,S03,Marseille,P007,Jeans,Textile,30000,154,40,579,0.51,Non,Non,16.4
2025-06-09,E03,Marseille-Port,S03,Marseille,P008,Smartphone,Électronique,30000,243,73,1354,0.81,Non,Non,12.7
2025-06-09,E03,Marseille-Port,S03,Marseille,P009,TV 4K,Électronique,30000,74,89,567,0.25,Oui,Non,26.4
2025-06-09,E03,Marseille-Port,S03,Marseille,P010,Casque audio,Électronique,30000,252,97,581,0.84,Non,Non,9.5
2025-06-09,E04,Lille-Nord,S04,Lille,P001,Lait demi-écrémé,Alimentaire,28000,264,35,910,0.94,Non,Non,15.6
2025-06-09,E04,Lille-Nord,S04,Lille,P002,Riz 1kg,Alimentaire,28000,534,62,1119,1.91,Non,Non,26.8
2025-06-09,E04,Lille-Nord,S04,Lille,P003,Pâtes 500g,Alimentaire,28000,326,27,929,1.16,Non,Non,6.7
2025-06-09,E04,Lille-Nord,S04,Lille,P004,Shampoing,Droguerie,28000,489,74,625,1.75,Non,Non,17.4
2025-06-09,E04,Lille-Nord,S04,Lille,P005,Lessive,Droguerie,28000,1211,32,1494,4.32,Non,Non,3.9
2025-06-09,E04,Lille-Nord,S04,Lille,P006,T-shirt homme,Textile,28000,120,89,1282,0.43,Non,Non,3.3
2025-06-09,E04,Lille-Nord,S04,Lille,P007,Jeans,Textile,28000,88,81,702,0.31,Non,Non,23.9
2025-06-09,E04,Lille-Nord,S04,Lille,P008,Smartphone,Électronique,28000,897,34,916,3.2,Non,Oui,4.9
2025-06-09,E04,Lille-Nord,S04,Lille,P009,TV 4K,Électronique,28000,1396,32,1693,4.99,Non,Non,10.0
2025-06-09,E04,Lille-Nord,S04,Lille,P010,Casque audio,Électronique,28000,310,22,777,1.11,Non,Non,27.3
2025-06-09,E05,Toulouse-Ouest,S05,Toulouse,P001,Lait demi-écrémé,Alimentaire,25000,533,20,830,2.13,Non,Non,17.1
2025-06-09,E05,Toulouse-Ouest,S05,Toulouse,P002,Riz 1kg,Alimentaire,25000,188,31,1092,0.75,Non,Non,4.5
2025-06-09,E05,Toulouse-Ouest,S05,Toulouse,P003,Pâtes 500g,Alimentaire,25000,1294,88,1440,5.18,Non,Non,9.7
2025-06-09,E05,Toulouse-Ouest,S05,Toulouse,P004,Shampoing,Droguerie,25000,1427,37,1492,5.71,Non,Oui,3.2
2025-06-09,E05,Toulouse-Ouest,S05,Toulouse,P005,Lessive,Droguerie,25000,446,97,936,1.78,Non,Non,14.8
2025-06-09,E05,Toulouse-Ouest,S05,Toulouse,P006,T-shirt homme,Textile,25000,1005,85,1254,4.02,Non,Non,12.0
2025-06-09,E05,Toulouse-Ouest,S05,Toulouse,P007,Jeans,Textile,25000,619,74,884,2.48,Non,Non,3.1
2025-06-09,E05,Toulouse-Ouest,S05,Toulouse,P008,Smartphone,Électronique,25000,38,90,663,0.15,Oui,Non,27.6
2025-06-09,E05,Toulouse-Ouest,S05,Toulouse,P009,TV 4K,Électronique,25000,227,83,1117,0.91,Non,Non,20.1
2025-06-09,E05,Toulouse-Ouest,S05,Toulouse,P010,Casque audio,Électronique,25000,591,68,750,2.36,Non,Non,30.0
2025-06-09,E06,Nice-Est,S06,Nice,P001,Lait demi-écrémé,Alimentaire,20000,656,41,1010,3.28,Non,Non,5.4
2025-06-09,E06,Nice-Est,S06,Nice,P002,Riz 1kg,Alimentaire,20000,98,64,1081,0.49,Non,Non,3.2
2025-06-09,E06,Nice-Est,S06,Nice,P003,Pâtes 500g,Alimentaire,20000,343,50,668,1.71,Non,Non,7.3
2025-06-09,E06,Nice-Est,S06,Nice,P004,Shampoing,Droguerie,20000,1222,26,1341,6.11,Non,Oui,20.2
2025-06-09,E06,Nice-Est,S06,Nice,P005,Lessive,Droguerie,20000,136,43,1295,0.68,Non,Non,12.8
2025-06-09,E06,Nice-Est,S06,Nice,P006,T-shirt homme,Textile,20000,690,52,1205,3.45,Non,Non,5.8
2025-06-09,E06,Nice-Est,S06,Nice,P007,Jeans,Textile,20000,775,61,859,3.88,Non,Oui,20.0
2025-06-09,E06,Nice-Est,S06,Nice,P008,Smartphone,Électronique,20000,2,59,653,0.01,Oui,Non,5.0
2025-06-09,E06,Nice-Est,S06,Nice,P009,TV 4K,Électronique,20000,996,66,1079,4.98,Non,Oui,21.9
2025-06-09,E06,Nice-Est,S06,Nice,P010,Casque audio,Électronique,20000,955,28,1949,4.78,Non,Non,17.9
2025-06-09,E07,Bordeaux-Centre,S07,Bordeaux,P001,Lait demi-écrémé,Alimentaire,22000,1256,96,1943,5.71,Non,Non,9.0
2025-06-09,E07,Bordeaux-Centre,S07,Bordeaux,P002,Riz 1kg,Alimentaire,22000,872,87,1235,3.96,Non,Non,12.3
2025-06-09,E07,Bordeaux-Centre,S07,Bordeaux,P003,Pâtes 500g,Alimentaire,22000,1167,56,1537,5.3,Non,Non,29.5
2025-06-09,E07,Bordeaux-Centre,S07,Bordeaux,P004,Shampoing,Droguerie,22000,59,96,952,0.27,Oui,Non,1.9
2025-06-09,E07,Bordeaux-Centre,S07,Bordeaux,P005,Lessive,Droguerie,22000,1287,33,1710,5.85,Non,Non,21.3
2025-06-09,E07,Bordeaux-Centre,S07,Bordeaux,P006,T-shirt homme,Textile,22000,924,63,1386,4.2,Non,Non,11.1
2025-06-09,E07,Bordeaux-Centre,S07,Bordeaux,P007,Jeans,Textile,22000,374,71,926,1.7,Non,Non,11.6
2025-06-09,E07,Bordeaux-Centre,S07,Bordeaux,P008,Smartphone,Électronique,22000,298,84,1106,1.35,Non,Non,25.7
2025-06-09,E07,Bordeaux-Centre,S07,Bordeaux,P009,TV 4K,Électronique,22000,1306,43,1418,5.94,Non,Oui,22.0
2025-06-09,E07,Bordeaux-Centre,S07,Bordeaux,P010,Casque audio,Électronique,22000,399,78,819,1.81,Non,Non,12.7
2025-06-09,E08,Nantes-Atlantique,S08,Nantes,P001,Lait demi-écrémé,Alimentaire,24000,751,66,1329,3.13,Non,Non,1.8
2025-06-09,E08,Nantes-Atlantique,S08,Nantes,P002,Riz 1kg,Alimentaire,24000,487,68,516,2.03,Non,Oui,1.7
2025-06-09,E08,Nantes-Atlantique,S08,Nantes,P003,Pâtes 500g,Alimentaire,24000,301,25,669,1.25,Non,Non,25.9
2025-06-09,E08,Nantes-Atlantique,S08,Nantes,P004,Shampoing,Droguerie,24000,227,55,727,0.95,Non,Non,1.1
2025-06-09,E08,Nantes-Atlantique,S08,Nantes,P005,Lessive,Droguerie,24000,1327,68,1542,5.53,Non,Non,28.7
2025-06-09,E08,Nantes-Atlantique,S08,Nantes,P006,T-shirt homme,Textile,24000,266,73,868,1.11,Non,Non,2.2
2025-06-09,E08,Nantes-Atlantique,S08,Nantes,P007,Jeans,Textile,24000,210,85,1411,0.88,Non,Non,26.4
2025-06-09,E08,Nantes-Atlantique,S08,Nantes,P008,Smartphone,Électronique,24000,1664,20,1806,6.93,Non,Oui,12.9
2025-06-09,E08,Nantes-Atlantique,S08,Nantes,P009,TV 4K,Électronique,24000,120,89,1727,0.5,Non,Non,20.5
2025-06-09,E08,Nantes-Atlantique,S08,Nantes,P010,Casque audio,Électronique,24000,277,32,1495,1.15,Non,Non,16.6
2025-06-16,E01,Paris-Rungis,S01,Paris,P001,Lait demi-écrémé,Alimentaire,50000,834,20,1466,1.67,Non,Non,5.9
2025-06-16,E01,Paris-Rungis,S01,Paris,P002,Riz 1kg,Alimentaire,50000,227,84,1974,0.45,Non,Non,4.5
2025-06-16,E01,Paris-Rungis,S01,Paris,P003,Pâtes 500g,Alimentaire,50000,234,40,786,0.47,Non,Non,5.1
2025-06-16,E01,Paris-Rungis,S01,Paris,P004,Shampoing,Droguerie,50000,179,38,870,0.36,Non,Non,17.1
2025-06-16,E01,Paris-Rungis,S01,Paris,P005,Lessive,Droguerie,50000,284,56,526,0.57,Non,Non,14.7
2025-06-16,E01,Paris-Rungis,S01,Paris,P006,T-shirt homme,Textile,50000,394,39,1577,0.79,Non,Non,11.4
2025-06-16,E01,Paris-Rungis,S01,Paris,P007,Jeans,Textile,50000,1219,97,1710,2.44,Non,Non,9.6
2025-06-16,E01,Paris-Rungis,S01,Paris,P008,Smartphone,Électronique,50000,188,20,1058,0.38,Non,Non,2.1
2025-06-16,E01,Paris-Rungis,S01,Paris,P009,TV 4K,Électronique,50000,926,90,1048,1.85,Non,Non,18.6
2025-06-16,E01,Paris-Rungis,S01,Paris,P010,Casque audio,Électronique,50000,381,34,967,0.76,Non,Non,26.8
2025-06-16,E02,Lyon-Sud,S02,Lyon,P001,Lait demi-écrémé,Alimentaire,35000,236,33,1942,0.67,Non,Non,28.1
2025-06-16,E02,Lyon-Sud,S02,Lyon,P002,Riz 1kg,Alimentaire,35000,60,64,1866,0.17,Oui,Non,25.0
2025-06-16,E02,Lyon-Sud,S02,Lyon,P003,Pâtes 500g,Alimentaire,35000,326,60,897,0.93,Non,Non,29.0
2025-06-16,E02,Lyon-Sud,S02,Lyon,P004,Shampoing,Droguerie,35000,168,76,798,0.48,Non,Non,23.2
2025-06-16,E02,Lyon-Sud,S02,Lyon,P005,Lessive,Droguerie,35000,268,87,1712,0.77,Non,Non,27.8
2025-06-16,E02,Lyon-Sud,S02,Lyon,P006,T-shirt homme,Textile,35000,592,20,1394,1.69,Non,Non,4.4
2025-06-16,E02,Lyon-Sud,S02,Lyon,P007,Jeans,Textile,35000,1139,66,1502,3.25,Non,Non,29.4
2025-06-16,E02,Lyon-Sud,S02,Lyon,P008,Smartphone,Électronique,35000,1073,96,1451,3.07,Non,Non,8.0
2025-06-16,E02,Lyon-Sud,S02,Lyon,P009,TV 4K,Électronique,35000,35,36,1606,0.1,Oui,Non,25.7
2025-06-16,E02,Lyon-Sud,S02,Lyon,P010,Casque audio,Électronique,35000,209,23,1114,0.6,Non,Non,19.0
2025-06-16,E03,Marseille-Port,S03,Marseille,P001,Lait demi-écrémé,Alimentaire,30000,308,62,996,1.03,Non,Non,3.2
2025-06-16,E03,Marseille-Port,S03,Marseille,P002,Riz 1kg,Alimentaire,30000,522,62,758,1.74,Non,Non,23.1
2025-06-16,E03,Marseille-Port,S03,Marseille,P003,Pâtes 500g,Alimentaire,30000,537,32,1843,1.79,Non,Non,9.3
2025-06-16,E03,Marseille-Port,S03,Marseille,P004,Shampoing,Droguerie,30000,930,91,1339,3.1,Non,Non,9.3
2025-06-16,E03,Marseille-Port,S03,Marseille,P005,Lessive,Droguerie,30000,563,100,763,1.88,Non,Non,2.1
2025-06-16,E03,Marseille-Port,S03,Marseille,P006,T-shirt homme,Textile,30000,1044,30,1813,3.48,Non,Non,20.5
2025-06-16,E03,Marseille-Port,S03,Marseille,P007,Jeans,Textile,30000,23,98,957,0.08,Oui,Non,12.2
2025-06-16,E03,Marseille-Port,S03,Marseille,P008,Smartphone,Électronique,30000,1145,64,1519,3.82,Non,Non,19.6
2025-06-16,E03,Marseille-Port,S03,Marseille,P009,TV 4K,Électronique,30000,465,23,1879,1.55,Non,Non,14.5
2025-06-16,E03,Marseille-Port,S03,Marseille,P010,Casque audio,Électronique,30000,683,94,736,2.28,Non,Oui,5.2
2025-06-16,E04,Lille-Nord,S04,Lille,P001,Lait demi-écrémé,Alimentaire,28000,1270,48,1853,4.54,Non,Non,22.0
2025-06-16,E04,Lille-Nord,S04,Lille,P002,Riz 1kg,Alimentaire,28000,953,76,1013,3.4,Non,Oui,27.6
2025-06-16,E04,Lille-Nord,S04,Lille,P003,Pâtes 500g,Alimentaire,28000,824,50,1975,2.94,Non,Non,18.3
2025-06-16,E04,Lille-Nord,S04,Lille,P004,Shampoing,Droguerie,28000,679,21,1153,2.43,Non,Non,17.0
2025-06-16,E04,Lille-Nord,S04,Lille,P005,Lessive,Droguerie,28000,762,64,1509,2.72,Non,Non,18.2
2025-06-16,E04,Lille-Nord,S04,Lille,P006,T-shirt homme,Textile,28000,1573,59,1929,5.62,Non,Non,1.6
2025-06-16,E04,Lille-Nord,S04,Lille,P007,Jeans,Textile,28000,589,55,882,2.1,Non,Non,26.9
2025-06-16,E04,Lille-Nord,S04,Lille,P008,Smartphone,Électronique,28000,1234,20,1358,4.41,Non,Oui,29.0
2025-06-16,E04,Lille-Nord,S04,Lille,P009,TV 4K,Électronique,28000,100,92,1805,0.36,Non,Non,21.0
2025-06-16,E04,Lille-Nord,S04,Lille,P010,Casque audio,Électronique,28000,532,65,813,1.9,Non,Non,18.6
2025-06-16,E05,Toulouse-Ouest,S05,Toulouse,P001,Lait demi-écrémé,Alimentaire,25000,30,89,1378,0.12,Oui,Non,11.9
2025-06-16,E05,Toulouse-Ouest,S05,Toulouse,P002,Riz 1kg,Alimentaire,25000,679,26,1295,2.72,Non,Non,13.2
2025-06-16,E05,Toulouse-Ouest,S05,Toulouse,P003,Pâtes 500g,Alimentaire,25000,463,50,978,1.85,Non,Non,22.9
2025-06-16,E05,Toulouse-Ouest,S05,Toulouse,P004,Shampoing,Droguerie,25000,88,67,1409,0.35,Non,Non,3.4
2025-06-16,E05,Toulouse-Ouest,S05,Toulouse,P005,Lessive,Droguerie,25000,454,60,794,1.82,Non,Non,13.0
2025-06-16,E05,Toulouse-Ouest,S05,Toulouse,P006,T-shirt homme,Textile,25000,1147,48,1356,4.59,Non,Non,3.0
2025-06-16,E05,Toulouse-Ouest,S05,Toulouse,P007,Jeans,Textile,25000,119,95,1630,0.48,Non,Non,5.1
2025-06-16,E05,Toulouse-Ouest,S05,Toulouse,P008,Smartphone,Électronique,25000,41,48,1800,0.16,Oui,Non,15.8
2025-06-16,E05,Toulouse-Ouest,S05,Toulouse,P009,TV 4K,Électronique,25000,1480,44,1480,5.92,Non,Oui,12.6
2025-06-16,E05,Toulouse-Ouest,S05,Toulouse,P010,Casque audio,Électronique,25000,655,98,829,2.62,Non,Non,18.8
2025-06-16,E06,Nice-Est,S06,Nice,P001,Lait demi-écrémé,Alimentaire,20000,551,70,1105,2.76,Non,Non,9.7
2025-06-16,E06,Nice-Est,S06,Nice,P002,Riz 1kg,Alimentaire,20000,330,83,869,1.65,Non,Non,24.3
2025-06-16,E06,Nice-Est,S06,Nice,P003,Pâtes 500g,Alimentaire,20000,577,21,1588,2.89,Non,Non,20.6
2025-06-16,E06,Nice-Est,S06,Nice,P004,Shampoing,Droguerie,20000,256,50,788,1.28,Non,Non,6.0
2025-06-16,E06,Nice-Est,S06,Nice,P005,Lessive,Droguerie,20000,9,58,1549,0.04,Oui,Non,23.2
2025-06-16,E06,Nice-Est,S06,Nice,P006,T-shirt homme,Textile,20000,465,55,663,2.33,Non,Non,21.6
2025-06-16,E06,Nice-Est,S06,Nice,P007,Jeans,Textile,20000,338,59,726,1.69,Non,Non,10.9
2025-06-16,E06,Nice-Est,S06,Nice,P008,Smartphone,Électronique,20000,221,70,1729,1.1,Non,Non,10.5
2025-06-16,E06,Nice-Est,S06,Nice,P009,TV 4K,Électronique,20000,939,63,1145,4.7,Non,Non,9.2
2025-06-16,E06,Nice-Est,S06,Nice,P010,Casque audio,Électronique,20000,393,94,558,1.97,Non,Non,6.0
2025-06-16,E07,Bordeaux-Centre,S07,Bordeaux,P001,Lait demi-écrémé,Alimentaire,22000,775,83,1653,3.52,Non,Non,1.4
2025-06-16,E07,Bordeaux-Centre,S07,Bordeaux,P002,Riz 1kg,Alimentaire,22000,377,55,836,1.71,Non,Non,14.1
2025-06-16,E07,Bordeaux-Centre,S07,Bordeaux,P003,Pâtes 500g,Alimentaire,22000,226,50,936,1.03,Non,Non,20.1
2025-06-16,E07,Bordeaux-Centre,S07,Bordeaux,P004,Shampoing,Droguerie,22000,596,99,1192,2.71,Non,Non,11.4
2025-06-16,E07,Bordeaux-Centre,S07,Bordeaux,P005,Lessive,Droguerie,22000,329,48,669,1.5,Non,Non,19.6
2025-06-16,E07,Bordeaux-Centre,S07,Bordeaux,P006,T-shirt homme,Textile,22000,792,37,1575,3.6,Non,Non,7.6
2025-06-16,E07,Bordeaux-Centre,S07,Bordeaux,P007,Jeans,Textile,22000,143,55,541,0.65,Non,Non,18.5
2025-06-16,E07,Bordeaux-Centre,S07,Bordeaux,P008,Smartphone,Électronique,22000,706,70,876,3.21,Non,Non,18.9
2025-06-16,E07,Bordeaux-Centre,S07,Bordeaux,P009,TV 4K,Électronique,22000,323,31,1406,1.47,Non,Non,3.9
2025-06-16,E07,Bordeaux-Centre,S07,Bordeaux,P010,Casque audio,Électronique,22000,614,57,821,2.79,Non,Non,5.0
2025-06-16,E08,Nantes-Atlantique,S08,Nantes,P001,Lait demi-écrémé,Alimentaire,24000,309,36,554,1.29,Non,Non,3.5
2025-06-16,E08,Nantes-Atlantique,S08,Nantes,P002,Riz 1kg,Alimentaire,24000,1575,79,1609,6.56,Non,Oui,6.1
2025-06-16,E08,Nantes-Atlantique,S08,Nantes,P003,Pâtes 500g,Alimentaire,24000,493,35,1235,2.05,Non,Non,18.1
2025-06-16,E08,Nantes-Atlantique,S08,Nantes,P004,Shampoing,Droguerie,24000,1237,71,1283,5.15,Non,Oui,7.1
2025-06-16,E08,Nantes-Atlantique,S08,Nantes,P005,Lessive,Droguerie,24000,453,20,1311,1.89,Non,Non,29.6
2025-06-16,E08,Nantes-Atlantique,S08,Nantes,P006,T-shirt homme,Textile,24000,220,65,567,0.92,Non,Non,4.5
2025-06-16,E08,Nantes-Atlantique,S08,Nantes,P007,Jeans,Textile,24000,321,49,1700,1.34,Non,Non,15.5
2025-06-16,E08,Nantes-Atlantique,S08,Nantes,P008,Smartphone,Électronique,24000,733,58,1588,3.05,Non,Non,1.2
2025-06-16,E08,Nantes-Atlantique,S08,Nantes,P009,TV 4K,Électronique,24000,428,39,592,1.78,Non,Non,3.8
2025-06-16,E08,Nantes-Atlantique,S08,Nantes,P010,Casque audio,Électronique,24000,108,94,599,0.45,Non,Non,17.7
2025-06-23,E01,Paris-Rungis,S01,Paris,P001,Lait demi-écrémé,Alimentaire,50000,382,51,933,0.76,Non,Non,19.0
2025-06-23,E01,Paris-Rungis,S01,Paris,P002,Riz 1kg,Alimentaire,50000,997,82,1737,1.99,Non,Non,3.5
2025-06-23,E01,Paris-Rungis,S01,Paris,P003,Pâtes 500g,Alimentaire,50000,29,27,504,0.06,Non,Non,19.7
2025-06-23,E01,Paris-Rungis,S01,Paris,P004,Shampoing,Droguerie,50000,1191,43,1951,2.38,Non,Non,19.8
2025-06-23,E01,Paris-Rungis,S01,Paris,P005,Lessive,Droguerie,50000,385,75,703,0.77,Non,Non,5.2
2025-06-23,E01,Paris-Rungis,S01,Paris,P006,T-shirt homme,Textile,50000,575,63,1271,1.15,Non,Non,21.3
2025-06-23,E01,Paris-Rungis,S01,Paris,P007,Jeans,Textile,50000,1515,28,1552,3.03,Non,Oui,11.7
2025-06-23,E01,Paris-Rungis,S01,Paris,P008,Smartphone,Électronique,50000,5,96,1133,0.01,Oui,Non,22.1
2025-06-23,E01,Paris-Rungis,S01,Paris,P009,TV 4K,Électronique,50000,1662,94,1773,3.32,Non,Oui,27.1
2025-06-23,E01,Paris-Rungis,S01,Paris,P010,Casque audio,Électronique,50000,146,49,500,0.29,Non,Non,24.0
2025-06-23,E02,Lyon-Sud,S02,Lyon,P001,Lait demi-écrémé,Alimentaire,35000,1646,64,1988,4.7,Non,Non,29.3
2025-06-23,E02,Lyon-Sud,S02,Lyon,P002,Riz 1kg,Alimentaire,35000,84,37,979,0.24,Non,Non,28.9
2025-06-23,E02,Lyon-Sud,S02,Lyon,P003,Pâtes 500g,Alimentaire,35000,953,100,1459,2.72,Non,Non,27.6
2025-06-23,E02,Lyon-Sud,S02,Lyon,P004,Shampoing,Droguerie,35000,291,88,654,0.83,Non,Non,10.6
2025-06-23,E02,Lyon-Sud,S02,Lyon,P005,Lessive,Droguerie,35000,589,57,1403,1.68,Non,Non,25.3
2025-06-23,E02,Lyon-Sud,S02,Lyon,P006,T-shirt homme,Textile,35000,121,76,526,0.35,Non,Non,18.8
2025-06-23,E02,Lyon-Sud,S02,Lyon,P007,Jeans,Textile,35000,693,65,901,1.98,Non,Non,18.8
2025-06-23,E02,Lyon-Sud,S02,Lyon,P008,Smartphone,Électronique,35000,462,33,664,1.32,Non,Non,29.2
2025-06-23,E02,Lyon-Sud,S02,Lyon,P009,TV 4K,Électronique,35000,876,74,1361,2.5,Non,Non,10.9
2025-06-23,E02,Lyon-Sud,S02,Lyon,P010,Casque audio,Électronique,35000,674,64,862,1.93,Non,Non,14.7
2025-06-23,E03,Marseille-Port,S03,Marseille,P001,Lait demi-écrémé,Alimentaire,30000,128,73,637,0.43,Non,Non,1.8
2025-06-23,E03,Marseille-Port,S03,Marseille,P002,Riz 1kg,Alimentaire,30000,567,93,827,1.89,Non,Non,3.5
2025-06-23,E03,Marseille-Port,S03,Marseille,P003,Pâtes 500g,Alimentaire,30000,1121,61,1476,3.74,Non,Non,2.6
2025-06-23,E03,Marseille-Port,S03,Marseille,P004,Shampoing,Droguerie,30000,1279,29,1977,4.26,Non,Non,2.7
2025-06-23,E03,Marseille-Port,S03,Marseille,P005,Lessive,Droguerie,30000,70,36,1003,0.23,Non,Non,20.6
2025-06-23,E03,Marseille-Port,S03,Marseille,P006,T-shirt homme,Textile,30000,1282,70,1479,4.27,Non,Non,16.9
2025-06-23,E03,Marseille-Port,S03,Marseille,P007,Jeans,Textile,30000,395,76,549,1.32,Non,Non,19.2
2025-06-23,E03,Marseille-Port,S03,Marseille,P008,Smartphone,Électronique,30000,875,81,1795,2.92,Non,Non,6.9
2025-06-23,E03,Marseille-Port,S03,Marseille,P009,TV 4K,Électronique,30000,154,51,777,0.51,Non,Non,6.8
2025-06-23,E03,Marseille-Port,S03,Marseille,P010,Casque audio,Électronique,30000,552,82,752,1.84,Non,Non,11.3
2025-06-23,E04,Lille-Nord,S04,Lille,P001,Lait demi-écrémé,Alimentaire,28000,141,39,646,0.5,Non,Non,12.0
2025-06-23,E04,Lille-Nord,S04,Lille,P002,Riz 1kg,Alimentaire,28000,582,86,1975,2.08,Non,Non,19.8
2025-06-23,E04,Lille-Nord,S04,Lille,P003,Pâtes 500g,Alimentaire,28000,451,67,1348,1.61,Non,Non,27.4
2025-06-23,E04,Lille-Nord,S04,Lille,P004,Shampoing,Droguerie,28000,292,30,670,1.04,Non,Non,25.5
2025-06-23,E04,Lille-Nord,S04,Lille,P005,Lessive,Droguerie,28000,394,97,1138,1.41,Non,Non,1.6
2025-06-23,E04,Lille-Nord,S04,Lille,P006,T-shirt homme,Textile,28000,464,23,1001,1.66,Non,Non,25.1
2025-06-23,E04,Lille-Nord,S04,Lille,P007,Jeans,Textile,28000,1540,51,1666,5.5,Non,Oui,16.6
2025-06-23,E04,Lille-Nord,S04,Lille,P008,Smartphone,Électronique,28000,719,39,998,2.57,Non,Non,21.2
2025-06-23,E04,Lille-Nord,S04,Lille,P009,TV 4K,Électronique,28000,265,46,793,0.95,Non,Non,13.7
2025-06-23,E04,Lille-Nord,S04,Lille,P010,Casque audio,Électronique,28000,1282,96,1849,4.58,Non,Non,15.6
2025-06-23,E05,Toulouse-Ouest,S05,Toulouse,P001,Lait demi-écrémé,Alimentaire,25000,1254,68,1278,5.02,Non,Oui,7.1
2025-06-23,E05,Toulouse-Ouest,S05,Toulouse,P002,Riz 1kg,Alimentaire,25000,1461,81,1596,5.84,Non,Oui,8.5
2025-06-23,E05,Toulouse-Ouest,S05,Toulouse,P003,Pâtes 500g,Alimentaire,25000,1134,82,1849,4.54,Non,Non,6.8
2025-06-23,E05,Toulouse-Ouest,S05,Toulouse,P004,Shampoing,Droguerie,25000,701,83,1345,2.8,Non,Non,17.5
2025-06-23,E05,Toulouse-Ouest,S05,Toulouse,P005,Lessive,Droguerie,25000,536,63,930,2.14,Non,Non,5.0
2025-06-23,E05,Toulouse-Ouest,S05,Toulouse,P006,T-shirt homme,Textile,25000,281,32,701,1.12,Non,Non,20.4
2025-06-23,E05,Toulouse-Ouest,S05,Toulouse,P007,Jeans,Textile,25000,723,23,1294,2.89,Non,Non,5.7
2025-06-23,E05,Toulouse-Ouest,S05,Toulouse,P008,Smartphone,Électronique,25000,599,74,1304,2.4,Non,Non,6.3
2025-06-23,E05,Toulouse-Ouest,S05,Toulouse,P009,TV 4K,Électronique,25000,892,76,951,3.57,Non,Oui,26.7
2025-06-23,E05,Toulouse-Ouest,S05,Toulouse,P010,Casque audio,Électronique,25000,499,28,795,2.0,Non,Non,6.3
2025-06-23,E06,Nice-Est,S06,Nice,P001,Lait demi-écrémé,Alimentaire,20000,707,55,1147,3.54,Non,Non,7.4
2025-06-23,E06,Nice-Est,S06,Nice,P002,Riz 1kg,Alimentaire,20000,748,51,1501,3.74,Non,Non,20.5
2025-06-23,E06,Nice-Est,S06,Nice,P003,Pâtes 500g,Alimentaire,20000,1256,60,1290,6.28,Non,Oui,14.6
2025-06-23,E06,Nice-Est,S06,Nice,P004,Shampoing,Droguerie,20000,903,72,1032,4.52,Non,Non,15.8
2025-06-23,E06,Nice-Est,S06,Nice,P005,Lessive,Droguerie,20000,327,95,1372,1.64,Non,Non,5.8
2025-06-23,E06,Nice-Est,S06,Nice,P006,T-shirt homme,Textile,20000,752,93,1089,3.76,Non,Non,25.1
2025-06-23,E06,Nice-Est,S06,Nice,P007,Jeans,Textile,20000,833,22,1128,4.17,Non,Non,19.1
2025-06-23,E06,Nice-Est,S06,Nice,P008,Smartphone,Électronique,20000,423,60,511,2.11,Non,Non,17.8
2025-06-23,E06,Nice-Est,S06,Nice,P009,TV 4K,Électronique,20000,669,92,1357,3.35,Non,Non,12.1
2025-06-23,E06,Nice-Est,S06,Nice,P010,Casque audio,Électronique,20000,146,62,724,0.73,Non,Non,24.7
2025-06-23,E07,Bordeaux-Centre,S07,Bordeaux,P001,Lait demi-écrémé,Alimentaire,22000,258,26,1363,1.17,Non,Non,22.8
2025-06-23,E07,Bordeaux-Centre,S07,Bordeaux,P002,Riz 1kg,Alimentaire,22000,1008,73,1956,4.58,Non,Non,6.2
2025-06-23,E07,Bordeaux-Centre,S07,Bordeaux,P003,Pâtes 500g,Alimentaire,22000,44,49,1154,0.2,Oui,Non,18.8
2025-06-23,E07,Bordeaux-Centre,S07,Bordeaux,P004,Shampoing,Droguerie,22000,263,94,941,1.2,Non,Non,20.9
2025-06-23,E07,Bordeaux-Centre,S07,Bordeaux,P005,Lessive,Droguerie,22000,74,54,783,0.34,Non,Non,4.8
2025-06-23,E07,Bordeaux-Centre,S07,Bordeaux,P006,T-shirt homme,Textile,22000,895,34,1116,4.07,Non,Non,26.2
2025-06-23,E07,Bordeaux-Centre,S07,Bordeaux,P007,Jeans,Textile,22000,95,67,508,0.43,Non,Non,5.3
2025-06-23,E07,Bordeaux-Centre,S07,Bordeaux,P008,Smartphone,Électronique,22000,1010,45,1099,4.59,Non,Oui,14.4
2025-06-23,E07,Bordeaux-Centre,S07,Bordeaux,P009,TV 4K,Électronique,22000,706,20,1087,3.21,Non,Non,29.2
2025-06-23,E07,Bordeaux-Centre,S07,Bordeaux,P010,Casque audio,Électronique,22000,280,92,1449,1.27,Non,Non,11.8
2025-06-23,E08,Nantes-Atlantique,S08,Nantes,P001,Lait demi-écrémé,Alimentaire,24000,106,86,1096,0.44,Non,Non,14.3
2025-06-23,E08,Nantes-Atlantique,S08,Nantes,P002,Riz 1kg,Alimentaire,24000,665,46,971,2.77,Non,Non,18.7
2025-06-23,E08,Nantes-Atlantique,S08,Nantes,P003,Pâtes 500g,Alimentaire,24000,299,37,691,1.25,Non,Non,14.1
2025-06-23,E08,Nantes-Atlantique,S08,Nantes,P004,Shampoing,Droguerie,24000,197,38,997,0.82,Non,Non,13.9
2025-06-23,E08,Nantes-Atlantique,S08,Nantes,P005,Lessive,Droguerie,24000,114,39,1920,0.47,Non,Non,27.9
2025-06-23,E08,Nantes-Atlantique,S08,Nantes,P006,T-shirt homme,Textile,24000,131,54,1148,0.55,Non,Non,21.8
2025-06-23,E08,Nantes-Atlantique,S08,Nantes,P007,Jeans,Textile,24000,819,70,1499,3.41,Non,Non,23.2
2025-06-23,E08,Nantes-Atlantique,S08,Nantes,P008,Smartphone,Électronique,24000,404,76,524,1.68,Non,Non,6.7
2025-06-23,E08,Nantes-Atlantique,S08,Nantes,P009,TV 4K,Électronique,24000,687,100,949,2.86,Non,Non,5.1
2025-06-23,E08,Nantes-Atlantique,S08,Nantes,P010,Casque audio,Électronique,24000,410,86,1373,1.71,Non,Non,1.1
2025-06-30,E01,Paris-Rungis,S01,Paris,P001,Lait demi-écrémé,Alimentaire,50000,155,28,783,0.31,Non,Non,1.8
2025-06-30,E01,Paris-Rungis,S01,Paris,P002,Riz 1kg,Alimentaire,50000,1384,26,1974,2.77,Non,Non,16.0
2025-06-30,E01,Paris-Rungis,S01,Paris,P003,Pâtes 500g,Alimentaire,50000,259,84,1049,0.52,Non,Non,12.2
2025-06-30,E01,Paris-Rungis,S01,Paris,P004,Shampoing,Droguerie,50000,416,52,1612,0.83,Non,Non,6.9
2025-06-30,E01,Paris-Rungis,S01,Paris,P005,Lessive,Droguerie,50000,924,47,1366,1.85,Non,Non,20.6
2025-06-30,E01,Paris-Rungis,S01,Paris,P006,T-shirt homme,Textile,50000,521,68,546,1.04,Non,Oui,5.8
2025-06-30,E01,Paris-Rungis,S01,Paris,P007,Jeans,Textile,50000,830,89,1739,1.66,Non,Non,15.5
2025-06-30,E01,Paris-Rungis,S01,Paris,P008,Smartphone,Électronique,50000,423,30,1928,0.85,Non,Non,12.1
2025-06-30,E01,Paris-Rungis,S01,Paris,P009,TV 4K,Électronique,50000,1386,62,1810,2.77,Non,Non,8.3
2025-06-30,E01,Paris-Rungis,S01,Paris,P010,Casque audio,Électronique,50000,1227,56,1390,2.45,Non,Non,4.9
2025-06-30,E02,Lyon-Sud,S02,Lyon,P001,Lait demi-écrémé,Alimentaire,35000,858,91,1258,2.45,Non,Non,9.1
2025-06-30,E02,Lyon-Sud,S02,Lyon,P002,Riz 1kg,Alimentaire,35000,192,26,732,0.55,Non,Non,5.2
2025-06-30,E02,Lyon-Sud,S02,Lyon,P003,Pâtes 500g,Alimentaire,35000,191,99,1256,0.55,Non,Non,27.3
2025-06-30,E02,Lyon-Sud,S02,Lyon,P004,Shampoing,Droguerie,35000,102,47,1266,0.29,Non,Non,24.9
2025-06-30,E02,Lyon-Sud,S02,Lyon,P005,Lessive,Droguerie,35000,110,20,658,0.31,Non,Non,27.1
2025-06-30,E02,Lyon-Sud,S02,Lyon,P006,T-shirt homme,Textile,35000,224,57,1301,0.64,Non,Non,14.8
2025-06-30,E02,Lyon-Sud,S02,Lyon,P007,Jeans,Textile,35000,1415,87,1965,4.04,Non,Non,26.9
2025-06-30,E02,Lyon-Sud,S02,Lyon,P008,Smartphone,Électronique,35000,99,27,1607,0.28,Non,Non,7.3
2025-06-30,E02,Lyon-Sud,S02,Lyon,P009,TV 4K,Électronique,35000,1181,87,1543,3.37,Non,Non,19.5
2025-06-30,E02,Lyon-Sud,S02,Lyon,P010,Casque audio,Électronique,35000,522,24,1085,1.49,Non,Non,19.5
2025-06-30,E03,Marseille-Port,S03,Marseille,P001,Lait demi-écrémé,Alimentaire,30000,125,27,1077,0.42,Non,Non,8.9
2025-06-30,E03,Marseille-Port,S03,Marseille,P002,Riz 1kg,Alimentaire,30000,830,28,1213,2.77,Non,Non,12.2
2025-06-30,E03,Marseille-Port,S03,Marseille,P003,Pâtes 500g,Alimentaire,30000,155,85,1196,0.52,Non,Non,20.9
2025-06-30,E03,Marseille-Port,S03,Marseille,P004,Shampoing,Droguerie,30000,534,62,891,1.78,Non,Non,19.4
2025-06-30,E03,Marseille-Port,S03,Marseille,P005,Lessive,Droguerie,30000,1054,33,1062,3.51,Non,Oui,19.7
2025-06-30,E03,Marseille-Port,S03,Marseille,P006,T-shirt homme,Textile,30000,938,81,1135,3.13,Non,Non,10.3
2025-06-30,E03,Marseille-Port,S03,Marseille,P007,Jeans,Textile,30000,201,84,602,0.67,Non,Non,2.2
2025-06-30,E03,Marseille-Port,S03,Marseille,P008,Smartphone,Électronique,30000,412,21,711,1.37,Non,Non,16.0
2025-06-30,E03,Marseille-Port,S03,Marseille,P009,TV 4K,Électronique,30000,577,60,1281,1.92,Non,Non,14.0
2025-06-30,E03,Marseille-Port,S03,Marseille,P010,Casque audio,Électronique,30000,1124,82,1423,3.75,Non,Non,8.6
2025-06-30,E04,Lille-Nord,S04,Lille,P001,Lait demi-écrémé,Alimentaire,28000,76,31,1745,0.27,Non,Non,5.5
2025-06-30,E04,Lille-Nord,S04,Lille,P002,Riz 1kg,Alimentaire,28000,210,79,1845,0.75,Non,Non,12.7
2025-06-30,E04,Lille-Nord,S04,Lille,P003,Pâtes 500g,Alimentaire,28000,1421,97,1579,5.08,Non,Non,17.2
2025-06-30,E04,Lille-Nord,S04,Lille,P004,Shampoing,Droguerie,28000,1437,46,1490,5.13,Non,Oui,4.0
2025-06-30,E04,Lille-Nord,S04,Lille,P005,Lessive,Droguerie,28000,374,31,718,1.34,Non,Non,16.0
2025-06-30,E04,Lille-Nord,S04,Lille,P006,T-shirt homme,Textile,28000,1059,69,1368,3.78,Non,Non,29.4
2025-06-30,E04,Lille-Nord,S04,Lille,P007,Jeans,Textile,28000,582,34,674,2.08,Non,Non,17.6
2025-06-30,E04,Lille-Nord,S04,Lille,P008,Smartphone,Électronique,28000,729,69,1398,2.6,Non,Non,17.8
2025-06-30,E04,Lille-Nord,S04,Lille,P009,TV 4K,Électronique,28000,679,86,913,2.43,Non,Non,6.8
2025-06-30,E04,Lille-Nord,S04,Lille,P010,Casque audio,Électronique,28000,487,72,634,1.74,Non,Non,26.2
2025-06-30,E05,Toulouse-Ouest,S05,Toulouse,P001,Lait demi-écrémé,Alimentaire,25000,340,61,557,1.36,Non,Non,29.1
2025-06-30,E05,Toulouse-Ouest,S05,Toulouse,P002,Riz 1kg,Alimentaire,25000,383,88,924,1.53,Non,Non,6.5
2025-06-30,E05,Toulouse-Ouest,S05,Toulouse,P003,Pâtes 500g,Alimentaire,25000,1104,65,1818,4.42,Non,Non,2.9
2025-06-30,E05,Toulouse-Ouest,S05,Toulouse,P004,Shampoing,Droguerie,25000,670,64,1364,2.68,Non,Non,13.8
2025-06-30,E05,Toulouse-Ouest,S05,Toulouse,P005,Lessive,Droguerie,25000,756,39,1617,3.02,Non,Non,8.2
2025-06-30,E05,Toulouse-Ouest,S05,Toulouse,P006,T-shirt homme,Textile,25000,592,50,1006,2.37,Non,Non,20.0
2025-06-30,E05,Toulouse-Ouest,S05,Toulouse,P007,Jeans,Textile,25000,289,85,834,1.16,Non,Non,5.6
2025-06-30,E05,Toulouse-Ouest,S05,Toulouse,P008,Smartphone,Électronique,25000,290,71,1850,1.16,Non,Non,3.7
2025-06-30,E05,Toulouse-Ouest,S05,Toulouse,P009,TV 4K,Électronique,25000,1145,81,1186,4.58,Non,Oui,2.3
2025-06-30,E05,Toulouse-Ouest,S05,Toulouse,P010,Casque audio,Électronique,25000,548,62,1604,2.19,Non,Non,27.9
2025-06-30,E06,Nice-Est,S06,Nice,P001,Lait demi-écrémé,Alimentaire,20000,993,74,1622,4.96,Non,Non,18.5
2025-06-30,E06,Nice-Est,S06,Nice,P002,Riz 1kg,Alimentaire,20000,417,46,508,2.08,Non,Non,26.4
2025-06-30,E06,Nice-Est,S06,Nice,P003,Pâtes 500g,Alimentaire,20000,155,45,513,0.78,Non,Non,23.9
2025-06-30,E06,Nice-Est,S06,Nice,P004,Shampoing,Droguerie,20000,161,63,918,0.8,Non,Non,27.1
2025-06-30,E06,Nice-Est,S06,Nice,P005,Lessive,Droguerie,20000,490,79,866,2.45,Non,Non,22.9
2025-06-30,E06,Nice-Est,S06,Nice,P006,T-shirt homme,Textile,20000,1147,75,1713,5.73,Non,Non,24.5
2025-06-30,E06,Nice-Est,S06,Nice,P007,Jeans,Textile,20000,324,48,1022,1.62,Non,Non,3.0
2025-06-30,E06,Nice-Est,S06,Nice,P008,Smartphone,Électronique,20000,125,67,1954,0.62,Non,Non,5.8
2025-06-30,E06,Nice-Est,S06,Nice,P009,TV 4K,Électronique,20000,759,36,1560,3.79,Non,Non,28.4
2025-06-30,E06,Nice-Est,S06,Nice,P010,Casque audio,Électronique,20000,244,74,718,1.22,Non,Non,1.1
2025-06-30,E07,Bordeaux-Centre,S07,Bordeaux,P001,Lait demi-écrémé,Alimentaire,22000,390,89,1456,1.77,Non,Non,28.3
2025-06-30,E07,Bordeaux-Centre,S07,Bordeaux,P002,Riz 1kg,Alimentaire,22000,1155,20,1596,5.25,Non,Non,27.8
2025-06-30,E07,Bordeaux-Centre,S07,Bordeaux,P003,Pâtes 500g,Alimentaire,22000,1725,36,1978,7.84,Non,Non,1.2
2025-06-30,E07,Bordeaux-Centre,S07,Bordeaux,P004,Shampoing,Droguerie,22000,568,78,958,2.58,Non,Non,26.1
2025-06-30,E07,Bordeaux-Centre,S07,Bordeaux,P005,Lessive,Droguerie,22000,973,41,1490,4.42,Non,Non,14.6
2025-06-30,E07,Bordeaux-Centre,S07,Bordeaux,P006,T-shirt homme,Textile,22000,513,34,747,2.33,Non,Non,9.5
2025-06-30,E07,Bordeaux-Centre,S07,Bordeaux,P007,Jeans,Textile,22000,709,60,762,3.22,Non,Oui,22.2
2025-06-30,E07,Bordeaux-Centre,S07,Bordeaux,P008,Smartphone,Électronique,22000,406,84,1298,1.85,Non,Non,1.0
2025-06-30,E07,Bordeaux-Centre,S07,Bordeaux,P009,TV 4K,Électronique,22000,8,97,625,0.04,Oui,Non,13.8
2025-06-30,E07,Bordeaux-Centre,S07,Bordeaux,P010,Casque audio,Électronique,22000,74,30,799,0.34,Non,Non,2.4
2025-06-30,E08,Nantes-Atlantique,S08,Nantes,P001,Lait demi-écrémé,Alimentaire,24000,1756,38,1967,7.32,Non,Non,9.1
2025-06-30,E08,Nantes-Atlantique,S08,Nantes,P002,Riz 1kg,Alimentaire,24000,594,44,1104,2.48,Non,Non,15.2
2025-06-30,E08,Nantes-Atlantique,S08,Nantes,P003,Pâtes 500g,Alimentaire,24000,990,26,1214,4.12,Non,Non,25.6
2025-06-30,E08,Nantes-Atlantique,S08,Nantes,P004,Shampoing,Droguerie,24000,192,77,1461,0.8,Non,Non,23.0
2025-06-30,E08,Nantes-Atlantique,S08,Nantes,P005,Lessive,Droguerie,24000,694,74,746,2.89,Non,Oui,17.8
2025-06-30,E08,Nantes-Atlantique,S08,Nantes,P006,T-shirt homme,Textile,24000,221,100,1472,0.92,Non,Non,11.9
2025-06-30,E08,Nantes-Atlantique,S08,Nantes,P007,Jeans,Textile,24000,716,98,1389,2.98,Non,Non,23.4
2025-06-30,E08,Nantes-Atlantique,S08,Nantes,P008,Smartphone,Électronique,24000,832,71,1432,3.47,Non,Non,9.6
2025-06-30,E08,Nantes-Atlantique,S08,Nantes,P009,TV 4K,Électronique,24000,1481,97,1748,6.17,Non,Non,20.8
2025-06-30,E08,Nantes-Atlantique,S08,Nantes,P010,Casque audio,Électronique,24000,199,87,980,0.83,Non,Non,9.3
2025-07-07,E01,Paris-Rungis,S01,Paris,P001,Lait demi-écrémé,Alimentaire,50000,17,54,532,0.03,Oui,Non,18.8
2025-07-07,E01,Paris-Rungis,S01,Paris,P002,Riz 1kg,Alimentaire,50000,165,66,811,0.33,Non,Non,28.1
2025-07-07,E01,Paris-Rungis,S01,Paris,P003,Pâtes 500g,Alimentaire,50000,690,56,783,1.38,Non,Non,12.0
2025-07-07,E01,Paris-Rungis,S01,Paris,P004,Shampoing,Droguerie,50000,799,66,901,1.6,Non,Non,14.3
2025-07-07,E01,Paris-Rungis,S01,Paris,P005,Lessive,Droguerie,50000,373,45,1922,0.75,Non,Non,4.7
2025-07-07,E01,Paris-Rungis,S01,Paris,P006,T-shirt homme,Textile,50000,155,31,1686,0.31,Non,Non,23.0
2025-07-07,E01,Paris-Rungis,S01,Paris,P007,Jeans,Textile,50000,1440,51,1777,2.88,Non,Non,1.4
2025-07-07,E01,Paris-Rungis,S01,Paris,P008,Smartphone,Électronique,50000,582,22,1241,1.16,Non,Non,14.9
2025-07-07,E01,Paris-Rungis,S01,Paris,P009,TV 4K,Électronique,50000,102,51,1362,0.2,Non,Non,23.1
2025-07-07,E01,Paris-Rungis,S01,Paris,P010,Casque audio,Électronique,50000,1311,62,1509,2.62,Non,Non,18.0
2025-07-07,E02,Lyon-Sud,S02,Lyon,P001,Lait demi-écrémé,Alimentaire,35000,76,30,1173,0.22,Non,Non,22.6
2025-07-07,E02,Lyon-Sud,S02,Lyon,P002,Riz 1kg,Alimentaire,35000,70,32,589,0.2,Non,Non,12.5
2025-07-07,E02,Lyon-Sud,S02,Lyon,P003,Pâtes 500g,Alimentaire,35000,18,39,1358,0.05,Oui,Non,1.9
2025-07-07,E02,Lyon-Sud,S02,Lyon,P004,Shampoing,Droguerie,35000,410,24,775,1.17,Non,Non,11.1
2025-07-07,E02,Lyon-Sud,S02,Lyon,P005,Lessive,Droguerie,35000,427,93,1969,1.22,Non,Non,20.4
2025-07-07,E02,Lyon-Sud,S02,Lyon,P006,T-shirt homme,Textile,35000,933,79,1188,2.67,Non,Non,26.0
2025-07-07,E02,Lyon-Sud,S02,Lyon,P007,Jeans,Textile,35000,326,46,951,0.93,Non,Non,9.4
2025-07-07,E02,Lyon-Sud,S02,Lyon,P008,Smartphone,Électronique,35000,423,84,1961,1.21,Non,Non,11.4
2025-07-07,E02,Lyon-Sud,S02,Lyon,P009,TV 4K,Électronique,35000,382,31,1729,1.09,Non,Non,4.1
2025-07-07,E02,Lyon-Sud,S02,Lyon,P010,Casque audio,Électronique,35000,966,93,1325,2.76,Non,Non,17.5
2025-07-07,E03,Marseille-Port,S03,Marseille,P001,Lait demi-écrémé,Alimentaire,30000,496,52,1287,1.65,Non,Non,29.1
2025-07-07,E03,Marseille-Port,S03,Marseille,P002,Riz 1kg,Alimentaire,30000,1297,84,1346,4.32,Non,Oui,12.2
2025-07-07,E03,Marseille-Port,S03,Marseille,P003,Pâtes 500g,Alimentaire,30000,1703,56,1890,5.68,Non,Oui,8.0
2025-07-07,E03,Marseille-Port,S03,Marseille,P004,Shampoing,Droguerie,30000,212,39,546,0.71,Non,Non,3.7
2025-07-07,E03,Marseille-Port,S03,Marseille,P005,Lessive,Droguerie,30000,284,83,1918,0.95,Non,Non,24.7
2025-07-07,E03,Marseille-Port,S03,Marseille,P006,T-shirt homme,Textile,30000,747,72,1366,2.49,Non,Non,5.2
2025-07-07,E03,Marseille-Port,S03,Marseille,P007,Jeans,Textile,30000,317,86,790,1.06,Non,Non,12.4
2025-07-07,E03,Marseille-Port,S03,Marseille,P008,Smartphone,Électronique,30000,340,62,1040,1.13,Non,Non,29.7
2025-07-07,E03,Marseille-Port,S03,Marseille,P009,TV 4K,Électronique,30000,263,83,1871,0.88,Non,Non,9.4
2025-07-07,E03,Marseille-Port,S03,Marseille,P010,Casque audio,Électronique,30000,144,25,570,0.48,Non,Non,1.6
2025-07-07,E04,Lille-Nord,S04,Lille,P001,Lait demi-écrémé,Alimentaire,28000,101,70,1860,0.36,Non,Non,3.5
2025-07-07,E04,Lille-Nord,S04,Lille,P002,Riz 1kg,Alimentaire,28000,327,68,535,1.17,Non,Non,3.5
2025-07-07,E04,Lille-Nord,S04,Lille,P003,Pâtes 500g,Alimentaire,28000,1568,23,1645,5.6,Non,Oui,10.8
2025-07-07,E04,Lille-Nord,S04,Lille,P004,Shampoing,Droguerie,28000,507,46,793,1.81,Non,Non,26.4
2025-07-07,E04,Lille-Nord,S04,Lille,P005,Lessive,Droguerie,28000,415,71,1834,1.48,Non,Non,22.2
2025-07-07,E04,Lille-Nord,S04,Lille,P006,T-shirt homme,Textile,28000,327,45,980,1.17,Non,Non,27.1
2025-07-07,E04,Lille-Nord,S04,Lille,P007,Jeans,Textile,28000,1225,47,1281,4.38,Non,Oui,21.7
2025-07-07,E04,Lille-Nord,S04,Lille,P008,Smartphone,Électronique,28000,91,45,526,0.33,Non,Non,27.3
2025-07-07,E04,Lille-Nord,S04,Lille,P009,TV 4K,Électronique,28000,77,27,1979,0.27,Non,Non,18.1
2025-07-07,E04,Lille-Nord,S04,Lille,P010,Casque audio,Électronique,28000,1205,87,1718,4.3,Non,Non,7.8
2025-07-07,E05,Toulouse-Ouest,S05,Toulouse,P001,Lait demi-écrémé,Alimentaire,25000,1067,90,1408,4.27,Non,Non,4.3
2025-07-07,E05,Toulouse-Ouest,S05,Toulouse,P002,Riz 1kg,Alimentaire,25000,1088,20,1134,4.35,Non,Oui,29.0
2025-07-07,E05,Toulouse-Ouest,S05,Toulouse,P003,Pâtes 500g,Alimentaire,25000,1318,42,1578,5.27,Non,Non,29.5
2025-07-07,E05,Toulouse-Ouest,S05,Toulouse,P004,Shampoing,Droguerie,25000,570,49,1187,2.28,Non,Non,2.9
2025-07-07,E05,Toulouse-Ouest,S05,Toulouse,P005,Lessive,Droguerie,25000,1548,89,1729,6.19,Non,Non,6.2
2025-07-07,E05,Toulouse-Ouest,S05,Toulouse,P006,T-shirt homme,Textile,25000,1514,26,1773,6.06,Non,Non,7.7
2025-07-07,E05,Toulouse-Ouest,S05,Toulouse,P007,Jeans,Textile,25000,451,53,1946,1.8,Non,Non,19.4
2025-07-07,E05,Toulouse-Ouest,S05,Toulouse,P008,Smartphone,Électronique,25000,181,73,1369,0.72,Non,Non,8.0
2025-07-07,E05,Toulouse-Ouest,S05,Toulouse,P009,TV 4K,Électronique,25000,348,73,1306,1.39,Non,Non,16.5
2025-07-07,E05,Toulouse-Ouest,S05,Toulouse,P010,Casque audio,Électronique,25000,168,23,1548,0.67,Non,Non,5.1
2025-07-07,E06,Nice-Est,S06,Nice,P001,Lait demi-écrémé,Alimentaire,20000,1300,37,1881,6.5,Non,Non,13.4
2025-07-07,E06,Nice-Est,S06,Nice,P002,Riz 1kg,Alimentaire,20000,1171,28,1214,5.85,Non,Oui,9.8
2025-07-07,E06,Nice-Est,S06,Nice,P003,Pâtes 500g,Alimentaire,20000,525,78,1928,2.62,Non,Non,23.3
2025-07-07,E06,Nice-Est,S06,Nice,P004,Shampoing,Droguerie,20000,451,20,1211,2.25,Non,Non,3.1
2025-07-07,E06,Nice-Est,S06,Nice,P005,Lessive,Droguerie,20000,357,31,574,1.79,Non,Non,20.7
2025-07-07,E06,Nice-Est,S06,Nice,P006,T-shirt homme,Textile,20000,1596,47,1881,7.98,Non,Non,22.5
2025-07-07,E06,Nice-Est,S06,Nice,P007,Jeans,Textile,20000,886,21,1755,4.43,Non,Non,15.4
2025-07-07,E06,Nice-Est,S06,Nice,P008,Smartphone,Électronique,20000,917,45,1738,4.58,Non,Non,18.9
2025-07-07,E06,Nice-Est,S06,Nice,P009,TV 4K,Électronique,20000,96,57,785,0.48,Non,Non,17.2
2025-07-07,E06,Nice-Est,S06,Nice,P010,Casque audio,Électronique,20000,286,35,1131,1.43,Non,Non,20.4
2025-07-07,E07,Bordeaux-Centre,S07,Bordeaux,P001,Lait demi-écrémé,Alimentaire,22000,485,97,976,2.2,Non,Non,30.0
2025-07-07,E07,Bordeaux-Centre,S07,Bordeaux,P002,Riz 1kg,Alimentaire,22000,58,65,1826,0.26,Oui,Non,23.0
2025-07-07,E07,Bordeaux-Centre,S07,Bordeaux,P003,Pâtes 500g,Alimentaire,22000,994,33,1330,4.52,Non,Non,13.4
2025-07-07,E07,Bordeaux-Centre,S07,Bordeaux,P004,Shampoing,Droguerie,22000,1014,32,1542,4.61,Non,Non,14.9
2025-07-07,E07,Bordeaux-Centre,S07,Bordeaux,P005,Lessive,Droguerie,22000,1087,36,1847,4.94,Non,Non,16.7
2025-07-07,E07,Bordeaux-Centre,S07,Bordeaux,P006,T-shirt homme,Textile,22000,483,47,1337,2.2,Non,Non,13.5
2025-07-07,E07,Bordeaux-Centre,S07,Bordeaux,P007,Jeans,Textile,22000,1365,87,1861,6.2,Non,Non,11.4
2025-07-07,E07,Bordeaux-Centre,S07,Bordeaux,P008,Smartphone,Électronique,22000,1340,31,1992,6.09,Non,Non,12.5
2025-07-07,E07,Bordeaux-Centre,S07,Bordeaux,P009,TV 4K,Électronique,22000,822,40,1441,3.74,Non,Non,6.0
2025-07-07,E07,Bordeaux-Centre,S07,Bordeaux,P010,Casque audio,Électronique,22000,435,40,876,1.98,Non,Non,13.5
2025-07-07,E08,Nantes-Atlantique,S08,Nantes,P001,Lait demi-écrémé,Alimentaire,24000,1415,76,1554,5.9,Non,Oui,15.9
2025-07-07,E08,Nantes-Atlantique,S08,Nantes,P002,Riz 1kg,Alimentaire,24000,1408,92,1932,5.87,Non,Non,6.6
2025-07-07,E08,Nantes-Atlantique,S08,Nantes,P003,Pâtes 500g,Alimentaire,24000,404,70,675,1.68,Non,Non,29.7
2025-07-07,E08,Nantes-Atlantique,S08,Nantes,P004,Shampoing,Droguerie,24000,191,61,846,0.8,Non,Non,17.0
2025-07-07,E08,Nantes-Atlantique,S08,Nantes,P005,Lessive,Droguerie,24000,1826,97,1884,7.61,Non,Oui,21.7
2025-07-07,E08,Nantes-Atlantique,S08,Nantes,P006,T-shirt homme,Textile,24000,237,97,501,0.99,Non,Non,9.5
2025-07-07,E08,Nantes-Atlantique,S08,Nantes,P007,Jeans,Textile,24000,827,94,995,3.45,Non,Non,10.2
2025-07-07,E08,Nantes-Atlantique,S08,Nantes,P008,Smartphone,Électronique,24000,138,88,717,0.57,Non,Non,10.4
2025-07-07,E08,Nantes-Atlantique,S08,Nantes,P009,TV 4K,Électronique,24000,983,99,1476,4.1,Non,Non,14.5
2025-07-07,E08,Nantes-Atlantique,S08,Nantes,P010,Casque audio,Électronique,24000,1015,75,1160,4.23,Non,Non,12.0
2025-07-14,E01,Paris-Rungis,S01,Paris,P001,Lait demi-écrémé,Alimentaire,50000,384,23,1624,0.77,Non,Non,27.5
2025-07-14,E01,Paris-Rungis,S01,Paris,P002,Riz 1kg,Alimentaire,50000,50,67,1589,0.1,Oui,Non,10.2
2025-07-14,E01,Paris-Rungis,S01,Paris,P003,Pâtes 500g,Alimentaire,50000,1927,29,1955,3.85,Non,Oui,28.1
2025-07-14,E01,Paris-Rungis,S01,Paris,P004,Shampoing,Droguerie,50000,223,35,1402,0.45,Non,Non,26.9
2025-07-14,E01,Paris-Rungis,S01,Paris,P005,Lessive,Droguerie,50000,988,69,1175,1.98,Non,Non,17.0
2025-07-14,E01,Paris-Rungis,S01,Paris,P006,T-shirt homme,Textile,50000,143,44,1670,0.29,Non,Non,28.6
2025-07-14,E01,Paris-Rungis,S01,Paris,P007,Jeans,Textile,50000,721,37,1708,1.44,Non,Non,26.2
2025-07-14,E01,Paris-Rungis,S01,Paris,P008,Smartphone,Électronique,50000,547,64,690,1.09,Non,Non,16.5
2025-07-14,E01,Paris-Rungis,S01,Paris,P009,TV 4K,Électronique,50000,233,30,1827,0.47,Non,Non,25.4
2025-07-14,E01,Paris-Rungis,S01,Paris,P010,Casque audio,Électronique,50000,877,59,1576,1.75,Non,Non,2.1
2025-07-14,E02,Lyon-Sud,S02,Lyon,P001,Lait demi-écrémé,Alimentaire,35000,4,66,589,0.01,Oui,Non,21.8
2025-07-14,E02,Lyon-Sud,S02,Lyon,P002,Riz 1kg,Alimentaire,35000,552,43,1036,1.58,Non,Non,18.2
2025-07-14,E02,Lyon-Sud,S02,Lyon,P003,Pâtes 500g,Alimentaire,35000,915,43,1570,2.61,Non,Non,17.3
2025-07-14,E02,Lyon-Sud,S02,Lyon,P004,Shampoing,Droguerie,35000,948,82,1215,2.71,Non,Non,29.8
2025-07-14,E02,Lyon-Sud,S02,Lyon,P005,Lessive,Droguerie,35000,657,100,977,1.88,Non,Non,1.5
2025-07-14,E02,Lyon-Sud,S02,Lyon,P006,T-shirt homme,Textile,35000,401,38,1707,1.15,Non,Non,1.5
2025-07-14,E02,Lyon-Sud,S02,Lyon,P007,Jeans,Textile,35000,1796,33,1997,5.13,Non,Non,5.3
2025-07-14,E02,Lyon-Sud,S02,Lyon,P008,Smartphone,Électronique,35000,519,21,630,1.48,Non,Non,12.4
2025-07-14,E02,Lyon-Sud,S02,Lyon,P009,TV 4K,Électronique,35000,505,100,573,1.44,Non,Non,9.0
2025-07-14,E02,Lyon-Sud,S02,Lyon,P010,Casque audio,Électronique,35000,411,93,547,1.17,Non,Non,20.2
2025-07-14,E03,Marseille-Port,S03,Marseille,P001,Lait demi-écrémé,Alimentaire,30000,305,96,1205,1.02,Non,Non,29.9
2025-07-14,E03,Marseille-Port,S03,Marseille,P002,Riz 1kg,Alimentaire,30000,871,40,965,2.9,Non,Oui,6.5
2025-07-14,E03,Marseille-Port,S03,Marseille,P003,Pâtes 500g,Alimentaire,30000,840,97,931,2.8,Non,Oui,4.5
2025-07-14,E03,Marseille-Port,S03,Marseille,P004,Shampoing,Droguerie,30000,393,91,532,1.31,Non,Non,5.9
2025-07-14,E03,Marseille-Port,S03,Marseille,P005,Lessive,Droguerie,30000,510,25,527,1.7,Non,Oui,19.5
2025-07-14,E03,Marseille-Port,S03,Marseille,P006,T-shirt homme,Textile,30000,267,22,778,0.89,Non,Non,23.8
2025-07-14,E03,Marseille-Port,S03,Marseille,P007,Jeans,Textile,30000,1455,69,1833,4.85,Non,Non,13.3
2025-07-14,E03,Marseille-Port,S03,Marseille,P008,Smartphone,Électronique,30000,1648,53,1937,5.49,Non,Non,17.7
2025-07-14,E03,Marseille-Port,S03,Marseille,P009,TV 4K,Électronique,30000,480,66,989,1.6,Non,Non,28.4
2025-07-14,E03,Marseille-Port,S03,Marseille,P010,Casque audio,Électronique,30000,334,56,550,1.11,Non,Non,15.3
2025-07-14,E04,Lille-Nord,S04,Lille,P001,Lait demi-écrémé,Alimentaire,28000,1561,31,1814,5.58,Non,Non,9.0
2025-07-14,E04,Lille-Nord,S04,Lille,P002,Riz 1kg,Alimentaire,28000,1223,70,1858,4.37,Non,Non,11.7
2025-07-14,E04,Lille-Nord,S04,Lille,P003,Pâtes 500g,Alimentaire,28000,1591,72,1889,5.68,Non,Non,27.3
2025-07-14,E04,Lille-Nord,S04,Lille,P004,Shampoing,Droguerie,28000,389,52,601,1.39,Non,Non,16.7
2025-07-14,E04,Lille-Nord,S04,Lille,P005,Lessive,Droguerie,28000,370,83,926,1.32,Non,Non,19.7
2025-07-14,E04,Lille-Nord,S04,Lille,P006,T-shirt homme,Textile,28000,448,52,1263,1.6,Non,Non,8.4
2025-07-14,E04,Lille-Nord,S04,Lille,P007,Jeans,Textile,28000,779,28,1074,2.78,Non,Non,20.0
2025-07-14,E04,Lille-Nord,S04,Lille,P008,Smartphone,Électronique,28000,1357,90,1598,4.85,Non,Non,24.9
2025-07-14,E04,Lille-Nord,S04,Lille,P009,TV 4K,Électronique,28000,406,65,1552,1.45,Non,Non,20.3
2025-07-14,E04,Lille-Nord,S04,Lille,P010,Casque audio,Électronique,28000,406,54,1537,1.45,Non,Non,23.8
2025-07-14,E05,Toulouse-Ouest,S05,Toulouse,P001,Lait demi-écrémé,Alimentaire,25000,677,91,968,2.71,Non,Non,28.3
2025-07-14,E05,Toulouse-Ouest,S05,Toulouse,P002,Riz 1kg,Alimentaire,25000,1120,65,1841,4.48,Non,Non,28.4
2025-07-14,E05,Toulouse-Ouest,S05,Toulouse,P003,Pâtes 500g,Alimentaire,25000,426,100,827,1.7,Non,Non,25.1
2025-07-14,E05,Toulouse-Ouest,S05,Toulouse,P004,Shampoing,Droguerie,25000,802,47,1389,3.21,Non,Non,25.1
2025-07-14,E05,Toulouse-Ouest,S05,Toulouse,P005,Lessive,Droguerie,25000,492,86,1141,1.97,Non,Non,5.5
2025-07-14,E05,Toulouse-Ouest,S05,Toulouse,P006,T-shirt homme,Textile,25000,747,78,1468,2.99,Non,Non,16.2
2025-07-14,E05,Toulouse-Ouest,S05,Toulouse,P007,Jeans,Textile,25000,1247,20,1540,4.99,Non,Non,9.4
2025-07-14,E05,Toulouse-Ouest,S05,Toulouse,P008,Smartphone,Électronique,25000,836,40,1832,3.34,Non,Non,23.4
2025-07-14,E05,Toulouse-Ouest,S05,Toulouse,P009,TV 4K,Électronique,25000,447,98,1648,1.79,Non,Non,20.0
2025-07-14,E05,Toulouse-Ouest,S05,Toulouse,P010,Casque audio,Électronique,25000,499,52,1115,2.0,Non,Non,26.3
2025-07-14,E06,Nice-Est,S06,Nice,P001,Lait demi-écrémé,Alimentaire,20000,1414,75,1722,7.07,Non,Non,10.8
2025-07-14,E06,Nice-Est,S06,Nice,P002,Riz 1kg,Alimentaire,20000,364,88,564,1.82,Non,Non,1.7
2025-07-14,E06,Nice-Est,S06,Nice,P003,Pâtes 500g,Alimentaire,20000,122,59,1153,0.61,Non,Non,11.5
2025-07-14,E06,Nice-Est,S06,Nice,P004,Shampoing,Droguerie,20000,358,24,1720,1.79,Non,Non,16.4
2025-07-14,E06,Nice-Est,S06,Nice,P005,Lessive,Droguerie,20000,338,71,1449,1.69,Non,Non,22.3
2025-07-14,E06,Nice-Est,S06,Nice,P006,T-shirt homme,Textile,20000,468,21,604,2.34,Non,Non,6.7
2025-07-14,E06,Nice-Est,S06,Nice,P007,Jeans,Textile,20000,1553,42,1735,7.76,Non,Non,6.7
2025-07-14,E06,Nice-Est,S06,Nice,P008,Smartphone,Électronique,20000,957,25,1927,4.78,Non,Non,14.0
2025-07-14,E06,Nice-Est,S06,Nice,P009,TV 4K,Électronique,20000,604,82,790,3.02,Non,Non,10.1
2025-07-14,E06,Nice-Est,S06,Nice,P010,Casque audio,Électronique,20000,1287,64,1865,6.44,Non,Non,29.1
2025-07-14,E07,Bordeaux-Centre,S07,Bordeaux,P001,Lait demi-écrémé,Alimentaire,22000,575,20,994,2.61,Non,Non,27.8
2025-07-14,E07,Bordeaux-Centre,S07,Bordeaux,P002,Riz 1kg,Alimentaire,22000,282,28,1363,1.28,Non,Non,10.7
2025-07-14,E07,Bordeaux-Centre,S07,Bordeaux,P003,Pâtes 500g,Alimentaire,22000,362,64,725,1.65,Non,Non,2.1
2025-07-14,E07,Bordeaux-Centre,S07,Bordeaux,P004,Shampoing,Droguerie,22000,1427,36,1911,6.49,Non,Non,19.4
2025-07-14,E07,Bordeaux-Centre,S07,Bordeaux,P005,Lessive,Droguerie,22000,47,58,1203,0.21,Oui,Non,20.1
2025-07-14,E07,Bordeaux-Centre,S07,Bordeaux,P006,T-shirt homme,Textile,22000,319,91,692,1.45,Non,Non,7.1
2025-07-14,E07,Bordeaux-Centre,S07,Bordeaux,P007,Jeans,Textile,22000,142,49,632,0.65,Non,Non,27.4
2025-07-14,E07,Bordeaux-Centre,S07,Bordeaux,P008,Smartphone,Électronique,22000,476,96,1042,2.16,Non,Non,24.9
2025-07-14,E07,Bordeaux-Centre,S07,Bordeaux,P009,TV 4K,Électronique,22000,1758,82,1770,7.99,Non,Oui,25.1
2025-07-14,E07,Bordeaux-Centre,S07,Bordeaux,P010,Casque audio,Électronique,22000,80,62,885,0.36,Non,Non,24.1
2025-07-14,E08,Nantes-Atlantique,S08,Nantes,P001,Lait demi-écrémé,Alimentaire,24000,145,32,728,0.6,Non,Non,7.9
2025-07-14,E08,Nantes-Atlantique,S08,Nantes,P002,Riz 1kg,Alimentaire,24000,59,65,1679,0.25,Oui,Non,9.0
2025-07-14,E08,Nantes-Atlantique,S08,Nantes,P003,Pâtes 500g,Alimentaire,24000,733,41,1321,3.05,Non,Non,6.4
2025-07-14,E08,Nantes-Atlantique,S08,Nantes,P004,Shampoing,Droguerie,24000,305,78,1041,1.27,Non,Non,17.0
2025-07-14,E08,Nantes-Atlantique,S08,Nantes,P005,Lessive,Droguerie,24000,825,68,875,3.44,Non,Oui,20.4
2025-07-14,E08,Nantes-Atlantique,S08,Nantes,P006,T-shirt homme,Textile,24000,104,34,1917,0.43,Non,Non,16.2
2025-07-14,E08,Nantes-Atlantique,S08,Nantes,P007,Jeans,Textile,24000,541,83,957,2.25,Non,Non,6.6
2025-07-14,E08,Nantes-Atlantique,S08,Nantes,P008,Smartphone,Électronique,24000,599,64,1213,2.5,Non,Non,10.9
2025-07-14,E08,Nantes-Atlantique,S08,Nantes,P009,TV 4K,Électronique,24000,883,30,1031,3.68,Non,Non,29.3
2025-07-14,E08,Nantes-Atlantique,S08,Nantes,P010,Casque audio,Électronique,24000,165,97,1781,0.69,Non,Non,18.0
2025-07-21,E01,Paris-Rungis,S01,Paris,P001,Lait demi-écrémé,Alimentaire,50000,80,61,692,0.16,Non,Non,14.8
2025-07-21,E01,Paris-Rungis,S01,Paris,P002,Riz 1kg,Alimentaire,50000,732,58,1204,1.46,Non,Non,10.1
2025-07-21,E01,Paris-Rungis,S01,Paris,P003,Pâtes 500g,Alimentaire,50000,929,48,1910,1.86,Non,Non,21.3
2025-07-21,E01,Paris-Rungis,S01,Paris,P004,Shampoing,Droguerie,50000,485,73,777,0.97,Non,Non,6.4
2025-07-21,E01,Paris-Rungis,S01,Paris,P005,Lessive,Droguerie,50000,933,33,1351,1.87,Non,Non,6.8
2025-07-21,E01,Paris-Rungis,S01,Paris,P006,T-shirt homme,Textile,50000,394,76,1012,0.79,Non,Non,3.8
2025-07-21,E01,Paris-Rungis,S01,Paris,P007,Jeans,Textile,50000,325,37,677,0.65,Non,Non,25.1
2025-07-21,E01,Paris-Rungis,S01,Paris,P008,Smartphone,Électronique,50000,341,67,1366,0.68,Non,Non,23.1
2025-07-21,E01,Paris-Rungis,S01,Paris,P009,TV 4K,Électronique,50000,177,52,707,0.35,Non,Non,22.8
2025-07-21,E01,Paris-Rungis,S01,Paris,P010,Casque audio,Électronique,50000,527,23,1552,1.05,Non,Non,16.2
2025-07-21,E02,Lyon-Sud,S02,Lyon,P001,Lait demi-écrémé,Alimentaire,35000,905,85,1841,2.59,Non,Non,12.4
2025-07-21,E02,Lyon-Sud,S02,Lyon,P002,Riz 1kg,Alimentaire,35000,1272,21,1706,3.63,Non,Non,28.1
2025-07-21,E02,Lyon-Sud,S02,Lyon,P003,Pâtes 500g,Alimentaire,35000,479,74,1669,1.37,Non,Non,3.4
2025-07-21,E02,Lyon-Sud,S02,Lyon,P004,Shampoing,Droguerie,35000,20,75,992,0.06,Oui,Non,23.9
2025-07-21,E02,Lyon-Sud,S02,Lyon,P005,Lessive,Droguerie,35000,1224,50,1766,3.5,Non,Non,10.7
2025-07-21,E02,Lyon-Sud,S02,Lyon,P006,T-shirt homme,Textile,35000,1011,29,1392,2.89,Non,Non,28.3
2025-07-21,E02,Lyon-Sud,S02,Lyon,P007,Jeans,Textile,35000,66,59,1187,0.19,Non,Non,21.7
2025-07-21,E02,Lyon-Sud,S02,Lyon,P008,Smartphone,Électronique,35000,1105,98,1708,3.16,Non,Non,5.1
2025-07-21,E02,Lyon-Sud,S02,Lyon,P009,TV 4K,Électronique,35000,1441,36,1886,4.12,Non,Non,22.0
2025-07-21,E02,Lyon-Sud,S02,Lyon,P010,Casque audio,Électronique,35000,692,76,966,1.98,Non,Non,24.3
2025-07-21,E03,Marseille-Port,S03,Marseille,P001,Lait demi-écrémé,Alimentaire,30000,287,42,940,0.96,Non,Non,23.7
2025-07-21,E03,Marseille-Port,S03,Marseille,P002,Riz 1kg,Alimentaire,30000,1086,87,1638,3.62,Non,Non,28.8
2025-07-21,E03,Marseille-Port,S03,Marseille,P003,Pâtes 500g,Alimentaire,30000,704,59,1528,2.35,Non,Non,25.7
2025-07-21,E03,Marseille-Port,S03,Marseille,P004,Shampoing,Droguerie,30000,597,31,1846,1.99,Non,Non,19.9
2025-07-21,E03,Marseille-Port,S03,Marseille,P005,Lessive,Droguerie,30000,378,27,797,1.26,Non,Non,18.6
2025-07-21,E03,Marseille-Port,S03,Marseille,P006,T-shirt homme,Textile,30000,609,51,1320,2.03,Non,Non,11.6
2025-07-21,E03,Marseille-Port,S03,Marseille,P007,Jeans,Textile,30000,359,38,1632,1.2,Non,Non,23.8
2025-07-21,E03,Marseille-Port,S03,Marseille,P008,Smartphone,Électronique,30000,252,50,719,0.84,Non,Non,8.4
2025-07-21,E03,Marseille-Port,S03,Marseille,P009,TV 4K,Électronique,30000,759,80,1240,2.53,Non,Non,13.8
2025-07-21,E03,Marseille-Port,S03,Marseille,P010,Casque audio,Électronique,30000,620,79,878,2.07,Non,Non,18.7
2025-07-21,E04,Lille-Nord,S04,Lille,P001,Lait demi-écrémé,Alimentaire,28000,678,34,1971,2.42,Non,Non,9.5
2025-07-21,E04,Lille-Nord,S04,Lille,P002,Riz 1kg,Alimentaire,28000,529,23,1084,1.89,Non,Non,6.6
2025-07-21,E04,Lille-Nord,S04,Lille,P003,Pâtes 500g,Alimentaire,28000,1448,30,1567,5.17,Non,Oui,6.9
2025-07-21,E04,Lille-Nord,S04,Lille,P004,Shampoing,Droguerie,28000,446,58,1009,1.59,Non,Non,26.6
2025-07-21,E04,Lille-Nord,S04,Lille,P005,Lessive,Droguerie,28000,937,67,960,3.35,Non,Oui,24.1
2025-07-21,E04,Lille-Nord,S04,Lille,P006,T-shirt homme,Textile,28000,1337,24,1904,4.78,Non,Non,25.8
2025-07-21,E04,Lille-Nord,S04,Lille,P007,Jeans,Textile,28000,990,94,1490,3.54,Non,Non,4.4
2025-07-21,E04,Lille-Nord,S04,Lille,P008,Smartphone,Électronique,28000,32,33,1156,0.11,Oui,Non,12.8
2025-07-21,E04,Lille-Nord,S04,Lille,P009,TV 4K,Électronique,28000,689,94,734,2.46,Non,Oui,28.1
2025-07-21,E04,Lille-Nord,S04,Lille,P010,Casque audio,Électronique,28000,399,97,759,1.43,Non,Non,27.2
2025-07-21,E05,Toulouse-Ouest,S05,Toulouse,P001,Lait demi-écrémé,Alimentaire,25000,462,63,631,1.85,Non,Non,7.2
2025-07-21,E05,Toulouse-Ouest,S05,Toulouse,P002,Riz 1kg,Alimentaire,25000,228,40,1542,0.91,Non,Non,25.4
2025-07-21,E05,Toulouse-Ouest,S05,Toulouse,P003,Pâtes 500g,Alimentaire,25000,1258,38,1903,5.03,Non,Non,3.4
2025-07-21,E05,Toulouse-Ouest,S05,Toulouse,P004,Shampoing,Droguerie,25000,1031,26,1997,4.12,Non,Non,15.2
2025-07-21,E05,Toulouse-Ouest,S05,Toulouse,P005,Lessive,Droguerie,25000,160,99,818,0.64,Non,Non,3.8
2025-07-21,E05,Toulouse-Ouest,S05,Toulouse,P006,T-shirt homme,Textile,25000,406,90,1004,1.62,Non,Non,17.4
2025-07-21,E05,Toulouse-Ouest,S05,Toulouse,P007,Jeans,Textile,25000,906,29,1159,3.62,Non,Non,7.3
2025-07-21,E05,Toulouse-Ouest,S05,Toulouse,P008,Smartphone,Électronique,25000,991,78,1391,3.96,Non,Non,4.3
2025-07-21,E05,Toulouse-Ouest,S05,Toulouse,P009,TV 4K,Électronique,25000,280,23,1235,1.12,Non,Non,17.4
2025-07-21,E05,Toulouse-Ouest,S05,Toulouse,P010,Casque audio,Électronique,25000,2,77,1498,0.01,Oui,Non,13.8
2025-07-21,E06,Nice-Est,S06,Nice,P001,Lait demi-écrémé,Alimentaire,20000,165,57,1209,0.83,Non,Non,11.8
2025-07-21,E06,Nice-Est,S06,Nice,P002,Riz 1kg,Alimentaire,20000,260,45,615,1.3,Non,Non,9.0
2025-07-21,E06,Nice-Est,S06,Nice,P003,Pâtes 500g,Alimentaire,20000,181,26,521,0.91,Non,Non,1.2
2025-07-21,E06,Nice-Est,S06,Nice,P004,Shampoing,Droguerie,20000,499,68,1566,2.5,Non,Non,17.3
2025-07-21,E06,Nice-Est,S06,Nice,P005,Lessive,Droguerie,20000,70,91,1755,0.35,Oui,Non,26.7
2025-07-21,E06,Nice-Est,S06,Nice,P006,T-shirt homme,Textile,20000,709,59,1806,3.55,Non,Non,26.5
2025-07-21,E06,Nice-Est,S06,Nice,P007,Jeans,Textile,20000,647,41,1717,3.23,Non,Non,15.6
2025-07-21,E06,Nice-Est,S06,Nice,P008,Smartphone,Électronique,20000,96,77,1312,0.48,Non,Non,7.9
2025-07-21,E06,Nice-Est,S06,Nice,P009,TV 4K,Électronique,20000,17,26,1057,0.08,Oui,Non,18.5
2025-07-21,E06,Nice-Est,S06,Nice,P010,Casque audio,Électronique,20000,835,46,1059,4.17,Non,Non,20.9
2025-07-21,E07,Bordeaux-Centre,S07,Bordeaux,P001,Lait demi-écrémé,Alimentaire,22000,712,78,1891,3.24,Non,Non,9.6
2025-07-21,E07,Bordeaux-Centre,S07,Bordeaux,P002,Riz 1kg,Alimentaire,22000,1456,28,1598,6.62,Non,Oui,22.0
2025-07-21,E07,Bordeaux-Centre,S07,Bordeaux,P003,Pâtes 500g,Alimentaire,22000,1109,50,1368,5.04,Non,Non,15.6
2025-07-21,E07,Bordeaux-Centre,S07,Bordeaux,P004,Shampoing,Droguerie,22000,249,25,654,1.13,Non,Non,25.1
2025-07-21,E07,Bordeaux-Centre,S07,Bordeaux,P005,Lessive,Droguerie,22000,353,36,1414,1.6,Non,Non,3.1
2025-07-21,E07,Bordeaux-Centre,S07,Bordeaux,P006,T-shirt homme,Textile,22000,249,60,705,1.13,Non,Non,8.1
2025-07-21,E07,Bordeaux-Centre,S07,Bordeaux,P007,Jeans,Textile,22000,102,68,623,0.46,Non,Non,16.8
2025-07-21,E07,Bordeaux-Centre,S07,Bordeaux,P008,Smartphone,Électronique,22000,2,40,804,0.01,Oui,Non,3.9
2025-07-21,E07,Bordeaux-Centre,S07,Bordeaux,P009,TV 4K,Électronique,22000,1120,88,1846,5.09,Non,Non,5.9
2025-07-21,E07,Bordeaux-Centre,S07,Bordeaux,P010,Casque audio,Électronique,22000,32,50,855,0.15,Oui,Non,23.4
2025-07-21,E08,Nantes-Atlantique,S08,Nantes,P001,Lait demi-écrémé,Alimentaire,24000,1497,45,1903,6.24,Non,Non,3.2
2025-07-21,E08,Nantes-Atlantique,S08,Nantes,P002,Riz 1kg,Alimentaire,24000,248,69,1571,1.03,Non,Non,22.0
2025-07-21,E08,Nantes-Atlantique,S08,Nantes,P003,Pâtes 500g,Alimentaire,24000,425,72,955,1.77,Non,Non,25.4
2025-07-21,E08,Nantes-Atlantique,S08,Nantes,P004,Shampoing,Droguerie,24000,1157,50,1600,4.82,Non,Non,20.6
2025-07-21,E08,Nantes-Atlantique,S08,Nantes,P005,Lessive,Droguerie,24000,1436,31,1828,5.98,Non,Non,14.9
2025-07-21,E08,Nantes-Atlantique,S08,Nantes,P006,T-shirt homme,Textile,24000,1229,51,1279,5.12,Non,Oui,1.4
2025-07-21,E08,Nantes-Atlantique,S08,Nantes,P007,Jeans,Textile,24000,1446,85,1713,6.02,Non,Non,9.9
2025-07-21,E08,Nantes-Atlantique,S08,Nantes,P008,Smartphone,Électronique,24000,987,82,1377,4.11,Non,Non,6.3
2025-07-21,E08,Nantes-Atlantique,S08,Nantes,P009,TV 4K,Électronique,24000,362,25,547,1.51,Non,Non,4.8
2025-07-21,E08,Nantes-Atlantique,S08,Nantes,P010,Casque audio,Électronique,24000,1468,52,1931,6.12,Non,Non,3.9
2025-07-28,E01,Paris-Rungis,S01,Paris,P001,Lait demi-écrémé,Alimentaire,50000,18,26,1470,0.04,Oui,Non,14.2
2025-07-28,E01,Paris-Rungis,S01,Paris,P002,Riz 1kg,Alimentaire,50000,275,75,994,0.55,Non,Non,17.3
2025-07-28,E01,Paris-Rungis,S01,Paris,P003,Pâtes 500g,Alimentaire,50000,1374,23,1839,2.75,Non,Non,16.5
2025-07-28,E01,Paris-Rungis,S01,Paris,P004,Shampoing,Droguerie,50000,213,97,1156,0.43,Non,Non,6.2
2025-07-28,E01,Paris-Rungis,S01,Paris,P005,Lessive,Droguerie,50000,380,78,513,0.76,Non,Non,3.3
2025-07-28,E01,Paris-Rungis,S01,Paris,P006,T-shirt homme,Textile,50000,1543,34,1696,3.09,Non,Oui,3.3
2025-07-28,E01,Paris-Rungis,S01,Paris,P007,Jeans,Textile,50000,622,53,1816,1.24,Non,Non,11.5
2025-07-28,E01,Paris-Rungis,S01,Paris,P008,Smartphone,Électronique,50000,1240,66,1360,2.48,Non,Oui,14.7
2025-07-28,E01,Paris-Rungis,S01,Paris,P009,TV 4K,Électronique,50000,704,98,1309,1.41,Non,Non,10.8
2025-07-28,E01,Paris-Rungis,S01,Paris,P010,Casque audio,Électronique,50000,381,34,1728,0.76,Non,Non,14.2
2025-07-28,E02,Lyon-Sud,S02,Lyon,P001,Lait demi-écrémé,Alimentaire,35000,241,83,660,0.69,Non,Non,13.7
2025-07-28,E02,Lyon-Sud,S02,Lyon,P002,Riz 1kg,Alimentaire,35000,1546,34,1909,4.42,Non,Non,20.6
2025-07-28,E02,Lyon-Sud,S02,Lyon,P003,Pâtes 500g,Alimentaire,35000,289,84,1350,0.83,Non,Non,25.5
2025-07-28,E02,Lyon-Sud,S02,Lyon,P004,Shampoing,Droguerie,35000,725,50,1697,2.07,Non,Non,12.6
2025-07-28,E02,Lyon-Sud,S02,Lyon,P005,Lessive,Droguerie,35000,781,37,1322,2.23,Non,Non,27.8
2025-07-28,E02,Lyon-Sud,S02,Lyon,P006,T-shirt homme,Textile,35000,448,76,1613,1.28,Non,Non,28.3
2025-07-28,E02,Lyon-Sud,S02,Lyon,P007,Jeans,Textile,35000,1012,67,1244,2.89,Non,Non,7.0
2025-07-28,E02,Lyon-Sud,S02,Lyon,P008,Smartphone,Électronique,35000,557,32,900,1.59,Non,Non,25.5
2025-07-28,E02,Lyon-Sud,S02,Lyon,P009,TV 4K,Électronique,35000,586,87,1478,1.67,Non,Non,24.9
2025-07-28,E02,Lyon-Sud,S02,Lyon,P010,Casque audio,Électronique,35000,746,25,839,2.13,Non,Non,5.1
2025-07-28,E03,Marseille-Port,S03,Marseille,P001,Lait demi-écrémé,Alimentaire,30000,779,56,1866,2.6,Non,Non,28.9
2025-07-28,E03,Marseille-Port,S03,Marseille,P002,Riz 1kg,Alimentaire,30000,800,58,1108,2.67,Non,Non,26.7
2025-07-28,E03,Marseille-Port,S03,Marseille,P003,Pâtes 500g,Alimentaire,30000,868,42,1512,2.89,Non,Non,6.9
2025-07-28,E03,Marseille-Port,S03,Marseille,P004,Shampoing,Droguerie,30000,151,47,501,0.5,Non,Non,28.6
2025-07-28,E03,Marseille-Port,S03,Marseille,P005,Lessive,Droguerie,30000,468,34,646,1.56,Non,Non,13.1
2025-07-28,E03,Marseille-Port,S03,Marseille,P006,T-shirt homme,Textile,30000,610,32,1901,2.03,Non,Non,6.0
2025-07-28,E03,Marseille-Port,S03,Marseille,P007,Jeans,Textile,30000,380,33,1267,1.27,Non,Non,9.6
2025-07-28,E03,Marseille-Port,S03,Marseille,P008,Smartphone,Électronique,30000,615,49,730,2.05,Non,Non,12.5
2025-07-28,E03,Marseille-Port,S03,Marseille,P009,TV 4K,Électronique,30000,424,88,1363,1.41,Non,Non,26.7
2025-07-28,E03,Marseille-Port,S03,Marseille,P010,Casque audio,Électronique,30000,981,73,1036,3.27,Non,Oui,1.8
2025-07-28,E04,Lille-Nord,S04,Lille,P001,Lait demi-écrémé,Alimentaire,28000,641,52,1295,2.29,Non,Non,11.9
2025-07-28,E04,Lille-Nord,S04,Lille,P002,Riz 1kg,Alimentaire,28000,1214,92,1293,4.34,Non,Oui,15.8
2025-07-28,E04,Lille-Nord,S04,Lille,P003,Pâtes 500g,Alimentaire,28000,221,81,544,0.79,Non,Non,11.9
2025-07-28,E04,Lille-Nord,S04,Lille,P004,Shampoing,Droguerie,28000,3,91,973,0.01,Oui,Non,1.8
2025-07-28,E04,Lille-Nord,S04,Lille,P005,Lessive,Droguerie,28000,498,89,950,1.78,Non,Non,20.8
2025-07-28,E04,Lille-Nord,S04,Lille,P006,T-shirt homme,Textile,28000,464,49,1322,1.66,Non,Non,21.0
2025-07-28,E04,Lille-Nord,S04,Lille,P007,Jeans,Textile,28000,1180,30,1205,4.21,Non,Oui,29.3
2025-07-28,E04,Lille-Nord,S04,Lille,P008,Smartphone,Électronique,28000,1941,38,1947,6.93,Non,Oui,18.2
2025-07-28,E04,Lille-Nord,S04,Lille,P009,TV 4K,Électronique,28000,118,41,1488,0.42,Non,Non,12.1
2025-07-28,E04,Lille-Nord,S04,Lille,P010,Casque audio,Électronique,28000,286,96,956,1.02,Non,Non,2.9
2025-07-28,E05,Toulouse-Ouest,S05,Toulouse,P001,Lait demi-écrémé,Alimentaire,25000,386,53,602,1.54,Non,Non,22.5
2025-07-28,E05,Toulouse-Ouest,S05,Toulouse,P002,Riz 1kg,Alimentaire,25000,192,38,1685,0.77,Non,Non,3.4
2025-07-28,E05,Toulouse-Ouest,S05,Toulouse,P003,Pâtes 500g,Alimentaire,25000,131,77,848,0.52,Non,Non,15.9
2025-07-28,E05,Toulouse-Ouest,S05,Toulouse,P004,Shampoing,Droguerie,25000,254,55,1482,1.02,Non,Non,16.0
2025-07-28,E05,Toulouse-Ouest,S05,Toulouse,P005,Lessive,Droguerie,25000,549,22,679,2.2,Non,Non,4.3
2025-07-28,E05,Toulouse-Ouest,S05,Toulouse,P006,T-shirt homme,Textile,25000,109,94,1320,0.44,Non,Non,25.6
2025-07-28,E05,Toulouse-Ouest,S05,Toulouse,P007,Jeans,Textile,25000,917,81,1185,3.67,Non,Non,16.2
2025-07-28,E05,Toulouse-Ouest,S05,Toulouse,P008,Smartphone,Électronique,25000,516,86,1843,2.06,Non,Non,25.1
2025-07-28,E05,Toulouse-Ouest,S05,Toulouse,P009,TV 4K,Électronique,25000,919,81,1083,3.68,Non,Non,19.1
2025-07-28,E05,Toulouse-Ouest,S05,Toulouse,P010,Casque audio,Électronique,25000,330,27,1146,1.32,Non,Non,28.0
2025-07-28,E06,Nice-Est,S06,Nice,P001,Lait demi-écrémé,Alimentaire,20000,502,37,718,2.51,Non,Non,4.6
2025-07-28,E06,Nice-Est,S06,Nice,P002,Riz 1kg,Alimentaire,20000,838,55,1618,4.19,Non,Non,23.9
2025-07-28,E06,Nice-Est,S06,Nice,P003,Pâtes 500g,Alimentaire,20000,1058,73,1228,5.29,Non,Non,22.4
2025-07-28,E06,Nice-Est,S06,Nice,P004,Shampoing,Droguerie,20000,1094,90,1769,5.47,Non,Non,20.2
2025-07-28,E06,Nice-Est,S06,Nice,P005,Lessive,Droguerie,20000,157,21,1386,0.78,Non,Non,15.3
2025-07-28,E06,Nice-Est,S06,Nice,P006,T-shirt homme,Textile,20000,1749,100,1902,8.74,Non,Oui,28.8
2025-07-28,E06,Nice-Est,S06,Nice,P007,Jeans,Textile,20000,498,60,1332,2.49,Non,Non,3.7
2025-07-28,E06,Nice-Est,S06,Nice,P008,Smartphone,Électronique,20000,848,72,909,4.24,Non,Oui,3.7
2025-07-28,E06,Nice-Est,S06,Nice,P009,TV 4K,Électronique,20000,750,96,1444,3.75,Non,Non,25.2
2025-07-28,E06,Nice-Est,S06,Nice,P010,Casque audio,Électronique,20000,762,77,864,3.81,Non,Non,26.1
2025-07-28,E07,Bordeaux-Centre,S07,Bordeaux,P001,Lait demi-écrémé,Alimentaire,22000,428,73,711,1.95,Non,Non,18.3
2025-07-28,E07,Bordeaux-Centre,S07,Bordeaux,P002,Riz 1kg,Alimentaire,22000,446,97,1340,2.03,Non,Non,15.2
2025-07-28,E07,Bordeaux-Centre,S07,Bordeaux,P003,Pâtes 500g,Alimentaire,22000,145,91,1538,0.66,Non,Non,3.6
2025-07-28,E07,Bordeaux-Centre,S07,Bordeaux,P004,Shampoing,Droguerie,22000,1412,47,1576,6.42,Non,Non,21.6
2025-07-28,E07,Bordeaux-Centre,S07,Bordeaux,P005,Lessive,Droguerie,22000,109,94,1698,0.5,Non,Non,12.4
2025-07-28,E07,Bordeaux-Centre,S07,Bordeaux,P006,T-shirt homme,Textile,22000,96,41,1928,0.44,Non,Non,4.3
2025-07-28,E07,Bordeaux-Centre,S07,Bordeaux,P007,Jeans,Textile,22000,1686,46,1816,7.66,Non,Oui,1.4
2025-07-28,E07,Bordeaux-Centre,S07,Bordeaux,P008,Smartphone,Électronique,22000,1011,29,1372,4.6,Non,Non,11.1
2025-07-28,E07,Bordeaux-Centre,S07,Bordeaux,P009,TV 4K,Électronique,22000,398,41,735,1.81,Non,Non,7.4
2025-07-28,E07,Bordeaux-Centre,S07,Bordeaux,P010,Casque audio,Électronique,22000,246,44,1363,1.12,Non,Non,24.3
2025-07-28,E08,Nantes-Atlantique,S08,Nantes,P001,Lait demi-écrémé,Alimentaire,24000,481,50,657,2.0,Non,Non,18.8
2025-07-28,E08,Nantes-Atlantique,S08,Nantes,P002,Riz 1kg,Alimentaire,24000,548,87,1174,2.28,Non,Non,17.8
2025-07-28,E08,Nantes-Atlantique,S08,Nantes,P003,Pâtes 500g,Alimentaire,24000,115,25,1135,0.48,Non,Non,8.0
2025-07-28,E08,Nantes-Atlantique,S08,Nantes,P004,Shampoing,Droguerie,24000,731,40,1731,3.05,Non,Non,22.7
2025-07-28,E08,Nantes-Atlantique,S08,Nantes,P005,Lessive,Droguerie,24000,681,67,1556,2.84,Non,Non,15.6
2025-07-28,E08,Nantes-Atlantique,S08,Nantes,P006,T-shirt homme,Textile,24000,862,63,1923,3.59,Non,Non,27.2
2025-07-28,E08,Nantes-Atlantique,S08,Nantes,P007,Jeans,Textile,24000,1224,50,1892,5.1,Non,Non,27.6
2025-07-28,E08,Nantes-Atlantique,S08,Nantes,P008,Smartphone,Électronique,24000,156,90,753,0.65,Non,Non,15.0
2025-07-28,E08,Nantes-Atlantique,S08,Nantes,P009,TV 4K,Électronique,24000,446,55,2000,1.86,Non,Non,18.5
2025-07-28,E08,Nantes-Atlantique,S08,Nantes,P010,Casque audio,Électronique,24000,329,39,797,1.37,Non,Non,23.5
2025-08-04,E01,Paris-Rungis,S01,Paris,P001,Lait demi-écrémé,Alimentaire,50000,448,63,716,0.9,Non,Non,24.5
2025-08-04,E01,Paris-Rungis,S01,Paris,P002,Riz 1kg,Alimentaire,50000,1434,28,1729,2.87,Non,Non,22.5
2025-08-04,E01,Paris-Rungis,S01,Paris,P003,Pâtes 500g,Alimentaire,50000,136,61,1642,0.27,Non,Non,19.3
2025-08-04,E01,Paris-Rungis,S01,Paris,P004,Shampoing,Droguerie,50000,862,52,1510,1.72,Non,Non,27.0
2025-08-04,E01,Paris-Rungis,S01,Paris,P005,Lessive,Droguerie,50000,373,33,1940,0.75,Non,Non,21.5
2025-08-04,E01,Paris-Rungis,S01,Paris,P006,T-shirt homme,Textile,50000,124,71,576,0.25,Non,Non,21.2
2025-08-04,E01,Paris-Rungis,S01,Paris,P007,Jeans,Textile,50000,585,70,977,1.17,Non,Non,18.3
2025-08-04,E01,Paris-Rungis,S01,Paris,P008,Smartphone,Électronique,50000,200,65,1028,0.4,Non,Non,24.9
2025-08-04,E01,Paris-Rungis,S01,Paris,P009,TV 4K,Électronique,50000,325,91,1015,0.65,Non,Non,7.8
2025-08-04,E01,Paris-Rungis,S01,Paris,P010,Casque audio,Électronique,50000,445,60,1297,0.89,Non,Non,23.5
2025-08-04,E02,Lyon-Sud,S02,Lyon,P001,Lait demi-écrémé,Alimentaire,35000,8,97,996,0.02,Oui,Non,26.9
2025-08-04,E02,Lyon-Sud,S02,Lyon,P002,Riz 1kg,Alimentaire,35000,819,80,1724,2.34,Non,Non,16.1
2025-08-04,E02,Lyon-Sud,S02,Lyon,P003,Pâtes 500g,Alimentaire,35000,94,63,1773,0.27,Non,Non,19.9
2025-08-04,E02,Lyon-Sud,S02,Lyon,P004,Shampoing,Droguerie,35000,1354,74,1924,3.87,Non,Non,9.9
2025-08-04,E02,Lyon-Sud,S02,Lyon,P005,Lessive,Droguerie,35000,951,94,1602,2.72,Non,Non,4.9
2025-08-04,E02,Lyon-Sud,S02,Lyon,P006,T-shirt homme,Textile,35000,65,55,1993,0.19,Non,Non,17.3
2025-08-04,E02,Lyon-Sud,S02,Lyon,P007,Jeans,Textile,35000,360,98,1739,1.03,Non,Non,21.4
2025-08-04,E02,Lyon-Sud,S02,Lyon,P008,Smartphone,Électronique,35000,1302,78,1490,3.72,Non,Non,23.5
2025-08-04,E02,Lyon-Sud,S02,Lyon,P009,TV 4K,Électronique,35000,190,44,1173,0.54,Non,Non,13.1
2025-08-04,E02,Lyon-Sud,S02,Lyon,P010,Casque audio,Électronique,35000,68,85,631,0.19,Oui,Non,26.4
2025-08-04,E03,Marseille-Port,S03,Marseille,P001,Lait demi-écrémé,Alimentaire,30000,963,47,1773,3.21,Non,Non,6.6
2025-08-04,E03,Marseille-Port,S03,Marseille,P002,Riz 1kg,Alimentaire,30000,58,74,1427,0.19,Oui,Non,14.9
2025-08-04,E03,Marseille-Port,S03,Marseille,P003,Pâtes 500g,Alimentaire,30000,490,37,747,1.63,Non,Non,20.0
2025-08-04,E03,Marseille-Port,S03,Marseille,P004,Shampoing,Droguerie,30000,184,57,522,0.61,Non,Non,9.9
2025-08-04,E03,Marseille-Port,S03,Marseille,P005,Lessive,Droguerie,30000,349,41,1823,1.16,Non,Non,22.3
2025-08-04,E03,Marseille-Port,S03,Marseille,P006,T-shirt homme,Textile,30000,631,54,692,2.1,Non,Oui,16.2
2025-08-04,E03,Marseille-Port,S03,Marseille,P007,Jeans,Textile,30000,421,49,625,1.4,Non,Non,20.5
2025-08-04,E03,Marseille-Port,S03,Marseille,P008,Smartphone,Électronique,30000,751,51,878,2.5,Non,Non,7.8
2025-08-04,E03,Marseille-Port,S03,Marseille,P009,TV 4K,Électronique,30000,29,60,1131,0.1,Oui,Non,3.7
2025-08-04,E03,Marseille-Port,S03,Marseille,P010,Casque audio,Électronique,30000,664,89,704,2.21,Non,Oui,23.9
2025-08-04,E04,Lille-Nord,S04,Lille,P001,Lait demi-écrémé,Alimentaire,28000,344,57,1049,1.23,Non,Non,9.6
2025-08-04,E04,Lille-Nord,S04,Lille,P002,Riz 1kg,Alimentaire,28000,318,90,1054,1.14,Non,Non,20.4
2025-08-04,E04,Lille-Nord,S04,Lille,P003,Pâtes 500g,Alimentaire,28000,709,23,822,2.53,Non,Non,9.1
2025-08-04,E04,Lille-Nord,S04,Lille,P004,Shampoing,Droguerie,28000,315,67,514,1.12,Non,Non,13.7
2025-08-04,E04,Lille-Nord,S04,Lille,P005,Lessive,Droguerie,28000,1831,64,1936,6.54,Non,Oui,28.2
2025-08-04,E04,Lille-Nord,S04,Lille,P006,T-shirt homme,Textile,28000,1506,35,1868,5.38,Non,Non,15.9
2025-08-04,E04,Lille-Nord,S04,Lille,P007,Jeans,Textile,28000,853,28,1188,3.05,Non,Non,29.7
2025-08-04,E04,Lille-Nord,S04,Lille,P008,Smartphone,Électronique,28000,1643,21,1754,5.87,Non,Oui,17.7
2025-08-04,E04,Lille-Nord,S04,Lille,P009,TV 4K,Électronique,28000,1013,33,1132,3.62,Non,Non,11.2
2025-08-04,E04,Lille-Nord,S04,Lille,P010,Casque audio,Électronique,28000,1269,99,1604,4.53,Non,Non,21.5
2025-08-04,E05,Toulouse-Ouest,S05,Toulouse,P001,Lait demi-écrémé,Alimentaire,25000,79,44,1457,0.32,Non,Non,10.3
2025-08-04,E05,Toulouse-Ouest,S05,Toulouse,P002,Riz 1kg,Alimentaire,25000,665,37,1114,2.66,Non,Non,29.7
2025-08-04,E05,Toulouse-Ouest,S05,Toulouse,P003,Pâtes 500g,Alimentaire,25000,520,99,614,2.08,Non,Non,27.4
2025-08-04,E05,Toulouse-Ouest,S05,Toulouse,P004,Shampoing,Droguerie,25000,155,42,1289,0.62,Non,Non,20.4
2025-08-04,E05,Toulouse-Ouest,S05,Toulouse,P005,Lessive,Droguerie,25000,204,29,555,0.82,Non,Non,10.2
2025-08-04,E05,Toulouse-Ouest,S05,Toulouse,P006,T-shirt homme,Textile,25000,547,60,1762,2.19,Non,Non,6.3
2025-08-04,E05,Toulouse-Ouest,S05,Toulouse,P007,Jeans,Textile,25000,359,93,1715,1.44,Non,Non,2.0
2025-08-04,E05,Toulouse-Ouest,S05,Toulouse,P008,Smartphone,Électronique,25000,491,42,995,1.96,Non,Non,12.1
2025-08-04,E05,Toulouse-Ouest,S05,Toulouse,P009,TV 4K,Électronique,25000,1194,68,1386,4.78,Non,Non,20.3
2025-08-04,E05,Toulouse-Ouest,S05,Toulouse,P010,Casque audio,Électronique,25000,354,74,1728,1.42,Non,Non,23.5
2025-08-04,E06,Nice-Est,S06,Nice,P001,Lait demi-écrémé,Alimentaire,20000,478,92,1210,2.39,Non,Non,7.7
2025-08-04,E06,Nice-Est,S06,Nice,P002,Riz 1kg,Alimentaire,20000,582,69,691,2.91,Non,Non,8.3
2025-08-04,E06,Nice-Est,S06,Nice,P003,Pâtes 500g,Alimentaire,20000,1684,28,1780,8.42,Non,Oui,16.7
2025-08-04,E06,Nice-Est,S06,Nice,P004,Shampoing,Droguerie,20000,1386,44,1746,6.93,Non,Non,1.5
2025-08-04,E06,Nice-Est,S06,Nice,P005,Lessive,Droguerie,20000,802,99,972,4.01,Non,Non,24.0
2025-08-04,E06,Nice-Est,S06,Nice,P006,T-shirt homme,Textile,20000,304,36,1074,1.52,Non,Non,9.5
2025-08-04,E06,Nice-Est,S06,Nice,P007,Jeans,Textile,20000,363,68,1369,1.81,Non,Non,15.9
2025-08-04,E06,Nice-Est,S06,Nice,P008,Smartphone,Électronique,20000,839,44,1053,4.2,Non,Non,6.5
2025-08-04,E06,Nice-Est,S06,Nice,P009,TV 4K,Électronique,20000,1059,58,1881,5.29,Non,Non,16.6
2025-08-04,E06,Nice-Est,S06,Nice,P010,Casque audio,Électronique,20000,263,49,987,1.31,Non,Non,7.1
2025-08-04,E07,Bordeaux-Centre,S07,Bordeaux,P001,Lait demi-écrémé,Alimentaire,22000,539,67,709,2.45,Non,Non,12.1
2025-08-04,E07,Bordeaux-Centre,S07,Bordeaux,P002,Riz 1kg,Alimentaire,22000,749,98,1021,3.4,Non,Non,2.1
2025-08-04,E07,Bordeaux-Centre,S07,Bordeaux,P003,Pâtes 500g,Alimentaire,22000,589,75,1241,2.68,Non,Non,6.1
2025-08-04,E07,Bordeaux-Centre,S07,Bordeaux,P004,Shampoing,Droguerie,22000,1151,51,1989,5.23,Non,Non,6.1
2025-08-04,E07,Bordeaux-Centre,S07,Bordeaux,P005,Lessive,Droguerie,22000,567,99,773,2.58,Non,Non,10.6
2025-08-04,E07,Bordeaux-Centre,S07,Bordeaux,P006,T-shirt homme,Textile,22000,550,22,1421,2.5,Non,Non,6.9
2025-08-04,E07,Bordeaux-Centre,S07,Bordeaux,P007,Jeans,Textile,22000,711,22,1682,3.23,Non,Non,5.7
2025-08-04,E07,Bordeaux-Centre,S07,Bordeaux,P008,Smartphone,Électronique,22000,1071,91,1797,4.87,Non,Non,24.4
2025-08-04,E07,Bordeaux-Centre,S07,Bordeaux,P009,TV 4K,Électronique,22000,557,67,1746,2.53,Non,Non,26.5
2025-08-04,E07,Bordeaux-Centre,S07,Bordeaux,P010,Casque audio,Électronique,22000,1772,81,1793,8.05,Non,Oui,1.2
2025-08-04,E08,Nantes-Atlantique,S08,Nantes,P001,Lait demi-écrémé,Alimentaire,24000,1239,92,1374,5.16,Non,Oui,26.3
2025-08-04,E08,Nantes-Atlantique,S08,Nantes,P002,Riz 1kg,Alimentaire,24000,669,74,1080,2.79,Non,Non,7.1
2025-08-04,E08,Nantes-Atlantique,S08,Nantes,P003,Pâtes 500g,Alimentaire,24000,481,96,696,2.0,Non,Non,12.7
2025-08-04,E08,Nantes-Atlantique,S08,Nantes,P004,Shampoing,Droguerie,24000,937,25,1029,3.9,Non,Oui,4.6
2025-08-04,E08,Nantes-Atlantique,S08,Nantes,P005,Lessive,Droguerie,24000,412,90,1571,1.72,Non,Non,1.1
2025-08-04,E08,Nantes-Atlantique,S08,Nantes,P006,T-shirt homme,Textile,24000,696,95,1705,2.9,Non,Non,8.9
2025-08-04,E08,Nantes-Atlantique,S08,Nantes,P007,Jeans,Textile,24000,932,90,1541,3.88,Non,Non,7.2
2025-08-04,E08,Nantes-Atlantique,S08,Nantes,P008,Smartphone,Électronique,24000,823,55,1083,3.43,Non,Non,20.3
2025-08-04,E08,Nantes-Atlantique,S08,Nantes,P009,TV 4K,Électronique,24000,880,86,1388,3.67,Non,Non,14.0
2025-08-04,E08,Nantes-Atlantique,S08,Nantes,P010,Casque audio,Électronique,24000,1186,88,1751,4.94,Non,Non,8.5
2025-08-11,E01,Paris-Rungis,S01,Paris,P001,Lait demi-écrémé,Alimentaire,50000,218,22,1336,0.44,Non,Non,14.3
2025-08-11,E01,Paris-Rungis,S01,Paris,P002,Riz 1kg,Alimentaire,50000,1196,22,1387,2.39,Non,Non,2.5
2025-08-11,E01,Paris-Rungis,S01,Paris,P003,Pâtes 500g,Alimentaire,50000,901,53,1772,1.8,Non,Non,27.3
2025-08-11,E01,Paris-Rungis,S01,Paris,P004,Shampoing,Droguerie,50000,220,30,553,0.44,Non,Non,24.2
2025-08-11,E01,Paris-Rungis,S01,Paris,P005,Lessive,Droguerie,50000,1909,53,1966,3.82,Non,Oui,28.4
2025-08-11,E01,Paris-Rungis,S01,Paris,P006,T-shirt homme,Textile,50000,803,33,1189,1.61,Non,Non,14.9
2025-08-11,E01,Paris-Rungis,S01,Paris,P007,Jeans,Textile,50000,885,65,1357,1.77,Non,Non,22.1
2025-08-11,E01,Paris-Rungis,S01,Paris,P008,Smartphone,Électronique,50000,693,20,1836,1.39,Non,Non,3.2
2025-08-11,E01,Paris-Rungis,S01,Paris,P009,TV 4K,Électronique,50000,40,84,1365,0.08,Oui,Non,20.9
2025-08-11,E01,Paris-Rungis,S01,Paris,P010,Casque audio,Électronique,50000,1356,69,1506,2.71,Non,Oui,9.5
2025-08-11,E02,Lyon-Sud,S02,Lyon,P001,Lait demi-écrémé,Alimentaire,35000,1398,92,1981,3.99,Non,Non,6.2
2025-08-11,E02,Lyon-Sud,S02,Lyon,P002,Riz 1kg,Alimentaire,35000,424,56,1921,1.21,Non,Non,29.1
2025-08-11,E02,Lyon-Sud,S02,Lyon,P003,Pâtes 500g,Alimentaire,35000,1310,67,1750,3.74,Non,Non,29.5
2025-08-11,E02,Lyon-Sud,S02,Lyon,P004,Shampoing,Droguerie,35000,671,93,1559,1.92,Non,Non,1.5
2025-08-11,E02,Lyon-Sud,S02,Lyon,P005,Lessive,Droguerie,35000,34,55,1163,0.1,Oui,Non,19.7
2025-08-11,E02,Lyon-Sud,S02,Lyon,P006,T-shirt homme,Textile,35000,1180,72,1336,3.37,Non,Non,23.9
2025-08-11,E02,Lyon-Sud,S02,Lyon,P007,Jeans,Textile,35000,702,49,1492,2.01,Non,Non,10.0
2025-08-11,E02,Lyon-Sud,S02,Lyon,P008,Smartphone,Électronique,35000,1534,37,1958,4.38,Non,Non,27.1
2025-08-11,E02,Lyon-Sud,S02,Lyon,P009,TV 4K,Électronique,35000,890,42,1648,2.54,Non,Non,3.1
2025-08-11,E02,Lyon-Sud,S02,Lyon,P010,Casque audio,Électronique,35000,343,88,1703,0.98,Non,Non,27.1
2025-08-11,E03,Marseille-Port,S03,Marseille,P001,Lait demi-écrémé,Alimentaire,30000,307,77,754,1.02,Non,Non,28.8
2025-08-11,E03,Marseille-Port,S03,Marseille,P002,Riz 1kg,Alimentaire,30000,114,36,1176,0.38,Non,Non,29.4
2025-08-11,E03,Marseille-Port,S03,Marseille,P003,Pâtes 500g,Alimentaire,30000,662,50,1603,2.21,Non,Non,26.3
2025-08-11,E03,Marseille-Port,S03,Marseille,P004,Shampoing,Droguerie,30000,353,82,1376,1.18,Non,Non,22.9
2025-08-11,E03,Marseille-Port,S03,Marseille,P005,Lessive,Droguerie,30000,146,58,1553,0.49,Non,Non,19.2
2025-08-11,E03,Marseille-Port,S03,Marseille,P006,T-shirt homme,Textile,30000,1324,51,1559,4.41,Non,Non,9.3
2025-08-11,E03,Marseille-Port,S03,Marseille,P007,Jeans,Textile,30000,1145,51,1333,3.82,Non,Non,26.2
2025-08-11,E03,Marseille-Port,S03,Marseille,P008,Smartphone,Électronique,30000,330,69,901,1.1,Non,Non,15.9
2025-08-11,E03,Marseille-Port,S03,Marseille,P009,TV 4K,Électronique,30000,86,48,538,0.29,Non,Non,1.6
2025-08-11,E03,Marseille-Port,S03,Marseille,P010,Casque audio,Électronique,30000,449,30,789,1.5,Non,Non,16.9
2025-08-11,E04,Lille-Nord,S04,Lille,P001,Lait demi-écrémé,Alimentaire,28000,682,68,1731,2.44,Non,Non,3.4
2025-08-11,E04,Lille-Nord,S04,Lille,P002,Riz 1kg,Alimentaire,28000,426,98,1828,1.52,Non,Non,1.0
2025-08-11,E04,Lille-Nord,S04,Lille,P003,Pâtes 500g,Alimentaire,28000,1031,57,1816,3.68,Non,Non,25.9
2025-08-11,E04,Lille-Nord,S04,Lille,P004,Shampoing,Droguerie,28000,1002,38,1950,3.58,Non,Non,14.3
2025-08-11,E04,Lille-Nord,S04,Lille,P005,Lessive,Droguerie,28000,972,87,1270,3.47,Non,Non,2.4
2025-08-11,E04,Lille-Nord,S04,Lille,P006,T-shirt homme,Textile,28000,670,47,1293,2.39,Non,Non,13.0
2025-08-11,E04,Lille-Nord,S04,Lille,P007,Jeans,Textile,28000,765,26,897,2.73,Non,Non,13.3
2025-08-11,E04,Lille-Nord,S04,Lille,P008,Smartphone,Électronique,28000,576,52,1122,2.06,Non,Non,7.1
2025-08-11,E04,Lille-Nord,S04,Lille,P009,TV 4K,Électronique,28000,825,96,1028,2.95,Non,Non,15.8
2025-08-11,E04,Lille-Nord,S04,Lille,P010,Casque audio,Électronique,28000,500,96,1273,1.79,Non,Non,7.7
2025-08-11,E05,Toulouse-Ouest,S05,Toulouse,P001,Lait demi-écrémé,Alimentaire,25000,154,88,647,0.62,Non,Non,6.7
2025-08-11,E05,Toulouse-Ouest,S05,Toulouse,P002,Riz 1kg,Alimentaire,25000,1391,67,1400,5.56,Non,Oui,13.2
2025-08-11,E05,Toulouse-Ouest,S05,Toulouse,P003,Pâtes 500g,Alimentaire,25000,1724,81,1962,6.9,Non,Non,22.5
2025-08-11,E05,Toulouse-Ouest,S05,Toulouse,P004,Shampoing,Droguerie,25000,450,26,1418,1.8,Non,Non,25.3
2025-08-11,E05,Toulouse-Ouest,S05,Toulouse,P005,Lessive,Droguerie,25000,573,77,1117,2.29,Non,Non,26.1
2025-08-11,E05,Toulouse-Ouest,S05,Toulouse,P006,T-shirt homme,Textile,25000,876,79,1445,3.5,Non,Non,6.0
2025-08-11,E05,Toulouse-Ouest,S05,Toulouse,P007,Jeans,Textile,25000,397,72,778,1.59,Non,Non,8.1
2025-08-11,E05,Toulouse-Ouest,S05,Toulouse,P008,Smartphone,Électronique,25000,1102,70,1410,4.41,Non,Non,10.1
2025-08-11,E05,Toulouse-Ouest,S05,Toulouse,P009,TV 4K,Électronique,25000,1257,25,1543,5.03,Non,Non,27.2
2025-08-11,E05,Toulouse-Ouest,S05,Toulouse,P010,Casque audio,Électronique,25000,1000,90,1739,4.0,Non,Non,24.6
2025-08-11,E06,Nice-Est,S06,Nice,P001,Lait demi-écrémé,Alimentaire,20000,766,53,1515,3.83,Non,Non,18.8
2025-08-11,E06,Nice-Est,S06,Nice,P002,Riz 1kg,Alimentaire,20000,490,56,1831,2.45,Non,Non,28.3
2025-08-11,E06,Nice-Est,S06,Nice,P003,Pâtes 500g,Alimentaire,20000,684,84,1959,3.42,Non,Non,5.0
2025-08-11,E06,Nice-Est,S06,Nice,P004,Shampoing,Droguerie,20000,456,65,889,2.28,Non,Non,22.7
2025-08-11,E06,Nice-Est,S06,Nice,P005,Lessive,Droguerie,20000,245,52,556,1.23,Non,Non,14.8
2025-08-11,E06,Nice-Est,S06,Nice,P006,T-shirt homme,Textile,20000,1141,79,1359,5.71,Non,Non,14.8
2025-08-11,E06,Nice-Est,S06,Nice,P007,Jeans,Textile,20000,307,23,1043,1.54,Non,Non,1.7
2025-08-11,E06,Nice-Est,S06,Nice,P008,Smartphone,Électronique,20000,956,81,1362,4.78,Non,Non,11.3
2025-08-11,E06,Nice-Est,S06,Nice,P009,TV 4K,Électronique,20000,911,59,1722,4.55,Non,Non,11.2
2025-08-11,E06,Nice-Est,S06,Nice,P010,Casque audio,Électronique,20000,77,58,680,0.39,Non,Non,10.2
2025-08-11,E07,Bordeaux-Centre,S07,Bordeaux,P001,Lait demi-écrémé,Alimentaire,22000,667,80,925,3.03,Non,Non,23.5
2025-08-11,E07,Bordeaux-Centre,S07,Bordeaux,P002,Riz 1kg,Alimentaire,22000,1204,27,1773,5.47,Non,Non,2.7
2025-08-11,E07,Bordeaux-Centre,S07,Bordeaux,P003,Pâtes 500g,Alimentaire,22000,1469,24,1817,6.68,Non,Non,2.3
2025-08-11,E07,Bordeaux-Centre,S07,Bordeaux,P004,Shampoing,Droguerie,22000,418,55,568,1.9,Non,Non,11.8
2025-08-11,E07,Bordeaux-Centre,S07,Bordeaux,P005,Lessive,Droguerie,22000,1036,65,1986,4.71,Non,Non,5.4
2025-08-11,E07,Bordeaux-Centre,S07,Bordeaux,P006,T-shirt homme,Textile,22000,539,57,1979,2.45,Non,Non,11.0
2025-08-11,E07,Bordeaux-Centre,S07,Bordeaux,P007,Jeans,Textile,22000,865,87,1183,3.93,Non,Non,11.6
2025-08-11,E07,Bordeaux-Centre,S07,Bordeaux,P008,Smartphone,Électronique,22000,205,63,869,0.93,Non,Non,26.1
2025-08-11,E07,Bordeaux-Centre,S07,Bordeaux,P009,TV 4K,Électronique,22000,880,36,1342,4.0,Non,Non,29.5
2025-08-11,E07,Bordeaux-Centre,S07,Bordeaux,P010,Casque audio,Électronique,22000,1874,100,1899,8.52,Non,Oui,27.5
2025-08-11,E08,Nantes-Atlantique,S08,Nantes,P001,Lait demi-écrémé,Alimentaire,24000,266,21,575,1.11,Non,Non,14.5
2025-08-11,E08,Nantes-Atlantique,S08,Nantes,P002,Riz 1kg,Alimentaire,24000,71,93,661,0.3,Oui,Non,2.7
2025-08-11,E08,Nantes-Atlantique,S08,Nantes,P003,Pâtes 500g,Alimentaire,24000,740,51,1130,3.08,Non,Non,24.9
2025-08-11,E08,Nantes-Atlantique,S08,Nantes,P004,Shampoing,Droguerie,24000,614,29,661,2.56,Non,Oui,21.0
2025-08-11,E08,Nantes-Atlantique,S08,Nantes,P005,Lessive,Droguerie,24000,1162,96,1527,4.84,Non,Non,18.2
2025-08-11,E08,Nantes-Atlantique,S08,Nantes,P006,T-shirt homme,Textile,24000,164,71,1143,0.68,Non,Non,3.5
2025-08-11,E08,Nantes-Atlantique,S08,Nantes,P007,Jeans,Textile,24000,1816,33,1898,7.57,Non,Oui,10.2
2025-08-11,E08,Nantes-Atlantique,S08,Nantes,P008,Smartphone,Électronique,24000,566,47,1417,2.36,Non,Non,12.7
2025-08-11,E08,Nantes-Atlantique,S08,Nantes,P009,TV 4K,Électronique,24000,627,29,1138,2.61,Non,Non,14.6
2025-08-11,E08,Nantes-Atlantique,S08,Nantes,P010,Casque audio,Électronique,24000,522,74,690,2.17,Non,Non,19.6
2025-08-18,E01,Paris-Rungis,S01,Paris,P001,Lait demi-écrémé,Alimentaire,50000,997,72,1546,1.99,Non,Non,20.4
2025-08-18,E01,Paris-Rungis,S01,Paris,P002,Riz 1kg,Alimentaire,50000,945,55,1975,1.89,Non,Non,22.3
2025-08-18,E01,Paris-Rungis,S01,Paris,P003,Pâtes 500g,Alimentaire,50000,785,72,1318,1.57,Non,Non,16.9
2025-08-18,E01,Paris-Rungis,S01,Paris,P004,Shampoing,Droguerie,50000,1257,38,1950,2.51,Non,Non,1.5
2025-08-18,E01,Paris-Rungis,S01,Paris,P005,Lessive,Droguerie,50000,272,67,1958,0.54,Non,Non,11.7
2025-08-18,E01,Paris-Rungis,S01,Paris,P006,T-shirt homme,Textile,50000,1200,63,1729,2.4,Non,Non,11.9
2025-08-18,E01,Paris-Rungis,S01,Paris,P007,Jeans,Textile,50000,1267,87,1814,2.53,Non,Non,3.0
2025-08-18,E01,Paris-Rungis,S01,Paris,P008,Smartphone,Électronique,50000,476,41,1936,0.95,Non,Non,21.1
2025-08-18,E01,Paris-Rungis,S01,Paris,P009,TV 4K,Électronique,50000,369,20,1995,0.74,Non,Non,17.7
2025-08-18,E01,Paris-Rungis,S01,Paris,P010,Casque audio,Électronique,50000,865,43,1516,1.73,Non,Non,27.3
2025-08-18,E02,Lyon-Sud,S02,Lyon,P001,Lait demi-écrémé,Alimentaire,35000,569,22,1146,1.63,Non,Non,25.3
2025-08-18,E02,Lyon-Sud,S02,Lyon,P002,Riz 1kg,Alimentaire,35000,1095,50,1776,3.13,Non,Non,13.2
2025-08-18,E02,Lyon-Sud,S02,Lyon,P003,Pâtes 500g,Alimentaire,35000,259,39,637,0.74,Non,Non,2.6
2025-08-18,E02,Lyon-Sud,S02,Lyon,P004,Shampoing,Droguerie,35000,896,28,942,2.56,Non,Oui,3.6
2025-08-18,E02,Lyon-Sud,S02,Lyon,P005,Lessive,Droguerie,35000,66,69,1270,0.19,Oui,Non,9.9
2025-08-18,E02,Lyon-Sud,S02,Lyon,P006,T-shirt homme,Textile,35000,498,59,1423,1.42,Non,Non,7.2
2025-08-18,E02,Lyon-Sud,S02,Lyon,P007,Jeans,Textile,35000,259,95,684,0.74,Non,Non,14.2
2025-08-18,E02,Lyon-Sud,S02,Lyon,P008,Smartphone,Électronique,35000,343,84,1195,0.98,Non,Non,8.6
2025-08-18,E02,Lyon-Sud,S02,Lyon,P009,TV 4K,Électronique,35000,262,58,1119,0.75,Non,Non,1.1
2025-08-18,E02,Lyon-Sud,S02,Lyon,P010,Casque audio,Électronique,35000,537,61,1740,1.53,Non,Non,9.2
2025-08-18,E03,Marseille-Port,S03,Marseille,P001,Lait demi-écrémé,Alimentaire,30000,340,22,1876,1.13,Non,Non,27.6
2025-08-18,E03,Marseille-Port,S03,Marseille,P002,Riz 1kg,Alimentaire,30000,984,48,1533,3.28,Non,Non,19.7
2025-08-18,E03,Marseille-Port,S03,Marseille,P003,Pâtes 500g,Alimentaire,30000,550,65,668,1.83,Non,Non,27.6
2025-08-18,E03,Marseille-Port,S03,Marseille,P004,Shampoing,Droguerie,30000,635,72,1347,2.12,Non,Non,27.8
2025-08-18,E03,Marseille-Port,S03,Marseille,P005,Lessive,Droguerie,30000,619,83,1481,2.06,Non,Non,3.8
2025-08-18,E03,Marseille-Port,S03,Marseille,P006,T-shirt homme,Textile,30000,375,31,916,1.25,Non,Non,3.2
2025-08-18,E03,Marseille-Port,S03,Marseille,P007,Jeans,Textile,30000,144,44,517,0.48,Non,Non,11.3
2025-08-18,E03,Marseille-Port,S03,Marseille,P008,Smartphone,Électronique,30000,273,67,900,0.91,Non,Non,27.1
2025-08-18,E03,Marseille-Port,S03,Marseille,P009,TV 4K,Électronique,30000,1094,73,1151,3.65,Non,Oui,24.6
2025-08-18,E03,Marseille-Port,S03,Marseille,P010,Casque audio,Électronique,30000,636,64,930,2.12,Non,Non,28.1
2025-08-18,E04,Lille-Nord,S04,Lille,P001,Lait demi-écrémé,Alimentaire,28000,343,88,1246,1.23,Non,Non,21.1
2025-08-18,E04,Lille-Nord,S04,Lille,P002,Riz 1kg,Alimentaire,28000,1233,82,1627,4.4,Non,Non,10.5
2025-08-18,E04,Lille-Nord,S04,Lille,P003,Pâtes 500g,Alimentaire,28000,118,99,1769,0.42,Non,Non,24.5
2025-08-18,E04,Lille-Nord,S04,Lille,P004,Shampoing,Droguerie,28000,155,86,1121,0.55,Non,Non,27.6
2025-08-18,E04,Lille-Nord,S04,Lille,P005,Lessive,Droguerie,28000,676,90,1268,2.41,Non,Non,11.5
2025-08-18,E04,Lille-Nord,S04,Lille,P006,T-shirt homme,Textile,28000,385,86,726,1.38,Non,Non,14.4
2025-08-18,E04,Lille-Nord,S04,Lille,P007,Jeans,Textile,28000,220,99,864,0.79,Non,Non,16.6
2025-08-18,E04,Lille-Nord,S04,Lille,P008,Smartphone,Électronique,28000,451,32,1703,1.61,Non,Non,10.0
2025-08-18,E04,Lille-Nord,S04,Lille,P009,TV 4K,Électronique,28000,560,93,687,2.0,Non,Non,26.9
2025-08-18,E04,Lille-Nord,S04,Lille,P010,Casque audio,Électronique,28000,113,25,1999,0.4,Non,Non,29.8
2025-08-18,E05,Toulouse-Ouest,S05,Toulouse,P001,Lait demi-écrémé,Alimentaire,25000,264,88,633,1.06,Non,Non,26.1
2025-08-18,E05,Toulouse-Ouest,S05,Toulouse,P002,Riz 1kg,Alimentaire,25000,260,44,1030,1.04,Non,Non,21.4
2025-08-18,E05,Toulouse-Ouest,S05,Toulouse,P003,Pâtes 500g,Alimentaire,25000,321,42,1138,1.28,Non,Non,4.0
2025-08-18,E05,Toulouse-Ouest,S05,Toulouse,P004,Shampoing,Droguerie,25000,1176,97,1257,4.7,Non,Oui,14.4
2025-08-18,E05,Toulouse-Ouest,S05,Toulouse,P005,Lessive,Droguerie,25000,601,50,606,2.4,Non,Oui,22.3
2025-08-18,E05,Toulouse-Ouest,S05,Toulouse,P006,T-shirt homme,Textile,25000,64,33,855,0.26,Non,Non,15.9
2025-08-18,E05,Toulouse-Ouest,S05,Toulouse,P007,Jeans,Textile,25000,395,39,1467,1.58,Non,Non,9.6
2025-08-18,E05,Toulouse-Ouest,S05,Toulouse,P008,Smartphone,Électronique,25000,822,31,1105,3.29,Non,Non,3.6
2025-08-18,E05,Toulouse-Ouest,S05,Toulouse,P009,TV 4K,Électronique,25000,340,51,671,1.36,Non,Non,26.6
2025-08-18,E05,Toulouse-Ouest,S05,Toulouse,P010,Casque audio,Électronique,25000,400,65,1242,1.6,Non,Non,25.6
2025-08-18,E06,Nice-Est,S06,Nice,P001,Lait demi-écrémé,Alimentaire,20000,457,28,1156,2.28,Non,Non,2.1
2025-08-18,E06,Nice-Est,S06,Nice,P002,Riz 1kg,Alimentaire,20000,607,27,1129,3.03,Non,Non,1.3
2025-08-18,E06,Nice-Est,S06,Nice,P003,Pâtes 500g,Alimentaire,20000,180,76,1591,0.9,Non,Non,20.5
2025-08-18,E06,Nice-Est,S06,Nice,P004,Shampoing,Droguerie,20000,417,32,597,2.08,Non,Non,11.5
2025-08-18,E06,Nice-Est,S06,Nice,P005,Lessive,Droguerie,20000,640,90,1120,3.2,Non,Non,10.3
2025-08-18,E06,Nice-Est,S06,Nice,P006,T-shirt homme,Textile,20000,885,72,1949,4.42,Non,Non,7.9
2025-08-18,E06,Nice-Est,S06,Nice,P007,Jeans,Textile,20000,621,59,1166,3.1,Non,Non,4.5
2025-08-18,E06,Nice-Est,S06,Nice,P008,Smartphone,Électronique,20000,611,91,876,3.06,Non,Non,18.1
2025-08-18,E06,Nice-Est,S06,Nice,P009,TV 4K,Électronique,20000,1257,38,1332,6.29,Non,Oui,25.9
2025-08-18,E06,Nice-Est,S06,Nice,P010,Casque audio,Électronique,20000,698,96,1046,3.49,Non,Non,5.4
2025-08-18,E07,Bordeaux-Centre,S07,Bordeaux,P001,Lait demi-écrémé,Alimentaire,22000,168,73,1128,0.76,Non,Non,28.1
2025-08-18,E07,Bordeaux-Centre,S07,Bordeaux,P002,Riz 1kg,Alimentaire,22000,429,33,546,1.95,Non,Non,29.2
2025-08-18,E07,Bordeaux-Centre,S07,Bordeaux,P003,Pâtes 500g,Alimentaire,22000,779,68,1812,3.54,Non,Non,21.0
2025-08-18,E07,Bordeaux-Centre,S07,Bordeaux,P004,Shampoing,Droguerie,22000,60,31,535,0.27,Non,Non,27.0
2025-08-18,E07,Bordeaux-Centre,S07,Bordeaux,P005,Lessive,Droguerie,22000,271,87,1803,1.23,Non,Non,5.6
2025-08-18,E07,Bordeaux-Centre,S07,Bordeaux,P006,T-shirt homme,Textile,22000,757,52,774,3.44,Non,Oui,4.6
2025-08-18,E07,Bordeaux-Centre,S07,Bordeaux,P007,Jeans,Textile,22000,427,88,789,1.94,Non,Non,24.9
2025-08-18,E07,Bordeaux-Centre,S07,Bordeaux,P008,Smartphone,Électronique,22000,703,36,811,3.2,Non,Non,3.4
2025-08-18,E07,Bordeaux-Centre,S07,Bordeaux,P009,TV 4K,Électronique,22000,823,83,1228,3.74,Non,Non,5.9
2025-08-18,E07,Bordeaux-Centre,S07,Bordeaux,P010,Casque audio,Électronique,22000,1164,68,1766,5.29,Non,Non,23.6
2025-08-18,E08,Nantes-Atlantique,S08,Nantes,P001,Lait demi-écrémé,Alimentaire,24000,541,38,562,2.25,Non,Oui,6.6
2025-08-18,E08,Nantes-Atlantique,S08,Nantes,P002,Riz 1kg,Alimentaire,24000,1173,54,1516,4.89,Non,Non,24.2
2025-08-18,E08,Nantes-Atlantique,S08,Nantes,P003,Pâtes 500g,Alimentaire,24000,5,31,507,0.02,Oui,Non,11.0
2025-08-18,E08,Nantes-Atlantique,S08,Nantes,P004,Shampoing,Droguerie,24000,677,49,784,2.82,Non,Non,24.2
2025-08-18,E08,Nantes-Atlantique,S08,Nantes,P005,Lessive,Droguerie,24000,265,65,1508,1.1,Non,Non,23.0
2025-08-18,E08,Nantes-Atlantique,S08,Nantes,P006,T-shirt homme,Textile,24000,933,90,1784,3.89,Non,Non,2.4
2025-08-18,E08,Nantes-Atlantique,S08,Nantes,P007,Jeans,Textile,24000,149,45,823,0.62,Non,Non,1.9
2025-08-18,E08,Nantes-Atlantique,S08,Nantes,P008,Smartphone,Électronique,24000,695,79,1047,2.9,Non,Non,18.9
2025-08-18,E08,Nantes-Atlantique,S08,Nantes,P009,TV 4K,Électronique,24000,824,36,1020,3.43,Non,Non,6.5
2025-08-18,E08,Nantes-Atlantique,S08,Nantes,P010,Casque audio,Électronique,24000,148,79,750,0.62,Non,Non,18.7
2025-08-25,E01,Paris-Rungis,S01,Paris,P001,Lait demi-écrémé,Alimentaire,50000,685,31,1104,1.37,Non,Non,6.4
2025-08-25,E01,Paris-Rungis,S01,Paris,P002,Riz 1kg,Alimentaire,50000,1048,25,1178,2.1,Non,Non,26.7
2025-08-25,E01,Paris-Rungis,S01,Paris,P003,Pâtes 500g,Alimentaire,50000,1904,22,1946,3.81,Non,Oui,5.3
2025-08-25,E01,Paris-Rungis,S01,Paris,P004,Shampoing,Droguerie,50000,818,100,1556,1.64,Non,Non,1.5
2025-08-25,E01,Paris-Rungis,S01,Paris,P005,Lessive,Droguerie,50000,294,68,589,0.59,Non,Non,17.0
2025-08-25,E01,Paris-Rungis,S01,Paris,P006,T-shirt homme,Textile,50000,268,42,872,0.54,Non,Non,1.4
2025-08-25,E01,Paris-Rungis,S01,Paris,P007,Jeans,Textile,50000,977,65,1115,1.95,Non,Non,8.6
2025-08-25,E01,Paris-Rungis,S01,Paris,P008,Smartphone,Électronique,50000,1243,71,1918,2.49,Non,Non,29.0
2025-08-25,E01,Paris-Rungis,S01,Paris,P009,TV 4K,Électronique,50000,1186,25,1970,2.37,Non,Non,1.7
2025-08-25,E01,Paris-Rungis,S01,Paris,P010,Casque audio,Électronique,50000,1029,30,1799,2.06,Non,Non,29.2
2025-08-25,E02,Lyon-Sud,S02,Lyon,P001,Lait demi-écrémé,Alimentaire,35000,676,94,1534,1.93,Non,Non,13.6
2025-08-25,E02,Lyon-Sud,S02,Lyon,P002,Riz 1kg,Alimentaire,35000,36,53,918,0.1,Oui,Non,3.7
2025-08-25,E02,Lyon-Sud,S02,Lyon,P003,Pâtes 500g,Alimentaire,35000,725,69,1174,2.07,Non,Non,13.5
2025-08-25,E02,Lyon-Sud,S02,Lyon,P004,Shampoing,Droguerie,35000,527,37,951,1.51,Non,Non,17.2
2025-08-25,E02,Lyon-Sud,S02,Lyon,P005,Lessive,Droguerie,35000,1045,87,1541,2.99,Non,Non,13.8
2025-08-25,E02,Lyon-Sud,S02,Lyon,P006,T-shirt homme,Textile,35000,871,68,1211,2.49,Non,Non,21.2
2025-08-25,E02,Lyon-Sud,S02,Lyon,P007,Jeans,Textile,35000,1698,98,1776,4.85,Non,Oui,7.9
2025-08-25,E02,Lyon-Sud,S02,Lyon,P008,Smartphone,Électronique,35000,107,46,1297,0.31,Non,Non,13.1
2025-08-25,E02,Lyon-Sud,S02,Lyon,P009,TV 4K,Électronique,35000,605,36,782,1.73,Non,Non,1.7
2025-08-25,E02,Lyon-Sud,S02,Lyon,P010,Casque audio,Électronique,35000,198,31,700,0.57,Non,Non,17.1
2025-08-25,E03,Marseille-Port,S03,Marseille,P001,Lait demi-écrémé,Alimentaire,30000,987,21,1072,3.29,Non,Oui,25.1
2025-08-25,E03,Marseille-Port,S03,Marseille,P002,Riz 1kg,Alimentaire,30000,1542,55,1862,5.14,Non,Non,14.0
2025-08-25,E03,Marseille-Port,S03,Marseille,P003,Pâtes 500g,Alimentaire,30000,1260,30,1682,4.2,Non,Non,1.4
2025-08-25,E03,Marseille-Port,S03,Marseille,P004,Shampoing,Droguerie,30000,212,85,534,0.71,Non,Non,10.5
2025-08-25,E03,Marseille-Port,S03,Marseille,P005,Lessive,Droguerie,30000,1201,52,1567,4.0,Non,Non,24.1
2025-08-25,E03,Marseille-Port,S03,Marseille,P006,T-shirt homme,Textile,30000,503,61,1994,1.68,Non,Non,17.2
2025-08-25,E03,Marseille-Port,S03,Marseille,P007,Jeans,Textile,30000,630,92,1093,2.1,Non,Non,3.1
2025-08-25,E03,Marseille-Port,S03,Marseille,P008,Smartphone,Électronique,30000,941,35,1031,3.14,Non,Oui,24.5
2025-08-25,E03,Marseille-Port,S03,Marseille,P009,TV 4K,Électronique,30000,477,26,1240,1.59,Non,Non,9.9
2025-08-25,E03,Marseille-Port,S03,Marseille,P010,Casque audio,Électronique,30000,490,36,1648,1.63,Non,Non,18.1
2025-08-25,E04,Lille-Nord,S04,Lille,P001,Lait demi-écrémé,Alimentaire,28000,971,31,1337,3.47,Non,Non,7.2
2025-08-25,E04,Lille-Nord,S04,Lille,P002,Riz 1kg,Alimentaire,28000,678,27,1655,2.42,Non,Non,22.1
2025-08-25,E04,Lille-Nord,S04,Lille,P003,Pâtes 500g,Alimentaire,28000,1495,36,1846,5.34,Non,Non,12.4
2025-08-25,E04,Lille-Nord,S04,Lille,P004,Shampoing,Droguerie,28000,523,21,1639,1.87,Non,Non,26.1
2025-08-25,E04,Lille-Nord,S04,Lille,P005,Lessive,Droguerie,28000,1283,86,1327,4.58,Non,Oui,16.3
2025-08-25,E04,Lille-Nord,S04,Lille,P006,T-shirt homme,Textile,28000,778,72,1179,2.78,Non,Non,21.0
2025-08-25,E04,Lille-Nord,S04,Lille,P007,Jeans,Textile,28000,341,39,1714,1.22,Non,Non,11.7
2025-08-25,E04,Lille-Nord,S04,Lille,P008,Smartphone,Électronique,28000,380,88,1858,1.36,Non,Non,26.3
2025-08-25,E04,Lille-Nord,S04,Lille,P009,TV 4K,Électronique,28000,337,40,1576,1.2,Non,Non,21.8
2025-08-25,E04,Lille-Nord,S04,Lille,P010,Casque audio,Électronique,28000,539,20,726,1.93,Non,Non,7.3
2025-08-25,E05,Toulouse-Ouest,S05,Toulouse,P001,Lait demi-écrémé,Alimentaire,25000,429,51,1264,1.72,Non,Non,2.2
2025-08-25,E05,Toulouse-Ouest,S05,Toulouse,P002,Riz 1kg,Alimentaire,25000,702,85,1553,2.81,Non,Non,13.4
2025-08-25,E05,Toulouse-Ouest,S05,Toulouse,P003,Pâtes 500g,Alimentaire,25000,1703,58,1895,6.81,Non,Non,13.2
2025-08-25,E05,Toulouse-Ouest,S05,Toulouse,P004,Shampoing,Droguerie,25000,1014,72,1808,4.06,Non,Non,15.6
2025-08-25,E05,Toulouse-Ouest,S05,Toulouse,P005,Lessive,Droguerie,25000,570,98,1317,2.28,Non,Non,10.4
2025-08-25,E05,Toulouse-Ouest,S05,Toulouse,P006,T-shirt homme,Textile,25000,491,90,948,1.96,Non,Non,29.2
2025-08-25,E05,Toulouse-Ouest,S05,Toulouse,P007,Jeans,Textile,25000,666,55,1676,2.66,Non,Non,25.1
2025-08-25,E05,Toulouse-Ouest,S05,Toulouse,P008,Smartphone,Électronique,25000,300,80,1185,1.2,Non,Non,3.3
2025-08-25,E05,Toulouse-Ouest,S05,Toulouse,P009,TV 4K,Électronique,25000,410,65,1802,1.64,Non,Non,3.4
2025-08-25,E05,Toulouse-Ouest,S05,Toulouse,P010,Casque audio,Électronique,25000,705,81,1160,2.82,Non,Non,20.8
2025-08-25,E06,Nice-Est,S06,Nice,P001,Lait demi-écrémé,Alimentaire,20000,1287,62,1728,6.44,Non,Non,5.6
2025-08-25,E06,Nice-Est,S06,Nice,P002,Riz 1kg,Alimentaire,20000,1275,84,1933,6.38,Non,Non,15.2
2025-08-25,E06,Nice-Est,S06,Nice,P003,Pâtes 500g,Alimentaire,20000,936,88,1951,4.68,Non,Non,29.0
2025-08-25,E06,Nice-Est,S06,Nice,P004,Shampoing,Droguerie,20000,131,31,1904,0.66,Non,Non,21.5
2025-08-25,E06,Nice-Est,S06,Nice,P005,Lessive,Droguerie,20000,790,57,1578,3.95,Non,Non,20.8
2025-08-25,E06,Nice-Est,S06,Nice,P006,T-shirt homme,Textile,20000,908,40,1377,4.54,Non,Non,10.4
2025-08-25,E06,Nice-Est,S06,Nice,P007,Jeans,Textile,20000,241,35,1835,1.21,Non,Non,23.9
2025-08-25,E06,Nice-Est,S06,Nice,P008,Smartphone,Électronique,20000,869,99,1509,4.35,Non,Non,8.5
2025-08-25,E06,Nice-Est,S06,Nice,P009,TV 4K,Électronique,20000,832,48,1049,4.16,Non,Non,11.3
2025-08-25,E06,Nice-Est,S06,Nice,P010,Casque audio,Électronique,20000,366,60,647,1.83,Non,Non,23.6
2025-08-25,E07,Bordeaux-Centre,S07,Bordeaux,P001,Lait demi-écrémé,Alimentaire,22000,228,75,1136,1.04,Non,Non,18.7
2025-08-25,E07,Bordeaux-Centre,S07,Bordeaux,P002,Riz 1kg,Alimentaire,22000,1226,76,1584,5.57,Non,Non,13.4
2025-08-25,E07,Bordeaux-Centre,S07,Bordeaux,P003,Pâtes 500g,Alimentaire,22000,579,21,602,2.63,Non,Oui,28.7
2025-08-25,E07,Bordeaux-Centre,S07,Bordeaux,P004,Shampoing,Droguerie,22000,376,64,1532,1.71,Non,Non,2.8
2025-08-25,E07,Bordeaux-Centre,S07,Bordeaux,P005,Lessive,Droguerie,22000,392,34,1311,1.78,Non,Non,25.3
2025-08-25,E07,Bordeaux-Centre,S07,Bordeaux,P006,T-shirt homme,Textile,22000,973,30,1170,4.42,Non,Non,19.9
2025-08-25,E07,Bordeaux-Centre,S07,Bordeaux,P007,Jeans,Textile,22000,287,39,853,1.3,Non,Non,5.2
2025-08-25,E07,Bordeaux-Centre,S07,Bordeaux,P008,Smartphone,Électronique,22000,440,87,1075,2.0,Non,Non,9.9
2025-08-25,E07,Bordeaux-Centre,S07,Bordeaux,P009,TV 4K,Électronique,22000,491,96,842,2.23,Non,Non,12.1
2025-08-25,E07,Bordeaux-Centre,S07,Bordeaux,P010,Casque audio,Électronique,22000,581,90,599,2.64,Non,Oui,19.2
2025-08-25,E08,Nantes-Atlantique,S08,Nantes,P001,Lait demi-écrémé,Alimentaire,24000,1341,52,1392,5.59,Non,Oui,21.1
2025-08-25,E08,Nantes-Atlantique,S08,Nantes,P002,Riz 1kg,Alimentaire,24000,1790,30,1797,7.46,Non,Oui,15.7
2025-08-25,E08,Nantes-Atlantique,S08,Nantes,P003,Pâtes 500g,Alimentaire,24000,16,24,1062,0.07,Oui,Non,24.0
2025-08-25,E08,Nantes-Atlantique,S08,Nantes,P004,Shampoing,Droguerie,24000,10,45,1114,0.04,Oui,Non,3.1
2025-08-25,E08,Nantes-Atlantique,S08,Nantes,P005,Lessive,Droguerie,24000,449,62,948,1.87,Non,Non,22.7
2025-08-25,E08,Nantes-Atlantique,S08,Nantes,P006,T-shirt homme,Textile,24000,817,67,1579,3.4,Non,Non,12.6
2025-08-25,E08,Nantes-Atlantique,S08,Nantes,P007,Jeans,Textile,24000,354,82,713,1.47,Non,Non,10.5
2025-08-25,E08,Nantes-Atlantique,S08,Nantes,P008,Smartphone,Électronique,24000,32,54,1353,0.13,Oui,Non,11.0
2025-08-25,E08,Nantes-Atlantique,S08,Nantes,P009,TV 4K,Électronique,24000,402,94,815,1.68,Non,Non,2.2
2025-08-25,E08,Nantes-Atlantique,S08,Nantes,P010,Casque audio,Électronique,24000,547,75,1492,2.28,Non,Non,28.0
2025-09-01,E01,Paris-Rungis,S01,Paris,P001,Lait demi-écrémé,Alimentaire,50000,1434,71,1796,2.87,Non,Non,5.0
2025-09-01,E01,Paris-Rungis,S01,Paris,P002,Riz 1kg,Alimentaire,50000,340,37,598,0.68,Non,Non,22.7
2025-09-01,E01,Paris-Rungis,S01,Paris,P003,Pâtes 500g,Alimentaire,50000,1746,70,1926,3.49,Non,Oui,24.0
2025-09-01,E01,Paris-Rungis,S01,Paris,P004,Shampoing,Droguerie,50000,128,99,1674,0.26,Non,Non,4.1
2025-09-01,E01,Paris-Rungis,S01,Paris,P005,Lessive,Droguerie,50000,1086,39,1955,2.17,Non,Non,24.8
2025-09-01,E01,Paris-Rungis,S01,Paris,P006,T-shirt homme,Textile,50000,910,64,1337,1.82,Non,Non,22.4
2025-09-01,E01,Paris-Rungis,S01,Paris,P007,Jeans,Textile,50000,746,39,1526,1.49,Non,Non,22.4
2025-09-01,E01,Paris-Rungis,S01,Paris,P008,Smartphone,Électronique,50000,365,41,675,0.73,Non,Non,29.1
2025-09-01,E01,Paris-Rungis,S01,Paris,P009,TV 4K,Électronique,50000,503,47,1640,1.01,Non,Non,26.0
2025-09-01,E01,Paris-Rungis,S01,Paris,P010,Casque audio,Électronique,50000,696,83,1429,1.39,Non,Non,26.4
2025-09-01,E02,Lyon-Sud,S02,Lyon,P001,Lait demi-écrémé,Alimentaire,35000,91,90,784,0.26,Non,Non,27.5
2025-09-01,E02,Lyon-Sud,S02,Lyon,P002,Riz 1kg,Alimentaire,35000,426,69,873,1.22,Non,Non,8.5
2025-09-01,E02,Lyon-Sud,S02,Lyon,P003,Pâtes 500g,Alimentaire,35000,814,97,1259,2.33,Non,Non,14.9
2025-09-01,E02,Lyon-Sud,S02,Lyon,P004,Shampoing,Droguerie,35000,590,85,1046,1.69,Non,Non,22.7
2025-09-01,E02,Lyon-Sud,S02,Lyon,P005,Lessive,Droguerie,35000,1149,20,1413,3.28,Non,Non,18.7
2025-09-01,E02,Lyon-Sud,S02,Lyon,P006,T-shirt homme,Textile,35000,703,22,1484,2.01,Non,Non,3.4
2025-09-01,E02,Lyon-Sud,S02,Lyon,P007,Jeans,Textile,35000,1166,92,1927,3.33,Non,Non,28.2
2025-09-01,E02,Lyon-Sud,S02,Lyon,P008,Smartphone,Électronique,35000,132,97,1533,0.38,Non,Non,14.2
2025-09-01,E02,Lyon-Sud,S02,Lyon,P009,TV 4K,Électronique,35000,140,67,1258,0.4,Non,Non,5.4
2025-09-01,E02,Lyon-Sud,S02,Lyon,P010,Casque audio,Électronique,35000,196,55,1112,0.56,Non,Non,24.0
2025-09-01,E03,Marseille-Port,S03,Marseille,P001,Lait demi-écrémé,Alimentaire,30000,347,97,838,1.16,Non,Non,7.0
2025-09-01,E03,Marseille-Port,S03,Marseille,P002,Riz 1kg,Alimentaire,30000,564,32,1379,1.88,Non,Non,19.0
2025-09-01,E03,Marseille-Port,S03,Marseille,P003,Pâtes 500g,Alimentaire,30000,1555,42,1564,5.18,Non,Oui,20.5
2025-09-01,E03,Marseille-Port,S03,Marseille,P004,Shampoing,Droguerie,30000,1319,51,1559,4.4,Non,Non,10.8
2025-09-01,E03,Marseille-Port,S03,Marseille,P005,Lessive,Droguerie,30000,557,93,1474,1.86,Non,Non,13.8
2025-09-01,E03,Marseille-Port,S03,Marseille,P006,T-shirt homme,Textile,30000,776,75,1217,2.59,Non,Non,23.6
2025-09-01,E03,Marseille-Port,S03,Marseille,P007,Jeans,Textile,30000,492,94,575,1.64,Non,Non,1.5
2025-09-01,E03,Marseille-Port,S03,Marseille,P008,Smartphone,Électronique,30000,539,61,1120,1.8,Non,Non,19.8
2025-09-01,E03,Marseille-Port,S03,Marseille,P009,TV 4K,Électronique,30000,1710,46,1807,5.7,Non,Oui,9.9
2025-09-01,E03,Marseille-Port,S03,Marseille,P010,Casque audio,Électronique,30000,964,75,1599,3.21,Non,Non,20.1
2025-09-01,E04,Lille-Nord,S04,Lille,P001,Lait demi-écrémé,Alimentaire,28000,840,33,1188,3.0,Non,Non,24.2
2025-09-01,E04,Lille-Nord,S04,Lille,P002,Riz 1kg,Alimentaire,28000,743,42,788,2.65,Non,Oui,1.1
2025-09-01,E04,Lille-Nord,S04,Lille,P003,Pâtes 500g,Alimentaire,28000,110,94,1044,0.39,Non,Non,15.1
2025-09-01,E04,Lille-Nord,S04,Lille,P004,Shampoing,Droguerie,28000,230,50,1111,0.82,Non,Non,11.0
2025-09-01,E04,Lille-Nord,S04,Lille,P005,Lessive,Droguerie,28000,949,66,1715,3.39,Non,Non,14.5
2025-09-01,E04,Lille-Nord,S04,Lille,P006,T-shirt homme,Textile,28000,97,26,1859,0.35,Non,Non,4.2
2025-09-01,E04,Lille-Nord,S04,Lille,P007,Jeans,Textile,28000,516,62,1817,1.84,Non,Non,14.4
2025-09-01,E04,Lille-Nord,S04,Lille,P008,Smartphone,Électronique,28000,538,49,1089,1.92,Non,Non,8.0
2025-09-01,E04,Lille-Nord,S04,Lille,P009,TV 4K,Électronique,28000,537,29,1850,1.92,Non,Non,21.1
2025-09-01,E04,Lille-Nord,S04,Lille,P010,Casque audio,Électronique,28000,177,81,773,0.63,Non,Non,11.2
2025-09-01,E05,Toulouse-Ouest,S05,Toulouse,P001,Lait demi-écrémé,Alimentaire,25000,1024,66,1459,4.1,Non,Non,10.8
2025-09-01,E05,Toulouse-Ouest,S05,Toulouse,P002,Riz 1kg,Alimentaire,25000,228,52,712,0.91,Non,Non,10.9
2025-09-01,E05,Toulouse-Ouest,S05,Toulouse,P003,Pâtes 500g,Alimentaire,25000,195,82,1132,0.78,Non,Non,12.4
2025-09-01,E05,Toulouse-Ouest,S05,Toulouse,P004,Shampoing,Droguerie,25000,766,62,1828,3.06,Non,Non,14.6
2025-09-01,E05,Toulouse-Ouest,S05,Toulouse,P005,Lessive,Droguerie,25000,643,99,1862,2.57,Non,Non,5.4
2025-09-01,E05,Toulouse-Ouest,S05,Toulouse,P006,T-shirt homme,Textile,25000,751,38,1598,3.0,Non,Non,29.0
2025-09-01,E05,Toulouse-Ouest,S05,Toulouse,P007,Jeans,Textile,25000,36,64,1631,0.14,Oui,Non,25.2
2025-09-01,E05,Toulouse-Ouest,S05,Toulouse,P008,Smartphone,Électronique,25000,995,94,1204,3.98,Non,Non,22.7
2025-09-01,E05,Toulouse-Ouest,S05,Toulouse,P009,TV 4K,Électronique,25000,741,58,1499,2.96,Non,Non,27.9
2025-09-01,E05,Toulouse-Ouest,S05,Toulouse,P010,Casque audio,Électronique,25000,837,32,1838,3.35,Non,Non,12.7
2025-09-01,E06,Nice-Est,S06,Nice,P001,Lait demi-écrémé,Alimentaire,20000,1583,39,1587,7.92,Non,Oui,27.4
2025-09-01,E06,Nice-Est,S06,Nice,P002,Riz 1kg,Alimentaire,20000,240,100,1811,1.2,Non,Non,23.5
2025-09-01,E06,Nice-Est,S06,Nice,P003,Pâtes 500g,Alimentaire,20000,244,72,843,1.22,Non,Non,7.2
2025-09-01,E06,Nice-Est,S06,Nice,P004,Shampoing,Droguerie,20000,3,58,1409,0.01,Oui,Non,9.7
2025-09-01,E06,Nice-Est,S06,Nice,P005,Lessive,Droguerie,20000,257,79,708,1.29,Non,Non,12.6
2025-09-01,E06,Nice-Est,S06,Nice,P006,T-shirt homme,Textile,20000,1297,95,1410,6.49,Non,Oui,21.8
2025-09-01,E06,Nice-Est,S06,Nice,P007,Jeans,Textile,20000,1009,52,1994,5.04,Non,Non,20.4
2025-09-01,E06,Nice-Est,S06,Nice,P008,Smartphone,Électronique,20000,1657,82,1975,8.29,Non,Non,24.4
2025-09-01,E06,Nice-Est,S06,Nice,P009,TV 4K,Électronique,20000,254,51,1095,1.27,Non,Non,17.1
2025-09-01,E06,Nice-Est,S06,Nice,P010,Casque audio,Électronique,20000,696,60,1671,3.48,Non,Non,29.8
2025-09-01,E07,Bordeaux-Centre,S07,Bordeaux,P001,Lait demi-écrémé,Alimentaire,22000,443,86,1959,2.01,Non,Non,15.5
2025-09-01,E07,Bordeaux-Centre,S07,Bordeaux,P002,Riz 1kg,Alimentaire,22000,824,56,1263,3.75,Non,Non,2.1
2025-09-01,E07,Bordeaux-Centre,S07,Bordeaux,P003,Pâtes 500g,Alimentaire,22000,195,79,552,0.89,Non,Non,18.6
2025-09-01,E07,Bordeaux-Centre,S07,Bordeaux,P004,Shampoing,Droguerie,22000,19,69,706,0.09,Oui,Non,3.3
2025-09-01,E07,Bordeaux-Centre,S07,Bordeaux,P005,Lessive,Droguerie,22000,1388,64,1761,6.31,Non,Non,1.9
2025-09-01,E07,Bordeaux-Centre,S07,Bordeaux,P006,T-shirt homme,Textile,22000,448,25,714,2.04,Non,Non,22.7
2025-09-01,E07,Bordeaux-Centre,S07,Bordeaux,P007,Jeans,Textile,22000,1173,69,1442,5.33,Non,Non,23.9
2025-09-01,E07,Bordeaux-Centre,S07,Bordeaux,P008,Smartphone,Électronique,22000,68,54,1676,0.31,Non,Non,15.2
2025-09-01,E07,Bordeaux-Centre,S07,Bordeaux,P009,TV 4K,Électronique,22000,1223,75,1935,5.56,Non,Non,6.2
2025-09-01,E07,Bordeaux-Centre,S07,Bordeaux,P010,Casque audio,Électronique,22000,642,87,1140,2.92,Non,Non,20.7
2025-09-01,E08,Nantes-Atlantique,S08,Nantes,P001,Lait demi-écrémé,Alimentaire,24000,319,70,1941,1.33,Non,Non,4.2
2025-09-01,E08,Nantes-Atlantique,S08,Nantes,P002,Riz 1kg,Alimentaire,24000,1659,66,1684,6.91,Non,Oui,23.6
2025-09-01,E08,Nantes-Atlantique,S08,Nantes,P003,Pâtes 500g,Alimentaire,24000,868,90,1698,3.62,Non,Non,13.9
2025-09-01,E08,Nantes-Atlantique,S08,Nantes,P004,Shampoing,Droguerie,24000,405,51,1222,1.69,Non,Non,23.9
2025-09-01,E08,Nantes-Atlantique,S08,Nantes,P005,Lessive,Droguerie,24000,376,82,991,1.57,Non,Non,26.5
2025-09-01,E08,Nantes-Atlantique,S08,Nantes,P006,T-shirt homme,Textile,24000,1079,65,1940,4.5,Non,Non,18.2
2025-09-01,E08,Nantes-Atlantique,S08,Nantes,P007,Jeans,Textile,24000,118,25,1501,0.49,Non,Non,14.2
2025-09-01,E08,Nantes-Atlantique,S08,Nantes,P008,Smartphone,Électronique,24000,1102,37,1593,4.59,Non,Non,7.2
2025-09-01,E08,Nantes-Atlantique,S08,Nantes,P009,TV 4K,Électronique,24000,236,30,937,0.98,Non,Non,24.2
2025-09-01,E08,Nantes-Atlantique,S08,Nantes,P010,Casque audio,Électronique,24000,626,33,897,2.61,Non,Non,1.2
2025-09-08,E01,Paris-Rungis,S01,Paris,P001,Lait demi-écrémé,Alimentaire,50000,48,54,888,0.1,Oui,Non,18.5
2025-09-08,E01,Paris-Rungis,S01,Paris,P002,Riz 1kg,Alimentaire,50000,504,59,837,1.01,Non,Non,19.4
2025-09-08,E01,Paris-Rungis,S01,Paris,P003,Pâtes 500g,Alimentaire,50000,442,98,964,0.88,Non,Non,12.8
2025-09-08,E01,Paris-Rungis,S01,Paris,P004,Shampoing,Droguerie,50000,982,48,1142,1.96,Non,Non,21.7
2025-09-08,E01,Paris-Rungis,S01,Paris,P005,Lessive,Droguerie,50000,904,92,1347,1.81,Non,Non,23.3
2025-09-08,E01,Paris-Rungis,S01,Paris,P006,T-shirt homme,Textile,50000,548,28,1922,1.1,Non,Non,16.1
2025-09-08,E01,Paris-Rungis,S01,Paris,P007,Jeans,Textile,50000,720,22,901,1.44,Non,Non,23.3
2025-09-08,E01,Paris-Rungis,S01,Paris,P008,Smartphone,Électronique,50000,105,21,1860,0.21,Non,Non,27.5
2025-09-08,E01,Paris-Rungis,S01,Paris,P009,TV 4K,Électronique,50000,894,49,1245,1.79,Non,Non,25.5
2025-09-08,E01,Paris-Rungis,S01,Paris,P010,Casque audio,Électronique,50000,399,91,814,0.8,Non,Non,24.9
2025-09-08,E02,Lyon-Sud,S02,Lyon,P001,Lait demi-écrémé,Alimentaire,35000,350,85,856,1.0,Non,Non,6.3
2025-09-08,E02,Lyon-Sud,S02,Lyon,P002,Riz 1kg,Alimentaire,35000,918,73,985,2.62,Non,Oui,22.2
2025-09-08,E02,Lyon-Sud,S02,Lyon,P003,Pâtes 500g,Alimentaire,35000,139,95,1041,0.4,Non,Non,5.1
2025-09-08,E02,Lyon-Sud,S02,Lyon,P004,Shampoing,Droguerie,35000,799,84,1571,2.28,Non,Non,13.4
2025-09-08,E02,Lyon-Sud,S02,Lyon,P005,Lessive,Droguerie,35000,90,94,712,0.26,Oui,Non,24.5
2025-09-08,E02,Lyon-Sud,S02,Lyon,P006,T-shirt homme,Textile,35000,815,36,901,2.33,Non,Oui,24.3
2025-09-08,E02,Lyon-Sud,S02,Lyon,P007,Jeans,Textile,35000,340,29,1040,0.97,Non,Non,10.3
2025-09-08,E02,Lyon-Sud,S02,Lyon,P008,Smartphone,Électronique,35000,169,40,1273,0.48,Non,Non,27.8
2025-09-08,E02,Lyon-Sud,S02,Lyon,P009,TV 4K,Électronique,35000,1314,94,1501,3.75,Non,Non,16.9
2025-09-08,E02,Lyon-Sud,S02,Lyon,P010,Casque audio,Électronique,35000,626,38,1182,1.79,Non,Non,12.4
2025-09-08,E03,Marseille-Port,S03,Marseille,P001,Lait demi-écrémé,Alimentaire,30000,540,60,1424,1.8,Non,Non,19.2
2025-09-08,E03,Marseille-Port,S03,Marseille,P002,Riz 1kg,Alimentaire,30000,762,54,1273,2.54,Non,Non,21.3
2025-09-08,E03,Marseille-Port,S03,Marseille,P003,Pâtes 500g,Alimentaire,30000,649,43,1267,2.16,Non,Non,9.1
2025-09-08,E03,Marseille-Port,S03,Marseille,P004,Shampoing,Droguerie,30000,533,29,724,1.78,Non,Non,3.8
2025-09-08,E03,Marseille-Port,S03,Marseille,P005,Lessive,Droguerie,30000,1740,88,1863,5.8,Non,Oui,23.2
2025-09-08,E03,Marseille-Port,S03,Marseille,P006,T-shirt homme,Textile,30000,218,63,674,0.73,Non,Non,12.1
2025-09-08,E03,Marseille-Port,S03,Marseille,P007,Jeans,Textile,30000,523,77,884,1.74,Non,Non,29.0
2025-09-08,E03,Marseille-Port,S03,Marseille,P008,Smartphone,Électronique,30000,59,63,795,0.2,Oui,Non,7.0
2025-09-08,E03,Marseille-Port,S03,Marseille,P009,TV 4K,Électronique,30000,607,89,705,2.02,Non,Non,7.3
2025-09-08,E03,Marseille-Port,S03,Marseille,P010,Casque audio,Électronique,30000,616,74,1550,2.05,Non,Non,23.6
2025-09-08,E04,Lille-Nord,S04,Lille,P001,Lait demi-écrémé,Alimentaire,28000,1017,88,1072,3.63,Non,Oui,28.2
2025-09-08,E04,Lille-Nord,S04,Lille,P002,Riz 1kg,Alimentaire,28000,275,53,1282,0.98,Non,Non,5.8
2025-09-08,E04,Lille-Nord,S04,Lille,P003,Pâtes 500g,Alimentaire,28000,499,29,1034,1.78,Non,Non,6.8
2025-09-08,E04,Lille-Nord,S04,Lille,P004,Shampoing,Droguerie,28000,122,61,1046,0.44,Non,Non,27.1
2025-09-08,E04,Lille-Nord,S04,Lille,P005,Lessive,Droguerie,28000,453,34,878,1.62,Non,Non,5.9
2025-09-08,E04,Lille-Nord,S04,Lille,P006,T-shirt homme,Textile,28000,23,46,1297,0.08,Oui,Non,6.7
2025-09-08,E04,Lille-Nord,S04,Lille,P007,Jeans,Textile,28000,808,85,1486,2.89,Non,Non,27.7
2025-09-08,E04,Lille-Nord,S04,Lille,P008,Smartphone,Électronique,28000,94,79,1488,0.34,Non,Non,22.2
2025-09-08,E04,Lille-Nord,S04,Lille,P009,TV 4K,Électronique,28000,1354,21,1363,4.84,Non,Oui,20.3
2025-09-08,E04,Lille-Nord,S04,Lille,P010,Casque audio,Électronique,28000,556,75,722,1.99,Non,Non,7.9
2025-09-08,E05,Toulouse-Ouest,S05,Toulouse,P001,Lait demi-écrémé,Alimentaire,25000,295,79,1272,1.18,Non,Non,22.5
2025-09-08,E05,Toulouse-Ouest,S05,Toulouse,P002,Riz 1kg,Alimentaire,25000,247,67,505,0.99,Non,Non,13.2
2025-09-08,E05,Toulouse-Ouest,S05,Toulouse,P003,Pâtes 500g,Alimentaire,25000,1716,81,1911,6.86,Non,Non,2.9
2025-09-08,E05,Toulouse-Ouest,S05,Toulouse,P004,Shampoing,Droguerie,25000,96,73,879,0.38,Non,Non,15.5
2025-09-08,E05,Toulouse-Ouest,S05,Toulouse,P005,Lessive,Droguerie,25000,1072,25,1077,4.29,Non,Oui,25.5
2025-09-08,E05,Toulouse-Ouest,S05,Toulouse,P006,T-shirt homme,Textile,25000,101,70,1648,0.4,Non,Non,20.0
2025-09-08,E05,Toulouse-Ouest,S05,Toulouse,P007,Jeans,Textile,25000,798,33,1526,3.19,Non,Non,24.6
2025-09-08,E05,Toulouse-Ouest,S05,Toulouse,P008,Smartphone,Électronique,25000,231,48,591,0.92,Non,Non,26.7
2025-09-08,E05,Toulouse-Ouest,S05,Toulouse,P009,TV 4K,Électronique,25000,609,40,1292,2.44,Non,Non,20.0
2025-09-08,E05,Toulouse-Ouest,S05,Toulouse,P010,Casque audio,Électronique,25000,879,71,1025,3.52,Non,Non,14.6
2025-09-08,E06,Nice-Est,S06,Nice,P001,Lait demi-écrémé,Alimentaire,20000,1255,33,1705,6.28,Non,Non,3.4
2025-09-08,E06,Nice-Est,S06,Nice,P002,Riz 1kg,Alimentaire,20000,472,24,1161,2.36,Non,Non,18.7
2025-09-08,E06,Nice-Est,S06,Nice,P003,Pâtes 500g,Alimentaire,20000,512,22,1292,2.56,Non,Non,24.1
2025-09-08,E06,Nice-Est,S06,Nice,P004,Shampoing,Droguerie,20000,498,92,567,2.49,Non,Non,19.7
2025-09-08,E06,Nice-Est,S06,Nice,P005,Lessive,Droguerie,20000,267,49,1111,1.33,Non,Non,10.8
2025-09-08,E06,Nice-Est,S06,Nice,P006,T-shirt homme,Textile,20000,1220,34,1944,6.1,Non,Non,14.1
2025-09-08,E06,Nice-Est,S06,Nice,P007,Jeans,Textile,20000,565,26,752,2.83,Non,Non,3.0
2025-09-08,E06,Nice-Est,S06,Nice,P008,Smartphone,Électronique,20000,1175,67,1644,5.88,Non,Non,3.9
2025-09-08,E06,Nice-Est,S06,Nice,P009,TV 4K,Électronique,20000,291,70,1615,1.46,Non,Non,17.8
2025-09-08,E06,Nice-Est,S06,Nice,P010,Casque audio,Électronique,20000,473,79,522,2.37,Non,Oui,9.0
2025-09-08,E07,Bordeaux-Centre,S07,Bordeaux,P001,Lait demi-écrémé,Alimentaire,22000,505,35,1180,2.3,Non,Non,2.9
2025-09-08,E07,Bordeaux-Centre,S07,Bordeaux,P002,Riz 1kg,Alimentaire,22000,815,51,1805,3.7,Non,Non,22.1
2025-09-08,E07,Bordeaux-Centre,S07,Bordeaux,P003,Pâtes 500g,Alimentaire,22000,411,63,851,1.87,Non,Non,24.1
2025-09-08,E07,Bordeaux-Centre,S07,Bordeaux,P004,Shampoing,Droguerie,22000,115,37,856,0.52,Non,Non,13.3
2025-09-08,E07,Bordeaux-Centre,S07,Bordeaux,P005,Lessive,Droguerie,22000,1449,23,1627,6.59,Non,Non,15.8
2025-09-08,E07,Bordeaux-Centre,S07,Bordeaux,P006,T-shirt homme,Textile,22000,1053,66,1065,4.79,Non,Oui,1.3
2025-09-08,E07,Bordeaux-Centre,S07,Bordeaux,P007,Jeans,Textile,22000,203,97,974,0.92,Non,Non,23.4
2025-09-08,E07,Bordeaux-Centre,S07,Bordeaux,P008,Smartphone,Électronique,22000,472,67,1616,2.15,Non,Non,22.9
2025-09-08,E07,Bordeaux-Centre,S07,Bordeaux,P009,TV 4K,Électronique,22000,698,58,893,3.17,Non,Non,25.3
2025-09-08,E07,Bordeaux-Centre,S07,Bordeaux,P010,Casque audio,Électronique,22000,209,30,508,0.95,Non,Non,11.5
2025-09-08,E08,Nantes-Atlantique,S08,Nantes,P001,Lait demi-écrémé,Alimentaire,24000,172,50,1168,0.72,Non,Non,14.9
2025-09-08,E08,Nantes-Atlantique,S08,Nantes,P002,Riz 1kg,Alimentaire,24000,386,63,1019,1.61,Non,Non,17.6
2025-09-08,E08,Nantes-Atlantique,S08,Nantes,P003,Pâtes 500g,Alimentaire,24000,26,64,750,0.11,Oui,Non,26.4
2025-09-08,E08,Nantes-Atlantique,S08,Nantes,P004,Shampoing,Droguerie,24000,96,30,1123,0.4,Non,Non,27.3
2025-09-08,E08,Nantes-Atlantique,S08,Nantes,P005,Lessive,Droguerie,24000,556,31,808,2.32,Non,Non,8.1
2025-09-08,E08,Nantes-Atlantique,S08,Nantes,P006,T-shirt homme,Textile,24000,676,31,1670,2.82,Non,Non,11.7
2025-09-08,E08,Nantes-Atlantique,S08,Nantes,P007,Jeans,Textile,24000,987,94,1946,4.11,Non,Non,17.4
2025-09-08,E08,Nantes-Atlantique,S08,Nantes,P008,Smartphone,Électronique,24000,347,21,951,1.45,Non,Non,24.4
2025-09-08,E08,Nantes-Atlantique,S08,Nantes,P009,TV 4K,Électronique,24000,204,97,1429,0.85,Non,Non,15.3
2025-09-08,E08,Nantes-Atlantique,S08,Nantes,P010,Casque audio,Électronique,24000,497,83,666,2.07,Non,Non,21.3
2025-09-15,E01,Paris-Rungis,S01,Paris,P001,Lait demi-écrémé,Alimentaire,50000,353,44,566,0.71,Non,Non,12.9
2025-09-15,E01,Paris-Rungis,S01,Paris,P002,Riz 1kg,Alimentaire,50000,586,77,616,1.17,Non,Oui,9.8
2025-09-15,E01,Paris-Rungis,S01,Paris,P003,Pâtes 500g,Alimentaire,50000,931,36,1019,1.86,Non,Oui,28.1
2025-09-15,E01,Paris-Rungis,S01,Paris,P004,Shampoing,Droguerie,50000,168,68,509,0.34,Non,Non,3.7
2025-09-15,E01,Paris-Rungis,S01,Paris,P005,Lessive,Droguerie,50000,553,70,1018,1.11,Non,Non,24.5
2025-09-15,E01,Paris-Rungis,S01,Paris,P006,T-shirt homme,Textile,50000,1209,100,1637,2.42,Non,Non,10.3
2025-09-15,E01,Paris-Rungis,S01,Paris,P007,Jeans,Textile,50000,788,50,1417,1.58,Non,Non,17.2
2025-09-15,E01,Paris-Rungis,S01,Paris,P008,Smartphone,Électronique,50000,928,34,1641,1.86,Non,Non,23.2
2025-09-15,E01,Paris-Rungis,S01,Paris,P009,TV 4K,Électronique,50000,951,71,1436,1.9,Non,Non,26.1
2025-09-15,E01,Paris-Rungis,S01,Paris,P010,Casque audio,Électronique,50000,9,75,624,0.02,Oui,Non,12.2
2025-09-15,E02,Lyon-Sud,S02,Lyon,P001,Lait demi-écrémé,Alimentaire,35000,664,48,1135,1.9,Non,Non,28.3
2025-09-15,E02,Lyon-Sud,S02,Lyon,P002,Riz 1kg,Alimentaire,35000,931,95,1966,2.66,Non,Non,20.6
2025-09-15,E02,Lyon-Sud,S02,Lyon,P003,Pâtes 500g,Alimentaire,35000,654,49,663,1.87,Non,Oui,23.1
2025-09-15,E02,Lyon-Sud,S02,Lyon,P004,Shampoing,Droguerie,35000,233,50,591,0.67,Non,Non,7.5
2025-09-15,E02,Lyon-Sud,S02,Lyon,P005,Lessive,Droguerie,35000,1620,53,1688,4.63,Non,Oui,13.2
2025-09-15,E02,Lyon-Sud,S02,Lyon,P006,T-shirt homme,Textile,35000,1023,77,1182,2.92,Non,Non,27.0
2025-09-15,E02,Lyon-Sud,S02,Lyon,P007,Jeans,Textile,35000,238,53,1196,0.68,Non,Non,23.6
2025-09-15,E02,Lyon-Sud,S02,Lyon,P008,Smartphone,Électronique,35000,575,58,1611,1.64,Non,Non,27.0
2025-09-15,E02,Lyon-Sud,S02,Lyon,P009,TV 4K,Électronique,35000,621,25,1701,1.77,Non,Non,21.3
2025-09-15,E02,Lyon-Sud,S02,Lyon,P010,Casque audio,Électronique,35000,1642,76,1985,4.69,Non,Non,7.3
2025-09-15,E03,Marseille-Port,S03,Marseille,P001,Lait demi-écrémé,Alimentaire,30000,189,34,1608,0.63,Non,Non,29.7
2025-09-15,E03,Marseille-Port,S03,Marseille,P002,Riz 1kg,Alimentaire,30000,349,69,540,1.16,Non,Non,25.5
2025-09-15,E03,Marseille-Port,S03,Marseille,P003,Pâtes 500g,Alimentaire,30000,105,40,1490,0.35,Non,Non,14.2
2025-09-15,E03,Marseille-Port,S03,Marseille,P004,Shampoing,Droguerie,30000,1187,94,1237,3.96,Non,Oui,21.8
2025-09-15,E03,Marseille-Port,S03,Marseille,P005,Lessive,Droguerie,30000,846,58,1477,2.82,Non,Non,25.1
2025-09-15,E03,Marseille-Port,S03,Marseille,P006,T-shirt homme,Textile,30000,52,33,720,0.17,Non,Non,15.0
2025-09-15,E03,Marseille-Port,S03,Marseille,P007,Jeans,Textile,30000,803,93,1468,2.68,Non,Non,9.9
2025-09-15,E03,Marseille-Port,S03,Marseille,P008,Smartphone,Électronique,30000,593,77,1241,1.98,Non,Non,20.5
2025-09-15,E03,Marseille-Port,S03,Marseille,P009,TV 4K,Électronique,30000,699,64,1356,2.33,Non,Non,14.4
2025-09-15,E03,Marseille-Port,S03,Marseille,P010,Casque audio,Électronique,30000,1618,85,1657,5.39,Non,Oui,14.2
2025-09-15,E04,Lille-Nord,S04,Lille,P001,Lait demi-écrémé,Alimentaire,28000,1180,41,1293,4.21,Non,Oui,7.1
2025-09-15,E04,Lille-Nord,S04,Lille,P002,Riz 1kg,Alimentaire,28000,549,84,1191,1.96,Non,Non,28.4
2025-09-15,E04,Lille-Nord,S04,Lille,P003,Pâtes 500g,Alimentaire,28000,593,23,916,2.12,Non,Non,1.3
2025-09-15,E04,Lille-Nord,S04,Lille,P004,Shampoing,Droguerie,28000,778,84,1028,2.78,Non,Non,16.3
2025-09-15,E04,Lille-Nord,S04,Lille,P005,Lessive,Droguerie,28000,23,64,1353,0.08,Oui,Non,25.4
2025-09-15,E04,Lille-Nord,S04,Lille,P006,T-shirt homme,Textile,28000,1208,68,1981,4.31,Non,Non,22.1
2025-09-15,E04,Lille-Nord,S04,Lille,P007,Jeans,Textile,28000,1470,43,1831,5.25,Non,Non,26.0
2025-09-15,E04,Lille-Nord,S04,Lille,P008,Smartphone,Électronique,28000,531,28,947,1.9,Non,Non,4.8
2025-09-15,E04,Lille-Nord,S04,Lille,P009,TV 4K,Électronique,28000,975,72,1622,3.48,Non,Non,2.0
2025-09-15,E04,Lille-Nord,S04,Lille,P010,Casque audio,Électronique,28000,934,76,1402,3.34,Non,Non,13.7
2025-09-15,E05,Toulouse-Ouest,S05,Toulouse,P001,Lait demi-écrémé,Alimentaire,25000,83,67,1459,0.33,Non,Non,22.9
2025-09-15,E05,Toulouse-Ouest,S05,Toulouse,P002,Riz 1kg,Alimentaire,25000,1157,46,1666,4.63,Non,Non,26.9
2025-09-15,E05,Toulouse-Ouest,S05,Toulouse,P003,Pâtes 500g,Alimentaire,25000,385,72,795,1.54,Non,Non,7.5
2025-09-15,E05,Toulouse-Ouest,S05,Toulouse,P004,Shampoing,Droguerie,25000,376,79,1706,1.5,Non,Non,26.5
2025-09-15,E05,Toulouse-Ouest,S05,Toulouse,P005,Lessive,Droguerie,25000,87,76,642,0.35,Non,Non,2.6
2025-09-15,E05,Toulouse-Ouest,S05,Toulouse,P006,T-shirt homme,Textile,25000,366,76,988,1.46,Non,Non,4.6
2025-09-15,E05,Toulouse-Ouest,S05,Toulouse,P007,Jeans,Textile,25000,859,90,1722,3.44,Non,Non,6.0
2025-09-15,E05,Toulouse-Ouest,S05,Toulouse,P008,Smartphone,Électronique,25000,1105,24,1333,4.42,Non,Non,29.0
2025-09-15,E05,Toulouse-Ouest,S05,Toulouse,P009,TV 4K,Électronique,25000,413,41,1088,1.65,Non,Non,5.8
2025-09-15,E05,Toulouse-Ouest,S05,Toulouse,P010,Casque audio,Électronique,25000,1589,44,1901,6.36,Non,Non,8.0
2025-09-15,E06,Nice-Est,S06,Nice,P001,Lait demi-écrémé,Alimentaire,20000,631,38,941,3.16,Non,Non,18.1
2025-09-15,E06,Nice-Est,S06,Nice,P002,Riz 1kg,Alimentaire,20000,286,49,1016,1.43,Non,Non,12.0
2025-09-15,E06,Nice-Est,S06,Nice,P003,Pâtes 500g,Alimentaire,20000,1821,71,1950,9.11,Non,Oui,1.8
2025-09-15,E06,Nice-Est,S06,Nice,P004,Shampoing,Droguerie,20000,529,68,1659,2.65,Non,Non,21.5
2025-09-15,E06,Nice-Est,S06,Nice,P005,Lessive,Droguerie,20000,1253,20,1316,6.26,Non,Oui,11.0
2025-09-15,E06,Nice-Est,S06,Nice,P006,T-shirt homme,Textile,20000,349,36,890,1.75,Non,Non,13.7
2025-09-15,E06,Nice-Est,S06,Nice,P007,Jeans,Textile,20000,287,70,1161,1.44,Non,Non,18.4
2025-09-15,E06,Nice-Est,S06,Nice,P008,Smartphone,Électronique,20000,517,31,779,2.58,Non,Non,11.0
2025-09-15,E06,Nice-Est,S06,Nice,P009,TV 4K,Électronique,20000,1709,81,1965,8.54,Non,Non,2.4
2025-09-15,E06,Nice-Est,S06,Nice,P010,Casque audio,Électronique,20000,519,68,1042,2.6,Non,Non,16.4
2025-09-15,E07,Bordeaux-Centre,S07,Bordeaux,P001,Lait demi-écrémé,Alimentaire,22000,588,91,1188,2.67,Non,Non,16.4
2025-09-15,E07,Bordeaux-Centre,S07,Bordeaux,P002,Riz 1kg,Alimentaire,22000,109,63,1002,0.5,Non,Non,4.4
2025-09-15,E07,Bordeaux-Centre,S07,Bordeaux,P003,Pâtes 500g,Alimentaire,22000,1543,94,1793,7.01,Non,Non,23.2
2025-09-15,E07,Bordeaux-Centre,S07,Bordeaux,P004,Shampoing,Droguerie,22000,262,86,520,1.19,Non,Non,5.8
2025-09-15,E07,Bordeaux-Centre,S07,Bordeaux,P005,Lessive,Droguerie,22000,293,64,1136,1.33,Non,Non,16.4
2025-09-15,E07,Bordeaux-Centre,S07,Bordeaux,P006,T-shirt homme,Textile,22000,507,20,1163,2.3,Non,Non,29.3
2025-09-15,E07,Bordeaux-Centre,S07,Bordeaux,P007,Jeans,Textile,22000,270,72,1119,1.23,Non,Non,11.6
2025-09-15,E07,Bordeaux-Centre,S07,Bordeaux,P008,Smartphone,Électronique,22000,1141,23,1482,5.19,Non,Non,25.9
2025-09-15,E07,Bordeaux-Centre,S07,Bordeaux,P009,TV 4K,Électronique,22000,1085,74,1627,4.93,Non,Non,19.5
2025-09-15,E07,Bordeaux-Centre,S07,Bordeaux,P010,Casque audio,Électronique,22000,812,77,1614,3.69,Non,Non,1.8
2025-09-15,E08,Nantes-Atlantique,S08,Nantes,P001,Lait demi-écrémé,Alimentaire,24000,234,43,586,0.97,Non,Non,21.9
2025-09-15,E08,Nantes-Atlantique,S08,Nantes,P002,Riz 1kg,Alimentaire,24000,125,36,845,0.52,Non,Non,8.2
2025-09-15,E08,Nantes-Atlantique,S08,Nantes,P003,Pâtes 500g,Alimentaire,24000,70,29,1484,0.29,Non,Non,27.2
2025-09-15,E08,Nantes-Atlantique,S08,Nantes,P004,Shampoing,Droguerie,24000,1468,31,1772,6.12,Non,Non,27.2
2025-09-15,E08,Nantes-Atlantique,S08,Nantes,P005,Lessive,Droguerie,24000,849,91,1321,3.54,Non,Non,27.8
2025-09-15,E08,Nantes-Atlantique,S08,Nantes,P006,T-shirt homme,Textile,24000,1355,95,1681,5.65,Non,Non,4.8
2025-09-15,E08,Nantes-Atlantique,S08,Nantes,P007,Jeans,Textile,24000,1074,80,1658,4.47,Non,Non,23.5
2025-09-15,E08,Nantes-Atlantique,S08,Nantes,P008,Smartphone,Électronique,24000,1017,40,1563,4.24,Non,Non,6.9
2025-09-15,E08,Nantes-Atlantique,S08,Nantes,P009,TV 4K,Électronique,24000,820,29,1015,3.42,Non,Non,5.6
2025-09-15,E08,Nantes-Atlantique,S08,Nantes,P010,Casque audio,Électronique,24000,741,59,1662,3.09,Non,Non,24.1
2025-09-22,E01,Paris-Rungis,S01,Paris,P001,Lait demi-écrémé,Alimentaire,50000,1674,42,1680,3.35,Non,Oui,4.3
2025-09-22,E01,Paris-Rungis,S01,Paris,P002,Riz 1kg,Alimentaire,50000,634,93,1303,1.27,Non,Non,9.7
2025-09-22,E01,Paris-Rungis,S01,Paris,P003,Pâtes 500g,Alimentaire,50000,240,74,517,0.48,Non,Non,6.6
2025-09-22,E01,Paris-Rungis,S01,Paris,P004,Shampoing,Droguerie,50000,1140,43,1609,2.28,Non,Non,15.7
2025-09-22,E01,Paris-Rungis,S01,Paris,P005,Lessive,Droguerie,50000,9,80,509,0.02,Oui,Non,10.4
2025-09-22,E01,Paris-Rungis,S01,Paris,P006,T-shirt homme,Textile,50000,539,25,866,1.08,Non,Non,15.1
2025-09-22,E01,Paris-Rungis,S01,Paris,P007,Jeans,Textile,50000,162,63,1902,0.32,Non,Non,5.4
2025-09-22,E01,Paris-Rungis,S01,Paris,P008,Smartphone,Électronique,50000,697,22,801,1.39,Non,Non,5.6
2025-09-22,E01,Paris-Rungis,S01,Paris,P009,TV 4K,Électronique,50000,500,20,668,1.0,Non,Non,11.5
2025-09-22,E01,Paris-Rungis,S01,Paris,P010,Casque audio,Électronique,50000,136,66,1056,0.27,Non,Non,12.6
2025-09-22,E02,Lyon-Sud,S02,Lyon,P001,Lait demi-écrémé,Alimentaire,35000,1268,87,1520,3.62,Non,Non,5.0
2025-09-22,E02,Lyon-Sud,S02,Lyon,P002,Riz 1kg,Alimentaire,35000,275,28,613,0.79,Non,Non,12.8
2025-09-22,E02,Lyon-Sud,S02,Lyon,P003,Pâtes 500g,Alimentaire,35000,654,36,1455,1.87,Non,Non,19.9
2025-09-22,E02,Lyon-Sud,S02,Lyon,P004,Shampoing,Droguerie,35000,364,22,700,1.04,Non,Non,6.0
2025-09-22,E02,Lyon-Sud,S02,Lyon,P005,Lessive,Droguerie,35000,517,93,1416,1.48,Non,Non,9.0
2025-09-22,E02,Lyon-Sud,S02,Lyon,P006,T-shirt homme,Textile,35000,888,26,970,2.54,Non,Oui,21.9
2025-09-22,E02,Lyon-Sud,S02,Lyon,P007,Jeans,Textile,35000,1094,27,1485,3.13,Non,Non,27.3
2025-09-22,E02,Lyon-Sud,S02,Lyon,P008,Smartphone,Électronique,35000,386,63,1098,1.1,Non,Non,6.8
2025-09-22,E02,Lyon-Sud,S02,Lyon,P009,TV 4K,Électronique,35000,1039,93,1262,2.97,Non,Non,28.6
2025-09-22,E02,Lyon-Sud,S02,Lyon,P010,Casque audio,Électronique,35000,705,38,987,2.01,Non,Non,17.1
2025-09-22,E03,Marseille-Port,S03,Marseille,P001,Lait demi-écrémé,Alimentaire,30000,1448,70,1595,4.83,Non,Oui,19.7
2025-09-22,E03,Marseille-Port,S03,Marseille,P002,Riz 1kg,Alimentaire,30000,90,74,600,0.3,Non,Non,26.1
2025-09-22,E03,Marseille-Port,S03,Marseille,P003,Pâtes 500g,Alimentaire,30000,1217,62,1412,4.06,Non,Non,5.5
2025-09-22,E03,Marseille-Port,S03,Marseille,P004,Shampoing,Droguerie,30000,994,37,1321,3.31,Non,Non,3.2
2025-09-22,E03,Marseille-Port,S03,Marseille,P005,Lessive,Droguerie,30000,1024,88,1200,3.41,Non,Non,21.4
2025-09-22,E03,Marseille-Port,S03,Marseille,P006,T-shirt homme,Textile,30000,942,99,1798,3.14,Non,Non,1.2
2025-09-22,E03,Marseille-Port,S03,Marseille,P007,Jeans,Textile,30000,109,66,590,0.36,Non,Non,17.4
2025-09-22,E03,Marseille-Port,S03,Marseille,P008,Smartphone,Électronique,30000,1734,83,1747,5.78,Non,Oui,29.3
2025-09-22,E03,Marseille-Port,S03,Marseille,P009,TV 4K,Électronique,30000,132,36,556,0.44,Non,Non,11.2
2025-09-22,E03,Marseille-Port,S03,Marseille,P010,Casque audio,Électronique,30000,47,93,767,0.16,Oui,Non,4.5
2025-09-22,E04,Lille-Nord,S04,Lille,P001,Lait demi-écrémé,Alimentaire,28000,562,91,816,2.01,Non,Non,22.0
2025-09-22,E04,Lille-Nord,S04,Lille,P002,Riz 1kg,Alimentaire,28000,243,65,758,0.87,Non,Non,7.6
2025-09-22,E04,Lille-Nord,S04,Lille,P003,Pâtes 500g,Alimentaire,28000,921,39,1657,3.29,Non,Non,25.4
2025-09-22,E04,Lille-Nord,S04,Lille,P004,Shampoing,Droguerie,28000,1325,54,1678,4.73,Non,Non,25.7
2025-09-22,E04,Lille-Nord,S04,Lille,P005,Lessive,Droguerie,28000,697,81,1699,2.49,Non,Non,15.7
2025-09-22,E04,Lille-Nord,S04,Lille,P006,T-shirt homme,Textile,28000,351,95,711,1.25,Non,Non,16.5
2025-09-22,E04,Lille-Nord,S04,Lille,P007,Jeans,Textile,28000,660,100,1261,2.36,Non,Non,24.5
2025-09-22,E04,Lille-Nord,S04,Lille,P008,Smartphone,Électronique,28000,432,29,1379,1.54,Non,Non,24.3
2025-09-22,E04,Lille-Nord,S04,Lille,P009,TV 4K,Électronique,28000,289,76,670,1.03,Non,Non,18.4
2025-09-22,E04,Lille-Nord,S04,Lille,P010,Casque audio,Électronique,28000,684,22,1455,2.44,Non,Non,25.1
2025-09-22,E05,Toulouse-Ouest,S05,Toulouse,P001,Lait demi-écrémé,Alimentaire,25000,226,78,1119,0.9,Non,Non,29.9
2025-09-22,E05,Toulouse-Ouest,S05,Toulouse,P002,Riz 1kg,Alimentaire,25000,306,59,875,1.22,Non,Non,17.3
2025-09-22,E05,Toulouse-Ouest,S05,Toulouse,P003,Pâtes 500g,Alimentaire,25000,596,79,987,2.38,Non,Non,12.9
2025-09-22,E05,Toulouse-Ouest,S05,Toulouse,P004,Shampoing,Droguerie,25000,354,69,766,1.42,Non,Non,18.4
2025-09-22,E05,Toulouse-Ouest,S05,Toulouse,P005,Lessive,Droguerie,25000,486,86,1617,1.94,Non,Non,21.1
2025-09-22,E05,Toulouse-Ouest,S05,Toulouse,P006,T-shirt homme,Textile,25000,962,42,1115,3.85,Non,Non,22.1
2025-09-22,E05,Toulouse-Ouest,S05,Toulouse,P007,Jeans,Textile,25000,889,50,1822,3.56,Non,Non,21.5
2025-09-22,E05,Toulouse-Ouest,S05,Toulouse,P008,Smartphone,Électronique,25000,351,79,1483,1.4,Non,Non,26.6
2025-09-22,E05,Toulouse-Ouest,S05,Toulouse,P009,TV 4K,Électronique,25000,391,53,1108,1.56,Non,Non,19.4
2025-09-22,E05,Toulouse-Ouest,S05,Toulouse,P010,Casque audio,Électronique,25000,701,45,1789,2.8,Non,Non,25.9
2025-09-22,E06,Nice-Est,S06,Nice,P001,Lait demi-écrémé,Alimentaire,20000,1062,99,1447,5.31,Non,Non,15.4
2025-09-22,E06,Nice-Est,S06,Nice,P002,Riz 1kg,Alimentaire,20000,741,97,1270,3.71,Non,Non,14.8
2025-09-22,E06,Nice-Est,S06,Nice,P003,Pâtes 500g,Alimentaire,20000,629,63,1331,3.15,Non,Non,7.5
2025-09-22,E06,Nice-Est,S06,Nice,P004,Shampoing,Droguerie,20000,1326,86,1885,6.63,Non,Non,2.2
2025-09-22,E06,Nice-Est,S06,Nice,P005,Lessive,Droguerie,20000,1170,40,1756,5.85,Non,Non,2.4
2025-09-22,E06,Nice-Est,S06,Nice,P006,T-shirt homme,Textile,20000,38,48,1053,0.19,Oui,Non,19.6
2025-09-22,E06,Nice-Est,S06,Nice,P007,Jeans,Textile,20000,964,36,1100,4.82,Non,Non,17.9
2025-09-22,E06,Nice-Est,S06,Nice,P008,Smartphone,Électronique,20000,31,73,603,0.15,Oui,Non,21.9
2025-09-22,E06,Nice-Est,S06,Nice,P009,TV 4K,Électronique,20000,19,92,1087,0.1,Oui,Non,18.4
2025-09-22,E06,Nice-Est,S06,Nice,P010,Casque audio,Électronique,20000,725,73,1931,3.62,Non,Non,15.0
2025-09-22,E07,Bordeaux-Centre,S07,Bordeaux,P001,Lait demi-écrémé,Alimentaire,22000,261,81,1350,1.19,Non,Non,9.4
2025-09-22,E07,Bordeaux-Centre,S07,Bordeaux,P002,Riz 1kg,Alimentaire,22000,782,41,1330,3.55,Non,Non,21.1
2025-09-22,E07,Bordeaux-Centre,S07,Bordeaux,P003,Pâtes 500g,Alimentaire,22000,374,37,757,1.7,Non,Non,8.6
2025-09-22,E07,Bordeaux-Centre,S07,Bordeaux,P004,Shampoing,Droguerie,22000,226,39,567,1.03,Non,Non,13.0
2025-09-22,E07,Bordeaux-Centre,S07,Bordeaux,P005,Lessive,Droguerie,22000,54,96,972,0.25,Oui,Non,18.3
2025-09-22,E07,Bordeaux-Centre,S07,Bordeaux,P006,T-shirt homme,Textile,22000,1960,30,1970,8.91,Non,Oui,8.8
2025-09-22,E07,Bordeaux-Centre,S07,Bordeaux,P007,Jeans,Textile,22000,102,100,620,0.46,Non,Non,20.7
2025-09-22,E07,Bordeaux-Centre,S07,Bordeaux,P008,Smartphone,Électronique,22000,495,38,1455,2.25,Non,Non,4.2
2025-09-22,E07,Bordeaux-Centre,S07,Bordeaux,P009,TV 4K,Électronique,22000,377,34,1442,1.71,Non,Non,24.8
2025-09-22,E07,Bordeaux-Centre,S07,Bordeaux,P010,Casque audio,Électronique,22000,134,70,1136,0.61,Non,Non,8.5
2025-09-22,E08,Nantes-Atlantique,S08,Nantes,P001,Lait demi-écrémé,Alimentaire,24000,1170,62,1362,4.88,Non,Non,29.1
2025-09-22,E08,Nantes-Atlantique,S08,Nantes,P002,Riz 1kg,Alimentaire,24000,67,21,523,0.28,Non,Non,16.1
2025-09-22,E08,Nantes-Atlantique,S08,Nantes,P003,Pâtes 500g,Alimentaire,24000,1632,36,1750,6.8,Non,Oui,7.5
2025-09-22,E08,Nantes-Atlantique,S08,Nantes,P004,Shampoing,Droguerie,24000,1080,62,1750,4.5,Non,Non,29.6
2025-09-22,E08,Nantes-Atlantique,S08,Nantes,P005,Lessive,Droguerie,24000,627,54,1418,2.61,Non,Non,5.7
2025-09-22,E08,Nantes-Atlantique,S08,Nantes,P006,T-shirt homme,Textile,24000,1305,93,1603,5.44,Non,Non,8.0
2025-09-22,E08,Nantes-Atlantique,S08,Nantes,P007,Jeans,Textile,24000,854,61,1762,3.56,Non,Non,20.8
2025-09-22,E08,Nantes-Atlantique,S08,Nantes,P008,Smartphone,Électronique,24000,168,81,1476,0.7,Non,Non,29.5
2025-09-22,E08,Nantes-Atlantique,S08,Nantes,P009,TV 4K,Électronique,24000,40,51,1718,0.17,Oui,Non,23.9
2025-09-22,E08,Nantes-Atlantique,S08,Nantes,P010,Casque audio,Électronique,24000,334,41,1383,1.39,Non,Non,22.5
2025-09-29,E01,Paris-Rungis,S01,Paris,P001,Lait demi-écrémé,Alimentaire,50000,1596,79,1992,3.19,Non,Non,7.9
2025-09-29,E01,Paris-Rungis,S01,Paris,P002,Riz 1kg,Alimentaire,50000,43,61,521,0.09,Oui,Non,21.9
2025-09-29,E01,Paris-Rungis,S01,Paris,P003,Pâtes 500g,Alimentaire,50000,1152,38,1739,2.3,Non,Non,1.5
2025-09-29,E01,Paris-Rungis,S01,Paris,P004,Shampoing,Droguerie,50000,1302,24,1940,2.6,Non,Non,2.6
2025-09-29,E01,Paris-Rungis,S01,Paris,P005,Lessive,Droguerie,50000,832,58,1428,1.66,Non,Non,3.0
2025-09-29,E01,Paris-Rungis,S01,Paris,P006,T-shirt homme,Textile,50000,298,59,1116,0.6,Non,Non,14.1
2025-09-29,E01,Paris-Rungis,S01,Paris,P007,Jeans,Textile,50000,862,82,1010,1.72,Non,Non,22.4
2025-09-29,E01,Paris-Rungis,S01,Paris,P008,Smartphone,Électronique,50000,532,61,1151,1.06,Non,Non,20.1
2025-09-29,E01,Paris-Rungis,S01,Paris,P009,TV 4K,Électronique,50000,1886,26,1963,3.77,Non,Oui,9.2
2025-09-29,E01,Paris-Rungis,S01,Paris,P010,Casque audio,Électronique,50000,410,51,755,0.82,Non,Non,19.0
2025-09-29,E02,Lyon-Sud,S02,Lyon,P001,Lait demi-écrémé,Alimentaire,35000,741,96,794,2.12,Non,Oui,21.5
2025-09-29,E02,Lyon-Sud,S02,Lyon,P002,Riz 1kg,Alimentaire,35000,907,27,1386,2.59,Non,Non,28.6
2025-09-29,E02,Lyon-Sud,S02,Lyon,P003,Pâtes 500g,Alimentaire,35000,460,54,1669,1.31,Non,Non,19.0
2025-09-29,E02,Lyon-Sud,S02,Lyon,P004,Shampoing,Droguerie,35000,700,59,973,2.0,Non,Non,17.7
2025-09-29,E02,Lyon-Sud,S02,Lyon,P005,Lessive,Droguerie,35000,283,95,539,0.81,Non,Non,10.3
2025-09-29,E02,Lyon-Sud,S02,Lyon,P006,T-shirt homme,Textile,35000,1208,47,1875,3.45,Non,Non,26.1
2025-09-29,E02,Lyon-Sud,S02,Lyon,P007,Jeans,Textile,35000,525,64,857,1.5,Non,Non,14.6
2025-09-29,E02,Lyon-Sud,S02,Lyon,P008,Smartphone,Électronique,35000,935,48,1184,2.67,Non,Non,6.7
2025-09-29,E02,Lyon-Sud,S02,Lyon,P009,TV 4K,Électronique,35000,226,85,701,0.65,Non,Non,8.1
2025-09-29,E02,Lyon-Sud,S02,Lyon,P010,Casque audio,Électronique,35000,283,81,976,0.81,Non,Non,10.9
2025-09-29,E03,Marseille-Port,S03,Marseille,P001,Lait demi-écrémé,Alimentaire,30000,426,100,1891,1.42,Non,Non,2.5
2025-09-29,E03,Marseille-Port,S03,Marseille,P002,Riz 1kg,Alimentaire,30000,635,49,1366,2.12,Non,Non,3.9
2025-09-29,E03,Marseille-Port,S03,Marseille,P003,Pâtes 500g,Alimentaire,30000,300,42,812,1.0,Non,Non,23.0
2025-09-29,E03,Marseille-Port,S03,Marseille,P004,Shampoing,Droguerie,30000,383,52,544,1.28,Non,Non,6.5
2025-09-29,E03,Marseille-Port,S03,Marseille,P005,Lessive,Droguerie,30000,56,78,822,0.19,Oui,Non,8.0
2025-09-29,E03,Marseille-Port,S03,Marseille,P006,T-shirt homme,Textile,30000,331,64,591,1.1,Non,Non,27.6
2025-09-29,E03,Marseille-Port,S03,Marseille,P007,Jeans,Textile,30000,128,71,598,0.43,Non,Non,8.2
2025-09-29,E03,Marseille-Port,S03,Marseille,P008,Smartphone,Électronique,30000,196,36,1168,0.65,Non,Non,24.7
2025-09-29,E03,Marseille-Port,S03,Marseille,P009,TV 4K,Électronique,30000,183,82,1951,0.61,Non,Non,11.6
2025-09-29,E03,Marseille-Port,S03,Marseille,P010,Casque audio,Électronique,30000,1094,65,1164,3.65,Non,Oui,25.9
2025-09-29,E04,Lille-Nord,S04,Lille,P001,Lait demi-écrémé,Alimentaire,28000,546,26,1703,1.95,Non,Non,19.4
2025-09-29,E04,Lille-Nord,S04,Lille,P002,Riz 1kg,Alimentaire,28000,311,26,1059,1.11,Non,Non,5.4
2025-09-29,E04,Lille-Nord,S04,Lille,P003,Pâtes 500g,Alimentaire,28000,805,58,1198,2.88,Non,Non,9.9
2025-09-29,E04,Lille-Nord,S04,Lille,P004,Shampoing,Droguerie,28000,1271,30,1715,4.54,Non,Non,5.5
2025-09-29,E04,Lille-Nord,S04,Lille,P005,Lessive,Droguerie,28000,134,67,679,0.48,Non,Non,10.3
2025-09-29,E04,Lille-Nord,S04,Lille,P006,T-shirt homme,Textile,28000,497,85,572,1.77,Non,Non,23.4
2025-09-29,E04,Lille-Nord,S04,Lille,P007,Jeans,Textile,28000,186,29,1700,0.66,Non,Non,25.5
2025-09-29,E04,Lille-Nord,S04,Lille,P008,Smartphone,Électronique,28000,357,64,543,1.27,Non,Non,21.7
2025-09-29,E04,Lille-Nord,S04,Lille,P009,TV 4K,Électronique,28000,1410,48,1993,5.04,Non,Non,10.0
2025-09-29,E04,Lille-Nord,S04,Lille,P010,Casque audio,Électronique,28000,631,52,640,2.25,Non,Oui,21.7
2025-09-29,E05,Toulouse-Ouest,S05,Toulouse,P001,Lait demi-écrémé,Alimentaire,25000,341,80,725,1.36,Non,Non,21.1
2025-09-29,E05,Toulouse-Ouest,S05,Toulouse,P002,Riz 1kg,Alimentaire,25000,1016,60,1233,4.06,Non,Non,28.5
2025-09-29,E05,Toulouse-Ouest,S05,Toulouse,P003,Pâtes 500g,Alimentaire,25000,472,70,1385,1.89,Non,Non,6.0
2025-09-29,E05,Toulouse-Ouest,S05,Toulouse,P004,Shampoing,Droguerie,25000,1330,85,1793,5.32,Non,Non,4.8
2025-09-29,E05,Toulouse-Ouest,S05,Toulouse,P005,Lessive,Droguerie,25000,503,55,1338,2.01,Non,Non,1.5
2025-09-29,E05,Toulouse-Ouest,S05,Toulouse,P006,T-shirt homme,Textile,25000,420,75,746,1.68,Non,Non,4.9
2025-09-29,E05,Toulouse-Ouest,S05,Toulouse,P007,Jeans,Textile,25000,1371,29,1874,5.48,Non,Non,26.3
2025-09-29,E05,Toulouse-Ouest,S05,Toulouse,P008,Smartphone,Électronique,25000,885,66,1966,3.54,Non,Non,7.9
2025-09-29,E05,Toulouse-Ouest,S05,Toulouse,P009,TV 4K,Électronique,25000,0,36,518,0.0,Oui,Non,14.3
2025-09-29,E05,Toulouse-Ouest,S05,Toulouse,P010,Casque audio,Électronique,25000,85,29,1140,0.34,Non,Non,9.4
2025-09-29,E06,Nice-Est,S06,Nice,P001,Lait demi-écrémé,Alimentaire,20000,789,27,1143,3.94,Non,Non,15.5
2025-09-29,E06,Nice-Est,S06,Nice,P002,Riz 1kg,Alimentaire,20000,1335,65,1867,6.68,Non,Non,13.2
2025-09-29,E06,Nice-Est,S06,Nice,P003,Pâtes 500g,Alimentaire,20000,158,77,1443,0.79,Non,Non,9.9
2025-09-29,E06,Nice-Est,S06,Nice,P004,Shampoing,Droguerie,20000,865,47,1918,4.32,Non,Non,1.7
2025-09-29,E06,Nice-Est,S06,Nice,P005,Lessive,Droguerie,20000,38,84,586,0.19,Oui,Non,4.2
2025-09-29,E06,Nice-Est,S06,Nice,P006,T-shirt homme,Textile,20000,855,30,1082,4.28,Non,Non,22.2
2025-09-29,E06,Nice-Est,S06,Nice,P007,Jeans,Textile,20000,443,26,2000,2.21,Non,Non,18.4
2025-09-29,E06,Nice-Est,S06,Nice,P008,Smartphone,Électronique,20000,1074,82,1551,5.37,Non,Non,15.5
2025-09-29,E06,Nice-Est,S06,Nice,P009,TV 4K,Électronique,20000,1216,32,1601,6.08,Non,Non,7.0
2025-09-29,E06,Nice-Est,S06,Nice,P010,Casque audio,Électronique,20000,234,55,1300,1.17,Non,Non,12.2
2025-09-29,E07,Bordeaux-Centre,S07,Bordeaux,P001,Lait demi-écrémé,Alimentaire,22000,1071,51,1636,4.87,Non,Non,4.3
2025-09-29,E07,Bordeaux-Centre,S07,Bordeaux,P002,Riz 1kg,Alimentaire,22000,1449,85,1468,6.59,Non,Oui,16.5
2025-09-29,E07,Bordeaux-Centre,S07,Bordeaux,P003,Pâtes 500g,Alimentaire,22000,540,65,681,2.45,Non,Non,24.7
2025-09-29,E07,Bordeaux-Centre,S07,Bordeaux,P004,Shampoing,Droguerie,22000,1220,65,1361,5.55,Non,Non,2.3
2025-09-29,E07,Bordeaux-Centre,S07,Bordeaux,P005,Lessive,Droguerie,22000,72,64,1785,0.33,Non,Non,20.2
2025-09-29,E07,Bordeaux-Centre,S07,Bordeaux,P006,T-shirt homme,Textile,22000,819,68,1184,3.72,Non,Non,23.0
2025-09-29,E07,Bordeaux-Centre,S07,Bordeaux,P007,Jeans,Textile,22000,389,88,828,1.77,Non,Non,14.9
2025-09-29,E07,Bordeaux-Centre,S07,Bordeaux,P008,Smartphone,Électronique,22000,12,87,570,0.05,Oui,Non,14.9
2025-09-29,E07,Bordeaux-Centre,S07,Bordeaux,P009,TV 4K,Électronique,22000,999,39,1963,4.54,Non,Non,5.5
2025-09-29,E07,Bordeaux-Centre,S07,Bordeaux,P010,Casque audio,Électronique,22000,1307,20,1982,5.94,Non,Non,29.5
2025-09-29,E08,Nantes-Atlantique,S08,Nantes,P001,Lait demi-écrémé,Alimentaire,24000,1369,34,1878,5.7,Non,Non,28.4
2025-09-29,E08,Nantes-Atlantique,S08,Nantes,P002,Riz 1kg,Alimentaire,24000,316,57,1416,1.32,Non,Non,19.3
2025-09-29,E08,Nantes-Atlantique,S08,Nantes,P003,Pâtes 500g,Alimentaire,24000,360,78,931,1.5,Non,Non,13.2
2025-09-29,E08,Nantes-Atlantique,S08,Nantes,P004,Shampoing,Droguerie,24000,1056,22,1454,4.4,Non,Non,7.5
2025-09-29,E08,Nantes-Atlantique,S08,Nantes,P005,Lessive,Droguerie,24000,454,23,1592,1.89,Non,Non,2.4
2025-09-29,E08,Nantes-Atlantique,S08,Nantes,P006,T-shirt homme,Textile,24000,908,71,1736,3.78,Non,Non,28.6
2025-09-29,E08,Nantes-Atlantique,S08,Nantes,P007,Jeans,Textile,24000,1196,86,1725,4.98,Non,Non,19.2
2025-09-29,E08,Nantes-Atlantique,S08,Nantes,P008,Smartphone,Électronique,24000,211,92,1260,0.88,Non,Non,19.6
2025-09-29,E08,Nantes-Atlantique,S08,Nantes,P009,TV 4K,Électronique,24000,418,64,1081,1.74,Non,Non,12.9
2025-09-29,E08,Nantes-Atlantique,S08,Nantes,P010,Casque audio,Électronique,24000,793,30,1032,3.3,Non,Non,14.9
2025-10-06,E01,Paris-Rungis,S01,Paris,P001,Lait demi-écrémé,Alimentaire,50000,445,92,572,0.89,Non,Non,12.0
2025-10-06,E01,Paris-Rungis,S01,Paris,P002,Riz 1kg,Alimentaire,50000,855,85,1981,1.71,Non,Non,14.0
2025-10-06,E01,Paris-Rungis,S01,Paris,P003,Pâtes 500g,Alimentaire,50000,691,28,1649,1.38,Non,Non,23.1
2025-10-06,E01,Paris-Rungis,S01,Paris,P004,Shampoing,Droguerie,50000,435,32,672,0.87,Non,Non,9.8
2025-10-06,E01,Paris-Rungis,S01,Paris,P005,Lessive,Droguerie,50000,359,75,593,0.72,Non,Non,20.4
2025-10-06,E01,Paris-Rungis,S01,Paris,P006,T-shirt homme,Textile,50000,424,66,1323,0.85,Non,Non,29.9
2025-10-06,E01,Paris-Rungis,S01,Paris,P007,Jeans,Textile,50000,515,51,683,1.03,Non,Non,2.4
2025-10-06,E01,Paris-Rungis,S01,Paris,P008,Smartphone,Électronique,50000,898,100,1843,1.8,Non,Non,7.1
2025-10-06,E01,Paris-Rungis,S01,Paris,P009,TV 4K,Électronique,50000,33,38,533,0.07,Oui,Non,4.9
2025-10-06,E01,Paris-Rungis,S01,Paris,P010,Casque audio,Électronique,50000,877,87,1208,1.75,Non,Non,10.6
2025-10-06,E02,Lyon-Sud,S02,Lyon,P001,Lait demi-écrémé,Alimentaire,35000,789,47,991,2.25,Non,Non,14.6
2025-10-06,E02,Lyon-Sud,S02,Lyon,P002,Riz 1kg,Alimentaire,35000,495,81,1487,1.41,Non,Non,1.5
2025-10-06,E02,Lyon-Sud,S02,Lyon,P003,Pâtes 500g,Alimentaire,35000,387,45,703,1.11,Non,Non,15.4
2025-10-06,E02,Lyon-Sud,S02,Lyon,P004,Shampoing,Droguerie,35000,221,91,1485,0.63,Non,Non,18.2
2025-10-06,E02,Lyon-Sud,S02,Lyon,P005,Lessive,Droguerie,35000,220,40,1351,0.63,Non,Non,11.8
2025-10-06,E02,Lyon-Sud,S02,Lyon,P006,T-shirt homme,Textile,35000,1378,90,1484,3.94,Non,Oui,5.5
2025-10-06,E02,Lyon-Sud,S02,Lyon,P007,Jeans,Textile,35000,268,33,794,0.77,Non,Non,20.3
2025-10-06,E02,Lyon-Sud,S02,Lyon,P008,Smartphone,Électronique,35000,594,37,1267,1.7,Non,Non,10.8
2025-10-06,E02,Lyon-Sud,S02,Lyon,P009,TV 4K,Électronique,35000,118,23,1847,0.34,Non,Non,29.9
2025-10-06,E02,Lyon-Sud,S02,Lyon,P010,Casque audio,Électronique,35000,64,57,1708,0.18,Non,Non,15.7
2025-10-06,E03,Marseille-Port,S03,Marseille,P001,Lait demi-écrémé,Alimentaire,30000,1154,24,1863,3.85,Non,Non,18.0
2025-10-06,E03,Marseille-Port,S03,Marseille,P002,Riz 1kg,Alimentaire,30000,581,90,927,1.94,Non,Non,25.6
2025-10-06,E03,Marseille-Port,S03,Marseille,P003,Pâtes 500g,Alimentaire,30000,938,71,1792,3.13,Non,Non,7.9
2025-10-06,E03,Marseille-Port,S03,Marseille,P004,Shampoing,Droguerie,30000,276,85,1479,0.92,Non,Non,10.0
2025-10-06,E03,Marseille-Port,S03,Marseille,P005,Lessive,Droguerie,30000,439,32,1302,1.46,Non,Non,1.4
2025-10-06,E03,Marseille-Port,S03,Marseille,P006,T-shirt homme,Textile,30000,538,56,1009,1.79,Non,Non,7.4
2025-10-06,E03,Marseille-Port,S03,Marseille,P007,Jeans,Textile,30000,30,27,556,0.1,Non,Non,17.8
2025-10-06,E03,Marseille-Port,S03,Marseille,P008,Smartphone,Électronique,30000,320,57,957,1.07,Non,Non,5.6
2025-10-06,E03,Marseille-Port,S03,Marseille,P009,TV 4K,Électronique,30000,462,59,1766,1.54,Non,Non,29.6
2025-10-06,E03,Marseille-Port,S03,Marseille,P010,Casque audio,Électronique,30000,1462,82,1916,4.87,Non,Non,9.1
2025-10-06,E04,Lille-Nord,S04,Lille,P001,Lait demi-écrémé,Alimentaire,28000,1159,76,1663,4.14,Non,Non,28.9
2025-10-06,E04,Lille-Nord,S04,Lille,P002,Riz 1kg,Alimentaire,28000,555,72,1143,1.98,Non,Non,13.0
2025-10-06,E04,Lille-Nord,S04,Lille,P003,Pâtes 500g,Alimentaire,28000,524,69,812,1.87,Non,Non,19.0
2025-10-06,E04,Lille-Nord,S04,Lille,P004,Shampoing,Droguerie,28000,204,44,1235,0.73,Non,Non,16.1
2025-10-06,E04,Lille-Nord,S04,Lille,P005,Lessive,Droguerie,28000,148,68,821,0.53,Non,Non,10.8
2025-10-06,E04,Lille-Nord,S04,Lille,P006,T-shirt homme,Textile,28000,827,77,1170,2.95,Non,Non,2.6
2025-10-06,E04,Lille-Nord,S04,Lille,P007,Jeans,Textile,28000,255,41,760,0.91,Non,Non,2.1
2025-10-06,E04,Lille-Nord,S04,Lille,P008,Smartphone,Électronique,28000,79,48,1087,0.28,Non,Non,11.8
2025-10-06,E04,Lille-Nord,S04,Lille,P009,TV 4K,Électronique,28000,209,79,1424,0.75,Non,Non,6.3
2025-10-06,E04,Lille-Nord,S04,Lille,P010,Casque audio,Électronique,28000,755,30,1850,2.7,Non,Non,16.0
2025-10-06,E05,Toulouse-Ouest,S05,Toulouse,P001,Lait demi-écrémé,Alimentaire,25000,209,25,1037,0.84,Non,Non,27.8
2025-10-06,E05,Toulouse-Ouest,S05,Toulouse,P002,Riz 1kg,Alimentaire,25000,790,100,839,3.16,Non,Oui,26.0
2025-10-06,E05,Toulouse-Ouest,S05,Toulouse,P003,Pâtes 500g,Alimentaire,25000,142,21,1189,0.57,Non,Non,13.0
2025-10-06,E05,Toulouse-Ouest,S05,Toulouse,P004,Shampoing,Droguerie,25000,555,75,588,2.22,Non,Oui,24.2
2025-10-06,E05,Toulouse-Ouest,S05,Toulouse,P005,Lessive,Droguerie,25000,593,43,945,2.37,Non,Non,4.7
2025-10-06,E05,Toulouse-Ouest,S05,Toulouse,P006,T-shirt homme,Textile,25000,601,87,1633,2.4,Non,Non,23.4
2025-10-06,E05,Toulouse-Ouest,S05,Toulouse,P007,Jeans,Textile,25000,1257,82,1800,5.03,Non,Non,2.0
2025-10-06,E05,Toulouse-Ouest,S05,Toulouse,P008,Smartphone,Électronique,25000,396,91,1281,1.58,Non,Non,13.1
2025-10-06,E05,Toulouse-Ouest,S05,Toulouse,P009,TV 4K,Électronique,25000,485,61,787,1.94,Non,Non,12.3
2025-10-06,E05,Toulouse-Ouest,S05,Toulouse,P010,Casque audio,Électronique,25000,577,61,1629,2.31,Non,Non,9.8
2025-10-06,E06,Nice-Est,S06,Nice,P001,Lait demi-écrémé,Alimentaire,20000,148,39,530,0.74,Non,Non,5.6
2025-10-06,E06,Nice-Est,S06,Nice,P002,Riz 1kg,Alimentaire,20000,1137,53,1921,5.68,Non,Non,5.3
2025-10-06,E06,Nice-Est,S06,Nice,P003,Pâtes 500g,Alimentaire,20000,804,88,1614,4.02,Non,Non,6.6
2025-10-06,E06,Nice-Est,S06,Nice,P004,Shampoing,Droguerie,20000,889,29,1000,4.45,Non,Non,14.4
2025-10-06,E06,Nice-Est,S06,Nice,P005,Lessive,Droguerie,20000,307,79,657,1.54,Non,Non,11.6
2025-10-06,E06,Nice-Est,S06,Nice,P006,T-shirt homme,Textile,20000,112,48,650,0.56,Non,Non,27.5
2025-10-06,E06,Nice-Est,S06,Nice,P007,Jeans,Textile,20000,312,24,1924,1.56,Non,Non,12.0
2025-10-06,E06,Nice-Est,S06,Nice,P008,Smartphone,Électronique,20000,1202,68,1792,6.01,Non,Non,24.6
2025-10-06,E06,Nice-Est,S06,Nice,P009,TV 4K,Électronique,20000,618,53,748,3.09,Non,Non,23.1
2025-10-06,E06,Nice-Est,S06,Nice,P010,Casque audio,Électronique,20000,13,93,1337,0.07,Oui,Non,12.1
2025-10-06,E07,Bordeaux-Centre,S07,Bordeaux,P001,Lait demi-écrémé,Alimentaire,22000,930,23,1040,4.23,Non,Non,28.0
2025-10-06,E07,Bordeaux-Centre,S07,Bordeaux,P002,Riz 1kg,Alimentaire,22000,1162,31,1526,5.28,Non,Non,25.2
2025-10-06,E07,Bordeaux-Centre,S07,Bordeaux,P003,Pâtes 500g,Alimentaire,22000,594,35,708,2.7,Non,Non,24.3
2025-10-06,E07,Bordeaux-Centre,S07,Bordeaux,P004,Shampoing,Droguerie,22000,751,98,756,3.41,Non,Oui,10.1
2025-10-06,E07,Bordeaux-Centre,S07,Bordeaux,P005,Lessive,Droguerie,22000,1385,68,1847,6.3,Non,Non,18.4
2025-10-06,E07,Bordeaux-Centre,S07,Bordeaux,P006,T-shirt homme,Textile,22000,995,58,1987,4.52,Non,Non,12.9
2025-10-06,E07,Bordeaux-Centre,S07,Bordeaux,P007,Jeans,Textile,22000,1591,90,1870,7.23,Non,Non,7.1
2025-10-06,E07,Bordeaux-Centre,S07,Bordeaux,P008,Smartphone,Électronique,22000,225,28,592,1.02,Non,Non,8.6
2025-10-06,E07,Bordeaux-Centre,S07,Bordeaux,P009,TV 4K,Électronique,22000,202,55,690,0.92,Non,Non,22.9
2025-10-06,E07,Bordeaux-Centre,S07,Bordeaux,P010,Casque audio,Électronique,22000,113,86,712,0.51,Non,Non,28.4
2025-10-06,E08,Nantes-Atlantique,S08,Nantes,P001,Lait demi-écrémé,Alimentaire,24000,212,91,1797,0.88,Non,Non,10.0
2025-10-06,E08,Nantes-Atlantique,S08,Nantes,P002,Riz 1kg,Alimentaire,24000,237,63,675,0.99,Non,Non,5.5
2025-10-06,E08,Nantes-Atlantique,S08,Nantes,P003,Pâtes 500g,Alimentaire,24000,1202,34,1411,5.01,Non,Non,20.4
2025-10-06,E08,Nantes-Atlantique,S08,Nantes,P004,Shampoing,Droguerie,24000,922,59,1138,3.84,Non,Non,2.1
2025-10-06,E08,Nantes-Atlantique,S08,Nantes,P005,Lessive,Droguerie,24000,2,66,1348,0.01,Oui,Non,17.6
2025-10-06,E08,Nantes-Atlantique,S08,Nantes,P006,T-shirt homme,Textile,24000,395,55,597,1.65,Non,Non,14.1
2025-10-06,E08,Nantes-Atlantique,S08,Nantes,P007,Jeans,Textile,24000,1674,57,1852,6.98,Non,Oui,15.6
2025-10-06,E08,Nantes-Atlantique,S08,Nantes,P008,Smartphone,Électronique,24000,70,87,935,0.29,Oui,Non,1.6
2025-10-06,E08,Nantes-Atlantique,S08,Nantes,P009,TV 4K,Électronique,24000,724,33,1037,3.02,Non,Non,23.1
2025-10-06,E08,Nantes-Atlantique,S08,Nantes,P010,Casque audio,Électronique,24000,644,69,1056,2.68,Non,Non,14.7
2025-10-13,E01,Paris-Rungis,S01,Paris,P001,Lait demi-écrémé,Alimentaire,50000,671,39,1437,1.34,Non,Non,20.2
2025-10-13,E01,Paris-Rungis,S01,Paris,P002,Riz 1kg,Alimentaire,50000,550,80,1728,1.1,Non,Non,23.9
2025-10-13,E01,Paris-Rungis,S01,Paris,P003,Pâtes 500g,Alimentaire,50000,548,78,1986,1.1,Non,Non,1.8
2025-10-13,E01,Paris-Rungis,S01,Paris,P004,Shampoing,Droguerie,50000,543,47,1421,1.09,Non,Non,8.5
2025-10-13,E01,Paris-Rungis,S01,Paris,P005,Lessive,Droguerie,50000,1256,100,1689,2.51,Non,Non,27.7
2025-10-13,E01,Paris-Rungis,S01,Paris,P006,T-shirt homme,Textile,50000,7,87,1421,0.01,Oui,Non,18.5
2025-10-13,E01,Paris-Rungis,S01,Paris,P007,Jeans,Textile,50000,623,49,1005,1.25,Non,Non,4.1
2025-10-13,E01,Paris-Rungis,S01,Paris,P008,Smartphone,Électronique,50000,1259,49,1305,2.52,Non,Oui,9.4
2025-10-13,E01,Paris-Rungis,S01,Paris,P009,TV 4K,Électronique,50000,828,43,1790,1.66,Non,Non,28.9
2025-10-13,E01,Paris-Rungis,S01,Paris,P010,Casque audio,Électronique,50000,426,29,508,0.85,Non,Non,12.2
2025-10-13,E02,Lyon-Sud,S02,Lyon,P001,Lait demi-écrémé,Alimentaire,35000,436,48,843,1.25,Non,Non,23.0
2025-10-13,E02,Lyon-Sud,S02,Lyon,P002,Riz 1kg,Alimentaire,35000,478,77,1218,1.37,Non,Non,28.3
2025-10-13,E02,Lyon-Sud,S02,Lyon,P003,Pâtes 500g,Alimentaire,35000,356,91,593,1.02,Non,Non,15.2
2025-10-13,E02,Lyon-Sud,S02,Lyon,P004,Shampoing,Droguerie,35000,89,70,994,0.25,Non,Non,20.9
2025-10-13,E02,Lyon-Sud,S02,Lyon,P005,Lessive,Droguerie,35000,27,24,666,0.08,Non,Non,29.9
2025-10-13,E02,Lyon-Sud,S02,Lyon,P006,T-shirt homme,Textile,35000,1318,97,1331,3.77,Non,Oui,10.6
2025-10-13,E02,Lyon-Sud,S02,Lyon,P007,Jeans,Textile,35000,169,72,693,0.48,Non,Non,10.3
2025-10-13,E02,Lyon-Sud,S02,Lyon,P008,Smartphone,Électronique,35000,397,70,576,1.13,Non,Non,28.0
2025-10-13,E02,Lyon-Sud,S02,Lyon,P009,TV 4K,Électronique,35000,287,22,625,0.82,Non,Non,13.8
2025-10-13,E02,Lyon-Sud,S02,Lyon,P010,Casque audio,Électronique,35000,950,86,1319,2.71,Non,Non,18.4
2025-10-13,E03,Marseille-Port,S03,Marseille,P001,Lait demi-écrémé,Alimentaire,30000,1195,91,1275,3.98,Non,Oui,24.7
2025-10-13,E03,Marseille-Port,S03,Marseille,P002,Riz 1kg,Alimentaire,30000,1041,95,1056,3.47,Non,Oui,8.3
2025-10-13,E03,Marseille-Port,S03,Marseille,P003,Pâtes 500g,Alimentaire,30000,24,28,1457,0.08,Oui,Non,27.0
2025-10-13,E03,Marseille-Port,S03,Marseille,P004,Shampoing,Droguerie,30000,218,51,1330,0.73,Non,Non,1.7
2025-10-13,E03,Marseille-Port,S03,Marseille,P005,Lessive,Droguerie,30000,959,26,1433,3.2,Non,Non,1.1
2025-10-13,E03,Marseille-Port,S03,Marseille,P006,T-shirt homme,Textile,30000,995,29,1410,3.32,Non,Non,28.5
2025-10-13,E03,Marseille-Port,S03,Marseille,P007,Jeans,Textile,30000,984,48,1839,3.28,Non,Non,10.1
2025-10-13,E03,Marseille-Port,S03,Marseille,P008,Smartphone,Électronique,30000,404,59,1719,1.35,Non,Non,24.5
2025-10-13,E03,Marseille-Port,S03,Marseille,P009,TV 4K,Électronique,30000,1080,24,1409,3.6,Non,Non,4.0
2025-10-13,E03,Marseille-Port,S03,Marseille,P010,Casque audio,Électronique,30000,218,29,1405,0.73,Non,Non,17.6
2025-10-13,E04,Lille-Nord,S04,Lille,P001,Lait demi-écrémé,Alimentaire,28000,37,74,606,0.13,Oui,Non,9.1
2025-10-13,E04,Lille-Nord,S04,Lille,P002,Riz 1kg,Alimentaire,28000,95,23,848,0.34,Non,Non,8.8
2025-10-13,E04,Lille-Nord,S04,Lille,P003,Pâtes 500g,Alimentaire,28000,365,57,676,1.3,Non,Non,10.7
2025-10-13,E04,Lille-Nord,S04,Lille,P004,Shampoing,Droguerie,28000,916,95,1366,3.27,Non,Non,9.1
2025-10-13,E04,Lille-Nord,S04,Lille,P005,Lessive,Droguerie,28000,681,49,977,2.43,Non,Non,20.2
2025-10-13,E04,Lille-Nord,S04,Lille,P006,T-shirt homme,Textile,28000,1156,58,1859,4.13,Non,Non,22.2
2025-10-13,E04,Lille-Nord,S04,Lille,P007,Jeans,Textile,28000,331,63,1266,1.18,Non,Non,7.6
2025-10-13,E04,Lille-Nord,S04,Lille,P008,Smartphone,Électronique,28000,1392,33,1483,4.97,Non,Oui,1.8
2025-10-13,E04,Lille-Nord,S04,Lille,P009,TV 4K,Électronique,28000,479,47,1988,1.71,Non,Non,11.4
2025-10-13,E04,Lille-Nord,S04,Lille,P010,Casque audio,Électronique,28000,318,20,613,1.14,Non,Non,18.9
2025-10-13,E05,Toulouse-Ouest,S05,Toulouse,P001,Lait demi-écrémé,Alimentaire,25000,368,94,1695,1.47,Non,Non,12.2
2025-10-13,E05,Toulouse-Ouest,S05,Toulouse,P002,Riz 1kg,Alimentaire,25000,439,71,1212,1.76,Non,Non,21.9
2025-10-13,E05,Toulouse-Ouest,S05,Toulouse,P003,Pâtes 500g,Alimentaire,25000,978,34,1756,3.91,Non,Non,19.8
2025-10-13,E05,Toulouse-Ouest,S05,Toulouse,P004,Shampoing,Droguerie,25000,106,78,982,0.42,Non,Non,29.8
2025-10-13,E05,Toulouse-Ouest,S05,Toulouse,P005,Lessive,Droguerie,25000,621,47,1663,2.48,Non,Non,23.1
2025-10-13,E05,Toulouse-Ouest,S05,Toulouse,P006,T-shirt homme,Textile,25000,1037,39,1059,4.15,Non,Oui,15.4
2025-10-13,E05,Toulouse-Ouest,S05,Toulouse,P007,Jeans,Textile,25000,811,39,901,3.24,Non,Oui,22.6
2025-10-13,E05,Toulouse-Ouest,S05,Toulouse,P008,Smartphone,Électronique,25000,1077,91,1214,4.31,Non,Non,11.9
2025-10-13,E05,Toulouse-Ouest,S05,Toulouse,P009,TV 4K,Électronique,25000,498,62,1854,1.99,Non,Non,25.2
2025-10-13,E05,Toulouse-Ouest,S05,Toulouse,P010,Casque audio,Électronique,25000,1349,39,1481,5.4,Non,Oui,24.6
2025-10-13,E06,Nice-Est,S06,Nice,P001,Lait demi-écrémé,Alimentaire,20000,1359,90,1428,6.79,Non,Oui,3.7
2025-10-13,E06,Nice-Est,S06,Nice,P002,Riz 1kg,Alimentaire,20000,280,30,994,1.4,Non,Non,17.7
2025-10-13,E06,Nice-Est,S06,Nice,P003,Pâtes 500g,Alimentaire,20000,1247,35,1486,6.24,Non,Non,12.3
2025-10-13,E06,Nice-Est,S06,Nice,P004,Shampoing,Droguerie,20000,12,24,1381,0.06,Oui,Non,11.6
2025-10-13,E06,Nice-Est,S06,Nice,P005,Lessive,Droguerie,20000,207,91,1812,1.03,Non,Non,14.9
2025-10-13,E06,Nice-Est,S06,Nice,P006,T-shirt homme,Textile,20000,947,49,1154,4.74,Non,Non,18.6
2025-10-13,E06,Nice-Est,S06,Nice,P007,Jeans,Textile,20000,248,35,1968,1.24,Non,Non,12.3
2025-10-13,E06,Nice-Est,S06,Nice,P008,Smartphone,Électronique,20000,402,63,550,2.01,Non,Non,21.2
2025-10-13,E06,Nice-Est,S06,Nice,P009,TV 4K,Électronique,20000,1254,95,1641,6.27,Non,Non,6.5
2025-10-13,E06,Nice-Est,S06,Nice,P010,Casque audio,Électronique,20000,805,67,1038,4.03,Non,Non,9.8
2025-10-13,E07,Bordeaux-Centre,S07,Bordeaux,P001,Lait demi-écrémé,Alimentaire,22000,1095,46,1713,4.98,Non,Non,21.1
2025-10-13,E07,Bordeaux-Centre,S07,Bordeaux,P002,Riz 1kg,Alimentaire,22000,104,77,531,0.47,Non,Non,28.2
2025-10-13,E07,Bordeaux-Centre,S07,Bordeaux,P003,Pâtes 500g,Alimentaire,22000,671,100,1822,3.05,Non,Non,11.5
2025-10-13,E07,Bordeaux-Centre,S07,Bordeaux,P004,Shampoing,Droguerie,22000,613,20,972,2.79,Non,Non,21.8
2025-10-13,E07,Bordeaux-Centre,S07,Bordeaux,P005,Lessive,Droguerie,22000,270,52,1854,1.23,Non,Non,14.8
2025-10-13,E07,Bordeaux-Centre,S07,Bordeaux,P006,T-shirt homme,Textile,22000,1107,32,1983,5.03,Non,Non,29.6
2025-10-13,E07,Bordeaux-Centre,S07,Bordeaux,P007,Jeans,Textile,22000,309,70,1694,1.4,Non,Non,11.5
2025-10-13,E07,Bordeaux-Centre,S07,Bordeaux,P008,Smartphone,Électronique,22000,1707,36,1737,7.76,Non,Oui,25.7
2025-10-13,E07,Bordeaux-Centre,S07,Bordeaux,P009,TV 4K,Électronique,22000,48,27,1174,0.22,Non,Non,19.0
2025-10-13,E07,Bordeaux-Centre,S07,Bordeaux,P010,Casque audio,Électronique,22000,109,42,1297,0.5,Non,Non,1.2
2025-10-13,E08,Nantes-Atlantique,S08,Nantes,P001,Lait demi-écrémé,Alimentaire,24000,683,30,727,2.85,Non,Oui,23.4
2025-10-13,E08,Nantes-Atlantique,S08,Nantes,P002,Riz 1kg,Alimentaire,24000,334,27,670,1.39,Non,Non,13.3
2025-10-13,E08,Nantes-Atlantique,S08,Nantes,P003,Pâtes 500g,Alimentaire,24000,599,73,644,2.5,Non,Oui,14.3
2025-10-13,E08,Nantes-Atlantique,S08,Nantes,P004,Shampoing,Droguerie,24000,516,91,1028,2.15,Non,Non,29.1
2025-10-13,E08,Nantes-Atlantique,S08,Nantes,P005,Lessive,Droguerie,24000,1053,99,1783,4.39,Non,Non,3.4
2025-10-13,E08,Nantes-Atlantique,S08,Nantes,P006,T-shirt homme,Textile,24000,1,31,973,0.0,Oui,Non,2.4
2025-10-13,E08,Nantes-Atlantique,S08,Nantes,P007,Jeans,Textile,24000,286,91,1548,1.19,Non,Non,20.0
2025-10-13,E08,Nantes-Atlantique,S08,Nantes,P008,Smartphone,Électronique,24000,620,44,1587,2.58,Non,Non,20.3
2025-10-13,E08,Nantes-Atlantique,S08,Nantes,P009,TV 4K,Électronique,24000,1278,68,1673,5.33,Non,Non,2.5
2025-10-13,E08,Nantes-Atlantique,S08,Nantes,P010,Casque audio,Électronique,24000,979,91,1329,4.08,Non,Non,4.7
2025-10-20,E01,Paris-Rungis,S01,Paris,P001,Lait demi-écrémé,Alimentaire,50000,62,47,650,0.12,Non,Non,8.6
2025-10-20,E01,Paris-Rungis,S01,Paris,P002,Riz 1kg,Alimentaire,50000,255,53,1583,0.51,Non,Non,15.3
2025-10-20,E01,Paris-Rungis,S01,Paris,P003,Pâtes 500g,Alimentaire,50000,501,79,1786,1.0,Non,Non,19.2
2025-10-20,E01,Paris-Rungis,S01,Paris,P004,Shampoing,Droguerie,50000,649,72,1243,1.3,Non,Non,22.0
2025-10-20,E01,Paris-Rungis,S01,Paris,P005,Lessive,Droguerie,50000,283,28,1740,0.57,Non,Non,4.7
2025-10-20,E01,Paris-Rungis,S01,Paris,P006,T-shirt homme,Textile,50000,1120,29,1586,2.24,Non,Non,5.0
2025-10-20,E01,Paris-Rungis,S01,Paris,P007,Jeans,Textile,50000,420,37,542,0.84,Non,Non,7.2
2025-10-20,E01,Paris-Rungis,S01,Paris,P008,Smartphone,Électronique,50000,1489,30,1577,2.98,Non,Oui,29.5
2025-10-20,E01,Paris-Rungis,S01,Paris,P009,TV 4K,Électronique,50000,492,56,748,0.98,Non,Non,12.1
2025-10-20,E01,Paris-Rungis,S01,Paris,P010,Casque audio,Électronique,50000,1470,100,1784,2.94,Non,Non,7.5
2025-10-20,E02,Lyon-Sud,S02,Lyon,P001,Lait demi-écrémé,Alimentaire,35000,194,23,818,0.55,Non,Non,13.0
2025-10-20,E02,Lyon-Sud,S02,Lyon,P002,Riz 1kg,Alimentaire,35000,1285,34,1913,3.67,Non,Non,13.7
2025-10-20,E02,Lyon-Sud,S02,Lyon,P003,Pâtes 500g,Alimentaire,35000,1037,50,1367,2.96,Non,Non,6.5
2025-10-20,E02,Lyon-Sud,S02,Lyon,P004,Shampoing,Droguerie,35000,1210,100,1748,3.46,Non,Non,2.9
2025-10-20,E02,Lyon-Sud,S02,Lyon,P005,Lessive,Droguerie,35000,560,79,1389,1.6,Non,Non,1.4
2025-10-20,E02,Lyon-Sud,S02,Lyon,P006,T-shirt homme,Textile,35000,230,51,801,0.66,Non,Non,23.7
2025-10-20,E02,Lyon-Sud,S02,Lyon,P007,Jeans,Textile,35000,1170,28,1960,3.34,Non,Non,22.3
2025-10-20,E02,Lyon-Sud,S02,Lyon,P008,Smartphone,Électronique,35000,286,42,1203,0.82,Non,Non,23.9
2025-10-20,E02,Lyon-Sud,S02,Lyon,P009,TV 4K,Électronique,35000,650,88,805,1.86,Non,Non,24.3
2025-10-20,E02,Lyon-Sud,S02,Lyon,P010,Casque audio,Électronique,35000,179,78,708,0.51,Non,Non,12.0
2025-10-20,E03,Marseille-Port,S03,Marseille,P001,Lait demi-écrémé,Alimentaire,30000,472,97,992,1.57,Non,Non,17.9
2025-10-20,E03,Marseille-Port,S03,Marseille,P002,Riz 1kg,Alimentaire,30000,1162,97,1779,3.87,Non,Non,10.3
2025-10-20,E03,Marseille-Port,S03,Marseille,P003,Pâtes 500g,Alimentaire,30000,320,41,881,1.07,Non,Non,6.4
2025-10-20,E03,Marseille-Port,S03,Marseille,P004,Shampoing,Droguerie,30000,526,98,1348,1.75,Non,Non,8.5
2025-10-20,E03,Marseille-Port,S03,Marseille,P005,Lessive,Droguerie,30000,508,86,1070,1.69,Non,Non,24.2
2025-10-20,E03,Marseille-Port,S03,Marseille,P006,T-shirt homme,Textile,30000,1110,100,1379,3.7,Non,Non,13.6
2025-10-20,E03,Marseille-Port,S03,Marseille,P007,Jeans,Textile,30000,76,34,737,0.25,Non,Non,10.0
2025-10-20,E03,Marseille-Port,S03,Marseille,P008,Smartphone,Électronique,30000,47,48,952,0.16,Oui,Non,13.4
2025-10-20,E03,Marseille-Port,S03,Marseille,P009,TV 4K,Électronique,30000,1449,23,1739,4.83,Non,Non,16.1
2025-10-20,E03,Marseille-Port,S03,Marseille,P010,Casque audio,Électronique,30000,1023,61,1650,3.41,Non,Non,14.9
2025-10-20,E04,Lille-Nord,S04,Lille,P001,Lait demi-écrémé,Alimentaire,28000,712,62,1149,2.54,Non,Non,18.2
2025-10-20,E04,Lille-Nord,S04,Lille,P002,Riz 1kg,Alimentaire,28000,795,27,1811,2.84,Non,Non,21.3
2025-10-20,E04,Lille-Nord,S04,Lille,P003,Pâtes 500g,Alimentaire,28000,1086,41,1486,3.88,Non,Non,14.9
2025-10-20,E04,Lille-Nord,S04,Lille,P004,Shampoing,Droguerie,28000,175,98,606,0.62,Non,Non,27.7
2025-10-20,E04,Lille-Nord,S04,Lille,P005,Lessive,Droguerie,28000,155,93,700,0.55,Non,Non,1.5
2025-10-20,E04,Lille-Nord,S04,Lille,P006,T-shirt homme,Textile,28000,482,54,1299,1.72,Non,Non,14.6
2025-10-20,E04,Lille-Nord,S04,Lille,P007,Jeans,Textile,28000,365,34,1344,1.3,Non,Non,26.7
2025-10-20,E04,Lille-Nord,S04,Lille,P008,Smartphone,Électronique,28000,46,70,1309,0.16,Oui,Non,7.3
2025-10-20,E04,Lille-Nord,S04,Lille,P009,TV 4K,Électronique,28000,1041,44,1163,3.72,Non,Non,9.6
2025-10-20,E04,Lille-Nord,S04,Lille,P010,Casque audio,Électronique,28000,179,88,513,0.64,Non,Non,19.1
2025-10-20,E05,Toulouse-Ouest,S05,Toulouse,P001,Lait demi-écrémé,Alimentaire,25000,1268,64,1847,5.07,Non,Non,18.1
2025-10-20,E05,Toulouse-Ouest,S05,Toulouse,P002,Riz 1kg,Alimentaire,25000,465,82,1459,1.86,Non,Non,21.9
2025-10-20,E05,Toulouse-Ouest,S05,Toulouse,P003,Pâtes 500g,Alimentaire,25000,616,93,900,2.46,Non,Non,25.1
2025-10-20,E05,Toulouse-Ouest,S05,Toulouse,P004,Shampoing,Droguerie,25000,646,82,1685,2.58,Non,Non,23.1
2025-10-20,E05,Toulouse-Ouest,S05,Toulouse,P005,Lessive,Droguerie,25000,1317,28,1655,5.27,Non,Non,24.7
2025-10-20,E05,Toulouse-Ouest,S05,Toulouse,P006,T-shirt homme,Textile,25000,924,52,1974,3.7,Non,Non,8.8
2025-10-20,E05,Toulouse-Ouest,S05,Toulouse,P007,Jeans,Textile,25000,65,30,650,0.26,Non,Non,14.9
2025-10-20,E05,Toulouse-Ouest,S05,Toulouse,P008,Smartphone,Électronique,25000,933,47,1301,3.73,Non,Non,1.3
2025-10-20,E05,Toulouse-Ouest,S05,Toulouse,P009,TV 4K,Électronique,25000,303,87,1371,1.21,Non,Non,28.9
2025-10-20,E05,Toulouse-Ouest,S05,Toulouse,P010,Casque audio,Électronique,25000,948,70,1837,3.79,Non,Non,26.0
2025-10-20,E06,Nice-Est,S06,Nice,P001,Lait demi-écrémé,Alimentaire,20000,164,33,711,0.82,Non,Non,11.6
2025-10-20,E06,Nice-Est,S06,Nice,P002,Riz 1kg,Alimentaire,20000,328,91,1097,1.64,Non,Non,7.0
2025-10-20,E06,Nice-Est,S06,Nice,P003,Pâtes 500g,Alimentaire,20000,43,23,529,0.21,Non,Non,11.5
2025-10-20,E06,Nice-Est,S06,Nice,P004,Shampoing,Droguerie,20000,520,51,565,2.6,Non,Oui,21.3
2025-10-20,E06,Nice-Est,S06,Nice,P005,Lessive,Droguerie,20000,643,93,840,3.21,Non,Non,8.3
2025-10-20,E06,Nice-Est,S06,Nice,P006,T-shirt homme,Textile,20000,523,91,785,2.61,Non,Non,14.5
2025-10-20,E06,Nice-Est,S06,Nice,P007,Jeans,Textile,20000,40,41,726,0.2,Oui,Non,26.8
2025-10-20,E06,Nice-Est,S06,Nice,P008,Smartphone,Électronique,20000,415,86,1574,2.08,Non,Non,3.4
2025-10-20,E06,Nice-Est,S06,Nice,P009,TV 4K,Électronique,20000,733,76,970,3.67,Non,Non,13.4
2025-10-20,E06,Nice-Est,S06,Nice,P010,Casque audio,Électronique,20000,714,65,1095,3.57,Non,Non,5.3
2025-10-20,E07,Bordeaux-Centre,S07,Bordeaux,P001,Lait demi-écrémé,Alimentaire,22000,273,20,1466,1.24,Non,Non,1.2
2025-10-20,E07,Bordeaux-Centre,S07,Bordeaux,P002,Riz 1kg,Alimentaire,22000,46,98,1419,0.21,Oui,Non,17.0
2025-10-20,E07,Bordeaux-Centre,S07,Bordeaux,P003,Pâtes 500g,Alimentaire,22000,962,37,1615,4.37,Non,Non,8.3
2025-10-20,E07,Bordeaux-Centre,S07,Bordeaux,P004,Shampoing,Droguerie,22000,328,28,1394,1.49,Non,Non,15.2
2025-10-20,E07,Bordeaux-Centre,S07,Bordeaux,P005,Lessive,Droguerie,22000,644,75,928,2.93,Non,Non,12.5
2025-10-20,E07,Bordeaux-Centre,S07,Bordeaux,P006,T-shirt homme,Textile,22000,639,28,821,2.9,Non,Non,22.2
2025-10-20,E07,Bordeaux-Centre,S07,Bordeaux,P007,Jeans,Textile,22000,679,61,1223,3.09,Non,Non,3.6
2025-10-20,E07,Bordeaux-Centre,S07,Bordeaux,P008,Smartphone,Électronique,22000,372,22,537,1.69,Non,Non,26.7
2025-10-20,E07,Bordeaux-Centre,S07,Bordeaux,P009,TV 4K,Électronique,22000,235,24,1551,1.07,Non,Non,18.9
2025-10-20,E07,Bordeaux-Centre,S07,Bordeaux,P010,Casque audio,Électronique,22000,263,88,1024,1.2,Non,Non,4.7
2025-10-20,E08,Nantes-Atlantique,S08,Nantes,P001,Lait demi-écrémé,Alimentaire,24000,706,42,925,2.94,Non,Non,2.4
2025-10-20,E08,Nantes-Atlantique,S08,Nantes,P002,Riz 1kg,Alimentaire,24000,21,46,1356,0.09,Oui,Non,29.9
2025-10-20,E08,Nantes-Atlantique,S08,Nantes,P003,Pâtes 500g,Alimentaire,24000,246,37,764,1.03,Non,Non,10.3
2025-10-20,E08,Nantes-Atlantique,S08,Nantes,P004,Shampoing,Droguerie,24000,1083,39,1839,4.51,Non,Non,7.7
2025-10-20,E08,Nantes-Atlantique,S08,Nantes,P005,Lessive,Droguerie,24000,556,44,1871,2.32,Non,Non,20.8
2025-10-20,E08,Nantes-Atlantique,S08,Nantes,P006,T-shirt homme,Textile,24000,467,55,904,1.95,Non,Non,10.6
2025-10-20,E08,Nantes-Atlantique,S08,Nantes,P007,Jeans,Textile,24000,234,46,1676,0.97,Non,Non,29.4
2025-10-20,E08,Nantes-Atlantique,S08,Nantes,P008,Smartphone,Électronique,24000,573,93,789,2.39,Non,Non,1.9
2025-10-20,E08,Nantes-Atlantique,S08,Nantes,P009,TV 4K,Électronique,24000,425,97,729,1.77,Non,Non,21.6
2025-10-20,E08,Nantes-Atlantique,S08,Nantes,P010,Casque audio,Électronique,24000,432,48,753,1.8,Non,Non,25.4
2025-10-27,E01,Paris-Rungis,S01,Paris,P001,Lait demi-écrémé,Alimentaire,50000,789,74,1753,1.58,Non,Non,25.2
2025-10-27,E01,Paris-Rungis,S01,Paris,P002,Riz 1kg,Alimentaire,50000,1384,80,1988,2.77,Non,Non,9.9
2025-10-27,E01,Paris-Rungis,S01,Paris,P003,Pâtes 500g,Alimentaire,50000,878,51,922,1.76,Non,Oui,1.0
2025-10-27,E01,Paris-Rungis,S01,Paris,P004,Shampoing,Droguerie,50000,517,67,1070,1.03,Non,Non,2.9
2025-10-27,E01,Paris-Rungis,S01,Paris,P005,Lessive,Droguerie,50000,203,22,1297,0.41,Non,Non,13.6
2025-10-27,E01,Paris-Rungis,S01,Paris,P006,T-shirt homme,Textile,50000,950,53,1688,1.9,Non,Non,1.1
2025-10-27,E01,Paris-Rungis,S01,Paris,P007,Jeans,Textile,50000,594,89,1088,1.19,Non,Non,23.9
2025-10-27,E01,Paris-Rungis,S01,Paris,P008,Smartphone,Électronique,50000,56,62,1631,0.11,Oui,Non,3.9
2025-10-27,E01,Paris-Rungis,S01,Paris,P009,TV 4K,Électronique,50000,833,32,1503,1.67,Non,Non,9.7
2025-10-27,E01,Paris-Rungis,S01,Paris,P010,Casque audio,Électronique,50000,348,94,1345,0.7,Non,Non,16.0
2025-10-27,E02,Lyon-Sud,S02,Lyon,P001,Lait demi-écrémé,Alimentaire,35000,302,95,765,0.86,Non,Non,3.8
2025-10-27,E02,Lyon-Sud,S02,Lyon,P002,Riz 1kg,Alimentaire,35000,325,65,512,0.93,Non,Non,24.7
2025-10-27,E02,Lyon-Sud,S02,Lyon,P003,Pâtes 500g,Alimentaire,35000,1260,98,1335,3.6,Non,Oui,17.6
2025-10-27,E02,Lyon-Sud,S02,Lyon,P004,Shampoing,Droguerie,35000,199,73,702,0.57,Non,Non,4.5
2025-10-27,E02,Lyon-Sud,S02,Lyon,P005,Lessive,Droguerie,35000,678,40,1950,1.94,Non,Non,11.8
2025-10-27,E02,Lyon-Sud,S02,Lyon,P006,T-shirt homme,Textile,35000,333,51,1926,0.95,Non,Non,4.9
2025-10-27,E02,Lyon-Sud,S02,Lyon,P007,Jeans,Textile,35000,332,90,598,0.95,Non,Non,15.6
2025-10-27,E02,Lyon-Sud,S02,Lyon,P008,Smartphone,Électronique,35000,466,90,895,1.33,Non,Non,19.8
2025-10-27,E02,Lyon-Sud,S02,Lyon,P009,TV 4K,Électronique,35000,358,58,981,1.02,Non,Non,27.7
2025-10-27,E02,Lyon-Sud,S02,Lyon,P010,Casque audio,Électronique,35000,1742,27,1932,4.98,Non,Oui,21.7
2025-10-27,E03,Marseille-Port,S03,Marseille,P001,Lait demi-écrémé,Alimentaire,30000,357,83,1328,1.19,Non,Non,28.2
2025-10-27,E03,Marseille-Port,S03,Marseille,P002,Riz 1kg,Alimentaire,30000,745,45,1720,2.48,Non,Non,2.4
2025-10-27,E03,Marseille-Port,S03,Marseille,P003,Pâtes 500g,Alimentaire,30000,118,33,678,0.39,Non,Non,27.5
2025-10-27,E03,Marseille-Port,S03,Marseille,P004,Shampoing,Droguerie,30000,654,40,1164,2.18,Non,Non,15.7
2025-10-27,E03,Marseille-Port,S03,Marseille,P005,Lessive,Droguerie,30000,474,75,871,1.58,Non,Non,13.9
2025-10-27,E03,Marseille-Port,S03,Marseille,P006,T-shirt homme,Textile,30000,1102,89,1630,3.67,Non,Non,6.1
2025-10-27,E03,Marseille-Port,S03,Marseille,P007,Jeans,Textile,30000,84,25,952,0.28,Non,Non,29.5
2025-10-27,E03,Marseille-Port,S03,Marseille,P008,Smartphone,Électronique,30000,1203,55,1588,4.01,Non,Non,1.5
2025-10-27,E03,Marseille-Port,S03,Marseille,P009,TV 4K,Électronique,30000,260,50,540,0.87,Non,Non,27.3
2025-10-27,E03,Marseille-Port,S03,Marseille,P010,Casque audio,Électronique,30000,1039,65,1592,3.46,Non,Non,1.2
2025-10-27,E04,Lille-Nord,S04,Lille,P001,Lait demi-écrémé,Alimentaire,28000,241,95,1464,0.86,Non,Non,25.3
2025-10-27,E04,Lille-Nord,S04,Lille,P002,Riz 1kg,Alimentaire,28000,316,75,638,1.13,Non,Non,25.0
2025-10-27,E04,Lille-Nord,S04,Lille,P003,Pâtes 500g,Alimentaire,28000,623,36,864,2.23,Non,Non,29.8
2025-10-27,E04,Lille-Nord,S04,Lille,P004,Shampoing,Droguerie,28000,672,48,1253,2.4,Non,Non,28.8
2025-10-27,E04,Lille-Nord,S04,Lille,P005,Lessive,Droguerie,28000,1496,57,1853,5.34,Non,Non,11.6
2025-10-27,E04,Lille-Nord,S04,Lille,P006,T-shirt homme,Textile,28000,333,43,592,1.19,Non,Non,22.4
2025-10-27,E04,Lille-Nord,S04,Lille,P007,Jeans,Textile,28000,833,65,1654,2.97,Non,Non,13.8
2025-10-27,E04,Lille-Nord,S04,Lille,P008,Smartphone,Électronique,28000,1227,76,1515,4.38,Non,Non,18.6
2025-10-27,E04,Lille-Nord,S04,Lille,P009,TV 4K,Électronique,28000,696,31,719,2.49,Non,Oui,6.5
2025-10-27,E04,Lille-Nord,S04,Lille,P010,Casque audio,Électronique,28000,1633,77,1713,5.83,Non,Oui,16.9
2025-10-27,E05,Toulouse-Ouest,S05,Toulouse,P001,Lait demi-écrémé,Alimentaire,25000,625,22,1951,2.5,Non,Non,23.0
2025-10-27,E05,Toulouse-Ouest,S05,Toulouse,P002,Riz 1kg,Alimentaire,25000,292,79,1343,1.17,Non,Non,13.8
2025-10-27,E05,Toulouse-Ouest,S05,Toulouse,P003,Pâtes 500g,Alimentaire,25000,213,52,1165,0.85,Non,Non,3.5
2025-10-27,E05,Toulouse-Ouest,S05,Toulouse,P004,Shampoing,Droguerie,25000,281,69,501,1.12,Non,Non,17.5
2025-10-27,E05,Toulouse-Ouest,S05,Toulouse,P005,Lessive,Droguerie,25000,1168,65,1586,4.67,Non,Non,14.5
2025-10-27,E05,Toulouse-Ouest,S05,Toulouse,P006,T-shirt homme,Textile,25000,356,24,723,1.42,Non,Non,20.1
2025-10-27,E05,Toulouse-Ouest,S05,Toulouse,P007,Jeans,Textile,25000,119,41,871,0.48,Non,Non,23.5
2025-10-27,E05,Toulouse-Ouest,S05,Toulouse,P008,Smartphone,Électronique,25000,1068,45,1276,4.27,Non,Non,18.3
2025-10-27,E05,Toulouse-Ouest,S05,Toulouse,P009,TV 4K,Électronique,25000,7,68,624,0.03,Oui,Non,27.5
2025-10-27,E05,Toulouse-Ouest,S05,Toulouse,P010,Casque audio,Électronique,25000,939,45,1057,3.76,Non,Non,13.5
2025-10-27,E06,Nice-Est,S06,Nice,P001,Lait demi-écrémé,Alimentaire,20000,687,29,766,3.44,Non,Non,15.7
2025-10-27,E06,Nice-Est,S06,Nice,P002,Riz 1kg,Alimentaire,20000,1201,93,1557,6.0,Non,Non,18.9
2025-10-27,E06,Nice-Est,S06,Nice,P003,Pâtes 500g,Alimentaire,20000,507,49,514,2.54,Non,Oui,9.1
2025-10-27,E06,Nice-Est,S06,Nice,P004,Shampoing,Droguerie,20000,252,33,739,1.26,Non,Non,22.2
2025-10-27,E06,Nice-Est,S06,Nice,P005,Lessive,Droguerie,20000,1546,93,1737,7.73,Non,Non,19.5
2025-10-27,E06,Nice-Est,S06,Nice,P006,T-shirt homme,Textile,20000,259,93,1717,1.29,Non,Non,14.5
2025-10-27,E06,Nice-Est,S06,Nice,P007,Jeans,Textile,20000,806,62,1925,4.03,Non,Non,28.1
2025-10-27,E06,Nice-Est,S06,Nice,P008,Smartphone,Électronique,20000,533,48,932,2.67,Non,Non,20.6
2025-10-27,E06,Nice-Est,S06,Nice,P009,TV 4K,Électronique,20000,1385,89,1563,6.93,Non,Non,11.2
2025-10-27,E06,Nice-Est,S06,Nice,P010,Casque audio,Électronique,20000,748,38,1551,3.74,Non,Non,22.3
2025-10-27,E07,Bordeaux-Centre,S07,Bordeaux,P001,Lait demi-écrémé,Alimentaire,22000,1048,91,1759,4.76,Non,Non,12.5
2025-10-27,E07,Bordeaux-Centre,S07,Bordeaux,P002,Riz 1kg,Alimentaire,22000,1583,33,1618,7.2,Non,Oui,23.2
2025-10-27,E07,Bordeaux-Centre,S07,Bordeaux,P003,Pâtes 500g,Alimentaire,22000,957,50,1678,4.35,Non,Non,12.5
2025-10-27,E07,Bordeaux-Centre,S07,Bordeaux,P004,Shampoing,Droguerie,22000,582,51,604,2.65,Non,Oui,1.2
2025-10-27,E07,Bordeaux-Centre,S07,Bordeaux,P005,Lessive,Droguerie,22000,485,20,1463,2.2,Non,Non,15.4
2025-10-27,E07,Bordeaux-Centre,S07,Bordeaux,P006,T-shirt homme,Textile,22000,1192,56,1760,5.42,Non,Non,29.4
2025-10-27,E07,Bordeaux-Centre,S07,Bordeaux,P007,Jeans,Textile,22000,640,58,1066,2.91,Non,Non,14.4
2025-10-27,E07,Bordeaux-Centre,S07,Bordeaux,P008,Smartphone,Électronique,22000,567,52,1134,2.58,Non,Non,4.2
2025-10-27,E07,Bordeaux-Centre,S07,Bordeaux,P009,TV 4K,Électronique,22000,825,25,1425,3.75,Non,Non,17.9
2025-10-27,E07,Bordeaux-Centre,S07,Bordeaux,P010,Casque audio,Électronique,22000,277,41,1372,1.26,Non,Non,12.2
2025-10-27,E08,Nantes-Atlantique,S08,Nantes,P001,Lait demi-écrémé,Alimentaire,24000,475,63,1083,1.98,Non,Non,9.6
2025-10-27,E08,Nantes-Atlantique,S08,Nantes,P002,Riz 1kg,Alimentaire,24000,1163,77,1226,4.85,Non,Oui,4.2
2025-10-27,E08,Nantes-Atlantique,S08,Nantes,P003,Pâtes 500g,Alimentaire,24000,265,70,563,1.1,Non,Non,8.2
2025-10-27,E08,Nantes-Atlantique,S08,Nantes,P004,Shampoing,Droguerie,24000,1055,94,1835,4.4,Non,Non,7.1
2025-10-27,E08,Nantes-Atlantique,S08,Nantes,P005,Lessive,Droguerie,24000,674,98,1556,2.81,Non,Non,28.7
2025-10-27,E08,Nantes-Atlantique,S08,Nantes,P006,T-shirt homme,Textile,24000,473,92,610,1.97,Non,Non,24.6
2025-10-27,E08,Nantes-Atlantique,S08,Nantes,P007,Jeans,Textile,24000,745,93,1378,3.1,Non,Non,15.7
2025-10-27,E08,Nantes-Atlantique,S08,Nantes,P008,Smartphone,Électronique,24000,1039,60,1422,4.33,Non,Non,22.9
2025-10-27,E08,Nantes-Atlantique,S08,Nantes,P009,TV 4K,Électronique,24000,853,83,1175,3.55,Non,Non,20.3
2025-10-27,E08,Nantes-Atlantique,S08,Nantes,P010,Casque audio,Électronique,24000,387,90,647,1.61,Non,Non,14.8
2025-11-03,E01,Paris-Rungis,S01,Paris,P001,Lait demi-écrémé,Alimentaire,50000,313,59,946,0.63,Non,Non,20.6
2025-11-03,E01,Paris-Rungis,S01,Paris,P002,Riz 1kg,Alimentaire,50000,431,82,1920,0.86,Non,Non,2.6
2025-11-03,E01,Paris-Rungis,S01,Paris,P003,Pâtes 500g,Alimentaire,50000,1372,76,1835,2.74,Non,Non,3.8
2025-11-03,E01,Paris-Rungis,S01,Paris,P004,Shampoing,Droguerie,50000,794,79,1453,1.59,Non,Non,3.7
2025-11-03,E01,Paris-Rungis,S01,Paris,P005,Lessive,Droguerie,50000,52,44,1147,0.1,Non,Non,19.6
2025-11-03,E01,Paris-Rungis,S01,Paris,P006,T-shirt homme,Textile,50000,1040,20,1507,2.08,Non,Non,16.5
2025-11-03,E01,Paris-Rungis,S01,Paris,P007,Jeans,Textile,50000,320,69,1695,0.64,Non,Non,5.3
2025-11-03,E01,Paris-Rungis,S01,Paris,P008,Smartphone,Électronique,50000,1457,45,1965,2.91,Non,Non,15.5
2025-11-03,E01,Paris-Rungis,S01,Paris,P009,TV 4K,Électronique,50000,241,56,527,0.48,Non,Non,27.2
2025-11-03,E01,Paris-Rungis,S01,Paris,P010,Casque audio,Électronique,50000,1203,72,1691,2.41,Non,Non,18.5
2025-11-03,E02,Lyon-Sud,S02,Lyon,P001,Lait demi-écrémé,Alimentaire,35000,682,36,1635,1.95,Non,Non,20.8
2025-11-03,E02,Lyon-Sud,S02,Lyon,P002,Riz 1kg,Alimentaire,35000,383,25,1991,1.09,Non,Non,7.5
2025-11-03,E02,Lyon-Sud,S02,Lyon,P003,Pâtes 500g,Alimentaire,35000,1640,37,1899,4.69,Non,Non,12.4
2025-11-03,E02,Lyon-Sud,S02,Lyon,P004,Shampoing,Droguerie,35000,469,45,824,1.34,Non,Non,7.9
2025-11-03,E02,Lyon-Sud,S02,Lyon,P005,Lessive,Droguerie,35000,291,62,743,0.83,Non,Non,19.1
2025-11-03,E02,Lyon-Sud,S02,Lyon,P006,T-shirt homme,Textile,35000,109,39,1037,0.31,Non,Non,6.5
2025-11-03,E02,Lyon-Sud,S02,Lyon,P007,Jeans,Textile,35000,274,36,1003,0.78,Non,Non,15.0
2025-11-03,E02,Lyon-Sud,S02,Lyon,P008,Smartphone,Électronique,35000,868,29,1098,2.48,Non,Non,24.0
2025-11-03,E02,Lyon-Sud,S02,Lyon,P009,TV 4K,Électronique,35000,248,62,568,0.71,Non,Non,21.6
2025-11-03,E02,Lyon-Sud,S02,Lyon,P010,Casque audio,Électronique,35000,705,60,1253,2.01,Non,Non,21.2
2025-11-03,E03,Marseille-Port,S03,Marseille,P001,Lait demi-écrémé,Alimentaire,30000,37,25,804,0.12,Non,Non,2.2
2025-11-03,E03,Marseille-Port,S03,Marseille,P002,Riz 1kg,Alimentaire,30000,515,34,1463,1.72,Non,Non,3.1
2025-11-03,E03,Marseille-Port,S03,Marseille,P003,Pâtes 500g,Alimentaire,30000,543,73,1133,1.81,Non,Non,28.2
2025-11-03,E03,Marseille-Port,S03,Marseille,P004,Shampoing,Droguerie,30000,561,66,1654,1.87,Non,Non,24.2
2025-11-03,E03,Marseille-Port,S03,Marseille,P005,Lessive,Droguerie,30000,163,70,727,0.54,Non,Non,4.1
2025-11-03,E03,Marseille-Port,S03,Marseille,P006,T-shirt homme,Textile,30000,949,92,1010,3.16,Non,Oui,20.2
2025-11-03,E03,Marseille-Port,S03,Marseille,P007,Jeans,Textile,30000,302,31,1800,1.01,Non,Non,14.9
2025-11-03,E03,Marseille-Port,S03,Marseille,P008,Smartphone,Électronique,30000,665,21,1357,2.22,Non,Non,1.9
2025-11-03,E03,Marseille-Port,S03,Marseille,P009,TV 4K,Électronique,30000,157,71,711,0.52,Non,Non,5.9
2025-11-03,E03,Marseille-Port,S03,Marseille,P010,Casque audio,Électronique,30000,1329,39,1608,4.43,Non,Non,7.9
2025-11-03,E04,Lille-Nord,S04,Lille,P001,Lait demi-écrémé,Alimentaire,28000,373,100,554,1.33,Non,Non,12.2
2025-11-03,E04,Lille-Nord,S04,Lille,P002,Riz 1kg,Alimentaire,28000,1141,56,1358,4.08,Non,Non,21.2
2025-11-03,E04,Lille-Nord,S04,Lille,P003,Pâtes 500g,Alimentaire,28000,8,51,1874,0.03,Oui,Non,28.2
2025-11-03,E04,Lille-Nord,S04,Lille,P004,Shampoing,Droguerie,28000,663,67,1257,2.37,Non,Non,24.5
2025-11-03,E04,Lille-Nord,S04,Lille,P005,Lessive,Droguerie,28000,681,63,1689,2.43,Non,Non,2.5
2025-11-03,E04,Lille-Nord,S04,Lille,P006,T-shirt homme,Textile,28000,722,72,934,2.58,Non,Non,10.7
2025-11-03,E04,Lille-Nord,S04,Lille,P007,Jeans,Textile,28000,1020,20,1523,3.64,Non,Non,15.1
2025-11-03,E04,Lille-Nord,S04,Lille,P008,Smartphone,Électronique,28000,1642,88,1740,5.86,Non,Oui,20.5
2025-11-03,E04,Lille-Nord,S04,Lille,P009,TV 4K,Électronique,28000,661,47,975,2.36,Non,Non,5.0
2025-11-03,E04,Lille-Nord,S04,Lille,P010,Casque audio,Électronique,28000,590,72,892,2.11,Non,Non,22.0
2025-11-03,E05,Toulouse-Ouest,S05,Toulouse,P001,Lait demi-écrémé,Alimentaire,25000,841,27,1038,3.36,Non,Non,2.0
2025-11-03,E05,Toulouse-Ouest,S05,Toulouse,P002,Riz 1kg,Alimentaire,25000,710,86,864,2.84,Non,Non,22.5
2025-11-03,E05,Toulouse-Ouest,S05,Toulouse,P003,Pâtes 500g,Alimentaire,25000,1158,51,1319,4.63,Non,Non,11.9
2025-11-03,E05,Toulouse-Ouest,S05,Toulouse,P004,Shampoing,Droguerie,25000,1152,38,1368,4.61,Non,Non,1.5
2025-11-03,E05,Toulouse-Ouest,S05,Toulouse,P005,Lessive,Droguerie,25000,63,43,806,0.25,Non,Non,17.4
2025-11-03,E05,Toulouse-Ouest,S05,Toulouse,P006,T-shirt homme,Textile,25000,47,67,1190,0.19,Oui,Non,12.6
2025-11-03,E05,Toulouse-Ouest,S05,Toulouse,P007,Jeans,Textile,25000,76,78,1740,0.3,Oui,Non,13.5
2025-11-03,E05,Toulouse-Ouest,S05,Toulouse,P008,Smartphone,Électronique,25000,68,79,548,0.27,Oui,Non,28.7
2025-11-03,E05,Toulouse-Ouest,S05,Toulouse,P009,TV 4K,Électronique,25000,39,33,853,0.16,Non,Non,2.6
2025-11-03,E05,Toulouse-Ouest,S05,Toulouse,P010,Casque audio,Électronique,25000,258,94,927,1.03,Non,Non,10.0
2025-11-03,E06,Nice-Est,S06,Nice,P001,Lait demi-écrémé,Alimentaire,20000,893,24,1436,4.46,Non,Non,18.4
2025-11-03,E06,Nice-Est,S06,Nice,P002,Riz 1kg,Alimentaire,20000,391,40,734,1.96,Non,Non,6.3
2025-11-03,E06,Nice-Est,S06,Nice,P003,Pâtes 500g,Alimentaire,20000,1329,29,1628,6.64,Non,Non,6.6
2025-11-03,E06,Nice-Est,S06,Nice,P004,Shampoing,Droguerie,20000,1675,50,1905,8.38,Non,Non,7.7
2025-11-03,E06,Nice-Est,S06,Nice,P005,Lessive,Droguerie,20000,322,29,1721,1.61,Non,Non,17.8
2025-11-03,E06,Nice-Est,S06,Nice,P006,T-shirt homme,Textile,20000,1248,68,1828,6.24,Non,Non,5.3
2025-11-03,E06,Nice-Est,S06,Nice,P007,Jeans,Textile,20000,459,20,1190,2.3,Non,Non,1.7
2025-11-03,E06,Nice-Est,S06,Nice,P008,Smartphone,Électronique,20000,177,30,826,0.89,Non,Non,27.7
2025-11-03,E06,Nice-Est,S06,Nice,P009,TV 4K,Électronique,20000,572,25,613,2.86,Non,Oui,4.7
2025-11-03,E06,Nice-Est,S06,Nice,P010,Casque audio,Électronique,20000,477,38,1546,2.38,Non,Non,19.9
2025-11-03,E07,Bordeaux-Centre,S07,Bordeaux,P001,Lait demi-écrémé,Alimentaire,22000,372,76,1072,1.69,Non,Non,14.2
2025-11-03,E07,Bordeaux-Centre,S07,Bordeaux,P002,Riz 1kg,Alimentaire,22000,585,26,1146,2.66,Non,Non,19.0
2025-11-03,E07,Bordeaux-Centre,S07,Bordeaux,P003,Pâtes 500g,Alimentaire,22000,1505,61,1505,6.84,Non,Oui,16.7
2025-11-03,E07,Bordeaux-Centre,S07,Bordeaux,P004,Shampoing,Droguerie,22000,560,76,841,2.55,Non,Non,28.1
2025-11-03,E07,Bordeaux-Centre,S07,Bordeaux,P005,Lessive,Droguerie,22000,396,27,1319,1.8,Non,Non,5.4
2025-11-03,E07,Bordeaux-Centre,S07,Bordeaux,P006,T-shirt homme,Textile,22000,1530,86,1920,6.95,Non,Non,22.5
2025-11-03,E07,Bordeaux-Centre,S07,Bordeaux,P007,Jeans,Textile,22000,431,30,842,1.96,Non,Non,29.3
2025-11-03,E07,Bordeaux-Centre,S07,Bordeaux,P008,Smartphone,Électronique,22000,298,90,608,1.35,Non,Non,8.5
2025-11-03,E07,Bordeaux-Centre,S07,Bordeaux,P009,TV 4K,Électronique,22000,1030,73,1248,4.68,Non,Non,17.8
2025-11-03,E07,Bordeaux-Centre,S07,Bordeaux,P010,Casque audio,Électronique,22000,1005,37,1054,4.57,Non,Oui,12.8
2025-11-03,E08,Nantes-Atlantique,S08,Nantes,P001,Lait demi-écrémé,Alimentaire,24000,39,92,1353,0.16,Oui,Non,19.8
2025-11-03,E08,Nantes-Atlantique,S08,Nantes,P002,Riz 1kg,Alimentaire,24000,318,53,1401,1.32,Non,Non,21.1
2025-11-03,E08,Nantes-Atlantique,S08,Nantes,P003,Pâtes 500g,Alimentaire,24000,362,52,1201,1.51,Non,Non,11.5
2025-11-03,E08,Nantes-Atlantique,S08,Nantes,P004,Shampoing,Droguerie,24000,1126,47,1427,4.69,Non,Non,14.5
2025-11-03,E08,Nantes-Atlantique,S08,Nantes,P005,Lessive,Droguerie,24000,1013,52,1461,4.22,Non,Non,16.9
2025-11-03,E08,Nantes-Atlantique,S08,Nantes,P006,T-shirt homme,Textile,24000,28,88,1034,0.12,Oui,Non,13.8
2025-11-03,E08,Nantes-Atlantique,S08,Nantes,P007,Jeans,Textile,24000,853,97,1058,3.55,Non,Non,10.2
2025-11-03,E08,Nantes-Atlantique,S08,Nantes,P008,Smartphone,Électronique,24000,108,79,1438,0.45,Non,Non,29.8
2025-11-03,E08,Nantes-Atlantique,S08,Nantes,P009,TV 4K,Électronique,24000,629,31,791,2.62,Non,Non,15.9
2025-11-03,E08,Nantes-Atlantique,S08,Nantes,P010,Casque audio,Électronique,24000,313,97,1429,1.3,Non,Non,16.8
2025-11-10,E01,Paris-Rungis,S01,Paris,P001,Lait demi-écrémé,Alimentaire,50000,1069,39,1316,2.14,Non,Non,2.8
2025-11-10,E01,Paris-Rungis,S01,Paris,P002,Riz 1kg,Alimentaire,50000,524,96,779,1.05,Non,Non,24.1
2025-11-10,E01,Paris-Rungis,S01,Paris,P003,Pâtes 500g,Alimentaire,50000,145,38,1321,0.29,Non,Non,21.5
2025-11-10,E01,Paris-Rungis,S01,Paris,P004,Shampoing,Droguerie,50000,244,68,1026,0.49,Non,Non,13.7
2025-11-10,E01,Paris-Rungis,S01,Paris,P005,Lessive,Droguerie,50000,401,20,1199,0.8,Non,Non,26.1
2025-11-10,E01,Paris-Rungis,S01,Paris,P006,T-shirt homme,Textile,50000,1056,29,1821,2.11,Non,Non,28.3
2025-11-10,E01,Paris-Rungis,S01,Paris,P007,Jeans,Textile,50000,792,24,1185,1.58,Non,Non,22.1
2025-11-10,E01,Paris-Rungis,S01,Paris,P008,Smartphone,Électronique,50000,1055,70,1611,2.11,Non,Non,1.3
2025-11-10,E01,Paris-Rungis,S01,Paris,P009,TV 4K,Électronique,50000,411,45,652,0.82,Non,Non,12.0
2025-11-10,E01,Paris-Rungis,S01,Paris,P010,Casque audio,Électronique,50000,753,80,1682,1.51,Non,Non,19.4
2025-11-10,E02,Lyon-Sud,S02,Lyon,P001,Lait demi-écrémé,Alimentaire,35000,1193,38,1454,3.41,Non,Non,16.2
2025-11-10,E02,Lyon-Sud,S02,Lyon,P002,Riz 1kg,Alimentaire,35000,779,35,856,2.23,Non,Oui,23.1
2025-11-10,E02,Lyon-Sud,S02,Lyon,P003,Pâtes 500g,Alimentaire,35000,570,53,773,1.63,Non,Non,20.9
2025-11-10,E02,Lyon-Sud,S02,Lyon,P004,Shampoing,Droguerie,35000,553,50,1264,1.58,Non,Non,3.4
2025-11-10,E02,Lyon-Sud,S02,Lyon,P005,Lessive,Droguerie,35000,86,71,536,0.25,Non,Non,17.7
2025-11-10,E02,Lyon-Sud,S02,Lyon,P006,T-shirt homme,Textile,35000,1139,30,1763,3.25,Non,Non,20.7
2025-11-10,E02,Lyon-Sud,S02,Lyon,P007,Jeans,Textile,35000,534,91,540,1.53,Non,Oui,13.8
2025-11-10,E02,Lyon-Sud,S02,Lyon,P008,Smartphone,Électronique,35000,2,35,1465,0.01,Oui,Non,21.1
2025-11-10,E02,Lyon-Sud,S02,Lyon,P009,TV 4K,Électronique,35000,210,71,1495,0.6,Non,Non,11.6
2025-11-10,E02,Lyon-Sud,S02,Lyon,P010,Casque audio,Électronique,35000,957,25,1482,2.73,Non,Non,19.8
2025-11-10,E03,Marseille-Port,S03,Marseille,P001,Lait demi-écrémé,Alimentaire,30000,584,27,1465,1.95,Non,Non,2.7
2025-11-10,E03,Marseille-Port,S03,Marseille,P002,Riz 1kg,Alimentaire,30000,434,48,960,1.45,Non,Non,29.3
2025-11-10,E03,Marseille-Port,S03,Marseille,P003,Pâtes 500g,Alimentaire,30000,906,94,1263,3.02,Non,Non,18.3
2025-11-10,E03,Marseille-Port,S03,Marseille,P004,Shampoing,Droguerie,30000,310,77,1932,1.03,Non,Non,19.8
2025-11-10,E03,Marseille-Port,S03,Marseille,P005,Lessive,Droguerie,30000,170,57,1344,0.57,Non,Non,20.4
2025-11-10,E03,Marseille-Port,S03,Marseille,P006,T-shirt homme,Textile,30000,93,61,637,0.31,Non,Non,2.0
2025-11-10,E03,Marseille-Port,S03,Marseille,P007,Jeans,Textile,30000,26,93,501,0.09,Oui,Non,20.6
2025-11-10,E03,Marseille-Port,S03,Marseille,P008,Smartphone,Électronique,30000,508,26,717,1.69,Non,Non,17.1
2025-11-10,E03,Marseille-Port,S03,Marseille,P009,TV 4K,Électronique,30000,180,66,557,0.6,Non,Non,1.3
2025-11-10,E03,Marseille-Port,S03,Marseille,P010,Casque audio,Électronique,30000,356,26,804,1.19,Non,Non,20.3
2025-11-10,E04,Lille-Nord,S04,Lille,P001,Lait demi-écrémé,Alimentaire,28000,334,92,1469,1.19,Non,Non,20.9
2025-11-10,E04,Lille-Nord,S04,Lille,P002,Riz 1kg,Alimentaire,28000,720,100,970,2.57,Non,Non,20.8
2025-11-10,E04,Lille-Nord,S04,Lille,P003,Pâtes 500g,Alimentaire,28000,83,42,567,0.3,Non,Non,1.3
2025-11-10,E04,Lille-Nord,S04,Lille,P004,Shampoing,Droguerie,28000,963,42,1769,3.44,Non,Non,11.6
2025-11-10,E04,Lille-Nord,S04,Lille,P005,Lessive,Droguerie,28000,969,99,1735,3.46,Non,Non,8.8
2025-11-10,E04,Lille-Nord,S04,Lille,P006,T-shirt homme,Textile,28000,1418,78,1881,5.06,Non,Non,20.0
2025-11-10,E04,Lille-Nord,S04,Lille,P007,Jeans,Textile,28000,471,62,1810,1.68,Non,Non,26.2
2025-11-10,E04,Lille-Nord,S04,Lille,P008,Smartphone,Électronique,28000,924,74,1158,3.3,Non,Non,22.7
2025-11-10,E04,Lille-Nord,S04,Lille,P009,TV 4K,Électronique,28000,354,52,842,1.26,Non,Non,5.4
2025-11-10,E04,Lille-Nord,S04,Lille,P010,Casque audio,Électronique,28000,339,98,1028,1.21,Non,Non,2.6
2025-11-10,E05,Toulouse-Ouest,S05,Toulouse,P001,Lait demi-écrémé,Alimentaire,25000,582,30,1328,2.33,Non,Non,4.3
2025-11-10,E05,Toulouse-Ouest,S05,Toulouse,P002,Riz 1kg,Alimentaire,25000,597,47,1402,2.39,Non,Non,2.1
2025-11-10,E05,Toulouse-Ouest,S05,Toulouse,P003,Pâtes 500g,Alimentaire,25000,192,66,690,0.77,Non,Non,7.9
2025-11-10,E05,Toulouse-Ouest,S05,Toulouse,P004,Shampoing,Droguerie,25000,889,98,970,3.56,Non,Oui,13.9
2025-11-10,E05,Toulouse-Ouest,S05,Toulouse,P005,Lessive,Droguerie,25000,1174,74,1309,4.7,Non,Non,23.4
2025-11-10,E05,Toulouse-Ouest,S05,Toulouse,P006,T-shirt homme,Textile,25000,776,97,1416,3.1,Non,Non,16.5
2025-11-10,E05,Toulouse-Ouest,S05,Toulouse,P007,Jeans,Textile,25000,428,68,509,1.71,Non,Non,16.4
2025-11-10,E05,Toulouse-Ouest,S05,Toulouse,P008,Smartphone,Électronique,25000,181,63,1516,0.72,Non,Non,24.4
2025-11-10,E05,Toulouse-Ouest,S05,Toulouse,P009,TV 4K,Électronique,25000,95,78,1116,0.38,Non,Non,24.2
2025-11-10,E05,Toulouse-Ouest,S05,Toulouse,P010,Casque audio,Électronique,25000,800,86,1110,3.2,Non,Non,16.0
2025-11-10,E06,Nice-Est,S06,Nice,P001,Lait demi-écrémé,Alimentaire,20000,558,30,1063,2.79,Non,Non,18.1
2025-11-10,E06,Nice-Est,S06,Nice,P002,Riz 1kg,Alimentaire,20000,119,24,1555,0.6,Non,Non,7.1
2025-11-10,E06,Nice-Est,S06,Nice,P003,Pâtes 500g,Alimentaire,20000,820,63,1530,4.1,Non,Non,6.0
2025-11-10,E06,Nice-Est,S06,Nice,P004,Shampoing,Droguerie,20000,728,25,1880,3.64,Non,Non,13.9
2025-11-10,E06,Nice-Est,S06,Nice,P005,Lessive,Droguerie,20000,54,53,1177,0.27,Non,Non,17.4
2025-11-10,E06,Nice-Est,S06,Nice,P006,T-shirt homme,Textile,20000,894,93,1642,4.47,Non,Non,7.1
2025-11-10,E06,Nice-Est,S06,Nice,P007,Jeans,Textile,20000,498,53,1265,2.49,Non,Non,10.2
2025-11-10,E06,Nice-Est,S06,Nice,P008,Smartphone,Électronique,20000,223,76,1710,1.11,Non,Non,3.8
2025-11-10,E06,Nice-Est,S06,Nice,P009,TV 4K,Électronique,20000,58,34,685,0.29,Non,Non,27.4
2025-11-10,E06,Nice-Est,S06,Nice,P010,Casque audio,Électronique,20000,145,86,1261,0.73,Non,Non,28.9
2025-11-10,E07,Bordeaux-Centre,S07,Bordeaux,P001,Lait demi-écrémé,Alimentaire,22000,868,52,1340,3.95,Non,Non,27.0
2025-11-10,E07,Bordeaux-Centre,S07,Bordeaux,P002,Riz 1kg,Alimentaire,22000,1368,98,1634,6.22,Non,Non,29.9
2025-11-10,E07,Bordeaux-Centre,S07,Bordeaux,P003,Pâtes 500g,Alimentaire,22000,455,61,1721,2.07,Non,Non,24.7
2025-11-10,E07,Bordeaux-Centre,S07,Bordeaux,P004,Shampoing,Droguerie,22000,365,29,997,1.66,Non,Non,25.0
2025-11-10,E07,Bordeaux-Centre,S07,Bordeaux,P005,Lessive,Droguerie,22000,512,72,741,2.33,Non,Non,20.3
2025-11-10,E07,Bordeaux-Centre,S07,Bordeaux,P006,T-shirt homme,Textile,22000,929,26,1849,4.22,Non,Non,22.0
2025-11-10,E07,Bordeaux-Centre,S07,Bordeaux,P007,Jeans,Textile,22000,563,45,1832,2.56,Non,Non,21.1
2025-11-10,E07,Bordeaux-Centre,S07,Bordeaux,P008,Smartphone,Électronique,22000,40,88,517,0.18,Oui,Non,26.7
2025-11-10,E07,Bordeaux-Centre,S07,Bordeaux,P009,TV 4K,Électronique,22000,1758,38,1844,7.99,Non,Oui,13.1
2025-11-10,E07,Bordeaux-Centre,S07,Bordeaux,P010,Casque audio,Électronique,22000,1014,39,1208,4.61,Non,Non,20.2
2025-11-10,E08,Nantes-Atlantique,S08,Nantes,P001,Lait demi-écrémé,Alimentaire,24000,342,37,517,1.43,Non,Non,25.7
2025-11-10,E08,Nantes-Atlantique,S08,Nantes,P002,Riz 1kg,Alimentaire,24000,335,57,1619,1.4,Non,Non,24.9
2025-11-10,E08,Nantes-Atlantique,S08,Nantes,P003,Pâtes 500g,Alimentaire,24000,1122,86,1491,4.67,Non,Non,26.1
2025-11-10,E08,Nantes-Atlantique,S08,Nantes,P004,Shampoing,Droguerie,24000,65,98,788,0.27,Oui,Non,25.8
2025-11-10,E08,Nantes-Atlantique,S08,Nantes,P005,Lessive,Droguerie,24000,1398,56,1463,5.83,Non,Oui,8.4
2025-11-10,E08,Nantes-Atlantique,S08,Nantes,P006,T-shirt homme,Textile,24000,915,89,1073,3.81,Non,Non,9.8
2025-11-10,E08,Nantes-Atlantique,S08,Nantes,P007,Jeans,Textile,24000,357,20,1103,1.49,Non,Non,17.9
2025-11-10,E08,Nantes-Atlantique,S08,Nantes,P008,Smartphone,Électronique,24000,493,78,712,2.05,Non,Non,21.9
2025-11-10,E08,Nantes-Atlantique,S08,Nantes,P009,TV 4K,Électronique,24000,971,52,1897,4.05,Non,Non,29.6
2025-11-10,E08,Nantes-Atlantique,S08,Nantes,P010,Casque audio,Électronique,24000,268,43,665,1.12,Non,Non,13.5
2025-11-17,E01,Paris-Rungis,S01,Paris,P001,Lait demi-écrémé,Alimentaire,50000,511,78,875,1.02,Non,Non,10.7
2025-11-17,E01,Paris-Rungis,S01,Paris,P002,Riz 1kg,Alimentaire,50000,704,26,1055,1.41,Non,Non,24.2
2025-11-17,E01,Paris-Rungis,S01,Paris,P003,Pâtes 500g,Alimentaire,50000,433,99,870,0.87,Non,Non,13.9
2025-11-17,E01,Paris-Rungis,S01,Paris,P004,Shampoing,Droguerie,50000,1031,74,1769,2.06,Non,Non,16.0
2025-11-17,E01,Paris-Rungis,S01,Paris,P005,Lessive,Droguerie,50000,1207,99,1431,2.41,Non,Non,29.8
2025-11-17,E01,Paris-Rungis,S01,Paris,P006,T-shirt homme,Textile,50000,963,87,1444,1.93,Non,Non,10.6
2025-11-17,E01,Paris-Rungis,S01,Paris,P007,Jeans,Textile,50000,1050,55,1174,2.1,Non,Non,8.5
2025-11-17,E01,Paris-Rungis,S01,Paris,P008,Smartphone,Électronique,50000,141,77,1103,0.28,Non,Non,7.8
2025-11-17,E01,Paris-Rungis,S01,Paris,P009,TV 4K,Électronique,50000,625,20,736,1.25,Non,Non,27.9
2025-11-17,E01,Paris-Rungis,S01,Paris,P010,Casque audio,Électronique,50000,1916,37,1978,3.83,Non,Oui,17.9
2025-11-17,E02,Lyon-Sud,S02,Lyon,P001,Lait demi-écrémé,Alimentaire,35000,6,47,1351,0.02,Oui,Non,21.0
2025-11-17,E02,Lyon-Sud,S02,Lyon,P002,Riz 1kg,Alimentaire,35000,372,97,1390,1.06,Non,Non,21.2
2025-11-17,E02,Lyon-Sud,S02,Lyon,P003,Pâtes 500g,Alimentaire,35000,131,62,1858,0.37,Non,Non,29.6
2025-11-17,E02,Lyon-Sud,S02,Lyon,P004,Shampoing,Droguerie,35000,257,94,927,0.73,Non,Non,11.9
2025-11-17,E02,Lyon-Sud,S02,Lyon,P005,Lessive,Droguerie,35000,1234,51,1556,3.53,Non,Non,1.8
2025-11-17,E02,Lyon-Sud,S02,Lyon,P006,T-shirt homme,Textile,35000,586,39,1070,1.67,Non,Non,23.8
2025-11-17,E02,Lyon-Sud,S02,Lyon,P007,Jeans,Textile,35000,496,81,1737,1.42,Non,Non,13.2
2025-11-17,E02,Lyon-Sud,S02,Lyon,P008,Smartphone,Électronique,35000,243,64,1333,0.69,Non,Non,27.7
2025-11-17,E02,Lyon-Sud,S02,Lyon,P009,TV 4K,Électronique,35000,838,28,1237,2.39,Non,Non,17.1
2025-11-17,E02,Lyon-Sud,S02,Lyon,P010,Casque audio,Électronique,35000,722,71,778,2.06,Non,Oui,4.8
2025-11-17,E03,Marseille-Port,S03,Marseille,P001,Lait demi-écrémé,Alimentaire,30000,476,50,627,1.59,Non,Non,1.8
2025-11-17,E03,Marseille-Port,S03,Marseille,P002,Riz 1kg,Alimentaire,30000,516,73,1186,1.72,Non,Non,16.0
2025-11-17,E03,Marseille-Port,S03,Marseille,P003,Pâtes 500g,Alimentaire,30000,104,60,975,0.35,Non,Non,12.0
2025-11-17,E03,Marseille-Port,S03,Marseille,P004,Shampoing,Droguerie,30000,267,36,1947,0.89,Non,Non,14.0
2025-11-17,E03,Marseille-Port,S03,Marseille,P005,Lessive,Droguerie,30000,254,58,994,0.85,Non,Non,2.5
2025-11-17,E03,Marseille-Port,S03,Marseille,P006,T-shirt homme,Textile,30000,360,76,1882,1.2,Non,Non,24.4
2025-11-17,E03,Marseille-Port,S03,Marseille,P007,Jeans,Textile,30000,549,82,638,1.83,Non,Non,13.0
2025-11-17,E03,Marseille-Port,S03,Marseille,P008,Smartphone,Électronique,30000,610,40,1082,2.03,Non,Non,14.2
2025-11-17,E03,Marseille-Port,S03,Marseille,P009,TV 4K,Électronique,30000,385,65,1356,1.28,Non,Non,26.0
2025-11-17,E03,Marseille-Port,S03,Marseille,P010,Casque audio,Électronique,30000,640,33,766,2.13,Non,Non,3.2
2025-11-17,E04,Lille-Nord,S04,Lille,P001,Lait demi-écrémé,Alimentaire,28000,29,89,1930,0.1,Oui,Non,15.3
2025-11-17,E04,Lille-Nord,S04,Lille,P002,Riz 1kg,Alimentaire,28000,999,43,1641,3.57,Non,Non,16.6
2025-11-17,E04,Lille-Nord,S04,Lille,P003,Pâtes 500g,Alimentaire,28000,852,26,1309,3.04,Non,Non,3.2
2025-11-17,E04,Lille-Nord,S04,Lille,P004,Shampoing,Droguerie,28000,1045,58,1210,3.73,Non,Non,10.6
2025-11-17,E04,Lille-Nord,S04,Lille,P005,Lessive,Droguerie,28000,474,71,1271,1.69,Non,Non,11.3
2025-11-17,E04,Lille-Nord,S04,Lille,P006,T-shirt homme,Textile,28000,1706,61,1951,6.09,Non,Non,9.6
2025-11-17,E04,Lille-Nord,S04,Lille,P007,Jeans,Textile,28000,169,86,558,0.6,Non,Non,19.2
2025-11-17,E04,Lille-Nord,S04,Lille,P008,Smartphone,Électronique,28000,1069,90,1893,3.82,Non,Non,6.1
2025-11-17,E04,Lille-Nord,S04,Lille,P009,TV 4K,Électronique,28000,175,37,655,0.62,Non,Non,27.5
2025-11-17,E04,Lille-Nord,S04,Lille,P010,Casque audio,Électronique,28000,1106,86,1943,3.95,Non,Non,12.1
2025-11-17,E05,Toulouse-Ouest,S05,Toulouse,P001,Lait demi-écrémé,Alimentaire,25000,323,94,584,1.29,Non,Non,25.2
2025-11-17,E05,Toulouse-Ouest,S05,Toulouse,P002,Riz 1kg,Alimentaire,25000,798,98,1058,3.19,Non,Non,18.1
2025-11-17,E05,Toulouse-Ouest,S05,Toulouse,P003,Pâtes 500g,Alimentaire,25000,1558,97,1577,6.23,Non,Oui,10.0
2025-11-17,E05,Toulouse-Ouest,S05,Toulouse,P004,Shampoing,Droguerie,25000,320,88,1527,1.28,Non,Non,29.8
2025-11-17,E05,Toulouse-Ouest,S05,Toulouse,P005,Lessive,Droguerie,25000,919,88,1086,3.68,Non,Non,26.6
2025-11-17,E05,Toulouse-Ouest,S05,Toulouse,P006,T-shirt homme,Textile,25000,45,62,815,0.18,Oui,Non,8.0
2025-11-17,E05,Toulouse-Ouest,S05,Toulouse,P007,Jeans,Textile,25000,343,48,1881,1.37,Non,Non,24.6
2025-11-17,E05,Toulouse-Ouest,S05,Toulouse,P008,Smartphone,Électronique,25000,942,89,1637,3.77,Non,Non,3.6
2025-11-17,E05,Toulouse-Ouest,S05,Toulouse,P009,TV 4K,Électronique,25000,763,41,929,3.05,Non,Non,5.6
2025-11-17,E05,Toulouse-Ouest,S05,Toulouse,P010,Casque audio,Électronique,25000,888,22,925,3.55,Non,Oui,13.5
2025-11-17,E06,Nice-Est,S06,Nice,P001,Lait demi-écrémé,Alimentaire,20000,893,68,1571,4.46,Non,Non,29.4
2025-11-17,E06,Nice-Est,S06,Nice,P002,Riz 1kg,Alimentaire,20000,984,36,1406,4.92,Non,Non,16.8
2025-11-17,E06,Nice-Est,S06,Nice,P003,Pâtes 500g,Alimentaire,20000,1109,37,1375,5.54,Non,Non,21.4
2025-11-17,E06,Nice-Est,S06,Nice,P004,Shampoing,Droguerie,20000,482,63,881,2.41,Non,Non,5.2
2025-11-17,E06,Nice-Est,S06,Nice,P005,Lessive,Droguerie,20000,59,79,1275,0.29,Oui,Non,21.9
2025-11-17,E06,Nice-Est,S06,Nice,P006,T-shirt homme,Textile,20000,494,39,512,2.47,Non,Oui,14.0
2025-11-17,E06,Nice-Est,S06,Nice,P007,Jeans,Textile,20000,896,48,1050,4.48,Non,Non,29.1
2025-11-17,E06,Nice-Est,S06,Nice,P008,Smartphone,Électronique,20000,372,20,1332,1.86,Non,Non,20.3
2025-11-17,E06,Nice-Est,S06,Nice,P009,TV 4K,Électronique,20000,272,49,954,1.36,Non,Non,19.5
2025-11-17,E06,Nice-Est,S06,Nice,P010,Casque audio,Électronique,20000,1442,64,1803,7.21,Non,Non,11.7
2025-11-17,E07,Bordeaux-Centre,S07,Bordeaux,P001,Lait demi-écrémé,Alimentaire,22000,870,51,1200,3.95,Non,Non,6.0
2025-11-17,E07,Bordeaux-Centre,S07,Bordeaux,P002,Riz 1kg,Alimentaire,22000,1023,36,1427,4.65,Non,Non,19.7
2025-11-17,E07,Bordeaux-Centre,S07,Bordeaux,P003,Pâtes 500g,Alimentaire,22000,260,24,614,1.18,Non,Non,10.6
2025-11-17,E07,Bordeaux-Centre,S07,Bordeaux,P004,Shampoing,Droguerie,22000,730,63,1586,3.32,Non,Non,21.5
2025-11-17,E07,Bordeaux-Centre,S07,Bordeaux,P005,Lessive,Droguerie,22000,62,80,947,0.28,Oui,Non,28.3
2025-11-17,E07,Bordeaux-Centre,S07,Bordeaux,P006,T-shirt homme,Textile,22000,763,79,951,3.47,Non,Non,19.4
2025-11-17,E07,Bordeaux-Centre,S07,Bordeaux,P007,Jeans,Textile,22000,563,36,848,2.56,Non,Non,11.0
2025-11-17,E07,Bordeaux-Centre,S07,Bordeaux,P008,Smartphone,Électronique,22000,319,77,546,1.45,Non,Non,21.6
2025-11-17,E07,Bordeaux-Centre,S07,Bordeaux,P009,TV 4K,Électronique,22000,156,52,585,0.71,Non,Non,10.6
2025-11-17,E07,Bordeaux-Centre,S07,Bordeaux,P010,Casque audio,Électronique,22000,840,63,1094,3.82,Non,Non,16.1
2025-11-17,E08,Nantes-Atlantique,S08,Nantes,P001,Lait demi-écrémé,Alimentaire,24000,1629,48,1685,6.79,Non,Oui,14.0
2025-11-17,E08,Nantes-Atlantique,S08,Nantes,P002,Riz 1kg,Alimentaire,24000,79,78,1829,0.33,Non,Non,9.5
2025-11-17,E08,Nantes-Atlantique,S08,Nantes,P003,Pâtes 500g,Alimentaire,24000,976,33,1351,4.07,Non,Non,29.2
2025-11-17,E08,Nantes-Atlantique,S08,Nantes,P004,Shampoing,Droguerie,24000,368,88,641,1.53,Non,Non,23.9
2025-11-17,E08,Nantes-Atlantique,S08,Nantes,P005,Lessive,Droguerie,24000,1606,73,1805,6.69,Non,Non,26.1
2025-11-17,E08,Nantes-Atlantique,S08,Nantes,P006,T-shirt homme,Textile,24000,942,71,1820,3.92,Non,Non,7.8
2025-11-17,E08,Nantes-Atlantique,S08,Nantes,P007,Jeans,Textile,24000,778,70,1203,3.24,Non,Non,18.7
2025-11-17,E08,Nantes-Atlantique,S08,Nantes,P008,Smartphone,Électronique,24000,1054,58,1070,4.39,Non,Oui,20.5
2025-11-17,E08,Nantes-Atlantique,S08,Nantes,P009,TV 4K,Électronique,24000,883,53,1874,3.68,Non,Non,15.5
2025-11-17,E08,Nantes-Atlantique,S08,Nantes,P010,Casque audio,Électronique,24000,191,49,924,0.8,Non,Non,21.6
2025-11-24,E01,Paris-Rungis,S01,Paris,P001,Lait demi-écrémé,Alimentaire,50000,166,99,644,0.33,Non,Non,9.2
2025-11-24,E01,Paris-Rungis,S01,Paris,P002,Riz 1kg,Alimentaire,50000,721,97,1176,1.44,Non,Non,16.5
2025-11-24,E01,Paris-Rungis,S01,Paris,P003,Pâtes 500g,Alimentaire,50000,10,76,559,0.02,Oui,Non,20.1
2025-11-24,E01,Paris-Rungis,S01,Paris,P004,Shampoing,Droguerie,50000,244,74,831,0.49,Non,Non,20.6
2025-11-24,E01,Paris-Rungis,S01,Paris,P005,Lessive,Droguerie,50000,571,53,1140,1.14,Non,Non,28.8
2025-11-24,E01,Paris-Rungis,S01,Paris,P006,T-shirt homme,Textile,50000,65,73,1062,0.13,Oui,Non,15.2
2025-11-24,E01,Paris-Rungis,S01,Paris,P007,Jeans,Textile,50000,1136,23,1802,2.27,Non,Non,18.2
2025-11-24,E01,Paris-Rungis,S01,Paris,P008,Smartphone,Électronique,50000,87,46,621,0.17,Non,Non,4.7
2025-11-24,E01,Paris-Rungis,S01,Paris,P009,TV 4K,Électronique,50000,880,26,961,1.76,Non,Oui,28.7
2025-11-24,E01,Paris-Rungis,S01,Paris,P010,Casque audio,Électronique,50000,59,93,1547,0.12,Oui,Non,21.1
2025-11-24,E02,Lyon-Sud,S02,Lyon,P001,Lait demi-écrémé,Alimentaire,35000,1936,50,1977,5.53,Non,Oui,15.6
2025-11-24,E02,Lyon-Sud,S02,Lyon,P002,Riz 1kg,Alimentaire,35000,294,31,1269,0.84,Non,Non,16.8
2025-11-24,E02,Lyon-Sud,S02,Lyon,P003,Pâtes 500g,Alimentaire,35000,868,51,1228,2.48,Non,Non,16.9
2025-11-24,E02,Lyon-Sud,S02,Lyon,P004,Shampoing,Droguerie,35000,1122,26,1156,3.21,Non,Oui,23.5
2025-11-24,E02,Lyon-Sud,S02,Lyon,P005,Lessive,Droguerie,35000,553,29,578,1.58,Non,Oui,20.5
2025-11-24,E02,Lyon-Sud,S02,Lyon,P006,T-shirt homme,Textile,35000,447,34,1249,1.28,Non,Non,7.0
2025-11-24,E02,Lyon-Sud,S02,Lyon,P007,Jeans,Textile,35000,333,55,904,0.95,Non,Non,12.7
2025-11-24,E02,Lyon-Sud,S02,Lyon,P008,Smartphone,Électronique,35000,651,22,764,1.86,Non,Non,20.0
2025-11-24,E02,Lyon-Sud,S02,Lyon,P009,TV 4K,Électronique,35000,523,82,839,1.49,Non,Non,23.2
2025-11-24,E02,Lyon-Sud,S02,Lyon,P010,Casque audio,Électronique,35000,780,29,1152,2.23,Non,Non,11.6
2025-11-24,E03,Marseille-Port,S03,Marseille,P001,Lait demi-écrémé,Alimentaire,30000,1271,75,1851,4.24,Non,Non,11.7
2025-11-24,E03,Marseille-Port,S03,Marseille,P002,Riz 1kg,Alimentaire,30000,1839,94,1867,6.13,Non,Oui,9.6
2025-11-24,E03,Marseille-Port,S03,Marseille,P003,Pâtes 500g,Alimentaire,30000,1163,83,1197,3.88,Non,Oui,11.0
2025-11-24,E03,Marseille-Port,S03,Marseille,P004,Shampoing,Droguerie,30000,753,92,1259,2.51,Non,Non,1.7
2025-11-24,E03,Marseille-Port,S03,Marseille,P005,Lessive,Droguerie,30000,491,63,1163,1.64,Non,Non,21.0
2025-11-24,E03,Marseille-Port,S03,Marseille,P006,T-shirt homme,Textile,30000,576,69,774,1.92,Non,Non,21.6
2025-11-24,E03,Marseille-Port,S03,Marseille,P007,Jeans,Textile,30000,234,30,1407,0.78,Non,Non,9.7
2025-11-24,E03,Marseille-Port,S03,Marseille,P008,Smartphone,Électronique,30000,152,66,1086,0.51,Non,Non,17.2
2025-11-24,E03,Marseille-Port,S03,Marseille,P009,TV 4K,Électronique,30000,328,99,1206,1.09,Non,Non,21.0
2025-11-24,E03,Marseille-Port,S03,Marseille,P010,Casque audio,Électronique,30000,1836,36,1857,6.12,Non,Oui,11.6
2025-11-24,E04,Lille-Nord,S04,Lille,P001,Lait demi-écrémé,Alimentaire,28000,1369,27,1428,4.89,Non,Oui,23.4
2025-11-24,E04,Lille-Nord,S04,Lille,P002,Riz 1kg,Alimentaire,28000,793,84,835,2.83,Non,Oui,23.0
2025-11-24,E04,Lille-Nord,S04,Lille,P003,Pâtes 500g,Alimentaire,28000,641,70,1831,2.29,Non,Non,3.8
2025-11-24,E04,Lille-Nord,S04,Lille,P004,Shampoing,Droguerie,28000,1288,28,1749,4.6,Non,Non,21.6
2025-11-24,E04,Lille-Nord,S04,Lille,P005,Lessive,Droguerie,28000,766,31,1113,2.74,Non,Non,15.3
2025-11-24,E04,Lille-Nord,S04,Lille,P006,T-shirt homme,Textile,28000,305,57,1154,1.09,Non,Non,2.7
2025-11-24,E04,Lille-Nord,S04,Lille,P007,Jeans,Textile,28000,138,46,582,0.49,Non,Non,14.7
2025-11-24,E04,Lille-Nord,S04,Lille,P008,Smartphone,Électronique,28000,536,69,1775,1.91,Non,Non,14.4
2025-11-24,E04,Lille-Nord,S04,Lille,P009,TV 4K,Électronique,28000,1496,23,1550,5.34,Non,Oui,23.5
2025-11-24,E04,Lille-Nord,S04,Lille,P010,Casque audio,Électronique,28000,116,38,1114,0.41,Non,Non,6.5
2025-11-24,E05,Toulouse-Ouest,S05,Toulouse,P001,Lait demi-écrémé,Alimentaire,25000,1757,66,1899,7.03,Non,Oui,8.0
2025-11-24,E05,Toulouse-Ouest,S05,Toulouse,P002,Riz 1kg,Alimentaire,25000,755,31,845,3.02,Non,Non,29.8
2025-11-24,E05,Toulouse-Ouest,S05,Toulouse,P003,Pâtes 500g,Alimentaire,25000,177,56,519,0.71,Non,Non,17.9
2025-11-24,E05,Toulouse-Ouest,S05,Toulouse,P004,Shampoing,Droguerie,25000,296,75,978,1.18,Non,Non,19.7
2025-11-24,E05,Toulouse-Ouest,S05,Toulouse,P005,Lessive,Droguerie,25000,513,22,1679,2.05,Non,Non,3.6
2025-11-24,E05,Toulouse-Ouest,S05,Toulouse,P006,T-shirt homme,Textile,25000,79,31,1629,0.32,Non,Non,11.5
2025-11-24,E05,Toulouse-Ouest,S05,Toulouse,P007,Jeans,Textile,25000,979,41,1224,3.92,Non,Non,17.6
2025-11-24,E05,Toulouse-Ouest,S05,Toulouse,P008,Smartphone,Électronique,25000,125,94,1663,0.5,Non,Non,21.5
2025-11-24,E05,Toulouse-Ouest,S05,Toulouse,P009,TV 4K,Électronique,25000,1244,56,1479,4.98,Non,Non,27.5
2025-11-24,E05,Toulouse-Ouest,S05,Toulouse,P010,Casque audio,Électronique,25000,671,31,779,2.68,Non,Non,7.9
2025-11-24,E06,Nice-Est,S06,Nice,P001,Lait demi-écrémé,Alimentaire,20000,619,39,1165,3.09,Non,Non,12.8
2025-11-24,E06,Nice-Est,S06,Nice,P002,Riz 1kg,Alimentaire,20000,1217,31,1633,6.08,Non,Non,3.5
2025-11-24,E06,Nice-Est,S06,Nice,P003,Pâtes 500g,Alimentaire,20000,819,34,917,4.09,Non,Non,9.8
2025-11-24,E06,Nice-Est,S06,Nice,P004,Shampoing,Droguerie,20000,1028,49,1036,5.14,Non,Oui,21.6
2025-11-24,E06,Nice-Est,S06,Nice,P005,Lessive,Droguerie,20000,206,80,640,1.03,Non,Non,7.2
2025-11-24,E06,Nice-Est,S06,Nice,P006,T-shirt homme,Textile,20000,360,99,1385,1.8,Non,Non,26.9
2025-11-24,E06,Nice-Est,S06,Nice,P007,Jeans,Textile,20000,851,74,1619,4.25,Non,Non,3.5
2025-11-24,E06,Nice-Est,S06,Nice,P008,Smartphone,Électronique,20000,297,83,989,1.49,Non,Non,24.8
2025-11-24,E06,Nice-Est,S06,Nice,P009,TV 4K,Électronique,20000,154,34,738,0.77,Non,Non,1.8
2025-11-24,E06,Nice-Est,S06,Nice,P010,Casque audio,Électronique,20000,176,41,1768,0.88,Non,Non,26.6
2025-11-24,E07,Bordeaux-Centre,S07,Bordeaux,P001,Lait demi-écrémé,Alimentaire,22000,171,46,1529,0.78,Non,Non,29.8
2025-11-24,E07,Bordeaux-Centre,S07,Bordeaux,P002,Riz 1kg,Alimentaire,22000,296,25,688,1.35,Non,Non,18.2
2025-11-24,E07,Bordeaux-Centre,S07,Bordeaux,P003,Pâtes 500g,Alimentaire,22000,70,59,1647,0.32,Non,Non,5.7
2025-11-24,E07,Bordeaux-Centre,S07,Bordeaux,P004,Shampoing,Droguerie,22000,103,87,1733,0.47,Non,Non,17.1
2025-11-24,E07,Bordeaux-Centre,S07,Bordeaux,P005,Lessive,Droguerie,22000,143,87,1956,0.65,Non,Non,17.8
2025-11-24,E07,Bordeaux-Centre,S07,Bordeaux,P006,T-shirt homme,Textile,22000,738,72,1118,3.35,Non,Non,5.6
2025-11-24,E07,Bordeaux-Centre,S07,Bordeaux,P007,Jeans,Textile,22000,220,34,1672,1.0,Non,Non,20.6
2025-11-24,E07,Bordeaux-Centre,S07,Bordeaux,P008,Smartphone,Électronique,22000,525,95,573,2.39,Non,Oui,5.5
2025-11-24,E07,Bordeaux-Centre,S07,Bordeaux,P009,TV 4K,Électronique,22000,328,47,893,1.49,Non,Non,12.4
2025-11-24,E07,Bordeaux-Centre,S07,Bordeaux,P010,Casque audio,Électronique,22000,1672,91,1989,7.6,Non,Non,21.2
2025-11-24,E08,Nantes-Atlantique,S08,Nantes,P001,Lait demi-écrémé,Alimentaire,24000,310,32,1405,1.29,Non,Non,7.8
2025-11-24,E08,Nantes-Atlantique,S08,Nantes,P002,Riz 1kg,Alimentaire,24000,816,75,1782,3.4,Non,Non,15.2
2025-11-24,E08,Nantes-Atlantique,S08,Nantes,P003,Pâtes 500g,Alimentaire,24000,1802,58,1957,7.51,Non,Oui,21.2
2025-11-24,E08,Nantes-Atlantique,S08,Nantes,P004,Shampoing,Droguerie,24000,174,28,1491,0.73,Non,Non,1.3
2025-11-24,E08,Nantes-Atlantique,S08,Nantes,P005,Lessive,Droguerie,24000,1122,47,1914,4.67,Non,Non,27.2
2025-11-24,E08,Nantes-Atlantique,S08,Nantes,P006,T-shirt homme,Textile,24000,235,31,1766,0.98,Non,Non,26.7
2025-11-24,E08,Nantes-Atlantique,S08,Nantes,P007,Jeans,Textile,24000,73,81,1095,0.3,Oui,Non,10.3
2025-11-24,E08,Nantes-Atlantique,S08,Nantes,P008,Smartphone,Électronique,24000,244,23,729,1.02,Non,Non,21.9
2025-11-24,E08,Nantes-Atlantique,S08,Nantes,P009,TV 4K,Électronique,24000,254,40,546,1.06,Non,Non,8.9
2025-11-24,E08,Nantes-Atlantique,S08,Nantes,P010,Casque audio,Électronique,24000,753,53,1713,3.14,Non,Non,13.5
2025-12-01,E01,Paris-Rungis,S01,Paris,P001,Lait demi-écrémé,Alimentaire,50000,262,83,656,0.52,Non,Non,26.9
2025-12-01,E01,Paris-Rungis,S01,Paris,P002,Riz 1kg,Alimentaire,50000,706,80,1300,1.41,Non,Non,2.7
2025-12-01,E01,Paris-Rungis,S01,Paris,P003,Pâtes 500g,Alimentaire,50000,710,83,1429,1.42,Non,Non,22.8
2025-12-01,E01,Paris-Rungis,S01,Paris,P004,Shampoing,Droguerie,50000,940,39,1233,1.88,Non,Non,5.4
2025-12-01,E01,Paris-Rungis,S01,Paris,P005,Lessive,Droguerie,50000,427,29,1272,0.85,Non,Non,4.4
2025-12-01,E01,Paris-Rungis,S01,Paris,P006,T-shirt homme,Textile,50000,678,23,901,1.36,Non,Non,15.4
2025-12-01,E01,Paris-Rungis,S01,Paris,P007,Jeans,Textile,50000,157,84,1991,0.31,Non,Non,3.7
2025-12-01,E01,Paris-Rungis,S01,Paris,P008,Smartphone,Électronique,50000,900,27,1146,1.8,Non,Non,29.3
2025-12-01,E01,Paris-Rungis,S01,Paris,P009,TV 4K,Électronique,50000,777,23,884,1.55,Non,Non,25.9
2025-12-01,E01,Paris-Rungis,S01,Paris,P010,Casque audio,Électronique,50000,421,98,1276,0.84,Non,Non,2.8
2025-12-01,E02,Lyon-Sud,S02,Lyon,P001,Lait demi-écrémé,Alimentaire,35000,46,71,1445,0.13,Oui,Non,1.4
2025-12-01,E02,Lyon-Sud,S02,Lyon,P002,Riz 1kg,Alimentaire,35000,575,96,1744,1.64,Non,Non,12.7
2025-12-01,E02,Lyon-Sud,S02,Lyon,P003,Pâtes 500g,Alimentaire,35000,813,96,1312,2.32,Non,Non,20.9
2025-12-01,E02,Lyon-Sud,S02,Lyon,P004,Shampoing,Droguerie,35000,280,51,1965,0.8,Non,Non,29.6
2025-12-01,E02,Lyon-Sud,S02,Lyon,P005,Lessive,Droguerie,35000,706,51,946,2.02,Non,Non,14.4
2025-12-01,E02,Lyon-Sud,S02,Lyon,P006,T-shirt homme,Textile,35000,221,23,1509,0.63,Non,Non,22.5
2025-12-01,E02,Lyon-Sud,S02,Lyon,P007,Jeans,Textile,35000,18,60,1570,0.05,Oui,Non,23.7
2025-12-01,E02,Lyon-Sud,S02,Lyon,P008,Smartphone,Électronique,35000,134,94,1514,0.38,Non,Non,9.0
2025-12-01,E02,Lyon-Sud,S02,Lyon,P009,TV 4K,Électronique,35000,861,26,1645,2.46,Non,Non,6.7
2025-12-01,E02,Lyon-Sud,S02,Lyon,P010,Casque audio,Électronique,35000,305,43,942,0.87,Non,Non,7.2
2025-12-01,E03,Marseille-Port,S03,Marseille,P001,Lait demi-écrémé,Alimentaire,30000,691,23,1331,2.3,Non,Non,26.8
2025-12-01,E03,Marseille-Port,S03,Marseille,P002,Riz 1kg,Alimentaire,30000,584,82,1100,1.95,Non,Non,26.6
2025-12-01,E03,Marseille-Port,S03,Marseille,P003,Pâtes 500g,Alimentaire,30000,1077,89,1920,3.59,Non,Non,17.0
2025-12-01,E03,Marseille-Port,S03,Marseille,P004,Shampoing,Droguerie,30000,350,99,1833,1.17,Non,Non,8.1
2025-12-01,E03,Marseille-Port,S03,Marseille,P005,Lessive,Droguerie,30000,1499,62,1728,5.0,Non,Non,1.2
2025-12-01,E03,Marseille-Port,S03,Marseille,P006,T-shirt homme,Textile,30000,381,93,1509,1.27,Non,Non,5.1
2025-12-01,E03,Marseille-Port,S03,Marseille,P007,Jeans,Textile,30000,1418,61,1609,4.73,Non,Non,5.1
2025-12-01,E03,Marseille-Port,S03,Marseille,P008,Smartphone,Électronique,30000,691,67,1627,2.3,Non,Non,22.5
2025-12-01,E03,Marseille-Port,S03,Marseille,P009,TV 4K,Électronique,30000,230,65,1147,0.77,Non,Non,7.1
2025-12-01,E03,Marseille-Port,S03,Marseille,P010,Casque audio,Électronique,30000,861,34,1679,2.87,Non,Non,23.7
2025-12-01,E04,Lille-Nord,S04,Lille,P001,Lait demi-écrémé,Alimentaire,28000,1063,47,1136,3.8,Non,Oui,26.0
2025-12-01,E04,Lille-Nord,S04,Lille,P002,Riz 1kg,Alimentaire,28000,1015,50,1377,3.62,Non,Non,16.7
2025-12-01,E04,Lille-Nord,S04,Lille,P003,Pâtes 500g,Alimentaire,28000,1454,46,1621,5.19,Non,Non,15.2
2025-12-01,E04,Lille-Nord,S04,Lille,P004,Shampoing,Droguerie,28000,1300,70,1652,4.64,Non,Non,6.6
2025-12-01,E04,Lille-Nord,S04,Lille,P005,Lessive,Droguerie,28000,34,50,1589,0.12,Oui,Non,1.9
2025-12-01,E04,Lille-Nord,S04,Lille,P006,T-shirt homme,Textile,28000,522,50,1342,1.86,Non,Non,13.7
2025-12-01,E04,Lille-Nord,S04,Lille,P007,Jeans,Textile,28000,846,86,1137,3.02,Non,Non,13.2
2025-12-01,E04,Lille-Nord,S04,Lille,P008,Smartphone,Électronique,28000,882,55,1559,3.15,Non,Non,22.4
2025-12-01,E04,Lille-Nord,S04,Lille,P009,TV 4K,Électronique,28000,402,54,701,1.44,Non,Non,7.7
2025-12-01,E04,Lille-Nord,S04,Lille,P010,Casque audio,Électronique,28000,39,31,766,0.14,Non,Non,12.6
2025-12-01,E05,Toulouse-Ouest,S05,Toulouse,P001,Lait demi-écrémé,Alimentaire,25000,681,33,1436,2.72,Non,Non,11.0
2025-12-01,E05,Toulouse-Ouest,S05,Toulouse,P002,Riz 1kg,Alimentaire,25000,905,41,1677,3.62,Non,Non,14.9
2025-12-01,E05,Toulouse-Ouest,S05,Toulouse,P003,Pâtes 500g,Alimentaire,25000,266,24,749,1.06,Non,Non,11.4
2025-12-01,E05,Toulouse-Ouest,S05,Toulouse,P004,Shampoing,Droguerie,25000,262,58,509,1.05,Non,Non,4.0
2025-12-01,E05,Toulouse-Ouest,S05,Toulouse,P005,Lessive,Droguerie,25000,818,54,1018,3.27,Non,Non,3.3
2025-12-01,E05,Toulouse-Ouest,S05,Toulouse,P006,T-shirt homme,Textile,25000,557,76,865,2.23,Non,Non,4.3
2025-12-01,E05,Toulouse-Ouest,S05,Toulouse,P007,Jeans,Textile,25000,438,59,1956,1.75,Non,Non,21.4
2025-12-01,E05,Toulouse-Ouest,S05,Toulouse,P008,Smartphone,Électronique,25000,424,28,648,1.7,Non,Non,16.6
2025-12-01,E05,Toulouse-Ouest,S05,Toulouse,P009,TV 4K,Électronique,25000,314,35,708,1.26,Non,Non,12.2
2025-12-01,E05,Toulouse-Ouest,S05,Toulouse,P010,Casque audio,Électronique,25000,898,23,906,3.59,Non,Oui,11.9
2025-12-01,E06,Nice-Est,S06,Nice,P001,Lait demi-écrémé,Alimentaire,20000,1244,31,1557,6.22,Non,Non,5.8
2025-12-01,E06,Nice-Est,S06,Nice,P002,Riz 1kg,Alimentaire,20000,699,22,1181,3.5,Non,Non,10.9
2025-12-01,E06,Nice-Est,S06,Nice,P003,Pâtes 500g,Alimentaire,20000,776,100,1052,3.88,Non,Non,29.2
2025-12-01,E06,Nice-Est,S06,Nice,P004,Shampoing,Droguerie,20000,759,53,859,3.79,Non,Non,12.5
2025-12-01,E06,Nice-Est,S06,Nice,P005,Lessive,Droguerie,20000,1037,51,1277,5.18,Non,Non,22.8
2025-12-01,E06,Nice-Est,S06,Nice,P006,T-shirt homme,Textile,20000,925,49,1523,4.62,Non,Non,3.6
2025-12-01,E06,Nice-Est,S06,Nice,P007,Jeans,Textile,20000,203,54,555,1.01,Non,Non,9.4
2025-12-01,E06,Nice-Est,S06,Nice,P008,Smartphone,Électronique,20000,1404,54,1794,7.02,Non,Non,10.1
2025-12-01,E06,Nice-Est,S06,Nice,P009,TV 4K,Électronique,20000,725,63,1660,3.62,Non,Non,20.6
2025-12-01,E06,Nice-Est,S06,Nice,P010,Casque audio,Électronique,20000,9,74,558,0.04,Oui,Non,7.7
2025-12-01,E07,Bordeaux-Centre,S07,Bordeaux,P001,Lait demi-écrémé,Alimentaire,22000,94,20,676,0.43,Non,Non,18.4
2025-12-01,E07,Bordeaux-Centre,S07,Bordeaux,P002,Riz 1kg,Alimentaire,22000,281,72,1817,1.28,Non,Non,5.4
2025-12-01,E07,Bordeaux-Centre,S07,Bordeaux,P003,Pâtes 500g,Alimentaire,22000,535,39,951,2.43,Non,Non,11.9
2025-12-01,E07,Bordeaux-Centre,S07,Bordeaux,P004,Shampoing,Droguerie,22000,546,95,1465,2.48,Non,Non,20.9
2025-12-01,E07,Bordeaux-Centre,S07,Bordeaux,P005,Lessive,Droguerie,22000,1755,32,1834,7.98,Non,Oui,22.1
2025-12-01,E07,Bordeaux-Centre,S07,Bordeaux,P006,T-shirt homme,Textile,22000,399,76,925,1.81,Non,Non,24.1
2025-12-01,E07,Bordeaux-Centre,S07,Bordeaux,P007,Jeans,Textile,22000,752,49,1595,3.42,Non,Non,20.1
2025-12-01,E07,Bordeaux-Centre,S07,Bordeaux,P008,Smartphone,Électronique,22000,665,27,1689,3.02,Non,Non,25.3
2025-12-01,E07,Bordeaux-Centre,S07,Bordeaux,P009,TV 4K,Électronique,22000,43,100,1423,0.2,Oui,Non,29.4
2025-12-01,E07,Bordeaux-Centre,S07,Bordeaux,P010,Casque audio,Électronique,22000,264,94,896,1.2,Non,Non,1.9
2025-12-01,E08,Nantes-Atlantique,S08,Nantes,P001,Lait demi-écrémé,Alimentaire,24000,174,97,1674,0.73,Non,Non,12.8
2025-12-01,E08,Nantes-Atlantique,S08,Nantes,P002,Riz 1kg,Alimentaire,24000,556,66,567,2.32,Non,Oui,4.3
2025-12-01,E08,Nantes-Atlantique,S08,Nantes,P003,Pâtes 500g,Alimentaire,24000,531,44,1343,2.21,Non,Non,25.8
2025-12-01,E08,Nantes-Atlantique,S08,Nantes,P004,Shampoing,Droguerie,24000,281,22,992,1.17,Non,Non,24.7
2025-12-01,E08,Nantes-Atlantique,S08,Nantes,P005,Lessive,Droguerie,24000,575,100,1015,2.4,Non,Non,8.9
2025-12-01,E08,Nantes-Atlantique,S08,Nantes,P006,T-shirt homme,Textile,24000,69,80,1449,0.29,Oui,Non,1.5
2025-12-01,E08,Nantes-Atlantique,S08,Nantes,P007,Jeans,Textile,24000,829,73,853,3.45,Non,Oui,15.1
2025-12-01,E08,Nantes-Atlantique,S08,Nantes,P008,Smartphone,Électronique,24000,686,93,1177,2.86,Non,Non,26.4
2025-12-01,E08,Nantes-Atlantique,S08,Nantes,P009,TV 4K,Électronique,24000,371,35,1124,1.55,Non,Non,18.2
2025-12-01,E08,Nantes-Atlantique,S08,Nantes,P010,Casque audio,Électronique,24000,291,65,1022,1.21,Non,Non,18.8
2025-12-08,E01,Paris-Rungis,S01,Paris,P001,Lait demi-écrémé,Alimentaire,50000,1179,69,1376,2.36,Non,Non,10.5
2025-12-08,E01,Paris-Rungis,S01,Paris,P002,Riz 1kg,Alimentaire,50000,487,37,673,0.97,Non,Non,25.4
2025-12-08,E01,Paris-Rungis,S01,Paris,P003,Pâtes 500g,Alimentaire,50000,267,65,1391,0.53,Non,Non,14.8
2025-12-08,E01,Paris-Rungis,S01,Paris,P004,Shampoing,Droguerie,50000,15,41,1525,0.03,Oui,Non,29.0
2025-12-08,E01,Paris-Rungis,S01,Paris,P005,Lessive,Droguerie,50000,136,34,1349,0.27,Non,Non,19.8
2025-12-08,E01,Paris-Rungis,S01,Paris,P006,T-shirt homme,Textile,50000,277,77,919,0.55,Non,Non,9.9
2025-12-08,E01,Paris-Rungis,S01,Paris,P007,Jeans,Textile,50000,1603,94,1856,3.21,Non,Non,9.3
2025-12-08,E01,Paris-Rungis,S01,Paris,P008,Smartphone,Électronique,50000,377,60,1698,0.75,Non,Non,7.8
2025-12-08,E01,Paris-Rungis,S01,Paris,P009,TV 4K,Électronique,50000,435,35,1338,0.87,Non,Non,17.0
2025-12-08,E01,Paris-Rungis,S01,Paris,P010,Casque audio,Électronique,50000,570,40,1365,1.14,Non,Non,27.4
2025-12-08,E02,Lyon-Sud,S02,Lyon,P001,Lait demi-écrémé,Alimentaire,35000,996,85,1741,2.85,Non,Non,21.8
2025-12-08,E02,Lyon-Sud,S02,Lyon,P002,Riz 1kg,Alimentaire,35000,92,25,608,0.26,Non,Non,13.9
2025-12-08,E02,Lyon-Sud,S02,Lyon,P003,Pâtes 500g,Alimentaire,35000,211,79,1639,0.6,Non,Non,4.6
2025-12-08,E02,Lyon-Sud,S02,Lyon,P004,Shampoing,Droguerie,35000,691,99,1081,1.97,Non,Non,14.0
2025-12-08,E02,Lyon-Sud,S02,Lyon,P005,Lessive,Droguerie,35000,41,29,990,0.12,Non,Non,25.8
2025-12-08,E02,Lyon-Sud,S02,Lyon,P006,T-shirt homme,Textile,35000,577,92,1117,1.65,Non,Non,3.6
2025-12-08,E02,Lyon-Sud,S02,Lyon,P007,Jeans,Textile,35000,640,56,855,1.83,Non,Non,21.5
2025-12-08,E02,Lyon-Sud,S02,Lyon,P008,Smartphone,Électronique,35000,718,51,1141,2.05,Non,Non,23.4
2025-12-08,E02,Lyon-Sud,S02,Lyon,P009,TV 4K,Électronique,35000,655,89,913,1.87,Non,Non,7.2
2025-12-08,E02,Lyon-Sud,S02,Lyon,P010,Casque audio,Électronique,35000,1095,41,1881,3.13,Non,Non,24.5
2025-12-08,E03,Marseille-Port,S03,Marseille,P001,Lait demi-écrémé,Alimentaire,30000,1007,65,1330,3.36,Non,Non,17.6
2025-12-08,E03,Marseille-Port,S03,Marseille,P002,Riz 1kg,Alimentaire,30000,675,91,755,2.25,Non,Non,7.0
2025-12-08,E03,Marseille-Port,S03,Marseille,P003,Pâtes 500g,Alimentaire,30000,667,37,1349,2.22,Non,Non,12.0
2025-12-08,E03,Marseille-Port,S03,Marseille,P004,Shampoing,Droguerie,30000,967,78,1956,3.22,Non,Non,3.8
2025-12-08,E03,Marseille-Port,S03,Marseille,P005,Lessive,Droguerie,30000,1060,30,1199,3.53,Non,Non,17.3
2025-12-08,E03,Marseille-Port,S03,Marseille,P006,T-shirt homme,Textile,30000,959,28,1574,3.2,Non,Non,28.8
2025-12-08,E03,Marseille-Port,S03,Marseille,P007,Jeans,Textile,30000,568,86,1717,1.89,Non,Non,3.1
2025-12-08,E03,Marseille-Port,S03,Marseille,P008,Smartphone,Électronique,30000,1490,20,1498,4.97,Non,Oui,17.7
2025-12-08,E03,Marseille-Port,S03,Marseille,P009,TV 4K,Électronique,30000,244,34,1353,0.81,Non,Non,3.2
2025-12-08,E03,Marseille-Port,S03,Marseille,P010,Casque audio,Électronique,30000,521,71,1027,1.74,Non,Non,12.1
2025-12-08,E04,Lille-Nord,S04,Lille,P001,Lait demi-écrémé,Alimentaire,28000,596,30,711,2.13,Non,Non,25.8
2025-12-08,E04,Lille-Nord,S04,Lille,P002,Riz 1kg,Alimentaire,28000,590,50,623,2.11,Non,Oui,14.3
2025-12-08,E04,Lille-Nord,S04,Lille,P003,Pâtes 500g,Alimentaire,28000,749,58,853,2.67,Non,Non,23.3
2025-12-08,E04,Lille-Nord,S04,Lille,P004,Shampoing,Droguerie,28000,749,82,935,2.67,Non,Non,24.6
2025-12-08,E04,Lille-Nord,S04,Lille,P005,Lessive,Droguerie,28000,1334,86,1619,4.76,Non,Non,23.2
2025-12-08,E04,Lille-Nord,S04,Lille,P006,T-shirt homme,Textile,28000,508,43,993,1.81,Non,Non,30.0
2025-12-08,E04,Lille-Nord,S04,Lille,P007,Jeans,Textile,28000,1014,81,1098,3.62,Non,Oui,14.3
2025-12-08,E04,Lille-Nord,S04,Lille,P008,Smartphone,Électronique,28000,1147,27,1460,4.1,Non,Non,17.3
2025-12-08,E04,Lille-Nord,S04,Lille,P009,TV 4K,Électronique,28000,301,35,1795,1.07,Non,Non,10.9
2025-12-08,E04,Lille-Nord,S04,Lille,P010,Casque audio,Électronique,28000,194,42,1184,0.69,Non,Non,5.5
2025-12-08,E05,Toulouse-Ouest,S05,Toulouse,P001,Lait demi-écrémé,Alimentaire,25000,563,91,563,2.25,Non,Oui,29.1
2025-12-08,E05,Toulouse-Ouest,S05,Toulouse,P002,Riz 1kg,Alimentaire,25000,989,41,1331,3.96,Non,Non,17.6
2025-12-08,E05,Toulouse-Ouest,S05,Toulouse,P003,Pâtes 500g,Alimentaire,25000,418,94,623,1.67,Non,Non,20.3
2025-12-08,E05,Toulouse-Ouest,S05,Toulouse,P004,Shampoing,Droguerie,25000,39,72,1990,0.16,Oui,Non,5.3
2025-12-08,E05,Toulouse-Ouest,S05,Toulouse,P005,Lessive,Droguerie,25000,416,75,1238,1.66,Non,Non,16.9
2025-12-08,E05,Toulouse-Ouest,S05,Toulouse,P006,T-shirt homme,Textile,25000,1324,47,1669,5.3,Non,Non,29.9
2025-12-08,E05,Toulouse-Ouest,S05,Toulouse,P007,Jeans,Textile,25000,419,78,629,1.68,Non,Non,9.9
2025-12-08,E05,Toulouse-Ouest,S05,Toulouse,P008,Smartphone,Électronique,25000,111,87,773,0.44,Non,Non,23.3
2025-12-08,E05,Toulouse-Ouest,S05,Toulouse,P009,TV 4K,Électronique,25000,193,20,528,0.77,Non,Non,20.8
2025-12-08,E05,Toulouse-Ouest,S05,Toulouse,P010,Casque audio,Électronique,25000,21,80,519,0.08,Oui,Non,14.0
2025-12-08,E06,Nice-Est,S06,Nice,P001,Lait demi-écrémé,Alimentaire,20000,1065,51,1498,5.33,Non,Non,23.5
2025-12-08,E06,Nice-Est,S06,Nice,P002,Riz 1kg,Alimentaire,20000,1048,87,1793,5.24,Non,Non,22.8
2025-12-08,E06,Nice-Est,S06,Nice,P003,Pâtes 500g,Alimentaire,20000,1443,73,1961,7.22,Non,Non,23.1
2025-12-08,E06,Nice-Est,S06,Nice,P004,Shampoing,Droguerie,20000,168,94,960,0.84,Non,Non,2.1
2025-12-08,E06,Nice-Est,S06,Nice,P005,Lessive,Droguerie,20000,1054,24,1668,5.27,Non,Non,7.8
2025-12-08,E06,Nice-Est,S06,Nice,P006,T-shirt homme,Textile,20000,316,84,1055,1.58,Non,Non,20.5
2025-12-08,E06,Nice-Est,S06,Nice,P007,Jeans,Textile,20000,1479,75,1507,7.4,Non,Oui,9.8
2025-12-08,E06,Nice-Est,S06,Nice,P008,Smartphone,Électronique,20000,360,76,1338,1.8,Non,Non,18.9
2025-12-08,E06,Nice-Est,S06,Nice,P009,TV 4K,Électronique,20000,486,64,621,2.43,Non,Non,24.2
2025-12-08,E06,Nice-Est,S06,Nice,P010,Casque audio,Électronique,20000,808,54,1196,4.04,Non,Non,10.2
2025-12-08,E07,Bordeaux-Centre,S07,Bordeaux,P001,Lait demi-écrémé,Alimentaire,22000,964,37,1374,4.38,Non,Non,12.5
2025-12-08,E07,Bordeaux-Centre,S07,Bordeaux,P002,Riz 1kg,Alimentaire,22000,612,55,683,2.78,Non,Non,15.8
2025-12-08,E07,Bordeaux-Centre,S07,Bordeaux,P003,Pâtes 500g,Alimentaire,22000,457,84,710,2.08,Non,Non,29.9
2025-12-08,E07,Bordeaux-Centre,S07,Bordeaux,P004,Shampoing,Droguerie,22000,976,54,1520,4.44,Non,Non,17.7
2025-12-08,E07,Bordeaux-Centre,S07,Bordeaux,P005,Lessive,Droguerie,22000,198,20,582,0.9,Non,Non,9.9
2025-12-08,E07,Bordeaux-Centre,S07,Bordeaux,P006,T-shirt homme,Textile,22000,62,36,805,0.28,Non,Non,6.4
2025-12-08,E07,Bordeaux-Centre,S07,Bordeaux,P007,Jeans,Textile,22000,1252,42,1313,5.69,Non,Oui,29.8
2025-12-08,E07,Bordeaux-Centre,S07,Bordeaux,P008,Smartphone,Électronique,22000,221,48,619,1.0,Non,Non,4.6
2025-12-08,E07,Bordeaux-Centre,S07,Bordeaux,P009,TV 4K,Électronique,22000,1851,69,1858,8.41,Non,Oui,8.4
2025-12-08,E07,Bordeaux-Centre,S07,Bordeaux,P010,Casque audio,Électronique,22000,907,41,1260,4.12,Non,Non,7.5
2025-12-08,E08,Nantes-Atlantique,S08,Nantes,P001,Lait demi-écrémé,Alimentaire,24000,1465,21,1752,6.1,Non,Non,23.0
2025-12-08,E08,Nantes-Atlantique,S08,Nantes,P002,Riz 1kg,Alimentaire,24000,80,79,1028,0.33,Non,Non,22.2
2025-12-08,E08,Nantes-Atlantique,S08,Nantes,P003,Pâtes 500g,Alimentaire,24000,177,49,1186,0.74,Non,Non,13.5
2025-12-08,E08,Nantes-Atlantique,S08,Nantes,P004,Shampoing,Droguerie,24000,662,63,800,2.76,Non,Non,5.3
2025-12-08,E08,Nantes-Atlantique,S08,Nantes,P005,Lessive,Droguerie,24000,980,79,1318,4.08,Non,Non,11.7
2025-12-08,E08,Nantes-Atlantique,S08,Nantes,P006,T-shirt homme,Textile,24000,1142,36,1201,4.76,Non,Oui,6.8
2025-12-08,E08,Nantes-Atlantique,S08,Nantes,P007,Jeans,Textile,24000,50,93,1715,0.21,Oui,Non,2.8
2025-12-08,E08,Nantes-Atlantique,S08,Nantes,P008,Smartphone,Électronique,24000,409,65,929,1.7,Non,Non,22.0
2025-12-08,E08,Nantes-Atlantique,S08,Nantes,P009,TV 4K,Électronique,24000,427,72,1729,1.78,Non,Non,6.6
2025-12-08,E08,Nantes-Atlantique,S08,Nantes,P010,Casque audio,Électronique,24000,472,83,1389,1.97,Non,Non,7.3
2025-12-15,E01,Paris-Rungis,S01,Paris,P001,Lait demi-écrémé,Alimentaire,50000,153,53,765,0.31,Non,Non,16.5
2025-12-15,E01,Paris-Rungis,S01,Paris,P002,Riz 1kg,Alimentaire,50000,819,65,1927,1.64,Non,Non,5.6
2025-12-15,E01,Paris-Rungis,S01,Paris,P003,Pâtes 500g,Alimentaire,50000,476,86,972,0.95,Non,Non,5.1
2025-12-15,E01,Paris-Rungis,S01,Paris,P004,Shampoing,Droguerie,50000,1380,48,1518,2.76,Non,Oui,6.1
2025-12-15,E01,Paris-Rungis,S01,Paris,P005,Lessive,Droguerie,50000,425,63,1687,0.85,Non,Non,4.0
2025-12-15,E01,Paris-Rungis,S01,Paris,P006,T-shirt homme,Textile,50000,734,49,969,1.47,Non,Non,14.7
2025-12-15,E01,Paris-Rungis,S01,Paris,P007,Jeans,Textile,50000,319,26,514,0.64,Non,Non,5.1
2025-12-15,E01,Paris-Rungis,S01,Paris,P008,Smartphone,Électronique,50000,958,46,1014,1.92,Non,Oui,27.0
2025-12-15,E01,Paris-Rungis,S01,Paris,P009,TV 4K,Électronique,50000,22,46,1412,0.04,Oui,Non,8.7
2025-12-15,E01,Paris-Rungis,S01,Paris,P010,Casque audio,Électronique,50000,908,44,977,1.82,Non,Oui,23.1
2025-12-15,E02,Lyon-Sud,S02,Lyon,P001,Lait demi-écrémé,Alimentaire,35000,1283,35,1794,3.67,Non,Non,16.6
2025-12-15,E02,Lyon-Sud,S02,Lyon,P002,Riz 1kg,Alimentaire,35000,546,85,931,1.56,Non,Non,9.1
2025-12-15,E02,Lyon-Sud,S02,Lyon,P003,Pâtes 500g,Alimentaire,35000,1568,71,1799,4.48,Non,Non,29.1
2025-12-15,E02,Lyon-Sud,S02,Lyon,P004,Shampoing,Droguerie,35000,997,36,1237,2.85,Non,Non,26.8
2025-12-15,E02,Lyon-Sud,S02,Lyon,P005,Lessive,Droguerie,35000,275,100,525,0.79,Non,Non,14.5
2025-12-15,E02,Lyon-Sud,S02,Lyon,P006,T-shirt homme,Textile,35000,606,76,706,1.73,Non,Non,16.2
2025-12-15,E02,Lyon-Sud,S02,Lyon,P007,Jeans,Textile,35000,232,100,1261,0.66,Non,Non,14.8
2025-12-15,E02,Lyon-Sud,S02,Lyon,P008,Smartphone,Électronique,35000,1349,73,1670,3.85,Non,Non,12.2
2025-12-15,E02,Lyon-Sud,S02,Lyon,P009,TV 4K,Électronique,35000,1285,22,1836,3.67,Non,Non,12.2
2025-12-15,E02,Lyon-Sud,S02,Lyon,P010,Casque audio,Électronique,35000,730,67,1945,2.09,Non,Non,9.9
2025-12-15,E03,Marseille-Port,S03,Marseille,P001,Lait demi-écrémé,Alimentaire,30000,376,38,696,1.25,Non,Non,15.2
2025-12-15,E03,Marseille-Port,S03,Marseille,P002,Riz 1kg,Alimentaire,30000,474,89,955,1.58,Non,Non,19.0
2025-12-15,E03,Marseille-Port,S03,Marseille,P003,Pâtes 500g,Alimentaire,30000,592,40,1391,1.97,Non,Non,1.9
2025-12-15,E03,Marseille-Port,S03,Marseille,P004,Shampoing,Droguerie,30000,297,46,1960,0.99,Non,Non,19.2
2025-12-15,E03,Marseille-Port,S03,Marseille,P005,Lessive,Droguerie,30000,663,77,905,2.21,Non,Non,29.1
2025-12-15,E03,Marseille-Port,S03,Marseille,P006,T-shirt homme,Textile,30000,1069,97,1377,3.56,Non,Non,16.4
2025-12-15,E03,Marseille-Port,S03,Marseille,P007,Jeans,Textile,30000,269,98,918,0.9,Non,Non,22.0
2025-12-15,E03,Marseille-Port,S03,Marseille,P008,Smartphone,Électronique,30000,1138,36,1577,3.79,Non,Non,7.2
2025-12-15,E03,Marseille-Port,S03,Marseille,P009,TV 4K,Électronique,30000,226,93,577,0.75,Non,Non,18.5
2025-12-15,E03,Marseille-Port,S03,Marseille,P010,Casque audio,Électronique,30000,959,98,1743,3.2,Non,Non,27.5
2025-12-15,E04,Lille-Nord,S04,Lille,P001,Lait demi-écrémé,Alimentaire,28000,693,86,945,2.48,Non,Non,7.1
2025-12-15,E04,Lille-Nord,S04,Lille,P002,Riz 1kg,Alimentaire,28000,243,67,546,0.87,Non,Non,5.8
2025-12-15,E04,Lille-Nord,S04,Lille,P003,Pâtes 500g,Alimentaire,28000,766,96,1544,2.74,Non,Non,23.0
2025-12-15,E04,Lille-Nord,S04,Lille,P004,Shampoing,Droguerie,28000,743,73,1207,2.65,Non,Non,23.6
2025-12-15,E04,Lille-Nord,S04,Lille,P005,Lessive,Droguerie,28000,339,23,761,1.21,Non,Non,1.3
2025-12-15,E04,Lille-Nord,S04,Lille,P006,T-shirt homme,Textile,28000,1329,75,1389,4.75,Non,Oui,16.2
2025-12-15,E04,Lille-Nord,S04,Lille,P007,Jeans,Textile,28000,1323,24,1325,4.72,Non,Oui,14.3
2025-12-15,E04,Lille-Nord,S04,Lille,P008,Smartphone,Électronique,28000,855,58,1512,3.05,Non,Non,14.7
2025-12-15,E04,Lille-Nord,S04,Lille,P009,TV 4K,Électronique,28000,1181,58,1663,4.22,Non,Non,20.7
2025-12-15,E04,Lille-Nord,S04,Lille,P010,Casque audio,Électronique,28000,145,74,1005,0.52,Non,Non,17.2
2025-12-15,E05,Toulouse-Ouest,S05,Toulouse,P001,Lait demi-écrémé,Alimentaire,25000,1260,65,1983,5.04,Non,Non,3.6
2025-12-15,E05,Toulouse-Ouest,S05,Toulouse,P002,Riz 1kg,Alimentaire,25000,540,20,973,2.16,Non,Non,10.7
2025-12-15,E05,Toulouse-Ouest,S05,Toulouse,P003,Pâtes 500g,Alimentaire,25000,480,59,800,1.92,Non,Non,12.1
2025-12-15,E05,Toulouse-Ouest,S05,Toulouse,P004,Shampoing,Droguerie,25000,333,39,711,1.33,Non,Non,11.2
2025-12-15,E05,Toulouse-Ouest,S05,Toulouse,P005,Lessive,Droguerie,25000,929,71,995,3.72,Non,Oui,20.6
2025-12-15,E05,Toulouse-Ouest,S05,Toulouse,P006,T-shirt homme,Textile,25000,586,57,921,2.34,Non,Non,20.6
2025-12-15,E05,Toulouse-Ouest,S05,Toulouse,P007,Jeans,Textile,25000,610,73,966,2.44,Non,Non,18.5
2025-12-15,E05,Toulouse-Ouest,S05,Toulouse,P008,Smartphone,Électronique,25000,591,98,1189,2.36,Non,Non,1.2
2025-12-15,E05,Toulouse-Ouest,S05,Toulouse,P009,TV 4K,Électronique,25000,712,91,1652,2.85,Non,Non,10.3
2025-12-15,E05,Toulouse-Ouest,S05,Toulouse,P010,Casque audio,Électronique,25000,741,56,1349,2.96,Non,Non,13.6
2025-12-15,E06,Nice-Est,S06,Nice,P001,Lait demi-écrémé,Alimentaire,20000,76,67,906,0.38,Non,Non,14.6
2025-12-15,E06,Nice-Est,S06,Nice,P002,Riz 1kg,Alimentaire,20000,444,85,1504,2.22,Non,Non,1.9
2025-12-15,E06,Nice-Est,S06,Nice,P003,Pâtes 500g,Alimentaire,20000,16,39,686,0.08,Oui,Non,20.2
2025-12-15,E06,Nice-Est,S06,Nice,P004,Shampoing,Droguerie,20000,389,79,917,1.94,Non,Non,20.5
2025-12-15,E06,Nice-Est,S06,Nice,P005,Lessive,Droguerie,20000,1521,48,1898,7.61,Non,Non,29.2
2025-12-15,E06,Nice-Est,S06,Nice,P006,T-shirt homme,Textile,20000,944,64,1299,4.72,Non,Non,6.9
2025-12-15,E06,Nice-Est,S06,Nice,P007,Jeans,Textile,20000,747,43,848,3.74,Non,Non,6.9
2025-12-15,E06,Nice-Est,S06,Nice,P008,Smartphone,Électronique,20000,548,84,1425,2.74,Non,Non,17.4
2025-12-15,E06,Nice-Est,S06,Nice,P009,TV 4K,Électronique,20000,436,96,633,2.18,Non,Non,20.4
2025-12-15,E06,Nice-Est,S06,Nice,P010,Casque audio,Électronique,20000,594,20,696,2.97,Non,Non,4.6
2025-12-15,E07,Bordeaux-Centre,S07,Bordeaux,P001,Lait demi-écrémé,Alimentaire,22000,309,97,521,1.4,Non,Non,16.9
2025-12-15,E07,Bordeaux-Centre,S07,Bordeaux,P002,Riz 1kg,Alimentaire,22000,46,75,1311,0.21,Oui,Non,22.7
2025-12-15,E07,Bordeaux-Centre,S07,Bordeaux,P003,Pâtes 500g,Alimentaire,22000,423,46,815,1.92,Non,Non,10.0
2025-12-15,E07,Bordeaux-Centre,S07,Bordeaux,P004,Shampoing,Droguerie,22000,1169,77,1642,5.31,Non,Non,19.2
2025-12-15,E07,Bordeaux-Centre,S07,Bordeaux,P005,Lessive,Droguerie,22000,960,45,1860,4.36,Non,Non,15.9
2025-12-15,E07,Bordeaux-Centre,S07,Bordeaux,P006,T-shirt homme,Textile,22000,572,98,1243,2.6,Non,Non,3.6
2025-12-15,E07,Bordeaux-Centre,S07,Bordeaux,P007,Jeans,Textile,22000,23,75,619,0.1,Oui,Non,18.4
2025-12-15,E07,Bordeaux-Centre,S07,Bordeaux,P008,Smartphone,Électronique,22000,424,83,698,1.93,Non,Non,9.5
2025-12-15,E07,Bordeaux-Centre,S07,Bordeaux,P009,TV 4K,Électronique,22000,1145,66,1807,5.2,Non,Non,4.1
2025-12-15,E07,Bordeaux-Centre,S07,Bordeaux,P010,Casque audio,Électronique,22000,1005,56,1216,4.57,Non,Non,24.6
2025-12-15,E08,Nantes-Atlantique,S08,Nantes,P001,Lait demi-écrémé,Alimentaire,24000,891,54,1357,3.71,Non,Non,28.9
2025-12-15,E08,Nantes-Atlantique,S08,Nantes,P002,Riz 1kg,Alimentaire,24000,936,58,1022,3.9,Non,Oui,15.3
2025-12-15,E08,Nantes-Atlantique,S08,Nantes,P003,Pâtes 500g,Alimentaire,24000,478,47,1910,1.99,Non,Non,16.6
2025-12-15,E08,Nantes-Atlantique,S08,Nantes,P004,Shampoing,Droguerie,24000,333,90,616,1.39,Non,Non,4.8
2025-12-15,E08,Nantes-Atlantique,S08,Nantes,P005,Lessive,Droguerie,24000,339,93,561,1.41,Non,Non,12.3
2025-12-15,E08,Nantes-Atlantique,S08,Nantes,P006,T-shirt homme,Textile,24000,566,64,679,2.36,Non,Non,6.6
2025-12-15,E08,Nantes-Atlantique,S08,Nantes,P007,Jeans,Textile,24000,920,89,1120,3.83,Non,Non,13.8
2025-12-15,E08,Nantes-Atlantique,S08,Nantes,P008,Smartphone,Électronique,24000,1543,95,1582,6.43,Non,Oui,16.7
2025-12-15,E08,Nantes-Atlantique,S08,Nantes,P009,TV 4K,Électronique,24000,560,50,1411,2.33,Non,Non,8.1
2025-12-15,E08,Nantes-Atlantique,S08,Nantes,P010,Casque audio,Électronique,24000,88,53,1226,0.37,Non,Non,18.6
2025-12-22,E01,Paris-Rungis,S01,Paris,P001,Lait demi-écrémé,Alimentaire,50000,653,71,1540,1.31,Non,Non,19.0
2025-12-22,E01,Paris-Rungis,S01,Paris,P002,Riz 1kg,Alimentaire,50000,404,84,583,0.81,Non,Non,5.6
2025-12-22,E01,Paris-Rungis,S01,Paris,P003,Pâtes 500g,Alimentaire,50000,153,61,618,0.31,Non,Non,8.0
2025-12-22,E01,Paris-Rungis,S01,Paris,P004,Shampoing,Droguerie,50000,1320,85,1668,2.64,Non,Non,18.2
2025-12-22,E01,Paris-Rungis,S01,Paris,P005,Lessive,Droguerie,50000,805,69,1074,1.61,Non,Non,24.3
2025-12-22,E01,Paris-Rungis,S01,Paris,P006,T-shirt homme,Textile,50000,455,41,1043,0.91,Non,Non,9.6
2025-12-22,E01,Paris-Rungis,S01,Paris,P007,Jeans,Textile,50000,514,49,1233,1.03,Non,Non,16.3
2025-12-22,E01,Paris-Rungis,S01,Paris,P008,Smartphone,Électronique,50000,362,96,1175,0.72,Non,Non,29.9
2025-12-22,E01,Paris-Rungis,S01,Paris,P009,TV 4K,Électronique,50000,702,43,709,1.4,Non,Oui,11.3
2025-12-22,E01,Paris-Rungis,S01,Paris,P010,Casque audio,Électronique,50000,516,24,981,1.03,Non,Non,14.1
2025-12-22,E02,Lyon-Sud,S02,Lyon,P001,Lait demi-écrémé,Alimentaire,35000,1118,20,1567,3.19,Non,Non,2.3
2025-12-22,E02,Lyon-Sud,S02,Lyon,P002,Riz 1kg,Alimentaire,35000,859,62,1135,2.45,Non,Non,19.0
2025-12-22,E02,Lyon-Sud,S02,Lyon,P003,Pâtes 500g,Alimentaire,35000,1,68,1374,0.0,Oui,Non,27.2
2025-12-22,E02,Lyon-Sud,S02,Lyon,P004,Shampoing,Droguerie,35000,217,95,620,0.62,Non,Non,14.8
2025-12-22,E02,Lyon-Sud,S02,Lyon,P005,Lessive,Droguerie,35000,565,53,1403,1.61,Non,Non,14.3
2025-12-22,E02,Lyon-Sud,S02,Lyon,P006,T-shirt homme,Textile,35000,672,94,750,1.92,Non,Non,22.5
2025-12-22,E02,Lyon-Sud,S02,Lyon,P007,Jeans,Textile,35000,166,30,1372,0.47,Non,Non,6.4
2025-12-22,E02,Lyon-Sud,S02,Lyon,P008,Smartphone,Électronique,35000,90,34,1192,0.26,Non,Non,29.6
2025-12-22,E02,Lyon-Sud,S02,Lyon,P009,TV 4K,Électronique,35000,1176,50,1988,3.36,Non,Non,24.7
2025-12-22,E02,Lyon-Sud,S02,Lyon,P010,Casque audio,Électronique,35000,641,71,1931,1.83,Non,Non,29.4
2025-12-22,E03,Marseille-Port,S03,Marseille,P001,Lait demi-écrémé,Alimentaire,30000,1029,90,1337,3.43,Non,Non,21.6
2025-12-22,E03,Marseille-Port,S03,Marseille,P002,Riz 1kg,Alimentaire,30000,1153,28,1807,3.84,Non,Non,27.2
2025-12-22,E03,Marseille-Port,S03,Marseille,P003,Pâtes 500g,Alimentaire,30000,309,25,586,1.03,Non,Non,4.6
2025-12-22,E03,Marseille-Port,S03,Marseille,P004,Shampoing,Droguerie,30000,453,86,1733,1.51,Non,Non,7.2
2025-12-22,E03,Marseille-Port,S03,Marseille,P005,Lessive,Droguerie,30000,556,67,768,1.85,Non,Non,13.1
2025-12-22,E03,Marseille-Port,S03,Marseille,P006,T-shirt homme,Textile,30000,51,71,502,0.17,Oui,Non,24.6
2025-12-22,E03,Marseille-Port,S03,Marseille,P007,Jeans,Textile,30000,646,85,1142,2.15,Non,Non,22.7
2025-12-22,E03,Marseille-Port,S03,Marseille,P008,Smartphone,Électronique,30000,600,23,842,2.0,Non,Non,10.8
2025-12-22,E03,Marseille-Port,S03,Marseille,P009,TV 4K,Électronique,30000,808,81,895,2.69,Non,Oui,16.0
2025-12-22,E03,Marseille-Port,S03,Marseille,P010,Casque audio,Électronique,30000,70,33,563,0.23,Non,Non,6.3
2025-12-22,E04,Lille-Nord,S04,Lille,P001,Lait demi-écrémé,Alimentaire,28000,953,57,1224,3.4,Non,Non,3.7
2025-12-22,E04,Lille-Nord,S04,Lille,P002,Riz 1kg,Alimentaire,28000,383,89,689,1.37,Non,Non,17.2
2025-12-22,E04,Lille-Nord,S04,Lille,P003,Pâtes 500g,Alimentaire,28000,1655,69,1839,5.91,Non,Non,3.6
2025-12-22,E04,Lille-Nord,S04,Lille,P004,Shampoing,Droguerie,28000,1163,57,1744,4.15,Non,Non,23.4
2025-12-22,E04,Lille-Nord,S04,Lille,P005,Lessive,Droguerie,28000,410,34,888,1.46,Non,Non,19.1
2025-12-22,E04,Lille-Nord,S04,Lille,P006,T-shirt homme,Textile,28000,364,67,574,1.3,Non,Non,10.7
2025-12-22,E04,Lille-Nord,S04,Lille,P007,Jeans,Textile,28000,687,93,694,2.45,Non,Oui,24.6
2025-12-22,E04,Lille-Nord,S04,Lille,P008,Smartphone,Électronique,28000,853,95,955,3.05,Non,Non,27.9
2025-12-22,E04,Lille-Nord,S04,Lille,P009,TV 4K,Électronique,28000,897,72,1590,3.2,Non,Non,3.4
2025-12-22,E04,Lille-Nord,S04,Lille,P010,Casque audio,Électronique,28000,1008,75,1852,3.6,Non,Non,3.2
2025-12-22,E05,Toulouse-Ouest,S05,Toulouse,P001,Lait demi-écrémé,Alimentaire,25000,23,20,1598,0.09,Non,Non,19.6
2025-12-22,E05,Toulouse-Ouest,S05,Toulouse,P002,Riz 1kg,Alimentaire,25000,611,98,802,2.44,Non,Non,25.7
2025-12-22,E05,Toulouse-Ouest,S05,Toulouse,P003,Pâtes 500g,Alimentaire,25000,1465,40,1643,5.86,Non,Non,28.7
2025-12-22,E05,Toulouse-Ouest,S05,Toulouse,P004,Shampoing,Droguerie,25000,502,66,535,2.01,Non,Oui,27.6
2025-12-22,E05,Toulouse-Ouest,S05,Toulouse,P005,Lessive,Droguerie,25000,865,32,1729,3.46,Non,Non,3.4
2025-12-22,E05,Toulouse-Ouest,S05,Toulouse,P006,T-shirt homme,Textile,25000,212,95,950,0.85,Non,Non,24.6
2025-12-22,E05,Toulouse-Ouest,S05,Toulouse,P007,Jeans,Textile,25000,286,29,898,1.14,Non,Non,17.7
2025-12-22,E05,Toulouse-Ouest,S05,Toulouse,P008,Smartphone,Électronique,25000,43,40,776,0.17,Non,Non,17.3
2025-12-22,E05,Toulouse-Ouest,S05,Toulouse,P009,TV 4K,Électronique,25000,53,53,584,0.21,Non,Non,28.4
2025-12-22,E05,Toulouse-Ouest,S05,Toulouse,P010,Casque audio,Électronique,25000,1384,47,1478,5.54,Non,Oui,3.1
2025-12-22,E06,Nice-Est,S06,Nice,P001,Lait demi-écrémé,Alimentaire,20000,743,80,1515,3.72,Non,Non,16.1
2025-12-22,E06,Nice-Est,S06,Nice,P002,Riz 1kg,Alimentaire,20000,316,64,1289,1.58,Non,Non,21.8
2025-12-22,E06,Nice-Est,S06,Nice,P003,Pâtes 500g,Alimentaire,20000,14,52,1607,0.07,Oui,Non,12.3
2025-12-22,E06,Nice-Est,S06,Nice,P004,Shampoing,Droguerie,20000,185,33,639,0.92,Non,Non,27.2
2025-12-22,E06,Nice-Est,S06,Nice,P005,Lessive,Droguerie,20000,67,36,1976,0.34,Non,Non,19.8
2025-12-22,E06,Nice-Est,S06,Nice,P006,T-shirt homme,Textile,20000,1212,27,1295,6.06,Non,Oui,29.9
2025-12-22,E06,Nice-Est,S06,Nice,P007,Jeans,Textile,20000,439,67,650,2.2,Non,Non,10.2
2025-12-22,E06,Nice-Est,S06,Nice,P008,Smartphone,Électronique,20000,112,31,844,0.56,Non,Non,4.4
2025-12-22,E06,Nice-Est,S06,Nice,P009,TV 4K,Électronique,20000,64,75,598,0.32,Oui,Non,16.7
2025-12-22,E06,Nice-Est,S06,Nice,P010,Casque audio,Électronique,20000,1494,35,1866,7.47,Non,Non,4.8
2025-12-22,E07,Bordeaux-Centre,S07,Bordeaux,P001,Lait demi-écrémé,Alimentaire,22000,1258,49,1891,5.72,Non,Non,25.5
2025-12-22,E07,Bordeaux-Centre,S07,Bordeaux,P002,Riz 1kg,Alimentaire,22000,60,48,900,0.27,Non,Non,6.3
2025-12-22,E07,Bordeaux-Centre,S07,Bordeaux,P003,Pâtes 500g,Alimentaire,22000,1526,65,1695,6.94,Non,Oui,15.7
2025-12-22,E07,Bordeaux-Centre,S07,Bordeaux,P004,Shampoing,Droguerie,22000,1475,83,1689,6.7,Non,Non,27.5
2025-12-22,E07,Bordeaux-Centre,S07,Bordeaux,P005,Lessive,Droguerie,22000,308,27,1378,1.4,Non,Non,7.4
2025-12-22,E07,Bordeaux-Centre,S07,Bordeaux,P006,T-shirt homme,Textile,22000,698,56,1857,3.17,Non,Non,18.4
2025-12-22,E07,Bordeaux-Centre,S07,Bordeaux,P007,Jeans,Textile,22000,1408,91,1847,6.4,Non,Non,15.6
2025-12-22,E07,Bordeaux-Centre,S07,Bordeaux,P008,Smartphone,Électronique,22000,20,97,715,0.09,Oui,Non,26.6
2025-12-22,E07,Bordeaux-Centre,S07,Bordeaux,P009,TV 4K,Électronique,22000,220,69,1796,1.0,Non,Non,17.6
2025-12-22,E07,Bordeaux-Centre,S07,Bordeaux,P010,Casque audio,Électronique,22000,99,71,1621,0.45,Non,Non,29.0
2025-12-22,E08,Nantes-Atlantique,S08,Nantes,P001,Lait demi-écrémé,Alimentaire,24000,352,65,563,1.47,Non,Non,5.7
2025-12-22,E08,Nantes-Atlantique,S08,Nantes,P002,Riz 1kg,Alimentaire,24000,772,28,788,3.22,Non,Oui,2.4
2025-12-22,E08,Nantes-Atlantique,S08,Nantes,P003,Pâtes 500g,Alimentaire,24000,12,47,1364,0.05,Oui,Non,16.0
2025-12-22,E08,Nantes-Atlantique,S08,Nantes,P004,Shampoing,Droguerie,24000,211,71,1061,0.88,Non,Non,28.3
2025-12-22,E08,Nantes-Atlantique,S08,Nantes,P005,Lessive,Droguerie,24000,259,91,527,1.08,Non,Non,8.4
2025-12-22,E08,Nantes-Atlantique,S08,Nantes,P006,T-shirt homme,Textile,24000,554,72,587,2.31,Non,Oui,21.3
2025-12-22,E08,Nantes-Atlantique,S08,Nantes,P007,Jeans,Textile,24000,209,98,1523,0.87,Non,Non,8.4
2025-12-22,E08,Nantes-Atlantique,S08,Nantes,P008,Smartphone,Électronique,24000,279,90,983,1.16,Non,Non,13.3
2025-12-22,E08,Nantes-Atlantique,S08,Nantes,P009,TV 4K,Électronique,24000,574,61,1039,2.39,Non,Non,17.4
2025-12-22,E08,Nantes-Atlantique,S08,Nantes,P010,Casque audio,Électronique,24000,413,65,561,1.72,Non,Non,1.3
2025-12-29,E01,Paris-Rungis,S01,Paris,P001,Lait demi-écrémé,Alimentaire,50000,71,62,1527,0.14,Non,Non,13.0
2025-12-29,E01,Paris-Rungis,S01,Paris,P002,Riz 1kg,Alimentaire,50000,935,36,1917,1.87,Non,Non,8.6
2025-12-29,E01,Paris-Rungis,S01,Paris,P003,Pâtes 500g,Alimentaire,50000,1216,70,1385,2.43,Non,Non,17.2
2025-12-29,E01,Paris-Rungis,S01,Paris,P004,Shampoing,Droguerie,50000,1118,99,1805,2.24,Non,Non,27.5
2025-12-29,E01,Paris-Rungis,S01,Paris,P005,Lessive,Droguerie,50000,1339,64,1670,2.68,Non,Non,2.2
2025-12-29,E01,Paris-Rungis,S01,Paris,P006,T-shirt homme,Textile,50000,622,53,790,1.24,Non,Non,29.5
2025-12-29,E01,Paris-Rungis,S01,Paris,P007,Jeans,Textile,50000,293,30,1124,0.59,Non,Non,20.3
2025-12-29,E01,Paris-Rungis,S01,Paris,P008,Smartphone,Électronique,50000,735,22,1094,1.47,Non,Non,14.2
2025-12-29,E01,Paris-Rungis,S01,Paris,P009,TV 4K,Électronique,50000,366,76,1382,0.73,Non,Non,10.2
2025-12-29,E01,Paris-Rungis,S01,Paris,P010,Casque audio,Électronique,50000,1558,44,1881,3.12,Non,Non,19.2
2025-12-29,E02,Lyon-Sud,S02,Lyon,P001,Lait demi-écrémé,Alimentaire,35000,831,56,1430,2.37,Non,Non,22.8
2025-12-29,E02,Lyon-Sud,S02,Lyon,P002,Riz 1kg,Alimentaire,35000,614,97,675,1.75,Non,Oui,24.4
2025-12-29,E02,Lyon-Sud,S02,Lyon,P003,Pâtes 500g,Alimentaire,35000,98,44,591,0.28,Non,Non,12.3
2025-12-29,E02,Lyon-Sud,S02,Lyon,P004,Shampoing,Droguerie,35000,284,56,1514,0.81,Non,Non,16.2
2025-12-29,E02,Lyon-Sud,S02,Lyon,P005,Lessive,Droguerie,35000,252,100,1320,0.72,Non,Non,14.6
2025-12-29,E02,Lyon-Sud,S02,Lyon,P006,T-shirt homme,Textile,35000,1458,57,1876,4.17,Non,Non,11.9
2025-12-29,E02,Lyon-Sud,S02,Lyon,P007,Jeans,Textile,35000,29,86,1155,0.08,Oui,Non,4.9
2025-12-29,E02,Lyon-Sud,S02,Lyon,P008,Smartphone,Électronique,35000,623,69,765,1.78,Non,Non,24.4
2025-12-29,E02,Lyon-Sud,S02,Lyon,P009,TV 4K,Électronique,35000,123,69,673,0.35,Non,Non,23.0
2025-12-29,E02,Lyon-Sud,S02,Lyon,P010,Casque audio,Électronique,35000,736,69,780,2.1,Non,Oui,16.7
2025-12-29,E03,Marseille-Port,S03,Marseille,P001,Lait demi-écrémé,Alimentaire,30000,194,75,516,0.65,Non,Non,9.9
2025-12-29,E03,Marseille-Port,S03,Marseille,P002,Riz 1kg,Alimentaire,30000,276,86,761,0.92,Non,Non,24.4
2025-12-29,E03,Marseille-Port,S03,Marseille,P003,Pâtes 500g,Alimentaire,30000,1217,71,1623,4.06,Non,Non,27.6
2025-12-29,E03,Marseille-Port,S03,Marseille,P004,Shampoing,Droguerie,30000,1332,72,1489,4.44,Non,Non,2.3
2025-12-29,E03,Marseille-Port,S03,Marseille,P005,Lessive,Droguerie,30000,775,70,1256,2.58,Non,Non,5.6
2025-12-29,E03,Marseille-Port,S03,Marseille,P006,T-shirt homme,Textile,30000,1400,83,1505,4.67,Non,Oui,9.6
2025-12-29,E03,Marseille-Port,S03,Marseille,P007,Jeans,Textile,30000,372,40,628,1.24,Non,Non,24.8
2025-12-29,E03,Marseille-Port,S03,Marseille,P008,Smartphone,Électronique,30000,211,83,770,0.7,Non,Non,3.5
2025-12-29,E03,Marseille-Port,S03,Marseille,P009,TV 4K,Électronique,30000,303,38,1160,1.01,Non,Non,8.9
2025-12-29,E03,Marseille-Port,S03,Marseille,P010,Casque audio,Électronique,30000,310,45,1196,1.03,Non,Non,10.9
2025-12-29,E04,Lille-Nord,S04,Lille,P001,Lait demi-écrémé,Alimentaire,28000,0,69,569,0.0,Oui,Non,16.1
2025-12-29,E04,Lille-Nord,S04,Lille,P002,Riz 1kg,Alimentaire,28000,632,86,1768,2.26,Non,Non,18.4
2025-12-29,E04,Lille-Nord,S04,Lille,P003,Pâtes 500g,Alimentaire,28000,368,28,1426,1.31,Non,Non,4.1
2025-12-29,E04,Lille-Nord,S04,Lille,P004,Shampoing,Droguerie,28000,307,27,1195,1.1,Non,Non,1.2
2025-12-29,E04,Lille-Nord,S04,Lille,P005,Lessive,Droguerie,28000,1837,66,1999,6.56,Non,Oui,7.6
2025-12-29,E04,Lille-Nord,S04,Lille,P006,T-shirt homme,Textile,28000,192,45,679,0.69,Non,Non,21.9
2025-12-29,E04,Lille-Nord,S04,Lille,P007,Jeans,Textile,28000,760,85,1057,2.71,Non,Non,27.6
2025-12-29,E04,Lille-Nord,S04,Lille,P008,Smartphone,Électronique,28000,470,22,1174,1.68,Non,Non,9.4
2025-12-29,E04,Lille-Nord,S04,Lille,P009,TV 4K,Électronique,28000,153,39,996,0.55,Non,Non,4.7
2025-12-29,E04,Lille-Nord,S04,Lille,P010,Casque audio,Électronique,28000,87,35,513,0.31,Non,Non,26.6
2025-12-29,E05,Toulouse-Ouest,S05,Toulouse,P001,Lait demi-écrémé,Alimentaire,25000,528,94,1054,2.11,Non,Non,26.8
2025-12-29,E05,Toulouse-Ouest,S05,Toulouse,P002,Riz 1kg,Alimentaire,25000,223,48,1985,0.89,Non,Non,24.0
2025-12-29,E05,Toulouse-Ouest,S05,Toulouse,P003,Pâtes 500g,Alimentaire,25000,1312,55,1930,5.25,Non,Non,24.2
2025-12-29,E05,Toulouse-Ouest,S05,Toulouse,P004,Shampoing,Droguerie,25000,551,55,563,2.2,Non,Oui,27.9
2025-12-29,E05,Toulouse-Ouest,S05,Toulouse,P005,Lessive,Droguerie,25000,455,82,1548,1.82,Non,Non,8.7
2025-12-29,E05,Toulouse-Ouest,S05,Toulouse,P006,T-shirt homme,Textile,25000,1726,45,1894,6.9,Non,Oui,19.4
2025-12-29,E05,Toulouse-Ouest,S05,Toulouse,P007,Jeans,Textile,25000,1560,81,1711,6.24,Non,Oui,16.8
2025-12-29,E05,Toulouse-Ouest,S05,Toulouse,P008,Smartphone,Électronique,25000,152,58,592,0.61,Non,Non,3.8
2025-12-29,E05,Toulouse-Ouest,S05,Toulouse,P009,TV 4K,Électronique,25000,1087,34,1374,4.35,Non,Non,5.3
2025-12-29,E05,Toulouse-Ouest,S05,Toulouse,P010,Casque audio,Électronique,25000,503,31,944,2.01,Non,Non,19.1
2025-12-29,E06,Nice-Est,S06,Nice,P001,Lait demi-écrémé,Alimentaire,20000,1845,92,1895,9.22,Non,Oui,22.6
2025-12-29,E06,Nice-Est,S06,Nice,P002,Riz 1kg,Alimentaire,20000,223,30,1528,1.11,Non,Non,19.9
2025-12-29,E06,Nice-Est,S06,Nice,P003,Pâtes 500g,Alimentaire,20000,1160,25,1894,5.8,Non,Non,12.1
2025-12-29,E06,Nice-Est,S06,Nice,P004,Shampoing,Droguerie,20000,418,59,833,2.09,Non,Non,11.0
2025-12-29,E06,Nice-Est,S06,Nice,P005,Lessive,Droguerie,20000,1262,79,1563,6.31,Non,Non,22.9
2025-12-29,E06,Nice-Est,S06,Nice,P006,T-shirt homme,Textile,20000,695,75,944,3.48,Non,Non,10.6
2025-12-29,E06,Nice-Est,S06,Nice,P007,Jeans,Textile,20000,924,84,1469,4.62,Non,Non,29.2
2025-12-29,E06,Nice-Est,S06,Nice,P008,Smartphone,Électronique,20000,427,64,761,2.14,Non,Non,7.2
2025-12-29,E06,Nice-Est,S06,Nice,P009,TV 4K,Électronique,20000,1070,58,1528,5.35,Non,Non,28.6
2025-12-29,E06,Nice-Est,S06,Nice,P010,Casque audio,Électronique,20000,766,38,900,3.83,Non,Non,23.0
2025-12-29,E07,Bordeaux-Centre,S07,Bordeaux,P001,Lait demi-écrémé,Alimentaire,22000,305,83,1783,1.39,Non,Non,10.1
2025-12-29,E07,Bordeaux-Centre,S07,Bordeaux,P002,Riz 1kg,Alimentaire,22000,131,57,880,0.6,Non,Non,19.5
2025-12-29,E07,Bordeaux-Centre,S07,Bordeaux,P003,Pâtes 500g,Alimentaire,22000,239,45,1169,1.09,Non,Non,3.0
2025-12-29,E07,Bordeaux-Centre,S07,Bordeaux,P004,Shampoing,Droguerie,22000,1391,79,1578,6.32,Non,Non,17.2
2025-12-29,E07,Bordeaux-Centre,S07,Bordeaux,P005,Lessive,Droguerie,22000,51,43,1633,0.23,Non,Non,10.6
2025-12-29,E07,Bordeaux-Centre,S07,Bordeaux,P006,T-shirt homme,Textile,22000,344,51,1015,1.56,Non,Non,11.6
2025-12-29,E07,Bordeaux-Centre,S07,Bordeaux,P007,Jeans,Textile,22000,382,90,1579,1.74,Non,Non,15.8
2025-12-29,E07,Bordeaux-Centre,S07,Bordeaux,P008,Smartphone,Électronique,22000,7,80,825,0.03,Oui,Non,29.6
2025-12-29,E07,Bordeaux-Centre,S07,Bordeaux,P009,TV 4K,Électronique,22000,968,76,1312,4.4,Non,Non,13.6
2025-12-29,E07,Bordeaux-Centre,S07,Bordeaux,P010,Casque audio,Électronique,22000,90,68,1951,0.41,Non,Non,16.4
2025-12-29,E08,Nantes-Atlantique,S08,Nantes,P001,Lait demi-écrémé,Alimentaire,24000,1014,89,1618,4.23,Non,Non,9.7
2025-12-29,E08,Nantes-Atlantique,S08,Nantes,P002,Riz 1kg,Alimentaire,24000,161,84,1414,0.67,Non,Non,22.0
2025-12-29,E08,Nantes-Atlantique,S08,Nantes,P003,Pâtes 500g,Alimentaire,24000,483,36,613,2.01,Non,Non,10.1
2025-12-29,E08,Nantes-Atlantique,S08,Nantes,P004,Shampoing,Droguerie,24000,1724,29,1900,7.18,Non,Oui,24.8
2025-12-29,E08,Nantes-Atlantique,S08,Nantes,P005,Lessive,Droguerie,24000,737,69,1637,3.07,Non,Non,18.5
2025-12-29,E08,Nantes-Atlantique,S08,Nantes,P006,T-shirt homme,Textile,24000,279,33,1260,1.16,Non,Non,12.5
2025-12-29,E08,Nantes-Atlantique,S08,Nantes,P007,Jeans,Textile,24000,1341,32,1844,5.59,Non,Non,2.0
2025-12-29,E08,Nantes-Atlantique,S08,Nantes,P008,Smartphone,Électronique,24000,1840,57,1957,7.67,Non,Oui,28.3
2025-12-29,E08,Nantes-Atlantique,S08,Nantes,P009,TV 4K,Électronique,24000,450,52,1039,1.88,Non,Non,1.1
2025-12-29,E08,Nantes-Atlantique,S08,Nantes,P010,Casque audio,Électronique,24000,396,35,531,1.65,Non,Non,3.4
