order_id,supplier_id,supplier_name,pays_origine,categorie,product_id,product_name,date_commande,date_livraison,delai_prevu_j,delai_reel_j,retard_j,quantite_commandee,prix_unitaire,montant_total,taux_fiabilite,conformite_qualite
ORD00001,F002,RizImport SAS,Italie,Alimentaire,P002,Riz 1kg,2025-01-13,2025-01-22,5,9,4,613,110.58,67785.54,0.78,Oui
ORD00002,F009,TVGlobal,Corée du Sud,Électronique,P009,TV 4K,2025-02-14,2025-03-14,25,28,3,914,14.79,13518.06,0.77,Oui
ORD00003,F010,AudioMax,Chine,Électronique,P010,Casque audio,2025-01-14,2025-02-04,18,21,3,457,322.35,147313.95,0.93,Oui
ORD00004,F008,TechDistrib,Chine,Électronique,P008,Smartphone,2025-10-29,2025-11-20,21,22,1,1707,391.25,667863.75,0.94,Oui
ORD00005,F007,DenimCo,Turquie,Textile,P007,Jeans,2025-06-24,2025-07-09,14,15,1,368,97.28,35799.04,0.94,Oui
ORD00006,F007,DenimCo,Turquie,Textile,P007,Jeans,2025-02-19,2025-03-06,14,15,1,1785,155.11,276871.35,0.82,Oui
ORD00007,F008,TechDistrib,Chine,Électronique,P008,Smartphone,2025-10-02,2025-10-22,21,20,0,1938,170.65,330719.7,0.89,Oui
ORD00008,F010,AudioMax,Chine,Électronique,P010,Casque audio,2025-07-05,2025-07-26,18,21,3,443,317.21,140524.03,0.76,Oui
ORD00009,F005,CleanHome,France,Droguerie,P005,Lessive,2025-02-10,2025-02-13,3,3,0,1824,45.9,83721.6,0.82,Oui
ORD00010,F006,FashionBasic,Portugal,Textile,P006,T-shirt homme,2025-03-25,2025-04-05,10,11,1,777,94.67,73558.59,0.82,Non
ORD00011,F002,RizImport SAS,Italie,Alimentaire,P002,Riz 1kg,2025-11-08,2025-11-17,5,9,4,400,240.6,96240.0,0.81,Oui
ORD00012,F005,CleanHome,France,Droguerie,P005,Lessive,2025-11-24,2025-12-01,3,7,4,1190,99.22,118071.8,0.83,Oui
ORD00013,F001,LaLaiterie SA,France,Alimentaire,P001,Lait demi-écrémé,2025-04-28,2025-04-29,2,1,0,1698,142.3,241625.4,0.82,Oui
ORD00014,F010,AudioMax,Chine,Électronique,P010,Casque audio,2025-06-11,2025-06-29,18,18,0,1392,224.9,313060.8,0.97,Oui
ORD00015,F003,PâtesItalia,Italie,Alimentaire,P003,Pâtes 500g,2025-05-16,2025-05-20,4,4,0,555,335.37,186130.35,0.88,Oui
ORD00016,F007,DenimCo,Turquie,Textile,P007,Jeans,2025-10-26,2025-11-11,14,16,2,791,99.08,78372.28,1.0,Oui
ORD00017,F002,RizImport SAS,Italie,Alimentaire,P002,Riz 1kg,2025-01-25,2025-01-29,5,4,0,363,282.54,102562.02,0.95,Oui
ORD00018,F002,RizImport SAS,Italie,Alimentaire,P002,Riz 1kg,2025-07-17,2025-07-24,5,7,2,1270,448.26,569290.2,0.88,Non
ORD00019,F001,LaLaiterie SA,France,Alimentaire,P001,Lait demi-écrémé,2025-12-15,2025-12-21,2,6,4,284,306.93,87168.12,0.88,Oui
ORD00020,F006,FashionBasic,Portugal,Textile,P006,T-shirt homme,2025-02-27,2025-03-10,10,11,1,940,71.59,67294.6,0.75,Oui
ORD00021,F005,CleanHome,France,Droguerie,P005,Lessive,2025-09-14,2025-09-17,3,3,0,1089,410.73,447284.97,0.97,Oui
ORD00022,F009,TVGlobal,Corée du Sud,Électronique,P009,TV 4K,2025-11-08,2025-12-03,25,25,0,363,168.57,61190.91,0.79,Non
ORD00023,F009,TVGlobal,Corée du Sud,Électronique,P009,TV 4K,2025-01-01,2025-01-29,25,28,3,713,220.13,156952.69,0.78,Oui
ORD00024,F005,CleanHome,France,Droguerie,P005,Lessive,2025-05-03,2025-05-05,3,2,0,543,395.17,214577.31,0.99,Oui
ORD00025,F008,TechDistrib,Chine,Électronique,P008,Smartphone,2025-02-05,2025-03-01,21,24,3,1618,57.03,92274.54,0.91,Non
ORD00026,F003,PâtesItalia,Italie,Alimentaire,P003,Pâtes 500g,2025-05-16,2025-05-23,4,7,3,1836,273.16,501521.76,0.99,Non
ORD00027,F004,BeautyPro,Allemagne,Droguerie,P004,Shampoing,2025-06-09,2025-06-17,6,8,2,1425,292.62,416983.5,0.86,Oui
ORD00028,F002,RizImport SAS,Italie,Alimentaire,P002,Riz 1kg,2025-05-07,2025-05-12,5,5,0,181,152.47,27597.07,0.9,Oui
ORD00029,F004,BeautyPro,Allemagne,Droguerie,P004,Shampoing,2025-01-04,2025-01-09,6,5,0,1499,284.18,425985.82,0.81,Oui
ORD00030,F006,FashionBasic,Portugal,Textile,P006,T-shirt homme,2025-02-06,2025-02-19,10,13,3,537,125.68,67490.16,0.87,Oui
ORD00031,F010,AudioMax,Chine,Électronique,P010,Casque audio,2025-10-23,2025-11-12,18,20,2,547,353.19,193194.93,0.95,Oui
ORD00032,F002,RizImport SAS,Italie,Alimentaire,P002,Riz 1kg,2025-12-04,2025-12-11,5,7,2,775,190.9,147947.5,0.87,Oui
ORD00033,F002,RizImport SAS,Italie,Alimentaire,P002,Riz 1kg,2025-02-01,2025-02-08,5,7,2,1541,153.02,235803.82,0.97,Oui
ORD00034,F004,BeautyPro,Allemagne,Droguerie,P004,Shampoing,2025-10-02,2025-10-10,6,8,2,337,190.14,64077.18,0.82,Oui
ORD00035,F002,RizImport SAS,Italie,Alimentaire,P002,Riz 1kg,2025-08-15,2025-08-23,5,8,3,250,23.24,5810.0,1.0,Oui
ORD00036,F002,RizImport SAS,Italie,Alimentaire,P002,Riz 1kg,2025-05-02,2025-05-07,5,5,0,882,218.8,192981.6,0.8,Oui
ORD00037,F001,LaLaiterie SA,France,Alimentaire,P001,Lait demi-écrémé,2025-03-26,2025-03-30,2,4,2,54,443.4,23943.6,0.82,Oui
ORD00038,F008,TechDistrib,Chine,Électronique,P008,Smartphone,2025-05-27,2025-06-19,21,23,2,1476,430.81,635875.56,1.0,Oui
ORD00039,F008,TechDistrib,Chine,Électronique,P008,Smartphone,2025-03-21,2025-04-11,21,21,0,657,98.36,64622.52,0.76,Oui
ORD00040,F001,LaLaiterie SA,France,Alimentaire,P001,Lait demi-écrémé,2025-06-10,2025-06-11,2,1,0,152,263.09,39989.68,0.88,Oui
ORD00041,F003,PâtesItalia,Italie,Alimentaire,P003,Pâtes 500g,2025-01-30,2025-02-06,4,7,3,214,383.18,82000.52,0.77,Oui
ORD00042,F004,BeautyPro,Allemagne,Droguerie,P004,Shampoing,2025-07-26,2025-07-31,6,5,0,1978,400.68,792545.04,0.81,Oui
ORD00043,F010,AudioMax,Chine,Électronique,P010,Casque audio,2025-02-11,2025-03-03,18,20,2,1396,262.86,366952.56,0.88,Non
ORD00044,F004,BeautyPro,Allemagne,Droguerie,P004,Shampoing,2025-12-09,2025-12-19,6,10,4,693,107.79,74698.47,0.85,Oui
ORD00045,F005,CleanHome,France,Droguerie,P005,Lessive,2025-08-23,2025-08-27,3,4,1,1952,338.46,660673.92,0.77,Oui
ORD00046,F010,AudioMax,Chine,Électronique,P010,Casque audio,2025-02-21,2025-03-10,18,17,0,1151,96.31,110852.81,0.82,Non
ORD00047,F002,RizImport SAS,Italie,Alimentaire,P002,Riz 1kg,2025-05-06,2025-05-12,5,6,1,633,71.41,45202.53,0.96,Oui
ORD00048,F010,AudioMax,Chine,Électronique,P010,Casque audio,2025-12-01,2025-12-22,18,21,3,66,300.7,19846.2,0.89,Non
ORD00049,F002,RizImport SAS,Italie,Alimentaire,P002,Riz 1kg,2025-03-10,2025-03-16,5,6,1,286,400.43,114522.98,0.94,Oui
ORD00050,F005,CleanHome,France,Droguerie,P005,Lessive,2025-11-06,2025-11-09,3,3,0,1519,154.62,234867.78,0.92,Oui
ORD00051,F009,TVGlobal,Corée du Sud,Électronique,P009,TV 4K,2025-09-08,2025-10-04,25,26,1,1904,408.72,778202.88,0.76,Oui
ORD00052,F005,CleanHome,France,Droguerie,P005,Lessive,2025-01-23,2025-01-25,3,2,0,733,347.12,254438.96,0.91,Oui
ORD00053,F008,TechDistrib,Chine,Électronique,P008,Smartphone,2025-10-10,2025-11-04,21,25,4,925,252.63,233682.75,0.78,Non
ORD00054,F003,PâtesItalia,Italie,Alimentaire,P003,Pâtes 500g,2025-10-07,2025-10-10,4,3,0,1759,166.46,292803.14,0.89,Oui
ORD00055,F001,LaLaiterie SA,France,Alimentaire,P001,Lait demi-écrémé,2025-06-07,2025-06-10,2,3,1,1891,419.92,794068.72,0.99,Oui
ORD00056,F006,FashionBasic,Portugal,Textile,P006,T-shirt homme,2025-04-18,2025-05-02,10,14,4,561,300.29,168462.69,0.84,Oui
ORD00057,F007,DenimCo,Turquie,Textile,P007,Jeans,2025-11-14,2025-12-02,14,18,4,366,416.63,152486.58,0.81,Oui
ORD00058,F003,PâtesItalia,Italie,Alimentaire,P003,Pâtes 500g,2025-07-31,2025-08-03,4,3,0,417,331.59,138273.03,0.83,Non
ORD00059,F004,BeautyPro,Allemagne,Droguerie,P004,Shampoing,2025-05-17,2025-05-23,6,6,0,1662,315.72,524726.64,0.85,Oui
ORD00060,F008,TechDistrib,Chine,Électronique,P008,Smartphone,2025-04-24,2025-05-15,21,21,0,1722,413.34,711771.48,0.84,Oui
ORD00061,F004,BeautyPro,Allemagne,Droguerie,P004,Shampoing,2025-04-25,2025-04-30,6,5,0,1401,87.31,122321.31,0.83,Oui
ORD00062,F005,CleanHome,France,Droguerie,P005,Lessive,2025-06-29,2025-07-06,3,7,4,1093,180.16,196914.88,1.0,Oui
ORD00063,F001,LaLaiterie SA,France,Alimentaire,P001,Lait demi-écrémé,2025-03-01,2025-03-04,2,3,1,415,261.48,108514.2,1.0,Oui
ORD00064,F010,AudioMax,Chine,Électronique,P010,Casque audio,2025-08-11,2025-08-30,18,19,1,1542,354.0,545868.0,0.86,Non
ORD00065,F002,RizImport SAS,Italie,Alimentaire,P002,Riz 1kg,2025-07-17,2025-07-25,5,8,3,439,115.0,50485.0,0.93,Oui
ORD00066,F009,TVGlobal,Corée du Sud,Électronique,P009,TV 4K,2025-12-18,2026-01-16,25,29,4,1975,334.01,659669.75,0.92,Oui
ORD00067,F002,RizImport SAS,Italie,Alimentaire,P002,Riz 1kg,2025-12-07,2025-12-13,5,6,1,1326,141.61,187774.86,0.96,Oui
ORD00068,F005,CleanHome,France,Droguerie,P005,Lessive,2025-09-17,2025-09-21,3,4,1,1415,184.07,260459.05,0.85,Oui
ORD00069,F003,PâtesItalia,Italie,Alimentaire,P003,Pâtes 500g,2025-04-09,2025-04-15,4,6,2,1411,423.19,597121.09,0.92,Oui
ORD00070,F010,AudioMax,Chine,Électronique,P010,Casque audio,2025-10-19,2025-11-07,18,19,1,881,246.8,217430.8,0.75,Oui
ORD00071,F007,DenimCo,Turquie,Textile,P007,Jeans,2025-10-24,2025-11-10,14,17,3,1390,145.35,202036.5,0.86,Oui
ORD00072,F009,TVGlobal,Corée du Sud,Électronique,P009,TV 4K,2025-08-31,2025-09-29,25,29,4,397,296.65,117770.05,0.82,Oui
ORD00073,F010,AudioMax,Chine,Électronique,P010,Casque audio,2025-06-21,2025-07-08,18,17,0,1726,428.42,739452.92,0.81,Oui
ORD00074,F004,BeautyPro,Allemagne,Droguerie,P004,Shampoing,2025-03-17,2025-03-22,6,5,0,144,110.56,15920.64,0.87,Oui
ORD00075,F002,RizImport SAS,Italie,Alimentaire,P002,Riz 1kg,2025-08-22,2025-08-29,5,7,2,1864,283.58,528593.12,0.8,Oui
ORD00076,F008,TechDistrib,Chine,Électronique,P008,Smartphone,2025-07-24,2025-08-14,21,21,0,352,295.4,103980.8,0.75,Oui
ORD00077,F002,RizImport SAS,Italie,Alimentaire,P002,Riz 1kg,2025-08-06,2025-08-11,5,5,0,410,361.95,148399.5,0.92,Oui
ORD00078,F009,TVGlobal,Corée du Sud,Électronique,P009,TV 4K,2025-05-08,2025-06-01,25,24,0,984,60.44,59472.96,0.87,Oui
ORD00079,F009,TVGlobal,Corée du Sud,Électronique,P009,TV 4K,2025-11-01,2025-11-27,25,26,1,1995,339.98,678260.1,0.86,Oui
ORD00080,F009,TVGlobal,Corée du Sud,Électronique,P009,TV 4K,2025-08-07,2025-09-04,25,28,3,963,403.8,388859.4,0.94,Oui
ORD00081,F005,CleanHome,France,Droguerie,P005,Lessive,2025-05-07,2025-05-14,3,7,4,617,344.73,212698.41,0.88,Oui
ORD00082,F005,CleanHome,France,Droguerie,P005,Lessive,2025-08-14,2025-08-16,3,2,0,1511,128.93,194813.23,0.82,Oui
ORD00083,F009,TVGlobal,Corée du Sud,Électronique,P009,TV 4K,2025-02-11,2025-03-08,25,25,0,358,104.45,37393.1,0.92,Oui
ORD00084,F002,RizImport SAS,Italie,Alimentaire,P002,Riz 1kg,2025-08-01,2025-08-08,5,7,2,727,244.4,177678.8,0.85,Oui
ORD00085,F007,DenimCo,Turquie,Textile,P007,Jeans,2025-07-19,2025-08-05,14,17,3,1987,313.14,622209.18,0.96,Oui
ORD00086,F007,DenimCo,Turquie,Textile,P007,Jeans,2025-09-02,2025-09-15,14,13,0,1980,158.62,314067.6,0.94,Oui
ORD00087,F007,DenimCo,Turquie,Textile,P007,Jeans,2025-10-03,2025-10-21,14,18,4,1554,245.99,382268.46,0.9,Oui
ORD00088,F004,BeautyPro,Allemagne,Droguerie,P004,Shampoing,2025-05-20,2025-05-28,6,8,2,1044,13.55,14146.2,0.83,Oui
ORD00089,F007,DenimCo,Turquie,Textile,P007,Jeans,2025-03-26,2025-04-11,14,16,2,1933,57.87,111862.71,0.91,Oui
ORD00090,F007,DenimCo,Turquie,Textile,P007,Jeans,2025-10-31,2025-11-17,14,17,3,1407,12.68,17840.76,0.91,Oui
ORD00091,F008,TechDistrib,Chine,Électronique,P008,Smartphone,2025-04-04,2025-04-24,21,20,0,582,170.91,99469.62,0.8,Oui
ORD00092,F007,DenimCo,Turquie,Textile,P007,Jeans,2025-05-23,2025-06-08,14,16,2,566,375.79,212697.14,0.87,Oui
ORD00093,F001,LaLaiterie SA,France,Alimentaire,P001,Lait demi-écrémé,2025-06-29,2025-07-01,2,2,0,1381,31.34,43280.54,0.99,Oui
ORD00094,F001,LaLaiterie SA,France,Alimentaire,P001,Lait demi-écrémé,2025-05-07,2025-05-09,2,2,0,1768,9.66,17078.88,0.79,Oui
ORD00095,F002,RizImport SAS,Italie,Alimentaire,P002,Riz 1kg,2025-10-16,2025-10-21,5,5,0,1002,314.91,315539.82,0.94,Oui
ORD00096,F010,AudioMax,Chine,Électronique,P010,Casque audio,2025-02-28,2025-03-18,18,18,0,687,49.09,33724.83,0.76,Oui
ORD00097,F007,DenimCo,Turquie,Textile,P007,Jeans,2025-07-23,2025-08-10,14,18,4,456,34.66,15804.96,0.92,Oui
ORD00098,F002,RizImport SAS,Italie,Alimentaire,P002,Riz 1kg,2025-12-23,2025-12-29,5,6,1,1791,308.07,551753.37,0.95,Oui
ORD00099,F010,AudioMax,Chine,Électronique,P010,Casque audio,2025-01-22,2025-02-10,18,19,1,1141,193.06,220281.46,0.84,Oui
ORD00100,F006,FashionBasic,Portugal,Textile,P006,T-shirt homme,2025-01-07,2025-01-19,10,12,2,1734,220.85,382953.9,0.86,Oui
ORD00101,F008,TechDistrib,Chine,Électronique,P008,Smartphone,2025-12-29,2026-01-19,21,21,0,941,79.67,74969.47,0.88,Oui
ORD00102,F010,AudioMax,Chine,Électronique,P010,Casque audio,2025-10-03,2025-10-23,18,20,2,1002,196.29,196682.58,0.93,Oui
ORD00103,F004,BeautyPro,Allemagne,Droguerie,P004,Shampoing,2025-02-14,2025-02-21,6,7,1,1855,203.14,376824.7,0.94,Oui
ORD00104,F007,DenimCo,Turquie,Textile,P007,Jeans,2025-06-22,2025-07-05,14,13,0,1062,383.0,406746.0,0.8,Oui
ORD00105,F005,CleanHome,France,Droguerie,P005,Lessive,2025-06-24,2025-06-28,3,4,1,1852,268.47,497206.44,0.97,Oui
ORD00106,F009,TVGlobal,Corée du Sud,Électronique,P009,TV 4K,2025-04-08,2025-05-02,25,24,0,544,324.17,176348.48,0.87,Oui
ORD00107,F008,TechDistrib,Chine,Électronique,P008,Smartphone,2025-11-27,2025-12-22,21,25,4,1055,201.95,213057.25,0.75,Oui
ORD00108,F007,DenimCo,Turquie,Textile,P007,Jeans,2025-12-21,2026-01-04,14,14,0,677,298.95,202389.15,0.84,Oui
ORD00109,F006,FashionBasic,Portugal,Textile,P006,T-shirt homme,2025-08-06,2025-08-20,10,14,4,1177,149.19,175596.63,0.93,Oui
ORD00110,F005,CleanHome,France,Droguerie,P005,Lessive,2025-04-29,2025-05-01,3,2,0,1527,87.07,132955.89,0.78,Oui
ORD00111,F003,PâtesItalia,Italie,Alimentaire,P003,Pâtes 500g,2025-04-09,2025-04-13,4,4,0,1562,218.15,340750.3,0.93,Non
ORD00112,F009,TVGlobal,Corée du Sud,Électronique,P009,TV 4K,2025-11-02,2025-11-28,25,26,1,255,374.77,95566.35,0.82,Oui
ORD00113,F005,CleanHome,France,Droguerie,P005,Lessive,2025-01-08,2025-01-15,3,7,4,1143,57.4,65608.2,0.76,Oui
ORD00114,F005,CleanHome,France,Droguerie,P005,Lessive,2025-12-24,2025-12-27,3,3,0,1356,390.87,530019.72,0.87,Oui
ORD00115,F010,AudioMax,Chine,Électronique,P010,Casque audio,2025-05-26,2025-06-15,18,20,2,1030,198.49,204444.7,0.8,Oui
ORD00116,F008,TechDistrib,Chine,Électronique,P008,Smartphone,2025-02-28,2025-03-20,21,20,0,870,221.54,192739.8,0.89,Oui
ORD00117,F003,PâtesItalia,Italie,Alimentaire,P003,Pâtes 500g,2025-03-18,2025-03-25,4,7,3,1993,137.07,273180.51,1.0,Oui
ORD00118,F007,DenimCo,Turquie,Textile,P007,Jeans,2025-11-07,2025-11-24,14,17,3,1669,278.48,464783.12,0.94,Oui
ORD00119,F008,TechDistrib,Chine,Électronique,P008,Smartphone,2025-06-02,2025-06-26,21,24,3,928,137.77,127850.56,0.91,Oui
ORD00120,F002,RizImport SAS,Italie,Alimentaire,P002,Riz 1kg,2025-04-17,2025-04-26,5,9,4,482,119.46,57579.72,0.77,Oui
ORD00121,F009,TVGlobal,Corée du Sud,Électronique,P009,TV 4K,2025-02-08,2025-03-05,25,25,0,55,184.13,10127.15,0.92,Oui
ORD00122,F001,LaLaiterie SA,France,Alimentaire,P001,Lait demi-écrémé,2025-04-29,2025-05-02,2,3,1,1497,127.58,190987.26,0.96,Oui
ORD00123,F004,BeautyPro,Allemagne,Droguerie,P004,Shampoing,2025-05-16,2025-05-26,6,10,4,1257,297.7,374208.9,0.98,Oui
ORD00124,F009,TVGlobal,Corée du Sud,Électronique,P009,TV 4K,2025-04-26,2025-05-25,25,29,4,355,408.83,145134.65,0.96,Oui
ORD00125,F003,PâtesItalia,Italie,Alimentaire,P003,Pâtes 500g,2025-06-07,2025-06-14,4,7,3,1583,371.0,587293.0,0.98,Oui
ORD00126,F008,TechDistrib,Chine,Électronique,P008,Smartphone,2025-12-19,2026-01-10,21,22,1,1483,181.43,269060.69,0.82,Oui
ORD00127,F008,TechDistrib,Chine,Électronique,P008,Smartphone,2025-02-11,2025-03-07,21,24,3,131,400.3,52439.3,0.93,Oui
ORD00128,F001,LaLaiterie SA,France,Alimentaire,P001,Lait demi-écrémé,2025-02-16,2025-02-18,2,2,0,1430,376.26,538051.8,0.89,Non
ORD00129,F005,CleanHome,France,Droguerie,P005,Lessive,2025-10-23,2025-10-25,3,2,0,1612,340.44,548789.28,0.87,Oui
ORD00130,F005,CleanHome,France,Droguerie,P005,Lessive,2025-04-03,2025-04-09,3,6,3,942,285.84,269261.28,0.87,Oui
ORD00131,F006,FashionBasic,Portugal,Textile,P006,T-shirt homme,2025-07-29,2025-08-09,10,11,1,707,301.73,213323.11,0.96,Oui
ORD00132,F008,TechDistrib,Chine,Électronique,P008,Smartphone,2025-05-28,2025-06-22,21,25,4,1985,180.5,358292.5,0.94,Oui
ORD00133,F002,RizImport SAS,Italie,Alimentaire,P002,Riz 1kg,2025-06-11,2025-06-17,5,6,1,712,52.61,37458.32,0.94,Oui
ORD00134,F001,LaLaiterie SA,France,Alimentaire,P001,Lait demi-écrémé,2025-12-03,2025-12-08,2,5,3,996,186.25,185505.0,0.8,Oui
ORD00135,F008,TechDistrib,Chine,Électronique,P008,Smartphone,2025-11-17,2025-12-10,21,23,2,1606,23.7,38062.2,0.82,Oui
ORD00136,F005,CleanHome,France,Droguerie,P005,Lessive,2025-08-13,2025-08-20,3,7,4,1042,55.08,57393.36,0.99,Oui
ORD00137,F004,BeautyPro,Allemagne,Droguerie,P004,Shampoing,2025-12-30,2026-01-05,6,6,0,686,248.1,170196.6,0.89,Oui
ORD00138,F002,RizImport SAS,Italie,Alimentaire,P002,Riz 1kg,2025-08-25,2025-08-29,5,4,0,1376,374.55,515380.8,0.87,Oui
ORD00139,F009,TVGlobal,Corée du Sud,Électronique,P009,TV 4K,2025-12-28,2026-01-23,25,26,1,900,375.71,338139.0,1.0,Oui
ORD00140,F009,TVGlobal,Corée du Sud,Électronique,P009,TV 4K,2025-03-16,2025-04-12,25,27,2,440,414.88,182547.2,0.88,Oui
ORD00141,F002,RizImport SAS,Italie,Alimentaire,P002,Riz 1kg,2025-05-22,2025-05-29,5,7,2,746,420.44,313648.24,0.88,Oui
ORD00142,F005,CleanHome,France,Droguerie,P005,Lessive,2025-06-02,2025-06-08,3,6,3,1237,449.51,556043.87,0.87,Oui
ORD00143,F009,TVGlobal,Corée du Sud,Électronique,P009,TV 4K,2025-09-05,2025-10-01,25,26,1,730,248.59,181470.7,0.89,Oui
ORD00144,F006,FashionBasic,Portugal,Textile,P006,T-shirt homme,2025-04-07,2025-04-21,10,14,4,539,257.52,138803.28,0.81,Oui
ORD00145,F001,LaLaiterie SA,France,Alimentaire,P001,Lait demi-écrémé,2025-06-12,2025-06-18,2,6,4,1018,317.5,323215.0,0.95,Oui
ORD00146,F003,PâtesItalia,Italie,Alimentaire,P003,Pâtes 500g,2025-09-11,2025-09-14,4,3,0,308,226.28,69694.24,0.9,Oui
ORD00147,F008,TechDistrib,Chine,Électronique,P008,Smartphone,2025-02-21,2025-03-17,21,24,3,1914,205.89,394073.46,0.93,Oui
ORD00148,F003,PâtesItalia,Italie,Alimentaire,P003,Pâtes 500g,2025-02-08,2025-02-14,4,6,2,1650,436.16,719664.0,0.83,Oui
ORD00149,F002,RizImport SAS,Italie,Alimentaire,P002,Riz 1kg,2025-06-18,2025-06-27,5,9,4,1809,240.36,434811.24,0.99,Oui
ORD00150,F008,TechDistrib,Chine,Électronique,P008,Smartphone,2025-10-05,2025-10-25,21,20,0,1314,31.26,41075.64,0.91,Non
ORD00151,F004,BeautyPro,Allemagne,Droguerie,P004,Shampoing,2025-02-16,2025-02-24,6,8,2,251,342.29,85914.79,0.93,Oui
ORD00152,F003,PâtesItalia,Italie,Alimentaire,P003,Pâtes 500g,2025-12-22,2025-12-27,4,5,1,1900,13.51,25669.0,0.83,Oui
ORD00153,F006,FashionBasic,Portugal,Textile,P006,T-shirt homme,2025-07-11,2025-07-23,10,12,2,348,110.27,38373.96,0.85,Oui
ORD00154,F003,PâtesItalia,Italie,Alimentaire,P003,Pâtes 500g,2025-03-29,2025-04-02,4,4,0,211,274.47,57913.17,0.85,Oui
ORD00155,F008,TechDistrib,Chine,Électronique,P008,Smartphone,2025-10-26,2025-11-16,21,21,0,525,207.79,109089.75,0.81,Oui
ORD00156,F001,LaLaiterie SA,France,Alimentaire,P001,Lait demi-écrémé,2025-08-27,2025-08-30,2,3,1,1437,246.2,353789.4,0.77,Non
ORD00157,F010,AudioMax,Chine,Électronique,P010,Casque audio,2025-06-03,2025-06-25,18,22,4,918,310.8,285314.4,0.86,Oui
ORD00158,F007,DenimCo,Turquie,Textile,P007,Jeans,2025-09-05,2025-09-18,14,13,0,535,171.92,91977.2,0.84,Oui
ORD00159,F005,CleanHome,France,Droguerie,P005,Lessive,2025-01-12,2025-01-19,3,7,4,860,123.88,106536.8,0.89,Oui
ORD00160,F001,LaLaiterie SA,France,Alimentaire,P001,Lait demi-écrémé,2025-11-07,2025-11-13,2,6,4,1067,374.86,399975.62,0.98,Oui
ORD00161,F004,BeautyPro,Allemagne,Droguerie,P004,Shampoing,2025-11-07,2025-11-14,6,7,1,498,286.66,142756.68,0.91,Oui
ORD00162,F003,PâtesItalia,Italie,Alimentaire,P003,Pâtes 500g,2025-11-18,2025-11-21,4,3,0,1900,282.54,536826.0,0.76,Oui
ORD00163,F001,LaLaiterie SA,France,Alimentaire,P001,Lait demi-écrémé,2025-10-24,2025-10-27,2,3,1,1549,59.57,92273.93,0.98,Oui
ORD00164,F007,DenimCo,Turquie,Textile,P007,Jeans,2025-03-31,2025-04-14,14,14,0,320,354.04,113292.8,0.97,Oui
ORD00165,F009,TVGlobal,Corée du Sud,Électronique,P009,TV 4K,2025-05-20,2025-06-14,25,25,0,576,411.37,236949.12,0.99,Non
ORD00166,F005,CleanHome,France,Droguerie,P005,Lessive,2025-06-23,2025-06-25,3,2,0,1009,433.32,437219.88,0.79,Non
ORD00167,F007,DenimCo,Turquie,Textile,P007,Jeans,2025-10-13,2025-10-28,14,15,1,234,355.91,83282.94,0.75,Oui
ORD00168,F008,TechDistrib,Chine,Électronique,P008,Smartphone,2025-07-08,2025-08-02,21,25,4,1583,302.72,479205.76,0.9,Oui
ORD00169,F006,FashionBasic,Portugal,Textile,P006,T-shirt homme,2025-02-25,2025-03-11,10,14,4,528,212.43,112163.04,0.9,Non
ORD00170,F006,FashionBasic,Portugal,Textile,P006,T-shirt homme,2025-11-09,2025-11-19,10,10,0,1376,28.92,39793.92,0.96,Oui
ORD00171,F005,CleanHome,France,Droguerie,P005,Lessive,2025-11-29,2025-12-04,3,5,2,288,63.33,18239.04,0.99,Oui
ORD00172,F008,TechDistrib,Chine,Électronique,P008,Smartphone,2025-03-01,2025-03-21,21,20,0,530,399.32,211639.6,0.78,Oui
ORD00173,F009,TVGlobal,Corée du Sud,Électronique,P009,TV 4K,2025-08-03,2025-08-31,25,28,3,1570,327.11,513562.7,0.97,Oui
ORD00174,F008,TechDistrib,Chine,Électronique,P008,Smartphone,2025-11-12,2025-12-05,21,23,2,1973,428.21,844858.33,0.76,Oui
ORD00175,F008,TechDistrib,Chine,Électronique,P008,Smartphone,2025-08-16,2025-09-06,21,21,0,1801,163.53,294517.53,1.0,Oui
ORD00176,F006,FashionBasic,Portugal,Textile,P006,T-shirt homme,2025-02-01,2025-02-13,10,12,2,615,85.82,52779.3,0.78,Oui
ORD00177,F008,TechDistrib,Chine,Électronique,P008,Smartphone,2025-02-16,2025-03-13,21,25,4,484,288.95,139851.8,0.9,Oui
ORD00178,F006,FashionBasic,Portugal,Textile,P006,T-shirt homme,2025-05-05,2025-05-15,10,10,0,1661,254.28,422359.08,0.77,Oui
ORD00179,F004,BeautyPro,Allemagne,Droguerie,P004,Shampoing,2025-10-28,2025-11-03,6,6,0,1715,391.43,671302.45,0.83,Oui
ORD00180,F010,AudioMax,Chine,Électronique,P010,Casque audio,2025-01-02,2025-01-21,18,19,1,1808,442.82,800618.56,1.0,Oui
ORD00181,F003,PâtesItalia,Italie,Alimentaire,P003,Pâtes 500g,2025-02-26,2025-03-06,4,8,4,1824,12.09,22052.16,0.75,Oui
ORD00182,F004,BeautyPro,Allemagne,Droguerie,P004,Shampoing,2025-10-29,2025-11-05,6,7,1,82,78.82,6463.24,0.76,Oui
ORD00183,F009,TVGlobal,Corée du Sud,Électronique,P009,TV 4K,2025-02-28,2025-03-29,25,29,4,180,214.57,38622.6,0.94,Oui
ORD00184,F002,RizImport SAS,Italie,Alimentaire,P002,Riz 1kg,2025-08-20,2025-08-28,5,8,3,503,425.46,214006.38,0.76,Oui
ORD00185,F009,TVGlobal,Corée du Sud,Électronique,P009,TV 4K,2025-06-04,2025-07-01,25,27,2,1367,433.83,593045.61,0.77,Oui
ORD00186,F007,DenimCo,Turquie,Textile,P007,Jeans,2025-08-07,2025-08-25,14,18,4,271,220.88,59858.48,0.98,Oui
ORD00187,F002,RizImport SAS,Italie,Alimentaire,P002,Riz 1kg,2025-06-14,2025-06-22,5,8,3,353,30.02,10597.06,0.82,Oui
ORD00188,F009,TVGlobal,Corée du Sud,Électronique,P009,TV 4K,2025-12-31,2026-01-26,25,26,1,830,447.59,371499.7,0.88,Oui
ORD00189,F010,AudioMax,Chine,Électronique,P010,Casque audio,2025-08-09,2025-08-26,18,17,0,1674,315.95,528900.3,0.96,Oui
ORD00190,F009,TVGlobal,Corée du Sud,Électronique,P009,TV 4K,2025-04-21,2025-05-18,25,27,2,974,399.7,389307.8,0.85,Oui
ORD00191,F007,DenimCo,Turquie,Textile,P007,Jeans,2025-08-01,2025-08-19,14,18,4,244,140.99,34401.56,0.83,Oui
ORD00192,F003,PâtesItalia,Italie,Alimentaire,P003,Pâtes 500g,2025-12-18,2025-12-24,4,6,2,187,41.51,7762.37,0.77,Oui
ORD00193,F006,FashionBasic,Portugal,Textile,P006,T-shirt homme,2025-03-08,2025-03-21,10,13,3,172,264.12,45428.64,0.89,Oui
ORD00194,F002,RizImport SAS,Italie,Alimentaire,P002,Riz 1kg,2025-07-30,2025-08-05,5,6,1,1839,299.57,550909.23,0.94,Oui
ORD00195,F001,LaLaiterie SA,France,Alimentaire,P001,Lait demi-écrémé,2025-05-28,2025-06-02,2,5,3,689,158.56,109247.84,0.89,Oui
ORD00196,F008,TechDistrib,Chine,Électronique,P008,Smartphone,2025-04-25,2025-05-15,21,20,0,767,380.5,291843.5,0.84,Oui
ORD00197,F010,AudioMax,Chine,Électronique,P010,Casque audio,2025-04-26,2025-05-16,18,20,2,1780,252.65,449717.0,0.94,Oui
ORD00198,F009,TVGlobal,Corée du Sud,Électronique,P009,TV 4K,2025-01-14,2025-02-11,25,28,3,1952,296.2,578182.4,0.92,Oui
ORD00199,F005,CleanHome,France,Droguerie,P005,Lessive,2025-12-26,2025-12-30,3,4,1,1937,153.25,296845.25,0.75,Oui
ORD00200,F010,AudioMax,Chine,Électronique,P010,Casque audio,2025-12-03,2025-12-23,18,20,2,192,64.27,12339.84,0.91,Oui
ORD00201,F009,TVGlobal,Corée du Sud,Électronique,P009,TV 4K,2025-04-21,2025-05-18,25,27,2,909,204.41,185808.69,0.79,Oui
ORD00202,F006,FashionBasic,Portugal,Textile,P006,T-shirt homme,2025-10-18,2025-10-31,10,13,3,223,397.56,88655.88,0.79,Oui
ORD00203,F001,LaLaiterie SA,France,Alimentaire,P001,Lait demi-écrémé,2025-12-12,2025-12-13,2,1,0,607,199.68,121205.76,0.86,Oui
ORD00204,F007,DenimCo,Turquie,Textile,P007,Jeans,2025-05-20,2025-06-03,14,14,0,1596,230.8,368356.8,0.84,Oui
ORD00205,F010,AudioMax,Chine,Électronique,P010,Casque audio,2025-09-07,2025-09-28,18,21,3,1416,139.13,197008.08,0.81,Non
ORD00206,F001,LaLaiterie SA,France,Alimentaire,P001,Lait demi-écrémé,2025-01-04,2025-01-06,2,2,0,667,425.42,283755.14,0.94,Oui
ORD00207,F005,CleanHome,France,Droguerie,P005,Lessive,2025-06-17,2025-06-19,3,2,0,65,224.07,14564.55,0.86,Oui
ORD00208,F009,TVGlobal,Corée du Sud,Électronique,P009,TV 4K,2025-12-27,2026-01-21,25,25,0,1074,251.65,270272.1,0.92,Oui
ORD00209,F007,DenimCo,Turquie,Textile,P007,Jeans,2025-01-22,2025-02-07,14,16,2,88,207.16,18230.08,0.77,Oui
ORD00210,F007,DenimCo,Turquie,Textile,P007,Jeans,2025-10-21,2025-11-06,14,16,2,1503,288.24,433224.72,0.82,Oui
ORD00211,F006,FashionBasic,Portugal,Textile,P006,T-shirt homme,2025-03-29,2025-04-11,10,13,3,992,374.5,371504.0,0.98,Oui
ORD00212,F002,RizImport SAS,Italie,Alimentaire,P002,Riz 1kg,2025-05-05,2025-05-12,5,7,2,1256,180.5,226708.0,0.77,Oui
ORD00213,F006,FashionBasic,Portugal,Textile,P006,T-shirt homme,2025-04-24,2025-05-05,10,11,1,1645,76.08,125151.6,0.88,Oui
ORD00214,F009,TVGlobal,Corée du Sud,Électronique,P009,TV 4K,2025-04-10,2025-05-06,25,26,1,769,327.46,251816.74,0.95,Oui
ORD00215,F004,BeautyPro,Allemagne,Droguerie,P004,Shampoing,2025-02-22,2025-02-28,6,6,0,574,89.17,51183.58,0.9,Oui
ORD00216,F002,RizImport SAS,Italie,Alimentaire,P002,Riz 1kg,2025-04-01,2025-04-10,5,9,4,1061,209.05,221802.05,0.89,Oui
ORD00217,F010,AudioMax,Chine,Électronique,P010,Casque audio,2025-11-26,2025-12-18,18,22,4,1329,145.78,193741.62,0.99,Oui
ORD00218,F008,TechDistrib,Chine,Électronique,P008,Smartphone,2025-02-04,2025-02-27,21,23,2,955,284.31,271516.05,0.95,Oui
ORD00219,F006,FashionBasic,Portugal,Textile,P006,T-shirt homme,2025-09-17,2025-09-26,10,9,0,685,208.05,142514.25,0.76,Oui
ORD00220,F005,CleanHome,France,Droguerie,P005,Lessive,2025-02-09,2025-02-16,3,7,4,1819,439.83,800050.77,0.77,Oui
ORD00221,F007,DenimCo,Turquie,Textile,P007,Jeans,2025-08-25,2025-09-11,14,17,3,1185,429.43,508874.55,0.93,Oui
ORD00222,F010,AudioMax,Chine,Électronique,P010,Casque audio,2025-11-30,2025-12-18,18,18,0,708,272.45,192894.6,0.88,Non
ORD00223,F008,TechDistrib,Chine,Électronique,P008,Smartphone,2025-02-22,2025-03-16,21,22,1,1512,38.41,58075.92,0.91,Oui
ORD00224,F008,TechDistrib,Chine,Électronique,P008,Smartphone,2025-08-13,2025-09-06,21,24,3,1120,274.61,307563.2,0.84,Oui
ORD00225,F007,DenimCo,Turquie,Textile,P007,Jeans,2025-07-29,2025-08-13,14,15,1,1440,269.25,387720.0,0.95,Oui
ORD00226,F002,RizImport SAS,Italie,Alimentaire,P002,Riz 1kg,2025-06-18,2025-06-22,5,4,0,1192,305.43,364072.56,0.82,Oui
ORD00227,F010,AudioMax,Chine,Électronique,P010,Casque audio,2025-03-18,2025-04-06,18,19,1,216,262.44,56687.04,0.79,Oui
ORD00228,F007,DenimCo,Turquie,Textile,P007,Jeans,2025-03-08,2025-03-25,14,17,3,1501,422.13,633617.13,0.83,Oui
ORD00229,F006,FashionBasic,Portugal,Textile,P006,T-shirt homme,2025-03-07,2025-03-21,10,14,4,1489,373.12,555575.68,0.93,Oui
ORD00230,F009,TVGlobal,Corée du Sud,Électronique,P009,TV 4K,2025-02-17,2025-03-18,25,29,4,1423,190.82,271536.86,0.84,Oui
ORD00231,F003,PâtesItalia,Italie,Alimentaire,P003,Pâtes 500g,2025-04-20,2025-04-25,4,5,1,1990,344.89,686331.1,0.8,Non
ORD00232,F003,PâtesItalia,Italie,Alimentaire,P003,Pâtes 500g,2025-02-09,2025-02-14,4,5,1,1779,354.76,631118.04,0.88,Oui
ORD00233,F009,TVGlobal,Corée du Sud,Électronique,P009,TV 4K,2025-01-20,2025-02-18,25,29,4,739,394.44,291491.16,0.9,Oui
ORD00234,F003,PâtesItalia,Italie,Alimentaire,P003,Pâtes 500g,2025-03-25,2025-03-29,4,4,0,1752,311.93,546501.36,0.91,Oui
ORD00235,F008,TechDistrib,Chine,Électronique,P008,Smartphone,2025-01-23,2025-02-15,21,23,2,796,304.53,242405.88,0.81,Oui
ORD00236,F005,CleanHome,France,Droguerie,P005,Lessive,2025-08-18,2025-08-21,3,3,0,1143,108.01,123455.43,0.99,Oui
ORD00237,F004,BeautyPro,Allemagne,Droguerie,P004,Shampoing,2025-07-08,2025-07-18,6,10,4,1989,256.9,510974.1,0.86,Oui
ORD00238,F007,DenimCo,Turquie,Textile,P007,Jeans,2025-09-15,2025-10-02,14,17,3,907,434.84,394399.88,0.95,Oui
ORD00239,F003,PâtesItalia,Italie,Alimentaire,P003,Pâtes 500g,2025-05-09,2025-05-12,4,3,0,1363,216.53,295130.39,0.84,Non
ORD00240,F009,TVGlobal,Corée du Sud,Électronique,P009,TV 4K,2025-03-05,2025-03-31,25,26,1,221,343.52,75917.92,0.82,Oui
ORD00241,F003,PâtesItalia,Italie,Alimentaire,P003,Pâtes 500g,2025-08-12,2025-08-15,4,3,0,1988,409.77,814622.76,0.95,Oui
ORD00242,F001,LaLaiterie SA,France,Alimentaire,P001,Lait demi-écrémé,2025-08-01,2025-08-02,2,1,0,861,226.15,194715.15,0.81,Non
ORD00243,F006,FashionBasic,Portugal,Textile,P006,T-shirt homme,2025-04-25,2025-05-04,10,9,0,702,418.91,294074.82,0.96,Oui
ORD00244,F003,PâtesItalia,Italie,Alimentaire,P003,Pâtes 500g,2025-03-12,2025-03-15,4,3,0,637,412.87,262998.19,0.87,Oui
ORD00245,F008,TechDistrib,Chine,Électronique,P008,Smartphone,2025-08-18,2025-09-11,21,24,3,60,407.68,24460.8,0.75,Oui
ORD00246,F003,PâtesItalia,Italie,Alimentaire,P003,Pâtes 500g,2025-10-08,2025-10-16,4,8,4,1296,237.73,308098.08,0.78,Oui
ORD00247,F005,CleanHome,France,Droguerie,P005,Lessive,2025-03-04,2025-03-06,3,2,0,538,189.21,101794.98,0.95,Oui
ORD00248,F002,RizImport SAS,Italie,Alimentaire,P002,Riz 1kg,2025-09-13,2025-09-21,5,8,3,1147,7.89,9049.83,0.88,Oui
ORD00249,F003,PâtesItalia,Italie,Alimentaire,P003,Pâtes 500g,2025-05-30,2025-06-05,4,6,2,53,276.86,14673.58,0.81,Oui
ORD00250,F002,RizImport SAS,Italie,Alimentaire,P002,Riz 1kg,2025-09-26,2025-10-02,5,6,1,188,429.05,80661.4,0.89,Oui
ORD00251,F009,TVGlobal,Corée du Sud,Électronique,P009,TV 4K,2025-10-11,2025-11-04,25,24,0,849,393.06,333707.94,0.76,Oui
ORD00252,F006,FashionBasic,Portugal,Textile,P006,T-shirt homme,2025-05-10,2025-05-24,10,14,4,83,161.01,13363.83,0.77,Oui
ORD00253,F002,RizImport SAS,Italie,Alimentaire,P002,Riz 1kg,2025-10-25,2025-11-03,5,9,4,1599,149.97,239802.03,0.76,Oui
ORD00254,F003,PâtesItalia,Italie,Alimentaire,P003,Pâtes 500g,2025-12-17,2025-12-23,4,6,2,1474,215.6,317794.4,0.8,Oui
ORD00255,F008,TechDistrib,Chine,Électronique,P008,Smartphone,2025-01-19,2025-02-10,21,22,1,462,20.19,9327.78,0.8,Oui
ORD00256,F005,CleanHome,France,Droguerie,P005,Lessive,2025-09-21,2025-09-26,3,5,2,1719,244.59,420450.21,0.81,Oui
ORD00257,F004,BeautyPro,Allemagne,Droguerie,P004,Shampoing,2025-05-27,2025-06-03,6,7,1,1815,351.49,637954.35,0.97,Oui
ORD00258,F002,RizImport SAS,Italie,Alimentaire,P002,Riz 1kg,2025-07-08,2025-07-15,5,7,2,1871,180.31,337360.01,0.86,Non
ORD00259,F006,FashionBasic,Portugal,Textile,P006,T-shirt homme,2025-04-06,2025-04-18,10,12,2,1467,224.14,328813.38,0.98,Oui
ORD00260,F002,RizImport SAS,Italie,Alimentaire,P002,Riz 1kg,2025-08-06,2025-08-10,5,4,0,931,271.3,252580.3,0.96,Oui
ORD00261,F006,FashionBasic,Portugal,Textile,P006,T-shirt homme,2025-02-22,2025-03-03,10,9,0,721,297.58,214555.18,0.83,Oui
ORD00262,F007,DenimCo,Turquie,Textile,P007,Jeans,2025-03-27,2025-04-14,14,18,4,959,158.52,152020.68,0.76,Oui
ORD00263,F006,FashionBasic,Portugal,Textile,P006,T-shirt homme,2025-11-11,2025-11-23,10,12,2,612,287.94,176219.28,0.95,Oui
ORD00264,F007,DenimCo,Turquie,Textile,P007,Jeans,2025-07-06,2025-07-23,14,17,3,1690,337.58,570510.2,0.79,Oui
ORD00265,F010,AudioMax,Chine,Électronique,P010,Casque audio,2025-12-14,2026-01-03,18,20,2,121,57.24,6926.04,0.81,Oui
ORD00266,F006,FashionBasic,Portugal,Textile,P006,T-shirt homme,2025-07-16,2025-07-29,10,13,3,116,272.49,31608.84,0.92,Non
ORD00267,F006,FashionBasic,Portugal,Textile,P006,T-shirt homme,2025-08-16,2025-08-25,10,9,0,1225,62.39,76427.75,0.84,Oui
ORD00268,F005,CleanHome,France,Droguerie,P005,Lessive,2025-05-08,2025-05-10,3,2,0,103,331.19,34112.57,0.87,Oui
ORD00269,F009,TVGlobal,Corée du Sud,Électronique,P009,TV 4K,2025-03-02,2025-03-28,25,26,1,1637,117.5,192347.5,0.86,Non
ORD00270,F005,CleanHome,France,Droguerie,P005,Lessive,2025-12-22,2025-12-27,3,5,2,459,55.63,25534.17,0.96,Oui
ORD00271,F008,TechDistrib,Chine,Électronique,P008,Smartphone,2025-02-14,2025-03-11,21,25,4,1781,443.97,790710.57,0.92,Oui
ORD00272,F009,TVGlobal,Corée du Sud,Électronique,P009,TV 4K,2025-10-05,2025-10-31,25,26,1,1875,135.33,253743.75,0.79,Oui
ORD00273,F003,PâtesItalia,Italie,Alimentaire,P003,Pâtes 500g,2025-07-05,2025-07-12,4,7,3,509,55.05,28020.45,0.8,Oui
ORD00274,F008,TechDistrib,Chine,Électronique,P008,Smartphone,2025-01-14,2025-02-05,21,22,1,1184,257.74,305164.16,0.87,Non
ORD00275,F003,PâtesItalia,Italie,Alimentaire,P003,Pâtes 500g,2025-11-10,2025-11-13,4,3,0,184,139.53,25673.52,1.0,Oui
ORD00276,F009,TVGlobal,Corée du Sud,Électronique,P009,TV 4K,2025-07-30,2025-08-26,25,27,2,1736,258.92,449485.12,0.78,Oui
ORD00277,F002,RizImport SAS,Italie,Alimentaire,P002,Riz 1kg,2025-08-19,2025-08-26,5,7,2,1442,233.05,336058.1,0.78,Oui
ORD00278,F009,TVGlobal,Corée du Sud,Électronique,P009,TV 4K,2025-11-24,2025-12-22,25,28,3,422,345.62,145851.64,0.78,Oui
ORD00279,F001,LaLaiterie SA,France,Alimentaire,P001,Lait demi-écrémé,2025-03-05,2025-03-10,2,5,3,363,137.2,49803.6,0.79,Non
ORD00280,F004,BeautyPro,Allemagne,Droguerie,P004,Shampoing,2025-06-27,2025-07-06,6,9,3,1882,128.18,241234.76,0.77,Oui
ORD00281,F009,TVGlobal,Corée du Sud,Électronique,P009,TV 4K,2025-05-21,2025-06-15,25,25,0,1330,136.62,181704.6,0.88,Oui
ORD00282,F003,PâtesItalia,Italie,Alimentaire,P003,Pâtes 500g,2025-10-31,2025-11-07,4,7,3,365,77.45,28269.25,0.91,Oui
ORD00283,F006,FashionBasic,Portugal,Textile,P006,T-shirt homme,2025-10-16,2025-10-25,10,9,0,1740,388.77,676459.8,0.77,Non
ORD00284,F010,AudioMax,Chine,Électronique,P010,Casque audio,2025-05-16,2025-06-07,18,22,4,481,345.25,166065.25,0.85,Oui
ORD00285,F008,TechDistrib,Chine,Électronique,P008,Smartphone,2025-11-18,2025-12-12,21,24,3,643,289.04,185852.72,0.83,Oui
ORD00286,F007,DenimCo,Turquie,Textile,P007,Jeans,2025-06-02,2025-06-18,14,16,2,199,310.03,61695.97,0.79,Oui
ORD00287,F008,TechDistrib,Chine,Électronique,P008,Smartphone,2025-04-15,2025-05-07,21,22,1,1292,65.08,84083.36,0.97,Oui
ORD00288,F006,FashionBasic,Portugal,Textile,P006,T-shirt homme,2025-07-24,2025-08-03,10,10,0,1607,167.06,268465.42,0.89,Oui
ORD00289,F008,TechDistrib,Chine,Électronique,P008,Smartphone,2025-03-04,2025-03-26,21,22,1,970,111.94,108581.8,0.77,Oui
ORD00290,F007,DenimCo,Turquie,Textile,P007,Jeans,2025-11-12,2025-11-28,14,16,2,558,433.23,241742.34,0.98,Oui
ORD00291,F010,AudioMax,Chine,Électronique,P010,Casque audio,2025-06-10,2025-06-28,18,18,0,1612,72.12,116257.44,1.0,Oui
ORD00292,F005,CleanHome,France,Droguerie,P005,Lessive,2025-09-12,2025-09-14,3,2,0,234,425.38,99538.92,0.88,Non
ORD00293,F004,BeautyPro,Allemagne,Droguerie,P004,Shampoing,2025-10-26,2025-11-02,6,7,1,149,23.22,3459.78,0.87,Oui
ORD00294,F008,TechDistrib,Chine,Électronique,P008,Smartphone,2025-05-27,2025-06-20,21,24,3,66,381.3,25165.8,0.86,Oui
ORD00295,F006,FashionBasic,Portugal,Textile,P006,T-shirt homme,2025-07-26,2025-08-06,10,11,1,142,180.56,25639.52,0.89,Oui
ORD00296,F009,TVGlobal,Corée du Sud,Électronique,P009,TV 4K,2025-05-28,2025-06-21,25,24,0,841,227.16,191041.56,0.94,Oui
ORD00297,F010,AudioMax,Chine,Électronique,P010,Casque audio,2025-12-15,2026-01-05,18,21,3,293,58.33,17090.69,0.77,Oui
ORD00298,F006,FashionBasic,Portugal,Textile,P006,T-shirt homme,2025-10-13,2025-10-24,10,11,1,1596,65.35,104298.6,0.9,Oui
ORD00299,F001,LaLaiterie SA,France,Alimentaire,P001,Lait demi-écrémé,2025-01-24,2025-01-25,2,1,0,330,321.26,106015.8,0.95,Oui
ORD00300,F003,PâtesItalia,Italie,Alimentaire,P003,Pâtes 500g,2025-11-07,2025-11-14,4,7,3,336,147.92,49701.12,0.9,Oui
ORD00301,F010,AudioMax,Chine,Électronique,P010,Casque audio,2025-06-03,2025-06-24,18,21,3,738,228.54,168662.52,0.88,Oui
ORD00302,F010,AudioMax,Chine,Électronique,P010,Casque audio,2025-06-03,2025-06-23,18,20,2,1720,7.98,13725.6,0.83,Oui
ORD00303,F007,DenimCo,Turquie,Textile,P007,Jeans,2025-10-26,2025-11-10,14,15,1,1681,404.5,679964.5,0.97,Oui
ORD00304,F010,AudioMax,Chine,Électronique,P010,Casque audio,2025-08-31,2025-09-19,18,19,1,1392,352.42,490568.64,0.94,Oui
ORD00305,F001,LaLaiterie SA,France,Alimentaire,P001,Lait demi-écrémé,2025-10-26,2025-10-30,2,4,2,399,236.14,94219.86,0.93,Oui
ORD00306,F007,DenimCo,Turquie,Textile,P007,Jeans,2025-03-17,2025-04-04,14,18,4,546,14.69,8020.74,0.99,Oui
ORD00307,F001,LaLaiterie SA,France,Alimentaire,P001,Lait demi-écrémé,2025-08-14,2025-08-17,2,3,1,907,68.57,62192.99,0.92,Oui
ORD00308,F010,AudioMax,Chine,Électronique,P010,Casque audio,2025-08-30,2025-09-21,18,22,4,1539,28.5,43861.5,0.78,Oui
ORD00309,F006,FashionBasic,Portugal,Textile,P006,T-shirt homme,2025-12-06,2025-12-18,10,12,2,1126,169.88,191284.88,0.99,Oui
ORD00310,F009,TVGlobal,Corée du Sud,Électronique,P009,TV 4K,2025-06-25,2025-07-23,25,28,3,775,304.3,235832.5,0.97,Oui
ORD00311,F005,CleanHome,France,Droguerie,P005,Lessive,2025-11-09,2025-11-14,3,5,2,443,430.82,190853.26,0.82,Oui
ORD00312,F005,CleanHome,France,Droguerie,P005,Lessive,2025-05-28,2025-06-04,3,7,4,474,310.76,147300.24,0.87,Oui
ORD00313,F009,TVGlobal,Corée du Sud,Électronique,P009,TV 4K,2025-05-21,2025-06-16,25,26,1,299,258.28,77225.72,0.89,Oui
ORD00314,F007,DenimCo,Turquie,Textile,P007,Jeans,2025-06-26,2025-07-10,14,14,0,644,19.41,12500.04,0.99,Oui
ORD00315,F008,TechDistrib,Chine,Électronique,P008,Smartphone,2025-12-02,2025-12-24,21,22,1,1580,215.85,341043.0,0.8,Oui
ORD00316,F009,TVGlobal,Corée du Sud,Électronique,P009,TV 4K,2025-12-23,2026-01-18,25,26,1,331,49.6,16417.6,0.94,Oui
ORD00317,F001,LaLaiterie SA,France,Alimentaire,P001,Lait demi-écrémé,2025-12-09,2025-12-14,2,5,3,512,287.26,147077.12,0.76,Oui
ORD00318,F008,TechDistrib,Chine,Électronique,P008,Smartphone,2025-02-21,2025-03-18,21,25,4,1628,62.29,101408.12,0.99,Non
ORD00319,F003,PâtesItalia,Italie,Alimentaire,P003,Pâtes 500g,2025-07-28,2025-08-05,4,8,4,1964,396.35,778431.4,0.87,Oui
ORD00320,F005,CleanHome,France,Droguerie,P005,Lessive,2025-06-14,2025-06-18,3,4,1,1372,27.09,37167.48,0.94,Oui
ORD00321,F004,BeautyPro,Allemagne,Droguerie,P004,Shampoing,2025-10-01,2025-10-11,6,10,4,1530,382.72,585561.6,0.76,Non
ORD00322,F007,DenimCo,Turquie,Textile,P007,Jeans,2025-04-01,2025-04-14,14,13,0,1762,178.95,315309.9,0.87,Non
ORD00323,F005,CleanHome,France,Droguerie,P005,Lessive,2025-01-20,2025-01-22,3,2,0,661,255.8,169083.8,0.78,Non
ORD00324,F005,CleanHome,France,Droguerie,P005,Lessive,2025-08-21,2025-08-28,3,7,4,1162,236.18,274441.16,0.97,Oui
ORD00325,F009,TVGlobal,Corée du Sud,Électronique,P009,TV 4K,2025-08-28,2025-09-23,25,26,1,444,364.06,161642.64,0.83,Oui
ORD00326,F005,CleanHome,France,Droguerie,P005,Lessive,2025-04-06,2025-04-08,3,2,0,1558,152.03,236862.74,0.82,Oui
ORD00327,F004,BeautyPro,Allemagne,Droguerie,P004,Shampoing,2025-03-31,2025-04-09,6,9,3,1803,287.61,518560.83,0.85,Oui
ORD00328,F006,FashionBasic,Portugal,Textile,P006,T-shirt homme,2025-02-14,2025-02-26,10,12,2,1420,43.38,61599.6,1.0,Oui
ORD00329,F004,BeautyPro,Allemagne,Droguerie,P004,Shampoing,2025-01-04,2025-01-11,6,7,1,835,106.37,88818.95,0.94,Non
ORD00330,F005,CleanHome,France,Droguerie,P005,Lessive,2025-10-26,2025-11-02,3,7,4,1223,5.64,6897.72,0.91,Oui
ORD00331,F001,LaLaiterie SA,France,Alimentaire,P001,Lait demi-écrémé,2025-12-08,2025-12-09,2,1,0,1003,138.41,138825.23,0.85,Oui
ORD00332,F005,CleanHome,France,Droguerie,P005,Lessive,2025-12-20,2025-12-22,3,2,0,1358,412.3,559903.4,0.82,Oui
ORD00333,F004,BeautyPro,Allemagne,Droguerie,P004,Shampoing,2025-03-10,2025-03-18,6,8,2,363,205.01,74418.63,1.0,Oui
ORD00334,F009,TVGlobal,Corée du Sud,Électronique,P009,TV 4K,2025-08-30,2025-09-27,25,28,3,1692,299.01,505924.92,0.8,Oui
ORD00335,F010,AudioMax,Chine,Électronique,P010,Casque audio,2025-02-11,2025-03-04,18,21,3,964,237.91,229345.24,0.84,Oui
ORD00336,F002,RizImport SAS,Italie,Alimentaire,P002,Riz 1kg,2025-02-01,2025-02-09,5,8,3,1899,227.72,432440.28,0.89,Oui
ORD00337,F006,FashionBasic,Portugal,Textile,P006,T-shirt homme,2025-09-24,2025-10-06,10,12,2,288,306.29,88211.52,0.93,Oui
ORD00338,F009,TVGlobal,Corée du Sud,Électronique,P009,TV 4K,2025-08-17,2025-09-10,25,24,0,978,59.81,58494.18,0.85,Oui
ORD00339,F009,TVGlobal,Corée du Sud,Électronique,P009,TV 4K,2025-08-25,2025-09-23,25,29,4,1702,139.02,236612.04,0.76,Oui
ORD00340,F001,LaLaiterie SA,France,Alimentaire,P001,Lait demi-écrémé,2025-04-22,2025-04-27,2,5,3,199,20.86,4151.14,0.84,Oui
ORD00341,F001,LaLaiterie SA,France,Alimentaire,P001,Lait demi-écrémé,2025-02-05,2025-02-09,2,4,2,114,129.55,14768.7,0.79,Oui
ORD00342,F007,DenimCo,Turquie,Textile,P007,Jeans,2025-07-11,2025-07-27,14,16,2,968,391.39,378865.52,0.98,Oui
ORD00343,F009,TVGlobal,Corée du Sud,Électronique,P009,TV 4K,2025-03-10,2025-04-08,25,29,4,1811,156.82,284001.02,0.79,Oui
ORD00344,F009,TVGlobal,Corée du Sud,Électronique,P009,TV 4K,2025-03-07,2025-04-05,25,29,4,506,375.75,190129.5,0.94,Non
ORD00345,F008,TechDistrib,Chine,Électronique,P008,Smartphone,2025-12-11,2026-01-05,21,25,4,1165,191.15,222689.75,0.84,Oui
ORD00346,F008,TechDistrib,Chine,Électronique,P008,Smartphone,2025-06-27,2025-07-18,21,21,0,614,85.22,52325.08,0.97,Oui
ORD00347,F001,LaLaiterie SA,France,Alimentaire,P001,Lait demi-écrémé,2025-12-05,2025-12-09,2,4,2,1309,344.84,451395.56,0.97,Oui
ORD00348,F004,BeautyPro,Allemagne,Droguerie,P004,Shampoing,2025-02-04,2025-02-09,6,5,0,1266,15.59,19736.94,0.9,Oui
ORD00349,F001,LaLaiterie SA,France,Alimentaire,P001,Lait demi-écrémé,2025-05-06,2025-05-12,2,6,4,140,181.32,25384.8,0.81,Oui
ORD00350,F001,LaLaiterie SA,France,Alimentaire,P001,Lait demi-écrémé,2025-03-13,2025-03-18,2,5,3,642,105.76,67897.92,0.98,Oui
ORD00351,F010,AudioMax,Chine,Électronique,P010,Casque audio,2025-11-03,2025-11-25,18,22,4,1726,144.64,249648.64,0.83,Oui
ORD00352,F009,TVGlobal,Corée du Sud,Électronique,P009,TV 4K,2025-04-24,2025-05-21,25,27,2,665,124.18,82579.7,0.89,Oui
ORD00353,F003,PâtesItalia,Italie,Alimentaire,P003,Pâtes 500g,2025-11-17,2025-11-25,4,8,4,924,250.35,231323.4,0.76,Oui
ORD00354,F007,DenimCo,Turquie,Textile,P007,Jeans,2025-09-26,2025-10-11,14,15,1,1476,187.64,276956.64,0.79,Oui
ORD00355,F009,TVGlobal,Corée du Sud,Électronique,P009,TV 4K,2025-08-31,2025-09-25,25,25,0,1789,101.79,182102.31,0.96,Oui
ORD00356,F008,TechDistrib,Chine,Électronique,P008,Smartphone,2025-01-30,2025-02-23,21,24,3,895,435.52,389790.4,0.89,Oui
ORD00357,F004,BeautyPro,Allemagne,Droguerie,P004,Shampoing,2025-05-11,2025-05-17,6,6,0,726,291.19,211403.94,0.98,Oui
ORD00358,F002,RizImport SAS,Italie,Alimentaire,P002,Riz 1kg,2025-10-02,2025-10-11,5,9,4,1748,86.12,150537.76,0.82,Oui
ORD00359,F010,AudioMax,Chine,Électronique,P010,Casque audio,2025-01-21,2025-02-07,18,17,0,435,362.19,157552.65,0.9,Oui
ORD00360,F004,BeautyPro,Allemagne,Droguerie,P004,Shampoing,2025-09-03,2025-09-09,6,6,0,1830,408.21,747024.3,0.83,Oui
ORD00361,F004,BeautyPro,Allemagne,Droguerie,P004,Shampoing,2025-04-08,2025-04-18,6,10,4,290,336.22,97503.8,0.94,Oui
ORD00362,F010,AudioMax,Chine,Électronique,P010,Casque audio,2025-12-27,2026-01-14,18,18,0,862,411.85,355014.7,0.89,Oui
ORD00363,F007,DenimCo,Turquie,Textile,P007,Jeans,2025-08-27,2025-09-13,14,17,3,1378,161.99,223222.22,0.82,Oui
ORD00364,F008,TechDistrib,Chine,Électronique,P008,Smartphone,2025-08-27,2025-09-16,21,20,0,1694,441.6,748070.4,0.87,Oui
ORD00365,F004,BeautyPro,Allemagne,Droguerie,P004,Shampoing,2025-07-09,2025-07-16,6,7,1,897,21.05,18881.85,0.97,Oui
ORD00366,F001,LaLaiterie SA,France,Alimentaire,P001,Lait demi-écrémé,2025-05-14,2025-05-19,2,5,3,1964,263.02,516571.28,0.93,Oui
ORD00367,F004,BeautyPro,Allemagne,Droguerie,P004,Shampoing,2025-06-18,2025-06-24,6,6,0,827,256.62,212224.74,0.81,Oui
ORD00368,F006,FashionBasic,Portugal,Textile,P006,T-shirt homme,2025-05-12,2025-05-24,10,12,2,1531,288.94,442367.14,0.87,Oui
ORD00369,F006,FashionBasic,Portugal,Textile,P006,T-shirt homme,2025-03-28,2025-04-07,10,10,0,1525,246.17,375409.25,0.8,Oui
ORD00370,F001,LaLaiterie SA,France,Alimentaire,P001,Lait demi-écrémé,2025-09-26,2025-09-27,2,1,0,1768,381.09,673767.12,0.99,Oui
ORD00371,F001,LaLaiterie SA,France,Alimentaire,P001,Lait demi-écrémé,2025-07-31,2025-08-02,2,2,0,1775,284.0,504100.0,0.77,Oui
ORD00372,F004,BeautyPro,Allemagne,Droguerie,P004,Shampoing,2025-09-16,2025-09-24,6,8,2,814,27.67,22523.38,0.91,Non
ORD00373,F008,TechDistrib,Chine,Électronique,P008,Smartphone,2025-12-04,2025-12-27,21,23,2,82,3.47,284.54,0.89,Oui
ORD00374,F009,TVGlobal,Corée du Sud,Électronique,P009,TV 4K,2025-05-21,2025-06-18,25,28,3,637,8.21,5229.77,0.95,Oui
ORD00375,F003,PâtesItalia,Italie,Alimentaire,P003,Pâtes 500g,2025-02-24,2025-02-27,4,3,0,1123,67.43,75723.89,0.8,Oui
ORD00376,F006,FashionBasic,Portugal,Textile,P006,T-shirt homme,2025-05-17,2025-05-29,10,12,2,211,168.19,35488.09,0.85,Oui
ORD00377,F004,BeautyPro,Allemagne,Droguerie,P004,Shampoing,2025-06-03,2025-06-13,6,10,4,1745,381.62,665926.9,0.91,Oui
ORD00378,F001,LaLaiterie SA,France,Alimentaire,P001,Lait demi-écrémé,2025-02-17,2025-02-21,2,4,2,826,170.04,140453.04,0.87,Oui
ORD00379,F003,PâtesItalia,Italie,Alimentaire,P003,Pâtes 500g,2025-02-12,2025-02-18,4,6,2,1781,195.54,348256.74,0.95,Oui
ORD00380,F002,RizImport SAS,Italie,Alimentaire,P002,Riz 1kg,2025-09-28,2025-10-02,5,4,0,520,95.53,49675.6,0.97,Oui
ORD00381,F008,TechDistrib,Chine,Électronique,P008,Smartphone,2025-05-19,2025-06-08,21,20,0,1942,33.92,65872.64,0.98,Oui
ORD00382,F010,AudioMax,Chine,Électronique,P010,Casque audio,2025-12-03,2025-12-20,18,17,0,417,417.98,174297.66,0.83,Non
ORD00383,F010,AudioMax,Chine,Électronique,P010,Casque audio,2025-03-15,2025-04-06,18,22,4,1731,179.53,310766.43,0.77,Oui
ORD00384,F004,BeautyPro,Allemagne,Droguerie,P004,Shampoing,2025-10-18,2025-10-26,6,8,2,1436,403.49,579411.64,0.83,Oui
ORD00385,F003,PâtesItalia,Italie,Alimentaire,P003,Pâtes 500g,2025-12-19,2025-12-27,4,8,4,210,225.61,47378.1,0.99,Oui
ORD00386,F007,DenimCo,Turquie,Textile,P007,Jeans,2025-04-29,2025-05-12,14,13,0,747,272.52,203572.44,0.9,Oui
ORD00387,F006,FashionBasic,Portugal,Textile,P006,T-shirt homme,2025-01-16,2025-01-30,10,14,4,609,352.7,214794.3,0.86,Oui
ORD00388,F009,TVGlobal,Corée du Sud,Électronique,P009,TV 4K,2025-07-12,2025-08-08,25,27,2,430,306.02,131588.6,0.92,Oui
ORD00389,F010,AudioMax,Chine,Électronique,P010,Casque audio,2025-06-01,2025-06-19,18,18,0,1510,33.54,50645.4,0.82,Oui
ORD00390,F003,PâtesItalia,Italie,Alimentaire,P003,Pâtes 500g,2025-07-19,2025-07-24,4,5,1,788,48.39,38131.32,0.75,Oui
ORD00391,F006,FashionBasic,Portugal,Textile,P006,T-shirt homme,2025-05-19,2025-05-28,10,9,0,321,39.74,12756.54,0.86,Oui
ORD00392,F009,TVGlobal,Corée du Sud,Électronique,P009,TV 4K,2025-07-28,2025-08-21,25,24,0,103,40.78,4200.34,0.89,Oui
ORD00393,F006,FashionBasic,Portugal,Textile,P006,T-shirt homme,2025-07-17,2025-07-26,10,9,0,647,186.51,120671.97,0.94,Oui
ORD00394,F009,TVGlobal,Corée du Sud,Électronique,P009,TV 4K,2025-05-05,2025-06-02,25,28,3,1117,76.73,85707.41,0.85,Oui
ORD00395,F005,CleanHome,France,Droguerie,P005,Lessive,2025-05-18,2025-05-23,3,5,2,348,28.94,10071.12,0.86,Oui
ORD00396,F008,TechDistrib,Chine,Électronique,P008,Smartphone,2025-02-09,2025-03-03,21,22,1,565,424.93,240085.45,0.93,Oui
ORD00397,F010,AudioMax,Chine,Électronique,P010,Casque audio,2025-04-11,2025-05-01,18,20,2,269,61.4,16516.6,0.75,Oui
ORD00398,F010,AudioMax,Chine,Électronique,P010,Casque audio,2025-07-14,2025-08-02,18,19,1,951,150.96,143562.96,0.95,Oui
ORD00399,F010,AudioMax,Chine,Électronique,P010,Casque audio,2025-03-11,2025-03-30,18,19,1,706,271.64,191777.84,0.92,Oui
ORD00400,F003,PâtesItalia,Italie,Alimentaire,P003,Pâtes 500g,2025-07-23,2025-07-28,4,5,1,646,330.83,213716.18,0.91,Non
ORD00401,F004,BeautyPro,Allemagne,Droguerie,P004,Shampoing,2025-06-16,2025-06-24,6,8,2,624,367.51,229326.24,0.85,Oui
ORD00402,F010,AudioMax,Chine,Électronique,P010,Casque audio,2025-04-13,2025-05-04,18,21,3,1167,81.38,94970.46,0.94,Oui
ORD00403,F008,TechDistrib,Chine,Électronique,P008,Smartphone,2025-12-29,2026-01-19,21,21,0,947,359.06,340029.82,0.96,Oui
ORD00404,F007,DenimCo,Turquie,Textile,P007,Jeans,2025-12-11,2025-12-27,14,16,2,335,285.18,95535.3,0.81,Oui
ORD00405,F007,DenimCo,Turquie,Textile,P007,Jeans,2025-07-13,2025-07-26,14,13,0,969,445.82,431999.58,0.87,Oui
ORD00406,F009,TVGlobal,Corée du Sud,Électronique,P009,TV 4K,2025-12-21,2026-01-17,25,27,2,1163,17.03,19805.89,0.99,Oui
ORD00407,F009,TVGlobal,Corée du Sud,Électronique,P009,TV 4K,2025-11-01,2025-11-30,25,29,4,1922,38.7,74381.4,0.94,Oui
ORD00408,F006,FashionBasic,Portugal,Textile,P006,T-shirt homme,2025-03-27,2025-04-10,10,14,4,1304,20.41,26614.64,1.0,Oui
ORD00409,F007,DenimCo,Turquie,Textile,P007,Jeans,2025-06-19,2025-07-05,14,16,2,266,5.24,1393.84,0.81,Oui
ORD00410,F009,TVGlobal,Corée du Sud,Électronique,P009,TV 4K,2025-10-13,2025-11-10,25,28,3,1458,259.07,377724.06,0.86,Oui
ORD00411,F010,AudioMax,Chine,Électronique,P010,Casque audio,2025-12-20,2026-01-10,18,21,3,358,155.56,55690.48,0.76,Oui
ORD00412,F007,DenimCo,Turquie,Textile,P007,Jeans,2025-02-13,2025-02-26,14,13,0,1752,423.33,741674.16,0.79,Oui
ORD00413,F008,TechDistrib,Chine,Électronique,P008,Smartphone,2025-04-16,2025-05-10,21,24,3,1039,157.06,163185.34,0.77,Oui
ORD00414,F008,TechDistrib,Chine,Électronique,P008,Smartphone,2025-06-13,2025-07-03,21,20,0,664,20.59,13671.76,0.93,Oui
ORD00415,F006,FashionBasic,Portugal,Textile,P006,T-shirt homme,2025-11-28,2025-12-07,10,9,0,1436,360.12,517132.32,0.98,Oui
ORD00416,F009,TVGlobal,Corée du Sud,Électronique,P009,TV 4K,2025-03-31,2025-04-28,25,28,3,377,149.28,56278.56,0.86,Oui
ORD00417,F007,DenimCo,Turquie,Textile,P007,Jeans,2025-11-19,2025-12-03,14,14,0,431,288.4,124300.4,0.86,Oui
ORD00418,F010,AudioMax,Chine,Électronique,P010,Casque audio,2025-04-12,2025-05-02,18,20,2,1262,193.58,244297.96,0.75,Oui
ORD00419,F005,CleanHome,France,Droguerie,P005,Lessive,2025-12-27,2025-12-29,3,2,0,1232,46.24,56967.68,0.97,Oui
ORD00420,F006,FashionBasic,Portugal,Textile,P006,T-shirt homme,2025-04-11,2025-04-23,10,12,2,283,118.43,33515.69,0.97,Oui
ORD00421,F006,FashionBasic,Portugal,Textile,P006,T-shirt homme,2025-11-02,2025-11-14,10,12,2,1301,176.95,230211.95,0.78,Oui
ORD00422,F008,TechDistrib,Chine,Électronique,P008,Smartphone,2025-11-13,2025-12-04,21,21,0,1716,303.28,520428.48,0.95,Oui
ORD00423,F010,AudioMax,Chine,Électronique,P010,Casque audio,2025-02-13,2025-03-07,18,22,4,324,141.28,45774.72,0.81,Oui
ORD00424,F006,FashionBasic,Portugal,Textile,P006,T-shirt homme,2025-12-22,2026-01-01,10,10,0,1096,175.11,191920.56,0.9,Oui
ORD00425,F007,DenimCo,Turquie,Textile,P007,Jeans,2025-04-06,2025-04-22,14,16,2,1351,242.05,327009.55,0.98,Non
ORD00426,F003,PâtesItalia,Italie,Alimentaire,P003,Pâtes 500g,2025-10-12,2025-10-16,4,4,0,1052,130.33,137107.16,0.8,Oui
ORD00427,F010,AudioMax,Chine,Électronique,P010,Casque audio,2025-01-28,2025-02-16,18,19,1,1999,4.81,9615.19,0.78,Oui
ORD00428,F009,TVGlobal,Corée du Sud,Électronique,P009,TV 4K,2025-09-16,2025-10-15,25,29,4,1063,184.41,196027.83,0.87,Oui
ORD00429,F008,TechDistrib,Chine,Électronique,P008,Smartphone,2025-09-08,2025-09-29,21,21,0,219,254.65,55768.35,0.95,Oui
ORD00430,F001,LaLaiterie SA,France,Alimentaire,P001,Lait demi-écrémé,2025-05-21,2025-05-23,2,2,0,1151,130.26,149929.26,0.95,Oui
ORD00431,F008,TechDistrib,Chine,Électronique,P008,Smartphone,2025-10-09,2025-11-02,21,24,3,281,257.93,72478.33,0.82,Oui
ORD00432,F006,FashionBasic,Portugal,Textile,P006,T-shirt homme,2025-10-05,2025-10-14,10,9,0,1606,323.68,519830.08,0.89,Non
ORD00433,F002,RizImport SAS,Italie,Alimentaire,P002,Riz 1kg,2025-12-01,2025-12-06,5,5,0,659,393.73,259468.07,0.76,Oui
ORD00434,F002,RizImport SAS,Italie,Alimentaire,P002,Riz 1kg,2025-08-13,2025-08-17,5,4,0,1638,365.44,598590.72,0.8,Oui
ORD00435,F006,FashionBasic,Portugal,Textile,P006,T-shirt homme,2025-12-30,2026-01-12,10,13,3,1345,192.96,259531.2,0.9,Oui
ORD00436,F004,BeautyPro,Allemagne,Droguerie,P004,Shampoing,2025-01-31,2025-02-09,6,9,3,768,239.76,184135.68,0.9,Oui
ORD00437,F005,CleanHome,France,Droguerie,P005,Lessive,2025-05-29,2025-06-04,3,6,3,597,428.6,255874.2,0.88,Oui
ORD00438,F002,RizImport SAS,Italie,Alimentaire,P002,Riz 1kg,2025-03-11,2025-03-18,5,7,2,1931,27.15,52426.65,0.82,Oui
ORD00439,F003,PâtesItalia,Italie,Alimentaire,P003,Pâtes 500g,2025-05-08,2025-05-12,4,4,0,1506,145.28,218791.68,0.81,Oui
ORD00440,F007,DenimCo,Turquie,Textile,P007,Jeans,2025-09-08,2025-09-22,14,14,0,1232,284.76,350824.32,0.91,Oui
ORD00441,F002,RizImport SAS,Italie,Alimentaire,P002,Riz 1kg,2025-11-21,2025-11-25,5,4,0,875,232.27,203236.25,0.82,Non
ORD00442,F006,FashionBasic,Portugal,Textile,P006,T-shirt homme,2025-08-21,2025-09-02,10,12,2,720,262.09,188704.8,0.97,Oui
ORD00443,F002,RizImport SAS,Italie,Alimentaire,P002,Riz 1kg,2025-08-23,2025-09-01,5,9,4,1410,313.93,442641.3,0.96,Oui
ORD00444,F007,DenimCo,Turquie,Textile,P007,Jeans,2025-04-22,2025-05-08,14,16,2,1739,95.73,166474.47,0.82,Oui
ORD00445,F006,FashionBasic,Portugal,Textile,P006,T-shirt homme,2025-10-08,2025-10-21,10,13,3,317,254.98,80828.66,0.87,Oui
ORD00446,F001,LaLaiterie SA,France,Alimentaire,P001,Lait demi-écrémé,2025-01-24,2025-01-25,2,1,0,1332,352.86,470009.52,0.86,Oui
ORD00447,F003,PâtesItalia,Italie,Alimentaire,P003,Pâtes 500g,2025-08-14,2025-08-20,4,6,2,51,446.33,22762.83,0.86,Non
ORD00448,F003,PâtesItalia,Italie,Alimentaire,P003,Pâtes 500g,2025-11-29,2025-12-04,4,5,1,375,393.55,147581.25,0.97,Oui
ORD00449,F006,FashionBasic,Portugal,Textile,P006,T-shirt homme,2025-05-09,2025-05-18,10,9,0,811,299.2,242651.2,0.91,Oui
ORD00450,F005,CleanHome,France,Droguerie,P005,Lessive,2025-12-25,2025-12-28,3,3,0,929,295.14,274185.06,0.93,Oui
ORD00451,F008,TechDistrib,Chine,Électronique,P008,Smartphone,2025-02-09,2025-03-02,21,21,0,1265,102.17,129245.05,0.92,Oui
ORD00452,F006,FashionBasic,Portugal,Textile,P006,T-shirt homme,2025-03-03,2025-03-15,10,12,2,1471,59.91,88127.61,0.77,Oui
ORD00453,F002,RizImport SAS,Italie,Alimentaire,P002,Riz 1kg,2025-02-22,2025-02-28,5,6,1,802,396.5,317993.0,0.78,Oui
ORD00454,F003,PâtesItalia,Italie,Alimentaire,P003,Pâtes 500g,2025-11-25,2025-12-03,4,8,4,342,31.25,10687.5,0.89,Oui
ORD00455,F003,PâtesItalia,Italie,Alimentaire,P003,Pâtes 500g,2025-08-14,2025-08-19,4,5,1,1529,96.27,147196.83,0.94,Oui
ORD00456,F010,AudioMax,Chine,Électronique,P010,Casque audio,2025-12-18,2026-01-07,18,20,2,1811,98.15,177749.65,0.97,Oui
ORD00457,F002,RizImport SAS,Italie,Alimentaire,P002,Riz 1kg,2025-10-29,2025-11-07,5,9,4,836,158.52,132522.72,0.86,Oui
ORD00458,F004,BeautyPro,Allemagne,Droguerie,P004,Shampoing,2025-05-22,2025-06-01,6,10,4,222,112.05,24875.1,0.9,Oui
ORD00459,F005,CleanHome,France,Droguerie,P005,Lessive,2025-12-20,2025-12-22,3,2,0,1786,381.26,680930.36,0.97,Oui
ORD00460,F010,AudioMax,Chine,Électronique,P010,Casque audio,2025-09-18,2025-10-06,18,18,0,1581,176.59,279188.79,0.91,Oui
ORD00461,F004,BeautyPro,Allemagne,Droguerie,P004,Shampoing,2025-09-11,2025-09-19,6,8,2,280,108.87,30483.6,0.91,Oui
ORD00462,F001,LaLaiterie SA,France,Alimentaire,P001,Lait demi-écrémé,2025-07-04,2025-07-07,2,3,1,320,174.38,55801.6,0.96,Oui
ORD00463,F009,TVGlobal,Corée du Sud,Électronique,P009,TV 4K,2025-12-16,2026-01-10,25,25,0,1612,212.22,342098.64,1.0,Oui
ORD00464,F010,AudioMax,Chine,Électronique,P010,Casque audio,2025-02-04,2025-02-21,18,17,0,586,97.48,57123.28,0.98,Non
ORD00465,F007,DenimCo,Turquie,Textile,P007,Jeans,2025-09-17,2025-10-02,14,15,1,1337,320.83,428949.71,0.94,Oui
ORD00466,F007,DenimCo,Turquie,Textile,P007,Jeans,2025-02-12,2025-03-02,14,18,4,1148,242.18,278022.64,0.79,Oui
ORD00467,F002,RizImport SAS,Italie,Alimentaire,P002,Riz 1kg,2025-09-19,2025-09-24,5,5,0,1704,70.34,119859.36,0.83,Oui
ORD00468,F002,RizImport SAS,Italie,Alimentaire,P002,Riz 1kg,2025-06-08,2025-06-17,5,9,4,945,328.62,310545.9,0.96,Oui
ORD00469,F002,RizImport SAS,Italie,Alimentaire,P002,Riz 1kg,2025-08-11,2025-08-15,5,4,0,978,275.73,269663.94,0.76,Oui
ORD00470,F003,PâtesItalia,Italie,Alimentaire,P003,Pâtes 500g,2025-03-03,2025-03-06,4,3,0,1499,62.18,93207.82,0.75,Oui
ORD00471,F006,FashionBasic,Portugal,Textile,P006,T-shirt homme,2025-09-25,2025-10-08,10,13,3,1653,370.22,611973.66,0.81,Oui
ORD00472,F005,CleanHome,France,Droguerie,P005,Lessive,2025-03-02,2025-03-04,3,2,0,736,363.29,267381.44,0.82,Oui
ORD00473,F010,AudioMax,Chine,Électronique,P010,Casque audio,2025-11-18,2025-12-05,18,17,0,1066,205.11,218647.26,0.84,Oui
ORD00474,F010,AudioMax,Chine,Électronique,P010,Casque audio,2025-03-27,2025-04-15,18,19,1,372,115.17,42843.24,0.78,Oui
ORD00475,F002,RizImport SAS,Italie,Alimentaire,P002,Riz 1kg,2025-04-27,2025-05-06,5,9,4,1092,1.65,1801.8,0.96,Oui
ORD00476,F001,LaLaiterie SA,France,Alimentaire,P001,Lait demi-écrémé,2025-08-30,2025-09-02,2,3,1,834,414.14,345392.76,0.79,Non
ORD00477,F001,LaLaiterie SA,France,Alimentaire,P001,Lait demi-écrémé,2025-10-11,2025-10-17,2,6,4,1566,295.24,462345.84,0.81,Oui
ORD00478,F006,FashionBasic,Portugal,Textile,P006,T-shirt homme,2025-05-19,2025-05-28,10,9,0,1220,168.08,205057.6,0.88,Oui
ORD00479,F003,PâtesItalia,Italie,Alimentaire,P003,Pâtes 500g,2025-04-25,2025-05-02,4,7,3,144,429.36,61827.84,0.77,Oui
ORD00480,F005,CleanHome,France,Droguerie,P005,Lessive,2025-06-09,2025-06-13,3,4,1,226,249.11,56298.86,0.75,Oui
ORD00481,F010,AudioMax,Chine,Électronique,P010,Casque audio,2025-06-05,2025-06-27,18,22,4,1325,109.54,145140.5,0.84,Non
ORD00482,F004,BeautyPro,Allemagne,Droguerie,P004,Shampoing,2025-10-07,2025-10-13,6,6,0,358,3.37,1206.46,0.85,Oui
ORD00483,F006,FashionBasic,Portugal,Textile,P006,T-shirt homme,2025-11-22,2025-12-06,10,14,4,1846,4.81,8879.26,0.83,Oui
ORD00484,F007,DenimCo,Turquie,Textile,P007,Jeans,2025-06-07,2025-06-20,14,13,0,470,238.65,112165.5,0.81,Oui
ORD00485,F001,LaLaiterie SA,France,Alimentaire,P001,Lait demi-écrémé,2025-03-14,2025-03-20,2,6,4,623,42.32,26365.36,0.98,Oui
ORD00486,F009,TVGlobal,Corée du Sud,Électronique,P009,TV 4K,2025-07-31,2025-08-29,25,29,4,1884,167.94,316398.96,0.99,Oui
ORD00487,F002,RizImport SAS,Italie,Alimentaire,P002,Riz 1kg,2025-09-16,2025-09-21,5,5,0,1355,369.07,500089.85,0.77,Oui
ORD00488,F007,DenimCo,Turquie,Textile,P007,Jeans,2025-12-06,2025-12-20,14,14,0,534,131.61,70279.74,0.96,Non
ORD00489,F007,DenimCo,Turquie,Textile,P007,Jeans,2025-12-25,2026-01-12,14,18,4,718,143.47,103011.46,0.82,Oui
ORD00490,F004,BeautyPro,Allemagne,Droguerie,P004,Shampoing,2025-03-11,2025-03-20,6,9,3,273,70.36,19208.28,0.79,Oui
ORD00491,F007,DenimCo,Turquie,Textile,P007,Jeans,2025-03-03,2025-03-20,14,17,3,783,434.1,339900.3,0.8,Oui
ORD00492,F005,CleanHome,France,Droguerie,P005,Lessive,2025-03-03,2025-03-05,3,2,0,372,363.51,135225.72,0.83,Oui
ORD00493,F010,AudioMax,Chine,Électronique,P010,Casque audio,2025-01-21,2025-02-08,18,18,0,1761,385.53,678918.33,0.79,Oui
ORD00494,F006,FashionBasic,Portugal,Textile,P006,T-shirt homme,2025-07-22,2025-08-04,10,13,3,150,304.89,45733.5,0.82,Non
ORD00495,F001,LaLaiterie SA,France,Alimentaire,P001,Lait demi-écrémé,2025-07-27,2025-07-31,2,4,2,1188,336.76,400070.88,0.81,Oui
ORD00496,F003,PâtesItalia,Italie,Alimentaire,P003,Pâtes 500g,2025-03-04,2025-03-07,4,3,0,176,373.75,65780.0,1.0,Oui
ORD00497,F007,DenimCo,Turquie,Textile,P007,Jeans,2025-07-10,2025-07-28,14,18,4,1340,421.94,565399.6,0.77,Oui
ORD00498,F002,RizImport SAS,Italie,Alimentaire,P002,Riz 1kg,2025-01-12,2025-01-16,5,4,0,454,406.17,184401.18,0.86,Oui
ORD00499,F006,FashionBasic,Portugal,Textile,P006,T-shirt homme,2025-03-04,2025-03-13,10,9,0,1979,207.72,411077.88,0.79,Oui
ORD00500,F007,DenimCo,Turquie,Textile,P007,Jeans,2025-09-12,2025-09-25,14,13,0,833,307.6,256230.8,0.79,Oui
ORD00501,F003,PâtesItalia,Italie,Alimentaire,P003,Pâtes 500g,2025-05-21,2025-05-26,4,5,1,963,397.6,382888.8,0.76,Oui
ORD00502,F004,BeautyPro,Allemagne,Droguerie,P004,Shampoing,2025-11-28,2025-12-05,6,7,1,1071,185.69,198873.99,0.89,Oui
ORD00503,F005,CleanHome,France,Droguerie,P005,Lessive,2025-07-16,2025-07-19,3,3,0,908,90.16,81865.28,0.97,Oui
ORD00504,F009,TVGlobal,Corée du Sud,Électronique,P009,TV 4K,2025-01-10,2025-02-06,25,27,2,1651,321.16,530235.16,0.87,Oui
ORD00505,F006,FashionBasic,Portugal,Textile,P006,T-shirt homme,2025-10-17,2025-10-30,10,13,3,708,175.08,123956.64,0.79,Oui
ORD00506,F004,BeautyPro,Allemagne,Droguerie,P004,Shampoing,2025-01-16,2025-01-23,6,7,1,169,363.99,61514.31,0.87,Oui
ORD00507,F010,AudioMax,Chine,Électronique,P010,Casque audio,2025-04-30,2025-05-18,18,18,0,255,111.91,28537.05,0.81,Oui
ORD00508,F001,LaLaiterie SA,France,Alimentaire,P001,Lait demi-écrémé,2025-04-23,2025-04-28,2,5,3,1783,442.21,788460.43,0.85,Non
ORD00509,F003,PâtesItalia,Italie,Alimentaire,P003,Pâtes 500g,2025-04-01,2025-04-05,4,4,0,1263,143.44,181164.72,0.93,Oui
ORD00510,F010,AudioMax,Chine,Électronique,P010,Casque audio,2025-01-15,2025-02-06,18,22,4,1484,158.58,235332.72,0.89,Oui
ORD00511,F004,BeautyPro,Allemagne,Droguerie,P004,Shampoing,2025-09-10,2025-09-19,6,9,3,682,79.41,54157.62,0.76,Oui
ORD00512,F010,AudioMax,Chine,Électronique,P010,Casque audio,2025-04-23,2025-05-10,18,17,0,1128,215.36,242926.08,0.83,Oui
ORD00513,F003,PâtesItalia,Italie,Alimentaire,P003,Pâtes 500g,2025-06-24,2025-07-02,4,8,4,413,413.49,170771.37,0.96,Oui
ORD00514,F001,LaLaiterie SA,France,Alimentaire,P001,Lait demi-écrémé,2025-03-17,2025-03-22,2,5,3,1493,412.79,616295.47,0.94,Oui
ORD00515,F006,FashionBasic,Portugal,Textile,P006,T-shirt homme,2025-02-07,2025-02-18,10,11,1,1492,423.89,632443.88,0.85,Oui
ORD00516,F005,CleanHome,France,Droguerie,P005,Lessive,2025-06-15,2025-06-18,3,3,0,372,329.69,122644.68,0.86,Oui
ORD00517,F008,TechDistrib,Chine,Électronique,P008,Smartphone,2025-11-29,2025-12-21,21,22,1,406,318.38,129262.28,0.89,Oui
ORD00518,F010,AudioMax,Chine,Électronique,P010,Casque audio,2025-07-02,2025-07-20,18,18,0,1413,265.23,374769.99,0.79,Oui
ORD00519,F005,CleanHome,France,Droguerie,P005,Lessive,2025-03-07,2025-03-10,3,3,0,1542,1.31,2020.02,0.93,Oui
ORD00520,F010,AudioMax,Chine,Électronique,P010,Casque audio,2025-01-17,2025-02-04,18,18,0,1283,143.54,184161.82,0.95,Oui
ORD00521,F010,AudioMax,Chine,Électronique,P010,Casque audio,2025-02-23,2025-03-15,18,20,2,338,149.36,50483.68,0.77,Oui
ORD00522,F006,FashionBasic,Portugal,Textile,P006,T-shirt homme,2025-03-27,2025-04-10,10,14,4,1863,433.4,807424.2,0.96,Oui
ORD00523,F006,FashionBasic,Portugal,Textile,P006,T-shirt homme,2025-08-17,2025-08-26,10,9,0,593,94.75,56186.75,0.92,Oui
ORD00524,F002,RizImport SAS,Italie,Alimentaire,P002,Riz 1kg,2025-01-01,2025-01-05,5,4,0,840,197.48,165883.2,0.85,Oui
ORD00525,F007,DenimCo,Turquie,Textile,P007,Jeans,2025-09-10,2025-09-26,14,16,2,769,245.94,189127.86,0.78,Oui
ORD00526,F010,AudioMax,Chine,Électronique,P010,Casque audio,2025-11-30,2025-12-22,18,22,4,511,73.61,37614.71,0.77,Oui
ORD00527,F005,CleanHome,France,Droguerie,P005,Lessive,2025-01-11,2025-01-15,3,4,1,584,428.27,250109.68,0.77,Oui
ORD00528,F007,DenimCo,Turquie,Textile,P007,Jeans,2025-03-24,2025-04-11,14,18,4,203,246.4,50019.2,0.97,Oui
ORD00529,F010,AudioMax,Chine,Électronique,P010,Casque audio,2025-11-11,2025-12-01,18,20,2,1492,14.43,21529.56,0.99,Oui
ORD00530,F007,DenimCo,Turquie,Textile,P007,Jeans,2025-03-22,2025-04-04,14,13,0,257,149.33,38377.81,0.99,Oui
ORD00531,F009,TVGlobal,Corée du Sud,Électronique,P009,TV 4K,2025-10-04,2025-10-30,25,26,1,1402,127.04,178110.08,0.81,Oui
ORD00532,F010,AudioMax,Chine,Électronique,P010,Casque audio,2025-10-09,2025-10-29,18,20,2,364,25.0,9100.0,0.75,Oui
ORD00533,F010,AudioMax,Chine,Électronique,P010,Casque audio,2025-09-03,2025-09-21,18,18,0,248,12.07,2993.36,0.79,Oui
ORD00534,F002,RizImport SAS,Italie,Alimentaire,P002,Riz 1kg,2025-08-31,2025-09-04,5,4,0,681,353.3,240597.3,0.87,Oui
ORD00535,F005,CleanHome,France,Droguerie,P005,Lessive,2025-02-16,2025-02-23,3,7,4,1164,174.69,203339.16,0.84,Oui
ORD00536,F003,PâtesItalia,Italie,Alimentaire,P003,Pâtes 500g,2025-08-17,2025-08-20,4,3,0,589,198.16,116716.24,0.82,Oui
ORD00537,F010,AudioMax,Chine,Électronique,P010,Casque audio,2025-02-01,2025-02-19,18,18,0,1590,313.56,498560.4,0.77,Oui
ORD00538,F009,TVGlobal,Corée du Sud,Électronique,P009,TV 4K,2025-07-31,2025-08-28,25,28,3,515,249.34,128410.1,0.96,Oui
ORD00539,F007,DenimCo,Turquie,Textile,P007,Jeans,2025-10-02,2025-10-20,14,18,4,1825,421.39,769036.75,0.89,Oui
ORD00540,F005,CleanHome,France,Droguerie,P005,Lessive,2025-02-10,2025-02-15,3,5,2,1898,384.35,729496.3,0.76,Oui
ORD00541,F009,TVGlobal,Corée du Sud,Électronique,P009,TV 4K,2025-10-20,2025-11-18,25,29,4,1320,66.78,88149.6,0.99,Oui
ORD00542,F003,PâtesItalia,Italie,Alimentaire,P003,Pâtes 500g,2025-04-19,2025-04-23,4,4,0,308,19.68,6061.44,0.77,Oui
ORD00543,F004,BeautyPro,Allemagne,Droguerie,P004,Shampoing,2025-11-18,2025-11-24,6,6,0,1758,267.97,471091.26,0.83,Oui
ORD00544,F002,RizImport SAS,Italie,Alimentaire,P002,Riz 1kg,2025-02-14,2025-02-21,5,7,2,1189,179.11,212961.79,0.83,Oui
ORD00545,F008,TechDistrib,Chine,Électronique,P008,Smartphone,2025-01-07,2025-02-01,21,25,4,1326,264.62,350886.12,0.95,Oui
ORD00546,F003,PâtesItalia,Italie,Alimentaire,P003,Pâtes 500g,2025-03-17,2025-03-24,4,7,3,1254,262.41,329062.14,0.99,Oui
ORD00547,F002,RizImport SAS,Italie,Alimentaire,P002,Riz 1kg,2025-10-16,2025-10-20,5,4,0,1659,129.1,214176.9,0.88,Oui
ORD00548,F007,DenimCo,Turquie,Textile,P007,Jeans,2025-05-16,2025-06-01,14,16,2,1391,218.77,304309.07,0.9,Oui
ORD00549,F005,CleanHome,France,Droguerie,P005,Lessive,2025-07-26,2025-07-29,3,3,0,1316,274.09,360702.44,0.92,Oui
ORD00550,F006,FashionBasic,Portugal,Textile,P006,T-shirt homme,2025-12-20,2025-12-30,10,10,0,150,335.71,50356.5,0.98,Oui
ORD00551,F001,LaLaiterie SA,France,Alimentaire,P001,Lait demi-écrémé,2025-06-22,2025-06-25,2,3,1,686,126.52,86792.72,0.87,Oui
ORD00552,F002,RizImport SAS,Italie,Alimentaire,P002,Riz 1kg,2025-04-27,2025-05-02,5,5,0,665,438.41,291542.65,0.86,Oui
ORD00553,F005,CleanHome,France,Droguerie,P005,Lessive,2025-08-02,2025-08-08,3,6,3,1372,40.63,55744.36,0.86,Oui
ORD00554,F007,DenimCo,Turquie,Textile,P007,Jeans,2025-09-06,2025-09-23,14,17,3,1826,168.57,307808.82,0.76,Oui
ORD00555,F002,RizImport SAS,Italie,Alimentaire,P002,Riz 1kg,2025-06-09,2025-06-18,5,9,4,1087,181.82,197638.34,0.95,Oui
ORD00556,F010,AudioMax,Chine,Électronique,P010,Casque audio,2025-01-15,2025-02-02,18,18,0,444,393.89,174887.16,0.8,Oui
ORD00557,F001,LaLaiterie SA,France,Alimentaire,P001,Lait demi-écrémé,2025-08-22,2025-08-23,2,1,0,1930,162.49,313605.7,0.8,Oui
ORD00558,F008,TechDistrib,Chine,Électronique,P008,Smartphone,2025-09-16,2025-10-09,21,23,2,1351,415.42,561232.42,0.92,Oui
ORD00559,F008,TechDistrib,Chine,Électronique,P008,Smartphone,2025-11-01,2025-11-24,21,23,2,413,432.25,178519.25,0.87,Oui
ORD00560,F006,FashionBasic,Portugal,Textile,P006,T-shirt homme,2025-03-25,2025-04-05,10,11,1,1583,373.98,592010.34,0.77,Oui
ORD00561,F001,LaLaiterie SA,France,Alimentaire,P001,Lait demi-écrémé,2025-03-25,2025-03-30,2,5,3,1647,434.23,715176.81,0.96,Oui
ORD00562,F004,BeautyPro,Allemagne,Droguerie,P004,Shampoing,2025-05-18,2025-05-28,6,10,4,888,231.22,205323.36,0.97,Non
ORD00563,F001,LaLaiterie SA,France,Alimentaire,P001,Lait demi-écrémé,2025-08-31,2025-09-02,2,2,0,1375,78.35,107731.25,0.95,Oui
ORD00564,F010,AudioMax,Chine,Électronique,P010,Casque audio,2025-06-06,2025-06-28,18,22,4,1502,289.41,434693.82,0.86,Oui
ORD00565,F006,FashionBasic,Portugal,Textile,P006,T-shirt homme,2025-08-24,2025-09-04,10,11,1,496,210.28,104298.88,0.92,Oui
ORD00566,F007,DenimCo,Turquie,Textile,P007,Jeans,2025-10-27,2025-11-09,14,13,0,65,230.43,14977.95,0.92,Oui
ORD00567,F006,FashionBasic,Portugal,Textile,P006,T-shirt homme,2025-10-15,2025-10-29,10,14,4,1266,274.27,347225.82,0.82,Oui
ORD00568,F002,RizImport SAS,Italie,Alimentaire,P002,Riz 1kg,2025-06-22,2025-06-28,5,6,1,1361,146.65,199590.65,0.82,Oui
ORD00569,F005,CleanHome,France,Droguerie,P005,Lessive,2025-04-07,2025-04-10,3,3,0,1109,344.58,382139.22,0.97,Oui
ORD00570,F010,AudioMax,Chine,Électronique,P010,Casque audio,2025-07-26,2025-08-17,18,22,4,704,306.5,215776.0,0.93,Oui
ORD00571,F005,CleanHome,France,Droguerie,P005,Lessive,2025-05-13,2025-05-18,3,5,2,878,175.03,153676.34,0.76,Oui
ORD00572,F010,AudioMax,Chine,Électronique,P010,Casque audio,2025-04-08,2025-04-27,18,19,1,1537,321.16,493622.92,0.92,Oui
ORD00573,F008,TechDistrib,Chine,Électronique,P008,Smartphone,2025-12-10,2026-01-01,21,22,1,1088,135.44,147358.72,0.79,Oui
ORD00574,F009,TVGlobal,Corée du Sud,Électronique,P009,TV 4K,2025-04-03,2025-04-29,25,26,1,249,212.12,52817.88,0.94,Oui
ORD00575,F009,TVGlobal,Corée du Sud,Électronique,P009,TV 4K,2025-04-04,2025-05-03,25,29,4,1892,151.37,286392.04,0.77,Oui
ORD00576,F005,CleanHome,France,Droguerie,P005,Lessive,2025-08-04,2025-08-08,3,4,1,811,117.62,95389.82,0.82,Oui
ORD00577,F008,TechDistrib,Chine,Électronique,P008,Smartphone,2025-01-28,2025-02-22,21,25,4,1245,261.35,325380.75,0.91,Oui
ORD00578,F004,BeautyPro,Allemagne,Droguerie,P004,Shampoing,2025-09-14,2025-09-19,6,5,0,1826,306.47,559614.22,0.88,Oui
ORD00579,F003,PâtesItalia,Italie,Alimentaire,P003,Pâtes 500g,2025-03-12,2025-03-16,4,4,0,751,184.43,138506.93,0.89,Oui
ORD00580,F008,TechDistrib,Chine,Électronique,P008,Smartphone,2025-03-15,2025-04-06,21,22,1,1816,322.19,585097.04,0.94,Oui
ORD00581,F003,PâtesItalia,Italie,Alimentaire,P003,Pâtes 500g,2025-06-10,2025-06-18,4,8,4,168,2.62,440.16,0.82,Oui
ORD00582,F003,PâtesItalia,Italie,Alimentaire,P003,Pâtes 500g,2025-10-23,2025-10-27,4,4,0,1052,353.45,371829.4,0.94,Oui
ORD00583,F007,DenimCo,Turquie,Textile,P007,Jeans,2025-11-21,2025-12-07,14,16,2,876,193.35,169374.6,0.87,Oui
ORD00584,F009,TVGlobal,Corée du Sud,Électronique,P009,TV 4K,2025-04-13,2025-05-12,25,29,4,814,427.56,348033.84,0.97,Oui
ORD00585,F009,TVGlobal,Corée du Sud,Électronique,P009,TV 4K,2025-04-08,2025-05-02,25,24,0,1435,2.35,3372.25,0.93,Oui
ORD00586,F006,FashionBasic,Portugal,Textile,P006,T-shirt homme,2025-06-09,2025-06-19,10,10,0,260,172.91,44956.6,0.9,Oui
ORD00587,F001,LaLaiterie SA,France,Alimentaire,P001,Lait demi-écrémé,2025-06-02,2025-06-05,2,3,1,983,327.66,322089.78,0.9,Oui
ORD00588,F003,PâtesItalia,Italie,Alimentaire,P003,Pâtes 500g,2025-06-25,2025-07-01,4,6,2,785,337.68,265078.8,0.79,Oui
ORD00589,F007,DenimCo,Turquie,Textile,P007,Jeans,2025-01-10,2025-01-24,14,14,0,509,327.36,166626.24,0.78,Oui
ORD00590,F010,AudioMax,Chine,Électronique,P010,Casque audio,2025-09-16,2025-10-04,18,18,0,302,165.28,49914.56,0.91,Oui
ORD00591,F005,CleanHome,France,Droguerie,P005,Lessive,2025-10-01,2025-10-07,3,6,3,149,267.47,39853.03,0.76,Oui
ORD00592,F001,LaLaiterie SA,France,Alimentaire,P001,Lait demi-écrémé,2025-01-25,2025-01-31,2,6,4,287,187.84,53910.08,0.85,Oui
ORD00593,F008,TechDistrib,Chine,Électronique,P008,Smartphone,2025-12-26,2026-01-16,21,21,0,470,312.99,147105.3,0.91,Oui
ORD00594,F002,RizImport SAS,Italie,Alimentaire,P002,Riz 1kg,2025-12-06,2025-12-14,5,8,3,602,280.45,168830.9,0.93,Oui
ORD00595,F002,RizImport SAS,Italie,Alimentaire,P002,Riz 1kg,2025-09-19,2025-09-28,5,9,4,1315,53.42,70247.3,0.78,Oui
ORD00596,F004,BeautyPro,Allemagne,Droguerie,P004,Shampoing,2025-11-08,2025-11-14,6,6,0,1643,118.72,195056.96,0.88,Oui
ORD00597,F007,DenimCo,Turquie,Textile,P007,Jeans,2025-06-01,2025-06-15,14,14,0,130,246.89,32095.7,0.98,Oui
ORD00598,F008,TechDistrib,Chine,Électronique,P008,Smartphone,2025-06-19,2025-07-10,21,21,0,55,6.23,342.65,0.77,Oui
ORD00599,F010,AudioMax,Chine,Électronique,P010,Casque audio,2025-12-09,2025-12-29,18,20,2,355,427.28,151684.4,0.94,Oui
ORD00600,F002,RizImport SAS,Italie,Alimentaire,P002,Riz 1kg,2025-05-12,2025-05-21,5,9,4,523,205.81,107638.63,0.99,Oui
ORD00601,F001,LaLaiterie SA,France,Alimentaire,P001,Lait demi-écrémé,2025-02-21,2025-02-23,2,2,0,1840,18.23,33543.2,0.82,Oui
ORD00602,F006,FashionBasic,Portugal,Textile,P006,T-shirt homme,2025-08-07,2025-08-21,10,14,4,287,43.2,12398.4,0.94,Oui
ORD00603,F003,PâtesItalia,Italie,Alimentaire,P003,Pâtes 500g,2025-12-06,2025-12-14,4,8,4,399,148.23,59143.77,0.97,Non
ORD00604,F005,CleanHome,France,Droguerie,P005,Lessive,2025-02-17,2025-02-21,3,4,1,1719,154.55,265671.45,0.78,Oui
ORD00605,F008,TechDistrib,Chine,Électronique,P008,Smartphone,2025-05-20,2025-06-12,21,23,2,1462,382.88,559770.56,0.95,Oui
ORD00606,F003,PâtesItalia,Italie,Alimentaire,P003,Pâtes 500g,2025-02-27,2025-03-03,4,4,0,1475,327.02,482354.5,1.0,Oui
ORD00607,F002,RizImport SAS,Italie,Alimentaire,P002,Riz 1kg,2025-08-02,2025-08-10,5,8,3,1038,361.12,374842.56,0.92,Oui
ORD00608,F007,DenimCo,Turquie,Textile,P007,Jeans,2025-07-03,2025-07-20,14,17,3,109,388.23,42317.07,0.97,Oui
ORD00609,F003,PâtesItalia,Italie,Alimentaire,P003,Pâtes 500g,2025-09-05,2025-09-11,4,6,2,281,399.47,112251.07,0.86,Oui
ORD00610,F006,FashionBasic,Portugal,Textile,P006,T-shirt homme,2025-01-07,2025-01-21,10,14,4,1828,305.23,557960.44,0.94,Oui
ORD00611,F010,AudioMax,Chine,Électronique,P010,Casque audio,2025-04-25,2025-05-17,18,22,4,1838,152.57,280423.66,0.88,Oui
ORD00612,F002,RizImport SAS,Italie,Alimentaire,P002,Riz 1kg,2025-08-10,2025-08-19,5,9,4,1538,112.24,172625.12,0.84,Oui
ORD00613,F007,DenimCo,Turquie,Textile,P007,Jeans,2025-03-18,2025-04-04,14,17,3,1876,444.51,833900.76,0.76,Oui
ORD00614,F003,PâtesItalia,Italie,Alimentaire,P003,Pâtes 500g,2025-09-16,2025-09-22,4,6,2,1794,223.38,400743.72,0.79,Oui
ORD00615,F006,FashionBasic,Portugal,Textile,P006,T-shirt homme,2025-05-04,2025-05-15,10,11,1,619,23.13,14317.47,0.81,Oui
ORD00616,F007,DenimCo,Turquie,Textile,P007,Jeans,2025-05-01,2025-05-14,14,13,0,990,200.16,198158.4,0.89,Oui
ORD00617,F008,TechDistrib,Chine,Électronique,P008,Smartphone,2025-08-17,2025-09-08,21,22,1,293,441.31,129303.83,0.94,Oui
ORD00618,F007,DenimCo,Turquie,Textile,P007,Jeans,2025-07-31,2025-08-13,14,13,0,1191,247.32,294558.12,0.96,Oui
ORD00619,F010,AudioMax,Chine,Électronique,P010,Casque audio,2025-11-23,2025-12-12,18,19,1,1872,229.0,428688.0,0.8,Oui
ORD00620,F006,FashionBasic,Portugal,Textile,P006,T-shirt homme,2025-07-06,2025-07-15,10,9,0,1722,100.7,173405.4,0.86,Oui
ORD00621,F010,AudioMax,Chine,Électronique,P010,Casque audio,2025-11-04,2025-11-24,18,20,2,1517,295.9,448880.3,0.93,Oui
ORD00622,F004,BeautyPro,Allemagne,Droguerie,P004,Shampoing,2025-01-02,2025-01-09,6,7,1,777,373.53,290232.81,0.99,Oui
ORD00623,F009,TVGlobal,Corée du Sud,Électronique,P009,TV 4K,2025-07-11,2025-08-09,25,29,4,267,21.08,5628.36,0.79,Oui
ORD00624,F007,DenimCo,Turquie,Textile,P007,Jeans,2025-02-24,2025-03-11,14,15,1,1301,88.57,115229.57,0.78,Oui
ORD00625,F004,BeautyPro,Allemagne,Droguerie,P004,Shampoing,2025-08-23,2025-08-29,6,6,0,1517,152.4,231190.8,0.94,Oui
ORD00626,F010,AudioMax,Chine,Électronique,P010,Casque audio,2025-03-05,2025-03-25,18,20,2,986,296.48,292329.28,0.99,Oui
ORD00627,F008,TechDistrib,Chine,Électronique,P008,Smartphone,2025-01-03,2025-01-27,21,24,3,1557,22.33,34767.81,0.98,Oui
ORD00628,F008,TechDistrib,Chine,Électronique,P008,Smartphone,2025-09-18,2025-10-09,21,21,0,1466,260.56,381980.96,0.93,Oui
ORD00629,F007,DenimCo,Turquie,Textile,P007,Jeans,2025-12-03,2025-12-20,14,17,3,1291,397.27,512875.57,0.88,Oui
ORD00630,F010,AudioMax,Chine,Électronique,P010,Casque audio,2025-12-21,2026-01-08,18,18,0,610,179.34,109397.4,0.84,Oui
ORD00631,F003,PâtesItalia,Italie,Alimentaire,P003,Pâtes 500g,2025-03-12,2025-03-18,4,6,2,1283,315.16,404350.28,0.94,Oui
ORD00632,F009,TVGlobal,Corée du Sud,Électronique,P009,TV 4K,2025-06-10,2025-07-09,25,29,4,1559,421.01,656354.59,0.91,Oui
ORD00633,F010,AudioMax,Chine,Électronique,P010,Casque audio,2025-05-29,2025-06-20,18,22,4,757,414.58,313837.06,0.78,Oui
ORD00634,F003,PâtesItalia,Italie,Alimentaire,P003,Pâtes 500g,2025-09-15,2025-09-22,4,7,3,1471,286.78,421853.38,0.93,Oui
ORD00635,F009,TVGlobal,Corée du Sud,Électronique,P009,TV 4K,2025-09-03,2025-10-01,25,28,3,1218,424.23,516712.14,0.93,Oui
ORD00636,F009,TVGlobal,Corée du Sud,Électronique,P009,TV 4K,2025-05-27,2025-06-23,25,27,2,1705,6.24,10639.2,0.78,Oui
ORD00637,F001,LaLaiterie SA,France,Alimentaire,P001,Lait demi-écrémé,2025-12-10,2025-12-11,2,1,0,459,120.51,55314.09,0.95,Non
ORD00638,F005,CleanHome,France,Droguerie,P005,Lessive,2025-03-16,2025-03-18,3,2,0,1464,353.07,516894.48,0.8,Oui
ORD00639,F006,FashionBasic,Portugal,Textile,P006,T-shirt homme,2025-08-20,2025-08-29,10,9,0,1311,390.68,512181.48,0.93,Oui
ORD00640,F009,TVGlobal,Corée du Sud,Électronique,P009,TV 4K,2025-07-19,2025-08-13,25,25,0,1096,353.05,386942.8,0.95,Oui
ORD00641,F001,LaLaiterie SA,France,Alimentaire,P001,Lait demi-écrémé,2025-07-15,2025-07-19,2,4,2,903,430.54,388777.62,0.99,Oui
ORD00642,F009,TVGlobal,Corée du Sud,Électronique,P009,TV 4K,2025-01-28,2025-02-21,25,24,0,1573,113.48,178504.04,0.91,Oui
ORD00643,F008,TechDistrib,Chine,Électronique,P008,Smartphone,2025-04-26,2025-05-21,21,25,4,1493,319.44,476923.92,0.84,Oui
ORD00644,F010,AudioMax,Chine,Électronique,P010,Casque audio,2025-04-11,2025-05-03,18,22,4,446,132.73,59197.58,0.79,Oui
ORD00645,F003,PâtesItalia,Italie,Alimentaire,P003,Pâtes 500g,2025-03-30,2025-04-07,4,8,4,1102,54.15,59673.3,0.76,Oui
ORD00646,F005,CleanHome,France,Droguerie,P005,Lessive,2025-03-08,2025-03-11,3,3,0,1246,380.78,474451.88,0.75,Oui
ORD00647,F003,PâtesItalia,Italie,Alimentaire,P003,Pâtes 500g,2025-01-21,2025-01-25,4,4,0,1951,145.52,283909.52,0.76,Non
ORD00648,F010,AudioMax,Chine,Électronique,P010,Casque audio,2025-12-05,2025-12-24,18,19,1,1054,355.56,374760.24,0.89,Oui
ORD00649,F006,FashionBasic,Portugal,Textile,P006,T-shirt homme,2025-09-27,2025-10-07,10,10,0,426,234.51,99901.26,0.95,Oui
ORD00650,F009,TVGlobal,Corée du Sud,Électronique,P009,TV 4K,2025-10-02,2025-10-29,25,27,2,238,157.56,37499.28,0.97,Oui
ORD00651,F006,FashionBasic,Portugal,Textile,P006,T-shirt homme,2025-07-04,2025-07-15,10,11,1,497,427.66,212547.02,0.9,Oui
ORD00652,F009,TVGlobal,Corée du Sud,Électronique,P009,TV 4K,2025-11-29,2025-12-23,25,24,0,284,301.19,85537.96,0.86,Oui
ORD00653,F010,AudioMax,Chine,Électronique,P010,Casque audio,2025-11-15,2025-12-03,18,18,0,131,307.31,40257.61,0.83,Oui
ORD00654,F002,RizImport SAS,Italie,Alimentaire,P002,Riz 1kg,2025-07-17,2025-07-23,5,6,1,1156,325.93,376775.08,0.76,Oui
ORD00655,F006,FashionBasic,Portugal,Textile,P006,T-shirt homme,2025-09-21,2025-10-04,10,13,3,962,219.32,210985.84,0.82,Oui
ORD00656,F006,FashionBasic,Portugal,Textile,P006,T-shirt homme,2025-09-21,2025-09-30,10,9,0,1991,43.63,86867.33,0.99,Oui
ORD00657,F009,TVGlobal,Corée du Sud,Électronique,P009,TV 4K,2025-01-04,2025-02-02,25,29,4,184,95.25,17526.0,0.91,Oui
ORD00658,F007,DenimCo,Turquie,Textile,P007,Jeans,2025-02-23,2025-03-09,14,14,0,1151,373.02,429346.02,0.97,Oui
ORD00659,F007,DenimCo,Turquie,Textile,P007,Jeans,2025-11-28,2025-12-11,14,13,0,1579,308.88,487721.52,0.76,Oui
ORD00660,F001,LaLaiterie SA,France,Alimentaire,P001,Lait demi-écrémé,2025-02-14,2025-02-15,2,1,0,161,80.51,12962.11,0.81,Oui
ORD00661,F004,BeautyPro,Allemagne,Droguerie,P004,Shampoing,2025-05-13,2025-05-21,6,8,2,844,203.28,171568.32,0.85,Oui
ORD00662,F007,DenimCo,Turquie,Textile,P007,Jeans,2025-12-11,2025-12-24,14,13,0,1145,3.15,3606.75,0.93,Oui
ORD00663,F010,AudioMax,Chine,Électronique,P010,Casque audio,2025-01-24,2025-02-15,18,22,4,1787,33.13,59203.31,0.98,Oui
ORD00664,F005,CleanHome,France,Droguerie,P005,Lessive,2025-11-07,2025-11-09,3,2,0,626,344.49,215650.74,0.86,Oui
ORD00665,F001,LaLaiterie SA,France,Alimentaire,P001,Lait demi-écrémé,2025-08-31,2025-09-02,2,2,0,1142,99.33,113434.86,0.94,Oui
ORD00666,F009,TVGlobal,Corée du Sud,Électronique,P009,TV 4K,2025-06-01,2025-06-30,25,29,4,345,134.48,46395.6,0.97,Non
ORD00667,F006,FashionBasic,Portugal,Textile,P006,T-shirt homme,2025-01-06,2025-01-19,10,13,3,1841,250.0,460250.0,0.78,Oui
ORD00668,F010,AudioMax,Chine,Électronique,P010,Casque audio,2025-07-21,2025-08-11,18,21,3,1171,426.17,499045.07,0.83,Oui
ORD00669,F006,FashionBasic,Portugal,Textile,P006,T-shirt homme,2025-04-19,2025-05-01,10,12,2,1904,290.85,553778.4,0.88,Oui
ORD00670,F004,BeautyPro,Allemagne,Droguerie,P004,Shampoing,2025-11-12,2025-11-19,6,7,1,447,52.02,23252.94,0.92,Oui
ORD00671,F001,LaLaiterie SA,France,Alimentaire,P001,Lait demi-écrémé,2025-10-09,2025-10-13,2,4,2,1370,247.57,339170.9,0.82,Oui
ORD00672,F002,RizImport SAS,Italie,Alimentaire,P002,Riz 1kg,2025-04-12,2025-04-21,5,9,4,1239,219.49,271948.11,0.83,Oui
ORD00673,F004,BeautyPro,Allemagne,Droguerie,P004,Shampoing,2025-02-21,2025-02-28,6,7,1,1318,31.88,42017.84,0.8,Oui
ORD00674,F006,FashionBasic,Portugal,Textile,P006,T-shirt homme,2025-11-12,2025-11-26,10,14,4,676,312.21,211053.96,0.79,Oui
ORD00675,F006,FashionBasic,Portugal,Textile,P006,T-shirt homme,2025-08-08,2025-08-18,10,10,0,59,141.29,8336.11,0.95,Oui
ORD00676,F007,DenimCo,Turquie,Textile,P007,Jeans,2025-05-22,2025-06-06,14,15,1,325,305.97,99440.25,0.83,Oui
ORD00677,F008,TechDistrib,Chine,Électronique,P008,Smartphone,2025-07-03,2025-07-25,21,22,1,1047,248.48,260158.56,0.79,Oui
ORD00678,F005,CleanHome,France,Droguerie,P005,Lessive,2025-03-13,2025-03-19,3,6,3,452,118.82,53706.64,0.97,Oui
ORD00679,F002,RizImport SAS,Italie,Alimentaire,P002,Riz 1kg,2025-01-10,2025-01-18,5,8,3,1343,14.52,19500.36,0.9,Oui
ORD00680,F010,AudioMax,Chine,Électronique,P010,Casque audio,2025-04-19,2025-05-06,18,17,0,1179,117.65,138709.35,0.97,Oui
ORD00681,F003,PâtesItalia,Italie,Alimentaire,P003,Pâtes 500g,2025-07-07,2025-07-13,4,6,2,507,401.2,203408.4,0.9,Oui
ORD00682,F003,PâtesItalia,Italie,Alimentaire,P003,Pâtes 500g,2025-08-26,2025-09-02,4,7,3,1095,41.2,45114.0,0.84,Oui
ORD00683,F004,BeautyPro,Allemagne,Droguerie,P004,Shampoing,2025-11-11,2025-11-21,6,10,4,389,340.86,132594.54,0.79,Oui
ORD00684,F010,AudioMax,Chine,Électronique,P010,Casque audio,2025-10-17,2025-11-08,18,22,4,1836,435.5,799578.0,0.93,Oui
ORD00685,F006,FashionBasic,Portugal,Textile,P006,T-shirt homme,2025-01-21,2025-01-31,10,10,0,1609,219.7,353497.3,0.77,Oui
ORD00686,F001,LaLaiterie SA,France,Alimentaire,P001,Lait demi-écrémé,2025-12-09,2025-12-11,2,2,0,1110,408.52,453457.2,0.84,Oui
ORD00687,F008,TechDistrib,Chine,Électronique,P008,Smartphone,2025-01-24,2025-02-13,21,20,0,1378,146.17,201422.26,0.93,Oui
ORD00688,F005,CleanHome,France,Droguerie,P005,Lessive,2025-05-15,2025-05-21,3,6,3,1164,256.79,298903.56,0.84,Oui
ORD00689,F010,AudioMax,Chine,Électronique,P010,Casque audio,2025-12-01,2025-12-18,18,17,0,1108,113.59,125857.72,0.99,Oui
ORD00690,F007,DenimCo,Turquie,Textile,P007,Jeans,2025-06-30,2025-07-15,14,15,1,1047,356.8,373569.6,0.97,Oui
ORD00691,F003,PâtesItalia,Italie,Alimentaire,P003,Pâtes 500g,2025-08-14,2025-08-18,4,4,0,521,35.15,18313.15,0.91,Oui
ORD00692,F003,PâtesItalia,Italie,Alimentaire,P003,Pâtes 500g,2025-03-22,2025-03-27,4,5,1,1282,322.93,413996.26,0.78,Oui
ORD00693,F006,FashionBasic,Portugal,Textile,P006,T-shirt homme,2025-02-28,2025-03-12,10,12,2,1432,215.73,308925.36,0.8,Oui
ORD00694,F007,DenimCo,Turquie,Textile,P007,Jeans,2025-01-12,2025-01-26,14,14,0,138,57.98,8001.24,0.9,Oui
ORD00695,F009,TVGlobal,Corée du Sud,Électronique,P009,TV 4K,2025-01-21,2025-02-18,25,28,3,350,25.63,8970.5,0.81,Oui
ORD00696,F007,DenimCo,Turquie,Textile,P007,Jeans,2025-11-03,2025-11-20,14,17,3,1355,8.87,12018.85,0.93,Oui
ORD00697,F005,CleanHome,France,Droguerie,P005,Lessive,2025-02-13,2025-02-16,3,3,0,969,273.13,264662.97,0.87,Oui
ORD00698,F004,BeautyPro,Allemagne,Droguerie,P004,Shampoing,2025-07-30,2025-08-08,6,9,3,342,357.68,122326.56,0.96,Oui
ORD00699,F009,TVGlobal,Corée du Sud,Électronique,P009,TV 4K,2025-05-16,2025-06-10,25,25,0,1533,308.67,473191.11,0.98,Oui
ORD00700,F002,RizImport SAS,Italie,Alimentaire,P002,Riz 1kg,2025-04-28,2025-05-05,5,7,2,839,59.93,50281.27,0.75,Oui
ORD00701,F009,TVGlobal,Corée du Sud,Électronique,P009,TV 4K,2025-12-17,2026-01-13,25,27,2,1742,67.73,117985.66,0.77,Oui
ORD00702,F010,AudioMax,Chine,Électronique,P010,Casque audio,2025-11-04,2025-11-21,18,17,0,1847,352.85,651713.95,0.88,Oui
ORD00703,F008,TechDistrib,Chine,Électronique,P008,Smartphone,2025-12-04,2025-12-25,21,21,0,1897,271.76,515528.72,0.96,Oui
ORD00704,F007,DenimCo,Turquie,Textile,P007,Jeans,2025-09-25,2025-10-11,14,16,2,808,393.73,318133.84,0.92,Oui
ORD00705,F008,TechDistrib,Chine,Électronique,P008,Smartphone,2025-07-15,2025-08-06,21,22,1,1256,362.18,454898.08,0.98,Oui
ORD00706,F010,AudioMax,Chine,Électronique,P010,Casque audio,2025-02-20,2025-03-12,18,20,2,324,114.91,37230.84,0.94,Oui
ORD00707,F002,RizImport SAS,Italie,Alimentaire,P002,Riz 1kg,2025-05-26,2025-06-03,5,8,3,1845,244.91,451858.95,0.81,Oui
ORD00708,F001,LaLaiterie SA,France,Alimentaire,P001,Lait demi-écrémé,2025-10-23,2025-10-28,2,5,3,291,234.13,68131.83,0.84,Oui
ORD00709,F006,FashionBasic,Portugal,Textile,P006,T-shirt homme,2025-07-29,2025-08-09,10,11,1,268,70.07,18778.76,0.91,Oui
ORD00710,F009,TVGlobal,Corée du Sud,Électronique,P009,TV 4K,2025-08-05,2025-09-02,25,28,3,798,275.54,219880.92,1.0,Oui
ORD00711,F004,BeautyPro,Allemagne,Droguerie,P004,Shampoing,2025-07-31,2025-08-09,6,9,3,1655,251.12,415603.6,0.79,Oui
ORD00712,F008,TechDistrib,Chine,Électronique,P008,Smartphone,2025-05-10,2025-06-01,21,22,1,1233,155.29,191472.57,0.93,Oui
ORD00713,F002,RizImport SAS,Italie,Alimentaire,P002,Riz 1kg,2025-04-28,2025-05-05,5,7,2,1653,314.84,520430.52,0.79,Oui
ORD00714,F007,DenimCo,Turquie,Textile,P007,Jeans,2025-06-23,2025-07-10,14,17,3,1307,313.83,410175.81,0.93,Oui
ORD00715,F001,LaLaiterie SA,France,Alimentaire,P001,Lait demi-écrémé,2025-02-16,2025-02-18,2,2,0,1015,416.67,422920.05,0.86,Oui
ORD00716,F004,BeautyPro,Allemagne,Droguerie,P004,Shampoing,2025-07-09,2025-07-14,6,5,0,1297,17.47,22658.59,0.85,Non
ORD00717,F010,AudioMax,Chine,Électronique,P010,Casque audio,2025-12-02,2025-12-23,18,21,3,636,320.37,203755.32,0.9,Non
ORD00718,F003,PâtesItalia,Italie,Alimentaire,P003,Pâtes 500g,2025-11-24,2025-11-30,4,6,2,949,5.31,5039.19,0.96,Non
ORD00719,F009,TVGlobal,Corée du Sud,Électronique,P009,TV 4K,2025-05-27,2025-06-21,25,25,0,118,352.89,41641.02,0.88,Oui
ORD00720,F010,AudioMax,Chine,Électronique,P010,Casque audio,2025-03-28,2025-04-19,18,22,4,123,162.2,19950.6,0.91,Non
ORD00721,F002,RizImport SAS,Italie,Alimentaire,P002,Riz 1kg,2025-05-22,2025-05-29,5,7,2,773,301.51,233067.23,0.85,Oui
ORD00722,F001,LaLaiterie SA,France,Alimentaire,P001,Lait demi-écrémé,2025-12-27,2025-12-28,2,1,0,1932,41.03,79269.96,0.82,Oui
ORD00723,F010,AudioMax,Chine,Électronique,P010,Casque audio,2025-06-28,2025-07-17,18,19,1,1720,124.79,214638.8,0.9,Oui
ORD00724,F007,DenimCo,Turquie,Textile,P007,Jeans,2025-10-22,2025-11-04,14,13,0,584,79.18,46241.12,0.88,Oui
ORD00725,F009,TVGlobal,Corée du Sud,Électronique,P009,TV 4K,2025-05-31,2025-06-26,25,26,1,1989,53.1,105615.9,0.88,Oui
ORD00726,F009,TVGlobal,Corée du Sud,Électronique,P009,TV 4K,2025-10-22,2025-11-17,25,26,1,1471,199.52,293493.92,0.84,Oui
ORD00727,F004,BeautyPro,Allemagne,Droguerie,P004,Shampoing,2025-06-23,2025-07-01,6,8,2,1445,207.59,299967.55,0.9,Oui
ORD00728,F002,RizImport SAS,Italie,Alimentaire,P002,Riz 1kg,2025-05-13,2025-05-17,5,4,0,833,285.33,237679.89,1.0,Oui
ORD00729,F004,BeautyPro,Allemagne,Droguerie,P004,Shampoing,2025-06-11,2025-06-19,6,8,2,773,232.67,179853.91,0.75,Oui
ORD00730,F004,BeautyPro,Allemagne,Droguerie,P004,Shampoing,2025-05-28,2025-06-02,6,5,0,867,303.33,262987.11,0.96,Oui
ORD00731,F003,PâtesItalia,Italie,Alimentaire,P003,Pâtes 500g,2025-09-01,2025-09-06,4,5,1,774,98.75,76432.5,0.89,Oui
ORD00732,F004,BeautyPro,Allemagne,Droguerie,P004,Shampoing,2025-09-13,2025-09-23,6,10,4,458,106.07,48580.06,0.81,Oui
ORD00733,F004,BeautyPro,Allemagne,Droguerie,P004,Shampoing,2025-04-14,2025-04-20,6,6,0,1762,278.56,490822.72,0.79,Oui
ORD00734,F002,RizImport SAS,Italie,Alimentaire,P002,Riz 1kg,2025-12-13,2025-12-22,5,9,4,1058,276.42,292452.36,0.94,Oui
ORD00735,F001,LaLaiterie SA,France,Alimentaire,P001,Lait demi-écrémé,2025-09-04,2025-09-07,2,3,1,1321,142.28,187951.88,0.97,Oui
ORD00736,F010,AudioMax,Chine,Électronique,P010,Casque audio,2025-05-21,2025-06-10,18,20,2,424,442.99,187827.76,0.98,Oui
ORD00737,F004,BeautyPro,Allemagne,Droguerie,P004,Shampoing,2025-10-23,2025-10-29,6,6,0,160,236.82,37891.2,0.86,Non
ORD00738,F001,LaLaiterie SA,France,Alimentaire,P001,Lait demi-écrémé,2025-09-15,2025-09-18,2,3,1,856,387.25,331486.0,0.94,Oui
ORD00739,F002,RizImport SAS,Italie,Alimentaire,P002,Riz 1kg,2025-12-24,2026-01-01,5,8,3,992,142.39,141250.88,0.75,Oui
ORD00740,F007,DenimCo,Turquie,Textile,P007,Jeans,2025-10-25,2025-11-07,14,13,0,716,163.04,116736.64,0.97,Oui
ORD00741,F005,CleanHome,France,Droguerie,P005,Lessive,2025-05-02,2025-05-06,3,4,1,1015,431.36,437830.4,0.84,Oui
ORD00742,F007,DenimCo,Turquie,Textile,P007,Jeans,2025-04-18,2025-05-04,14,16,2,1485,338.61,502835.85,0.84,Oui
ORD00743,F008,TechDistrib,Chine,Électronique,P008,Smartphone,2025-04-03,2025-04-27,21,24,3,318,440.68,140136.24,0.92,Oui
ORD00744,F005,CleanHome,France,Droguerie,P005,Lessive,2025-05-01,2025-05-07,3,6,3,935,385.41,360358.35,0.8,Oui
ORD00745,F003,PâtesItalia,Italie,Alimentaire,P003,Pâtes 500g,2025-08-31,2025-09-03,4,3,0,411,189.97,78077.67,0.78,Oui
ORD00746,F009,TVGlobal,Corée du Sud,Électronique,P009,TV 4K,2025-10-01,2025-10-30,25,29,4,696,353.51,246042.96,0.83,Oui
ORD00747,F010,AudioMax,Chine,Électronique,P010,Casque audio,2025-01-25,2025-02-14,18,20,2,252,310.9,78346.8,0.77,Oui
ORD00748,F008,TechDistrib,Chine,Électronique,P008,Smartphone,2025-11-19,2025-12-09,21,20,0,971,335.19,325469.49,0.81,Oui
ORD00749,F009,TVGlobal,Corée du Sud,Électronique,P009,TV 4K,2025-05-12,2025-06-07,25,26,1,90,185.59,16703.1,0.84,Oui
ORD00750,F010,AudioMax,Chine,Électronique,P010,Casque audio,2025-04-12,2025-05-03,18,21,3,1229,292.61,359617.69,0.88,Non
ORD00751,F005,CleanHome,France,Droguerie,P005,Lessive,2025-07-01,2025-07-05,3,4,1,1428,229.94,328354.32,0.94,Oui
ORD00752,F002,RizImport SAS,Italie,Alimentaire,P002,Riz 1kg,2025-07-15,2025-07-23,5,8,3,636,208.96,132898.56,0.99,Oui
ORD00753,F006,FashionBasic,Portugal,Textile,P006,T-shirt homme,2025-08-04,2025-08-18,10,14,4,1304,257.45,335714.8,0.96,Oui
ORD00754,F003,PâtesItalia,Italie,Alimentaire,P003,Pâtes 500g,2025-06-25,2025-06-29,4,4,0,692,142.94,98914.48,0.82,Oui
ORD00755,F007,DenimCo,Turquie,Textile,P007,Jeans,2025-05-19,2025-06-04,14,16,2,1649,388.33,640356.17,0.84,Oui
ORD00756,F008,TechDistrib,Chine,Électronique,P008,Smartphone,2025-07-31,2025-08-21,21,21,0,426,384.47,163784.22,0.78,Oui
ORD00757,F005,CleanHome,France,Droguerie,P005,Lessive,2025-12-25,2026-01-01,3,7,4,213,95.15,20266.95,0.85,Oui
ORD00758,F008,TechDistrib,Chine,Électronique,P008,Smartphone,2025-10-08,2025-10-28,21,20,0,103,347.03,35744.09,0.88,Non
ORD00759,F002,RizImport SAS,Italie,Alimentaire,P002,Riz 1kg,2025-05-15,2025-05-23,5,8,3,368,38.4,14131.2,0.98,Oui
ORD00760,F004,BeautyPro,Allemagne,Droguerie,P004,Shampoing,2025-05-07,2025-05-17,6,10,4,631,199.7,126010.7,0.78,Oui
ORD00761,F003,PâtesItalia,Italie,Alimentaire,P003,Pâtes 500g,2025-01-15,2025-01-18,4,3,0,1408,160.9,226547.2,0.98,Oui
ORD00762,F008,TechDistrib,Chine,Électronique,P008,Smartphone,2025-10-04,2025-10-26,21,22,1,1173,200.46,235139.58,0.99,Oui
ORD00763,F003,PâtesItalia,Italie,Alimentaire,P003,Pâtes 500g,2025-10-30,2025-11-06,4,7,3,985,284.16,279897.6,0.91,Oui
ORD00764,F009,TVGlobal,Corée du Sud,Électronique,P009,TV 4K,2025-11-24,2025-12-23,25,29,4,1143,139.69,159665.67,0.84,Oui
ORD00765,F002,RizImport SAS,Italie,Alimentaire,P002,Riz 1kg,2025-08-15,2025-08-21,5,6,1,799,185.79,148446.21,0.79,Oui
ORD00766,F009,TVGlobal,Corée du Sud,Électronique,P009,TV 4K,2025-03-11,2025-04-06,25,26,1,637,211.4,134661.8,0.75,Non
ORD00767,F008,TechDistrib,Chine,Électronique,P008,Smartphone,2025-06-03,2025-06-23,21,20,0,1618,193.98,313859.64,0.82,Oui
ORD00768,F001,LaLaiterie SA,France,Alimentaire,P001,Lait demi-écrémé,2025-10-08,2025-10-11,2,3,1,436,185.58,80912.88,0.89,Oui
ORD00769,F003,PâtesItalia,Italie,Alimentaire,P003,Pâtes 500g,2025-11-27,2025-12-03,4,6,2,1746,170.57,297815.22,0.82,Oui
ORD00770,F004,BeautyPro,Allemagne,Droguerie,P004,Shampoing,2025-09-22,2025-10-01,6,9,3,1703,312.42,532051.26,0.82,Oui
ORD00771,F009,TVGlobal,Corée du Sud,Électronique,P009,TV 4K,2025-05-18,2025-06-14,25,27,2,435,384.14,167100.9,0.8,Oui
ORD00772,F008,TechDistrib,Chine,Électronique,P008,Smartphone,2025-11-13,2025-12-06,21,23,2,607,315.36,191423.52,0.87,Oui
ORD00773,F003,PâtesItalia,Italie,Alimentaire,P003,Pâtes 500g,2025-01-26,2025-02-02,4,7,3,95,84.08,7987.6,0.78,Oui
ORD00774,F008,TechDistrib,Chine,Électronique,P008,Smartphone,2025-01-05,2025-01-26,21,21,0,234,68.23,15965.82,0.87,Oui
ORD00775,F005,CleanHome,France,Droguerie,P005,Lessive,2025-09-13,2025-09-17,3,4,1,999,313.77,313456.23,0.76,Oui
ORD00776,F003,PâtesItalia,Italie,Alimentaire,P003,Pâtes 500g,2025-01-29,2025-02-03,4,5,1,1638,176.89,289745.82,0.89,Oui
ORD00777,F005,CleanHome,France,Droguerie,P005,Lessive,2025-07-15,2025-07-17,3,2,0,299,438.58,131135.42,0.93,Oui
ORD00778,F008,TechDistrib,Chine,Électronique,P008,Smartphone,2025-05-07,2025-06-01,21,25,4,118,90.03,10623.54,0.93,Oui
ORD00779,F004,BeautyPro,Allemagne,Droguerie,P004,Shampoing,2025-08-31,2025-09-08,6,8,2,1445,432.57,625063.65,0.98,Oui
ORD00780,F001,LaLaiterie SA,France,Alimentaire,P001,Lait demi-écrémé,2025-10-09,2025-10-14,2,5,3,300,114.36,34308.0,0.91,Oui
ORD00781,F001,LaLaiterie SA,France,Alimentaire,P001,Lait demi-écrémé,2025-12-08,2025-12-10,2,2,0,281,106.57,29946.17,0.86,Oui
ORD00782,F005,CleanHome,France,Droguerie,P005,Lessive,2025-10-27,2025-10-29,3,2,0,860,355.22,305489.2,0.75,Oui
ORD00783,F008,TechDistrib,Chine,Électronique,P008,Smartphone,2025-12-19,2026-01-12,21,24,3,367,167.44,61450.48,0.77,Oui
ORD00784,F002,RizImport SAS,Italie,Alimentaire,P002,Riz 1kg,2025-12-18,2025-12-26,5,8,3,743,418.92,311257.56,1.0,Oui
ORD00785,F001,LaLaiterie SA,France,Alimentaire,P001,Lait demi-écrémé,2025-07-02,2025-07-08,2,6,4,365,315.75,115248.75,0.95,Oui
ORD00786,F004,BeautyPro,Allemagne,Droguerie,P004,Shampoing,2025-06-12,2025-06-21,6,9,3,1664,290.27,483009.28,0.84,Oui
ORD00787,F004,BeautyPro,Allemagne,Droguerie,P004,Shampoing,2025-01-11,2025-01-21,6,10,4,823,161.5,132914.5,0.78,Oui
ORD00788,F008,TechDistrib,Chine,Électronique,P008,Smartphone,2025-12-28,2026-01-20,21,23,2,1194,132.97,158766.18,0.92,Oui
ORD00789,F003,PâtesItalia,Italie,Alimentaire,P003,Pâtes 500g,2025-10-06,2025-10-11,4,5,1,712,329.71,234753.52,0.82,Oui
ORD00790,F009,TVGlobal,Corée du Sud,Électronique,P009,TV 4K,2025-03-24,2025-04-17,25,24,0,1137,70.18,79794.66,0.82,Oui
ORD00791,F006,FashionBasic,Portugal,Textile,P006,T-shirt homme,2025-08-21,2025-08-30,10,9,0,1639,287.29,470868.31,0.84,Oui
ORD00792,F001,LaLaiterie SA,France,Alimentaire,P001,Lait demi-écrémé,2025-11-14,2025-11-17,2,3,1,1639,279.28,457739.92,0.83,Oui
ORD00793,F009,TVGlobal,Corée du Sud,Électronique,P009,TV 4K,2025-07-18,2025-08-12,25,25,0,1123,307.61,345446.03,0.94,Oui
ORD00794,F005,CleanHome,France,Droguerie,P005,Lessive,2025-06-15,2025-06-20,3,5,2,1362,145.25,197830.5,0.77,Oui
ORD00795,F001,LaLaiterie SA,France,Alimentaire,P001,Lait demi-écrémé,2025-03-08,2025-03-10,2,2,0,1838,14.56,26761.28,0.78,Oui
ORD00796,F001,LaLaiterie SA,France,Alimentaire,P001,Lait demi-écrémé,2025-10-20,2025-10-26,2,6,4,1762,175.18,308667.16,0.87,Oui
ORD00797,F010,AudioMax,Chine,Électronique,P010,Casque audio,2025-05-12,2025-05-29,18,17,0,800,99.71,79768.0,0.93,Oui
ORD00798,F004,BeautyPro,Allemagne,Droguerie,P004,Shampoing,2025-12-02,2025-12-10,6,8,2,1951,400.45,781277.95,0.77,Oui
ORD00799,F001,LaLaiterie SA,France,Alimentaire,P001,Lait demi-écrémé,2025-07-04,2025-07-09,2,5,3,1572,422.24,663761.28,0.85,Oui
ORD00800,F001,LaLaiterie SA,France,Alimentaire,P001,Lait demi-écrémé,2025-11-12,2025-11-15,2,3,1,1133,18.77,21266.41,0.77,Oui
ORD00801,F004,BeautyPro,Allemagne,Droguerie,P004,Shampoing,2025-09-23,2025-09-28,6,5,0,257,326.46,83900.22,0.88,Oui
ORD00802,F009,TVGlobal,Corée du Sud,Électronique,P009,TV 4K,2025-12-03,2025-12-28,25,25,0,1217,281.58,342682.86,0.79,Oui
ORD00803,F007,DenimCo,Turquie,Textile,P007,Jeans,2025-02-24,2025-03-14,14,18,4,1230,161.4,198522.0,0.86,Oui
ORD00804,F002,RizImport SAS,Italie,Alimentaire,P002,Riz 1kg,2025-03-27,2025-04-01,5,5,0,1176,181.0,212856.0,0.83,Oui
ORD00805,F010,AudioMax,Chine,Électronique,P010,Casque audio,2025-08-15,2025-09-03,18,19,1,1898,142.16,269819.68,1.0,Oui
ORD00806,F006,FashionBasic,Portugal,Textile,P006,T-shirt homme,2025-07-31,2025-08-14,10,14,4,931,371.86,346201.66,0.83,Oui
ORD00807,F009,TVGlobal,Corée du Sud,Électronique,P009,TV 4K,2025-04-20,2025-05-17,25,27,2,1618,247.83,400988.94,0.94,Oui
ORD00808,F008,TechDistrib,Chine,Électronique,P008,Smartphone,2025-08-18,2025-09-10,21,23,2,50,326.98,16349.0,1.0,Oui
ORD00809,F009,TVGlobal,Corée du Sud,Électronique,P009,TV 4K,2025-03-11,2025-04-06,25,26,1,63,135.5,8536.5,0.81,Oui
ORD00810,F001,LaLaiterie SA,France,Alimentaire,P001,Lait demi-écrémé,2025-12-20,2025-12-23,2,3,1,1932,249.37,481782.84,0.89,Non
ORD00811,F003,PâtesItalia,Italie,Alimentaire,P003,Pâtes 500g,2025-02-18,2025-02-21,4,3,0,992,160.37,159087.04,0.78,Oui
ORD00812,F010,AudioMax,Chine,Électronique,P010,Casque audio,2025-05-08,2025-05-26,18,18,0,574,365.08,209555.92,0.77,Oui
ORD00813,F004,BeautyPro,Allemagne,Droguerie,P004,Shampoing,2025-02-09,2025-02-19,6,10,4,714,356.91,254833.74,0.79,Oui
ORD00814,F010,AudioMax,Chine,Électronique,P010,Casque audio,2025-02-18,2025-03-11,18,21,3,1365,135.53,184998.45,0.93,Oui
ORD00815,F002,RizImport SAS,Italie,Alimentaire,P002,Riz 1kg,2025-01-29,2025-02-04,5,6,1,762,395.97,301729.14,0.86,Non
ORD00816,F002,RizImport SAS,Italie,Alimentaire,P002,Riz 1kg,2025-04-27,2025-05-06,5,9,4,1386,382.34,529923.24,0.98,Oui
ORD00817,F007,DenimCo,Turquie,Textile,P007,Jeans,2025-01-28,2025-02-12,14,15,1,1123,19.01,21348.23,0.88,Oui
ORD00818,F009,TVGlobal,Corée du Sud,Électronique,P009,TV 4K,2025-12-24,2026-01-18,25,25,0,363,23.21,8425.23,0.93,Oui
ORD00819,F008,TechDistrib,Chine,Électronique,P008,Smartphone,2025-11-01,2025-11-25,21,24,3,1083,40.99,44392.17,0.86,Oui
ORD00820,F003,PâtesItalia,Italie,Alimentaire,P003,Pâtes 500g,2025-03-09,2025-03-14,4,5,1,219,214.4,46953.6,0.94,Oui
ORD00821,F005,CleanHome,France,Droguerie,P005,Lessive,2025-02-13,2025-02-18,3,5,2,1077,195.8,210876.6,0.92,Oui
ORD00822,F008,TechDistrib,Chine,Électronique,P008,Smartphone,2025-10-14,2025-11-04,21,21,0,1049,178.2,186931.8,0.89,Oui
ORD00823,F009,TVGlobal,Corée du Sud,Électronique,P009,TV 4K,2025-05-07,2025-06-01,25,25,0,196,120.18,23555.28,0.86,Oui
ORD00824,F010,AudioMax,Chine,Électronique,P010,Casque audio,2025-02-15,2025-03-04,18,17,0,1425,186.41,265634.25,0.84,Oui
ORD00825,F006,FashionBasic,Portugal,Textile,P006,T-shirt homme,2025-11-01,2025-11-15,10,14,4,99,346.47,34300.53,0.79,Oui
ORD00826,F008,TechDistrib,Chine,Électronique,P008,Smartphone,2025-11-16,2025-12-07,21,21,0,952,20.67,19677.84,0.95,Oui
ORD00827,F006,FashionBasic,Portugal,Textile,P006,T-shirt homme,2025-03-21,2025-04-04,10,14,4,1796,39.07,70169.72,0.93,Oui
ORD00828,F010,AudioMax,Chine,Électronique,P010,Casque audio,2025-03-17,2025-04-05,18,19,1,78,154.8,12074.4,0.95,Oui
ORD00829,F008,TechDistrib,Chine,Électronique,P008,Smartphone,2025-01-12,2025-02-03,21,22,1,478,333.14,159240.92,0.8,Oui
ORD00830,F005,CleanHome,France,Droguerie,P005,Lessive,2025-10-08,2025-10-13,3,5,2,1325,328.6,435395.0,0.79,Oui
ORD00831,F001,LaLaiterie SA,France,Alimentaire,P001,Lait demi-écrémé,2025-07-12,2025-07-17,2,5,3,1905,298.76,569137.8,0.76,Oui
ORD00832,F005,CleanHome,France,Droguerie,P005,Lessive,2025-04-13,2025-04-20,3,7,4,1315,122.44,161008.6,0.87,Non
ORD00833,F002,RizImport SAS,Italie,Alimentaire,P002,Riz 1kg,2025-07-18,2025-07-27,5,9,4,605,298.51,180598.55,0.98,Oui
ORD00834,F002,RizImport SAS,Italie,Alimentaire,P002,Riz 1kg,2025-01-10,2025-01-16,5,6,1,1826,397.59,725999.34,0.85,Non
ORD00835,F009,TVGlobal,Corée du Sud,Électronique,P009,TV 4K,2025-12-30,2026-01-23,25,24,0,1901,142.3,270512.3,0.97,Oui
ORD00836,F003,PâtesItalia,Italie,Alimentaire,P003,Pâtes 500g,2025-04-12,2025-04-19,4,7,3,987,252.53,249247.11,0.93,Oui
ORD00837,F009,TVGlobal,Corée du Sud,Électronique,P009,TV 4K,2025-06-06,2025-07-02,25,26,1,1053,177.33,186728.49,0.79,Oui
ORD00838,F006,FashionBasic,Portugal,Textile,P006,T-shirt homme,2025-07-01,2025-07-15,10,14,4,669,106.67,71362.23,0.99,Oui
ORD00839,F001,LaLaiterie SA,France,Alimentaire,P001,Lait demi-écrémé,2025-11-17,2025-11-20,2,3,1,1849,174.53,322705.97,1.0,Non
ORD00840,F009,TVGlobal,Corée du Sud,Électronique,P009,TV 4K,2025-05-24,2025-06-18,25,25,0,360,154.13,55486.8,0.85,Oui
ORD00841,F007,DenimCo,Turquie,Textile,P007,Jeans,2025-09-24,2025-10-12,14,18,4,1304,392.78,512185.12,0.92,Oui
ORD00842,F010,AudioMax,Chine,Électronique,P010,Casque audio,2025-03-20,2025-04-09,18,20,2,689,409.43,282097.27,0.83,Oui
ORD00843,F004,BeautyPro,Allemagne,Droguerie,P004,Shampoing,2025-12-01,2025-12-07,6,6,0,1239,243.84,302117.76,0.95,Oui
ORD00844,F005,CleanHome,France,Droguerie,P005,Lessive,2025-12-19,2025-12-26,3,7,4,1890,235.95,445945.5,0.78,Non
ORD00845,F003,PâtesItalia,Italie,Alimentaire,P003,Pâtes 500g,2025-12-02,2025-12-09,4,7,3,1928,71.54,137929.12,0.77,Oui
ORD00846,F002,RizImport SAS,Italie,Alimentaire,P002,Riz 1kg,2025-04-05,2025-04-11,5,6,1,1769,395.9,700347.1,0.93,Oui
ORD00847,F007,DenimCo,Turquie,Textile,P007,Jeans,2025-07-30,2025-08-14,14,15,1,957,335.65,321217.05,0.96,Oui
ORD00848,F005,CleanHome,France,Droguerie,P005,Lessive,2025-03-19,2025-03-22,3,3,0,268,59.63,15980.84,0.76,Non
ORD00849,F010,AudioMax,Chine,Électronique,P010,Casque audio,2025-05-17,2025-06-07,18,21,3,1211,275.76,333945.36,0.9,Oui
ORD00850,F001,LaLaiterie SA,France,Alimentaire,P001,Lait demi-écrémé,2025-07-03,2025-07-04,2,1,0,1459,351.03,512152.77,0.78,Oui
ORD00851,F008,TechDistrib,Chine,Électronique,P008,Smartphone,2025-12-31,2026-01-25,21,25,4,815,83.2,67808.0,0.85,Oui
ORD00852,F003,PâtesItalia,Italie,Alimentaire,P003,Pâtes 500g,2025-04-09,2025-04-13,4,4,0,116,184.16,21362.56,0.99,Non
ORD00853,F007,DenimCo,Turquie,Textile,P007,Jeans,2025-04-24,2025-05-12,14,18,4,1424,444.72,633281.28,0.94,Oui
ORD00854,F008,TechDistrib,Chine,Électronique,P008,Smartphone,2025-11-12,2025-12-05,21,23,2,1458,146.54,213655.32,0.86,Oui
ORD00855,F007,DenimCo,Turquie,Textile,P007,Jeans,2025-01-22,2025-02-08,14,17,3,1555,371.04,576967.2,0.93,Oui
ORD00856,F010,AudioMax,Chine,Électronique,P010,Casque audio,2025-11-01,2025-11-22,18,21,3,1125,288.81,324911.25,0.93,Oui
ORD00857,F002,RizImport SAS,Italie,Alimentaire,P002,Riz 1kg,2025-08-20,2025-08-27,5,7,2,1743,395.06,688589.58,0.97,Oui
ORD00858,F009,TVGlobal,Corée du Sud,Électronique,P009,TV 4K,2025-07-22,2025-08-20,25,29,4,130,251.19,32654.7,0.88,Oui
ORD00859,F001,LaLaiterie SA,France,Alimentaire,P001,Lait demi-écrémé,2025-04-08,2025-04-11,2,3,1,950,179.42,170449.0,0.83,Oui
ORD00860,F008,TechDistrib,Chine,Électronique,P008,Smartphone,2025-03-27,2025-04-19,21,23,2,652,276.1,180017.2,0.76,Oui
ORD00861,F003,PâtesItalia,Italie,Alimentaire,P003,Pâtes 500g,2025-08-26,2025-09-03,4,8,4,975,41.15,40121.25,0.88,Oui
ORD00862,F010,AudioMax,Chine,Électronique,P010,Casque audio,2025-12-23,2026-01-13,18,21,3,327,177.18,57937.86,0.83,Oui
ORD00863,F008,TechDistrib,Chine,Électronique,P008,Smartphone,2025-10-30,2025-11-24,21,25,4,1884,91.27,171952.68,0.86,Oui
ORD00864,F003,PâtesItalia,Italie,Alimentaire,P003,Pâtes 500g,2025-03-05,2025-03-08,4,3,0,283,317.95,89979.85,0.91,Oui
ORD00865,F007,DenimCo,Turquie,Textile,P007,Jeans,2025-09-19,2025-10-06,14,17,3,1995,72.37,144378.15,0.89,Oui
ORD00866,F003,PâtesItalia,Italie,Alimentaire,P003,Pâtes 500g,2025-06-21,2025-06-28,4,7,3,1834,296.96,544624.64,0.79,Oui
ORD00867,F003,PâtesItalia,Italie,Alimentaire,P003,Pâtes 500g,2025-12-31,2026-01-03,4,3,0,909,138.97,126323.73,0.93,Non
ORD00868,F005,CleanHome,France,Droguerie,P005,Lessive,2025-11-17,2025-11-20,3,3,0,290,404.39,117273.1,0.99,Oui
ORD00869,F005,CleanHome,France,Droguerie,P005,Lessive,2025-01-07,2025-01-12,3,5,2,1069,385.01,411575.69,0.89,Oui
ORD00870,F008,TechDistrib,Chine,Électronique,P008,Smartphone,2025-05-02,2025-05-23,21,21,0,1255,296.93,372647.15,0.86,Oui
ORD00871,F010,AudioMax,Chine,Électronique,P010,Casque audio,2025-11-04,2025-11-21,18,17,0,551,397.03,218763.53,0.82,Oui
ORD00872,F004,BeautyPro,Allemagne,Droguerie,P004,Shampoing,2025-01-26,2025-02-01,6,6,0,353,25.25,8913.25,0.84,Oui
ORD00873,F001,LaLaiterie SA,France,Alimentaire,P001,Lait demi-écrémé,2025-12-08,2025-12-13,2,5,3,1766,271.68,479786.88,0.83,Oui
ORD00874,F002,RizImport SAS,Italie,Alimentaire,P002,Riz 1kg,2025-08-02,2025-08-07,5,5,0,380,302.6,114988.0,0.9,Oui
ORD00875,F010,AudioMax,Chine,Électronique,P010,Casque audio,2025-10-21,2025-11-11,18,21,3,413,434.85,179593.05,0.94,Oui
ORD00876,F001,LaLaiterie SA,France,Alimentaire,P001,Lait demi-écrémé,2025-02-17,2025-02-20,2,3,1,711,166.17,118146.87,0.84,Oui
ORD00877,F007,DenimCo,Turquie,Textile,P007,Jeans,2025-10-09,2025-10-22,14,13,0,649,212.13,137672.37,0.78,Oui
ORD00878,F006,FashionBasic,Portugal,Textile,P006,T-shirt homme,2025-09-27,2025-10-09,10,12,2,1124,94.83,106588.92,0.8,Oui
ORD00879,F010,AudioMax,Chine,Électronique,P010,Casque audio,2025-11-19,2025-12-10,18,21,3,229,217.91,49901.39,0.92,Non
ORD00880,F005,CleanHome,France,Droguerie,P005,Lessive,2025-08-07,2025-08-13,3,6,3,1786,142.76,254969.36,0.88,Non
ORD00881,F006,FashionBasic,Portugal,Textile,P006,T-shirt homme,2025-03-08,2025-03-21,10,13,3,1202,223.63,268803.26,0.93,Oui
ORD00882,F003,PâtesItalia,Italie,Alimentaire,P003,Pâtes 500g,2025-11-09,2025-11-13,4,4,0,1501,131.07,196736.07,0.8,Oui
ORD00883,F008,TechDistrib,Chine,Électronique,P008,Smartphone,2025-11-17,2025-12-07,21,20,0,1560,381.71,595467.6,0.95,Non
ORD00884,F007,DenimCo,Turquie,Textile,P007,Jeans,2025-01-24,2025-02-08,14,15,1,766,252.41,193346.06,0.91,Oui
ORD00885,F004,BeautyPro,Allemagne,Droguerie,P004,Shampoing,2025-12-20,2025-12-27,6,7,1,571,355.69,203098.99,0.83,Oui
ORD00886,F006,FashionBasic,Portugal,Textile,P006,T-shirt homme,2025-01-04,2025-01-13,10,9,0,1454,150.31,218550.74,0.85,Oui
ORD00887,F001,LaLaiterie SA,France,Alimentaire,P001,Lait demi-écrémé,2025-03-31,2025-04-02,2,2,0,726,375.3,272467.8,0.98,Oui
ORD00888,F008,TechDistrib,Chine,Électronique,P008,Smartphone,2025-01-19,2025-02-13,21,25,4,328,216.93,71153.04,0.91,Oui
ORD00889,F009,TVGlobal,Corée du Sud,Électronique,P009,TV 4K,2025-06-21,2025-07-18,25,27,2,1655,366.47,606507.85,0.98,Oui
ORD00890,F009,TVGlobal,Corée du Sud,Électronique,P009,TV 4K,2025-06-03,2025-07-01,25,28,3,1534,305.35,468406.9,0.89,Oui
ORD00891,F010,AudioMax,Chine,Électronique,P010,Casque audio,2025-12-17,2026-01-05,18,19,1,1687,412.33,695600.71,0.95,Oui
ORD00892,F003,PâtesItalia,Italie,Alimentaire,P003,Pâtes 500g,2025-05-24,2025-05-27,4,3,0,744,442.64,329324.16,0.91,Oui
ORD00893,F010,AudioMax,Chine,Électronique,P010,Casque audio,2025-11-07,2025-11-27,18,20,2,433,268.04,116061.32,0.97,Oui
ORD00894,F006,FashionBasic,Portugal,Textile,P006,T-shirt homme,2025-12-30,2026-01-08,10,9,0,606,186.53,113037.18,0.87,Oui
ORD00895,F008,TechDistrib,Chine,Électronique,P008,Smartphone,2025-06-04,2025-06-25,21,21,0,1125,136.39,153438.75,0.78,Oui
ORD00896,F004,BeautyPro,Allemagne,Droguerie,P004,Shampoing,2025-02-17,2025-02-25,6,8,2,1086,11.71,12717.06,0.87,Oui
ORD00897,F004,BeautyPro,Allemagne,Droguerie,P004,Shampoing,2025-06-24,2025-07-02,6,8,2,1550,393.31,609630.5,0.83,Oui
ORD00898,F002,RizImport SAS,Italie,Alimentaire,P002,Riz 1kg,2025-09-22,2025-10-01,5,9,4,321,92.73,29766.33,0.76,Oui
ORD00899,F009,TVGlobal,Corée du Sud,Électronique,P009,TV 4K,2025-03-01,2025-03-25,25,24,0,686,419.59,287838.74,0.92,Oui
ORD00900,F002,RizImport SAS,Italie,Alimentaire,P002,Riz 1kg,2025-06-20,2025-06-27,5,7,2,1871,21.24,39740.04,0.88,Oui
ORD00901,F005,CleanHome,France,Droguerie,P005,Lessive,2025-01-12,2025-01-18,3,6,3,1603,140.81,225718.43,0.97,Oui
ORD00902,F004,BeautyPro,Allemagne,Droguerie,P004,Shampoing,2025-05-27,2025-06-03,6,7,1,1140,143.96,164114.4,0.86,Oui
ORD00903,F003,PâtesItalia,Italie,Alimentaire,P003,Pâtes 500g,2025-03-22,2025-03-27,4,5,1,284,7.36,2090.24,0.91,Oui
ORD00904,F004,BeautyPro,Allemagne,Droguerie,P004,Shampoing,2025-10-05,2025-10-12,6,7,1,1175,143.66,168800.5,0.79,Oui
ORD00905,F005,CleanHome,France,Droguerie,P005,Lessive,2025-10-21,2025-10-24,3,3,0,400,32.52,13008.0,0.9,Oui
ORD00906,F008,TechDistrib,Chine,Électronique,P008,Smartphone,2025-01-26,2025-02-16,21,21,0,109,212.1,23118.9,0.92,Oui
ORD00907,F001,LaLaiterie SA,France,Alimentaire,P001,Lait demi-écrémé,2025-02-14,2025-02-18,2,4,2,852,80.95,68969.4,0.9,Oui
ORD00908,F008,TechDistrib,Chine,Électronique,P008,Smartphone,2025-11-12,2025-12-04,21,22,1,689,149.88,103267.32,0.8,Oui
ORD00909,F009,TVGlobal,Corée du Sud,Électronique,P009,TV 4K,2025-02-10,2025-03-09,25,27,2,1212,59.74,72404.88,0.95,Oui
ORD00910,F008,TechDistrib,Chine,Électronique,P008,Smartphone,2025-02-19,2025-03-14,21,23,2,685,308.17,211096.45,0.93,Oui
ORD00911,F004,BeautyPro,Allemagne,Droguerie,P004,Shampoing,2025-04-25,2025-05-01,6,6,0,1813,403.12,730856.56,0.81,Oui
ORD00912,F003,PâtesItalia,Italie,Alimentaire,P003,Pâtes 500g,2025-12-25,2026-01-02,4,8,4,726,355.06,257773.56,0.97,Oui
ORD00913,F001,LaLaiterie SA,France,Alimentaire,P001,Lait demi-écrémé,2025-02-03,2025-02-07,2,4,2,281,158.47,44530.07,0.87,Oui
ORD00914,F006,FashionBasic,Portugal,Textile,P006,T-shirt homme,2025-11-06,2025-11-19,10,13,3,310,228.82,70934.2,0.85,Oui
ORD00915,F002,RizImport SAS,Italie,Alimentaire,P002,Riz 1kg,2025-06-16,2025-06-24,5,8,3,1380,32.38,44684.4,0.83,Oui
ORD00916,F010,AudioMax,Chine,Électronique,P010,Casque audio,2025-07-31,2025-08-18,18,18,0,1321,110.04,145362.84,0.79,Oui
ORD00917,F002,RizImport SAS,Italie,Alimentaire,P002,Riz 1kg,2025-06-24,2025-06-29,5,5,0,1716,312.48,536215.68,0.86,Non
ORD00918,F010,AudioMax,Chine,Électronique,P010,Casque audio,2025-06-25,2025-07-16,18,21,3,1471,106.65,156882.15,0.92,Oui
ORD00919,F010,AudioMax,Chine,Électronique,P010,Casque audio,2025-09-07,2025-09-24,18,17,0,1262,268.44,338771.28,0.83,Oui
ORD00920,F008,TechDistrib,Chine,Électronique,P008,Smartphone,2025-04-01,2025-04-23,21,22,1,881,31.79,28006.99,0.78,Oui
ORD00921,F007,DenimCo,Turquie,Textile,P007,Jeans,2025-06-17,2025-07-03,14,16,2,1370,297.24,407218.8,0.77,Oui
ORD00922,F010,AudioMax,Chine,Électronique,P010,Casque audio,2025-11-22,2025-12-09,18,17,0,1600,66.45,106320.0,0.79,Oui
ORD00923,F007,DenimCo,Turquie,Textile,P007,Jeans,2025-11-12,2025-11-29,14,17,3,965,88.45,85354.25,0.92,Oui
ORD00924,F010,AudioMax,Chine,Électronique,P010,Casque audio,2025-12-14,2026-01-02,18,19,1,1931,424.53,819767.43,0.86,Non
ORD00925,F006,FashionBasic,Portugal,Textile,P006,T-shirt homme,2025-02-15,2025-02-28,10,13,3,66,275.37,18174.42,0.88,Oui
ORD00926,F005,CleanHome,France,Droguerie,P005,Lessive,2025-02-01,2025-02-05,3,4,1,1895,247.22,468481.9,0.76,Oui
ORD00927,F006,FashionBasic,Portugal,Textile,P006,T-shirt homme,2025-02-26,2025-03-09,10,11,1,1822,14.52,26455.44,0.86,Oui
ORD00928,F006,FashionBasic,Portugal,Textile,P006,T-shirt homme,2025-12-31,2026-01-12,10,12,2,881,172.01,151540.81,0.89,Oui
ORD00929,F008,TechDistrib,Chine,Électronique,P008,Smartphone,2025-03-13,2025-04-03,21,21,0,1187,173.38,205802.06,0.98,Oui
ORD00930,F003,PâtesItalia,Italie,Alimentaire,P003,Pâtes 500g,2025-05-28,2025-06-05,4,8,4,307,60.86,18684.02,0.77,Oui
ORD00931,F008,TechDistrib,Chine,Électronique,P008,Smartphone,2025-12-03,2025-12-26,21,23,2,328,38.56,12647.68,0.91,Oui
ORD00932,F008,TechDistrib,Chine,Électronique,P008,Smartphone,2025-12-23,2026-01-16,21,24,3,1955,191.85,375066.75,0.79,Oui
ORD00933,F009,TVGlobal,Corée du Sud,Électronique,P009,TV 4K,2025-08-19,2025-09-15,25,27,2,777,101.97,79230.69,0.86,Oui
ORD00934,F008,TechDistrib,Chine,Électronique,P008,Smartphone,2025-05-02,2025-05-27,21,25,4,1077,121.53,130887.81,0.98,Oui
ORD00935,F001,LaLaiterie SA,France,Alimentaire,P001,Lait demi-écrémé,2025-01-20,2025-01-25,2,5,3,1039,317.34,329716.26,0.78,Oui
ORD00936,F002,RizImport SAS,Italie,Alimentaire,P002,Riz 1kg,2025-03-14,2025-03-23,5,9,4,1547,237.12,366824.64,0.96,Oui
ORD00937,F005,CleanHome,France,Droguerie,P005,Lessive,2025-08-27,2025-09-02,3,6,3,210,235.75,49507.5,0.9,Oui
ORD00938,F002,RizImport SAS,Italie,Alimentaire,P002,Riz 1kg,2025-12-17,2025-12-26,5,9,4,1154,359.25,414574.5,0.83,Oui
ORD00939,F006,FashionBasic,Portugal,Textile,P006,T-shirt homme,2025-10-01,2025-10-10,10,9,0,1010,204.59,206635.9,0.98,Oui
ORD00940,F006,FashionBasic,Portugal,Textile,P006,T-shirt homme,2025-08-04,2025-08-15,10,11,1,1684,132.93,223854.12,0.79,Oui
ORD00941,F010,AudioMax,Chine,Électronique,P010,Casque audio,2025-06-05,2025-06-27,18,22,4,1657,253.89,420695.73,0.77,Oui
ORD00942,F003,PâtesItalia,Italie,Alimentaire,P003,Pâtes 500g,2025-10-21,2025-10-24,4,3,0,1394,445.67,621263.98,0.95,Oui
ORD00943,F005,CleanHome,France,Droguerie,P005,Lessive,2025-09-06,2025-09-08,3,2,0,309,227.77,70380.93,0.96,Oui
ORD00944,F003,PâtesItalia,Italie,Alimentaire,P003,Pâtes 500g,2025-11-12,2025-11-17,4,5,1,613,386.11,236685.43,0.75,Oui
ORD00945,F003,PâtesItalia,Italie,Alimentaire,P003,Pâtes 500g,2025-10-30,2025-11-07,4,8,4,359,296.79,106547.61,0.84,Oui
ORD00946,F004,BeautyPro,Allemagne,Droguerie,P004,Shampoing,2025-09-06,2025-09-12,6,6,0,1687,237.56,400763.72,0.76,Non
ORD00947,F003,PâtesItalia,Italie,Alimentaire,P003,Pâtes 500g,2025-11-01,2025-11-05,4,4,0,1765,223.43,394353.95,1.0,Oui
ORD00948,F004,BeautyPro,Allemagne,Droguerie,P004,Shampoing,2025-12-05,2025-12-13,6,8,2,1536,287.09,440970.24,0.8,Oui
ORD00949,F006,FashionBasic,Portugal,Textile,P006,T-shirt homme,2025-01-28,2025-02-11,10,14,4,591,340.09,200993.19,0.78,Oui
ORD00950,F007,DenimCo,Turquie,Textile,P007,Jeans,2025-09-01,2025-09-16,14,15,1,1025,335.89,344287.25,0.94,Oui
ORD00951,F007,DenimCo,Turquie,Textile,P007,Jeans,2025-12-16,2026-01-03,14,18,4,848,213.83,181327.84,0.79,Oui
ORD00952,F001,LaLaiterie SA,France,Alimentaire,P001,Lait demi-écrémé,2025-05-28,2025-06-01,2,4,2,832,305.48,254159.36,0.99,Oui
ORD00953,F001,LaLaiterie SA,France,Alimentaire,P001,Lait demi-écrémé,2025-02-19,2025-02-24,2,5,3,1355,159.55,216190.25,0.96,Oui
ORD00954,F005,CleanHome,France,Droguerie,P005,Lessive,2025-06-21,2025-06-25,3,4,1,596,361.14,215239.44,0.81,Oui
ORD00955,F008,TechDistrib,Chine,Électronique,P008,Smartphone,2025-12-12,2026-01-06,21,25,4,545,330.57,180160.65,0.9,Oui
ORD00956,F006,FashionBasic,Portugal,Textile,P006,T-shirt homme,2025-12-13,2025-12-27,10,14,4,418,141.31,59067.58,0.75,Oui
ORD00957,F002,RizImport SAS,Italie,Alimentaire,P002,Riz 1kg,2025-01-07,2025-01-14,5,7,2,250,236.61,59152.5,0.92,Oui
ORD00958,F005,CleanHome,France,Droguerie,P005,Lessive,2025-05-09,2025-05-12,3,3,0,119,11.15,1326.85,0.77,Non
ORD00959,F004,BeautyPro,Allemagne,Droguerie,P004,Shampoing,2025-11-03,2025-11-13,6,10,4,299,318.78,95315.22,0.78,Oui
ORD00960,F003,PâtesItalia,Italie,Alimentaire,P003,Pâtes 500g,2025-07-12,2025-07-20,4,8,4,1614,405.0,653670.0,0.89,Non
ORD00961,F002,RizImport SAS,Italie,Alimentaire,P002,Riz 1kg,2025-12-23,2025-12-28,5,5,0,568,132.91,75492.88,0.92,Oui
ORD00962,F008,TechDistrib,Chine,Électronique,P008,Smartphone,2025-05-22,2025-06-14,21,23,2,1467,406.57,596438.19,0.94,Oui
ORD00963,F003,PâtesItalia,Italie,Alimentaire,P003,Pâtes 500g,2025-02-07,2025-02-12,4,5,1,1641,28.54,46834.14,0.85,Non
ORD00964,F005,CleanHome,France,Droguerie,P005,Lessive,2025-05-16,2025-05-19,3,3,0,952,31.69,30168.88,0.99,Oui
ORD00965,F007,DenimCo,Turquie,Textile,P007,Jeans,2025-04-02,2025-04-20,14,18,4,1057,49.24,52046.68,0.89,Oui
ORD00966,F010,AudioMax,Chine,Électronique,P010,Casque audio,2025-11-26,2025-12-13,18,17,0,1919,198.99,381861.81,0.81,Oui
ORD00967,F002,RizImport SAS,Italie,Alimentaire,P002,Riz 1kg,2025-10-20,2025-10-29,5,9,4,563,349.87,196976.81,0.75,Oui
ORD00968,F001,LaLaiterie SA,France,Alimentaire,P001,Lait demi-écrémé,2025-01-20,2025-01-26,2,6,4,849,120.26,102100.74,0.93,Oui
ORD00969,F010,AudioMax,Chine,Électronique,P010,Casque audio,2025-01-02,2025-01-23,18,21,3,1499,422.99,634062.01,0.87,Oui
ORD00970,F002,RizImport SAS,Italie,Alimentaire,P002,Riz 1kg,2025-10-04,2025-10-09,5,5,0,56,173.3,9704.8,0.92,Oui
ORD00971,F002,RizImport SAS,Italie,Alimentaire,P002,Riz 1kg,2025-10-18,2025-10-26,5,8,3,1964,446.22,876376.08,0.83,Oui
ORD00972,F001,LaLaiterie SA,France,Alimentaire,P001,Lait demi-écrémé,2025-11-20,2025-11-26,2,6,4,235,164.73,38711.55,0.96,Oui
ORD00973,F008,TechDistrib,Chine,Électronique,P008,Smartphone,2025-05-29,2025-06-23,21,25,4,465,79.89,37148.85,0.76,Oui
ORD00974,F004,BeautyPro,Allemagne,Droguerie,P004,Shampoing,2025-06-03,2025-06-13,6,10,4,848,403.46,342134.08,0.91,Oui
ORD00975,F002,RizImport SAS,Italie,Alimentaire,P002,Riz 1kg,2025-11-20,2025-11-27,5,7,2,1555,85.66,133201.3,0.76,Oui
ORD00976,F010,AudioMax,Chine,Électronique,P010,Casque audio,2025-05-03,2025-05-23,18,20,2,846,28.82,24381.72,0.89,Oui
ORD00977,F009,TVGlobal,Corée du Sud,Électronique,P009,TV 4K,2025-08-19,2025-09-12,25,24,0,125,153.01,19126.25,0.83,Oui
ORD00978,F007,DenimCo,Turquie,Textile,P007,Jeans,2025-03-02,2025-03-16,14,14,0,1702,294.41,501085.82,0.88,Non
ORD00979,F009,TVGlobal,Corée du Sud,Électronique,P009,TV 4K,2025-03-18,2025-04-16,25,29,4,1236,105.23,130064.28,0.77,Oui
ORD00980,F008,TechDistrib,Chine,Électronique,P008,Smartphone,2025-12-01,2025-12-21,21,20,0,1015,408.28,414404.2,0.9,Oui
ORD00981,F003,PâtesItalia,Italie,Alimentaire,P003,Pâtes 500g,2025-01-08,2025-01-12,4,4,0,1345,22.96,30881.2,0.83,Oui
ORD00982,F008,TechDistrib,Chine,Électronique,P008,Smartphone,2025-11-09,2025-11-30,21,21,0,1760,266.17,468459.2,0.95,Oui
ORD00983,F008,TechDistrib,Chine,Électronique,P008,Smartphone,2025-11-01,2025-11-25,21,24,3,501,28.87,14463.87,0.8,Oui
ORD00984,F007,DenimCo,Turquie,Textile,P007,Jeans,2025-06-16,2025-06-29,14,13,0,1451,259.4,376389.4,0.78,Oui
ORD00985,F004,BeautyPro,Allemagne,Droguerie,P004,Shampoing,2025-01-24,2025-02-02,6,9,3,405,151.31,61280.55,0.78,Oui
ORD00986,F007,DenimCo,Turquie,Textile,P007,Jeans,2025-03-28,2025-04-15,14,18,4,807,249.26,201152.82,0.86,Non
ORD00987,F001,LaLaiterie SA,France,Alimentaire,P001,Lait demi-écrémé,2025-03-10,2025-03-11,2,1,0,1670,381.39,636921.3,0.9,Oui
ORD00988,F001,LaLaiterie SA,France,Alimentaire,P001,Lait demi-écrémé,2025-09-07,2025-09-08,2,1,0,63,3.75,236.25,0.98,Oui
ORD00989,F010,AudioMax,Chine,Électronique,P010,Casque audio,2025-05-26,2025-06-15,18,20,2,1470,363.43,534242.1,0.94,Oui
ORD00990,F004,BeautyPro,Allemagne,Droguerie,P004,Shampoing,2025-03-15,2025-03-25,6,10,4,604,235.63,142320.52,0.85,Non
ORD00991,F010,AudioMax,Chine,Électronique,P010,Casque audio,2025-12-21,2026-01-07,18,17,0,1271,81.41,103472.11,0.87,Non
ORD00992,F005,CleanHome,France,Droguerie,P005,Lessive,2025-06-28,2025-07-03,3,5,2,59,251.19,14820.21,0.8,Non
ORD00993,F002,RizImport SAS,Italie,Alimentaire,P002,Riz 1kg,2025-11-13,2025-11-19,5,6,1,1816,342.63,622216.08,0.88,Oui
ORD00994,F004,BeautyPro,Allemagne,Droguerie,P004,Shampoing,2025-05-22,2025-05-27,6,5,0,446,51.15,22812.9,0.79,Oui
ORD00995,F008,TechDistrib,Chine,Électronique,P008,Smartphone,2025-09-12,2025-10-03,21,21,0,377,301.73,113752.21,0.76,Oui
ORD00996,F005,CleanHome,France,Droguerie,P005,Lessive,2025-04-18,2025-04-23,3,5,2,564,150.77,85034.28,0.95,Oui
ORD00997,F001,LaLaiterie SA,France,Alimentaire,P001,Lait demi-écrémé,2025-02-23,2025-03-01,2,6,4,157,416.23,65348.11,0.79,Oui
ORD00998,F008,TechDistrib,Chine,Électronique,P008,Smartphone,2025-09-21,2025-10-11,21,20,0,195,402.84,78553.8,0.93,Oui
ORD00999,F006,FashionBasic,Portugal,Textile,P006,T-shirt homme,2025-08-03,2025-08-13,10,10,0,1580,304.75,481505.0,0.83,Oui
ORD01000,F006,FashionBasic,Portugal,Textile,P006,T-shirt homme,2025-04-27,2025-05-06,10,9,0,535,332.12,177684.2,0.97,Oui
ORD01001,F004,BeautyPro,Allemagne,Droguerie,P004,Shampoing,2025-02-07,2025-02-15,6,8,2,1248,218.24,272363.52,0.97,Oui
ORD01002,F010,AudioMax,Chine,Électronique,P010,Casque audio,2025-08-21,2025-09-08,18,18,0,843,168.38,141944.34,0.86,Oui
ORD01003,F006,FashionBasic,Portugal,Textile,P006,T-shirt homme,2025-05-19,2025-05-29,10,10,0,737,57.68,42510.16,0.92,Oui
ORD01004,F003,PâtesItalia,Italie,Alimentaire,P003,Pâtes 500g,2025-02-26,2025-03-04,4,6,2,989,188.49,186416.61,0.94,Oui
ORD01005,F005,CleanHome,France,Droguerie,P005,Lessive,2025-11-06,2025-11-09,3,3,0,1666,357.66,595861.56,0.99,Oui
ORD01006,F010,AudioMax,Chine,Électronique,P010,Casque audio,2025-10-11,2025-10-29,18,18,0,227,185.56,42122.12,0.88,Oui
ORD01007,F004,BeautyPro,Allemagne,Droguerie,P004,Shampoing,2025-10-30,2025-11-07,6,8,2,1764,208.51,367811.64,0.75,Oui
ORD01008,F004,BeautyPro,Allemagne,Droguerie,P004,Shampoing,2025-05-07,2025-05-14,6,7,1,939,260.97,245050.83,0.97,Oui
ORD01009,F003,PâtesItalia,Italie,Alimentaire,P003,Pâtes 500g,2025-10-21,2025-10-24,4,3,0,905,441.09,399186.45,0.76,Oui
ORD01010,F009,TVGlobal,Corée du Sud,Électronique,P009,TV 4K,2025-01-18,2025-02-14,25,27,2,1137,177.75,202101.75,0.95,Oui
ORD01011,F002,RizImport SAS,Italie,Alimentaire,P002,Riz 1kg,2025-08-20,2025-08-27,5,7,2,542,37.85,20514.7,0.94,Oui
ORD01012,F007,DenimCo,Turquie,Textile,P007,Jeans,2025-04-22,2025-05-06,14,14,0,784,133.46,104632.64,0.91,Oui
ORD01013,F008,TechDistrib,Chine,Électronique,P008,Smartphone,2025-12-09,2025-12-31,21,22,1,381,316.64,120639.84,0.96,Oui
ORD01014,F001,LaLaiterie SA,France,Alimentaire,P001,Lait demi-écrémé,2025-08-21,2025-08-25,2,4,2,1630,62.81,102380.3,0.93,Oui
ORD01015,F006,FashionBasic,Portugal,Textile,P006,T-shirt homme,2025-11-17,2025-11-29,10,12,2,1491,285.21,425248.11,0.97,Oui
ORD01016,F006,FashionBasic,Portugal,Textile,P006,T-shirt homme,2025-09-29,2025-10-08,10,9,0,657,191.94,126104.58,0.82,Non
ORD01017,F009,TVGlobal,Corée du Sud,Électronique,P009,TV 4K,2025-10-22,2025-11-16,25,25,0,1663,308.26,512636.38,0.91,Oui
ORD01018,F001,LaLaiterie SA,France,Alimentaire,P001,Lait demi-écrémé,2025-09-21,2025-09-27,2,6,4,795,399.65,317721.75,0.78,Oui
ORD01019,F010,AudioMax,Chine,Électronique,P010,Casque audio,2025-01-21,2025-02-09,18,19,1,800,79.28,63424.0,0.89,Oui
ORD01020,F004,BeautyPro,Allemagne,Droguerie,P004,Shampoing,2025-03-12,2025-03-19,6,7,1,538,243.07,130771.66,0.91,Oui
ORD01021,F010,AudioMax,Chine,Électronique,P010,Casque audio,2025-12-26,2026-01-13,18,18,0,1592,335.39,533940.88,0.81,Oui
ORD01022,F005,CleanHome,France,Droguerie,P005,Lessive,2025-09-15,2025-09-22,3,7,4,916,125.08,114573.28,0.77,Oui
ORD01023,F008,TechDistrib,Chine,Électronique,P008,Smartphone,2025-09-14,2025-10-08,21,24,3,1748,55.66,97293.68,0.93,Oui
ORD01024,F009,TVGlobal,Corée du Sud,Électronique,P009,TV 4K,2025-05-30,2025-06-26,25,27,2,1321,165.98,219259.58,0.92,Oui
ORD01025,F002,RizImport SAS,Italie,Alimentaire,P002,Riz 1kg,2025-04-07,2025-04-14,5,7,2,228,36.54,8331.12,0.97,Oui
ORD01026,F002,RizImport SAS,Italie,Alimentaire,P002,Riz 1kg,2025-02-25,2025-03-02,5,5,0,615,50.86,31278.9,0.79,Oui
ORD01027,F004,BeautyPro,Allemagne,Droguerie,P004,Shampoing,2025-09-24,2025-10-04,6,10,4,96,132.28,12698.88,0.99,Oui
ORD01028,F003,PâtesItalia,Italie,Alimentaire,P003,Pâtes 500g,2025-08-31,2025-09-05,4,5,1,910,200.02,182018.2,0.91,Oui
ORD01029,F002,RizImport SAS,Italie,Alimentaire,P002,Riz 1kg,2025-01-12,2025-01-17,5,5,0,1759,426.38,750002.42,0.91,Oui
ORD01030,F006,FashionBasic,Portugal,Textile,P006,T-shirt homme,2025-12-02,2025-12-16,10,14,4,1661,147.17,244449.37,0.9,Oui
ORD01031,F009,TVGlobal,Corée du Sud,Électronique,P009,TV 4K,2025-08-16,2025-09-12,25,27,2,672,255.48,171682.56,0.97,Oui
ORD01032,F005,CleanHome,France,Droguerie,P005,Lessive,2025-04-27,2025-05-02,3,5,2,811,436.84,354277.24,0.94,Oui
ORD01033,F006,FashionBasic,Portugal,Textile,P006,T-shirt homme,2025-05-26,2025-06-07,10,12,2,390,278.57,108642.3,0.79,Oui
ORD01034,F003,PâtesItalia,Italie,Alimentaire,P003,Pâtes 500g,2025-03-31,2025-04-08,4,8,4,1468,407.17,597725.56,0.95,Oui
ORD01035,F002,RizImport SAS,Italie,Alimentaire,P002,Riz 1kg,2025-01-22,2025-01-28,5,6,1,1226,57.35,70311.1,0.82,Oui
ORD01036,F009,TVGlobal,Corée du Sud,Électronique,P009,TV 4K,2025-12-29,2026-01-22,25,24,0,1413,142.97,202016.61,0.84,Oui
ORD01037,F009,TVGlobal,Corée du Sud,Électronique,P009,TV 4K,2025-03-25,2025-04-22,25,28,3,667,55.11,36758.37,0.76,Non
ORD01038,F003,PâtesItalia,Italie,Alimentaire,P003,Pâtes 500g,2025-08-23,2025-08-28,4,5,1,369,2.43,896.67,0.93,Non
ORD01039,F006,FashionBasic,Portugal,Textile,P006,T-shirt homme,2025-11-28,2025-12-12,10,14,4,655,213.52,139855.6,0.82,Non
ORD01040,F010,AudioMax,Chine,Électronique,P010,Casque audio,2025-12-08,2025-12-26,18,18,0,1687,254.57,429459.59,0.98,Oui
ORD01041,F002,RizImport SAS,Italie,Alimentaire,P002,Riz 1kg,2025-09-03,2025-09-07,5,4,0,335,305.26,102262.1,0.78,Oui
ORD01042,F010,AudioMax,Chine,Électronique,P010,Casque audio,2025-04-23,2025-05-13,18,20,2,781,42.07,32856.67,0.76,Oui
ORD01043,F010,AudioMax,Chine,Électronique,P010,Casque audio,2025-09-27,2025-10-15,18,18,0,1650,421.08,694782.0,0.82,Oui
ORD01044,F009,TVGlobal,Corée du Sud,Électronique,P009,TV 4K,2025-08-17,2025-09-15,25,29,4,1425,430.95,614103.75,0.99,Oui
ORD01045,F008,TechDistrib,Chine,Électronique,P008,Smartphone,2025-06-12,2025-07-06,21,24,3,1289,230.44,297037.16,0.76,Oui
ORD01046,F007,DenimCo,Turquie,Textile,P007,Jeans,2025-03-17,2025-04-04,14,18,4,1798,192.72,346510.56,0.85,Oui
ORD01047,F006,FashionBasic,Portugal,Textile,P006,T-shirt homme,2025-06-29,2025-07-10,10,11,1,962,393.5,378547.0,0.77,Oui
ORD01048,F008,TechDistrib,Chine,Électronique,P008,Smartphone,2025-08-01,2025-08-24,21,23,2,641,74.12,47510.92,0.93,Oui
ORD01049,F007,DenimCo,Turquie,Textile,P007,Jeans,2025-03-13,2025-03-30,14,17,3,1274,39.19,49928.06,0.8,Oui
ORD01050,F009,TVGlobal,Corée du Sud,Électronique,P009,TV 4K,2025-06-21,2025-07-15,25,24,0,1961,432.06,847269.66,0.94,Oui
ORD01051,F007,DenimCo,Turquie,Textile,P007,Jeans,2025-11-24,2025-12-09,14,15,1,898,79.11,71040.78,0.87,Oui
ORD01052,F003,PâtesItalia,Italie,Alimentaire,P003,Pâtes 500g,2025-04-13,2025-04-17,4,4,0,1754,172.11,301880.94,0.89,Oui
ORD01053,F005,CleanHome,France,Droguerie,P005,Lessive,2025-10-27,2025-10-31,3,4,1,1061,251.9,267265.9,0.87,Oui
ORD01054,F001,LaLaiterie SA,France,Alimentaire,P001,Lait demi-écrémé,2025-03-20,2025-03-23,2,3,1,664,430.23,285672.72,0.96,Oui
ORD01055,F005,CleanHome,France,Droguerie,P005,Lessive,2025-08-02,2025-08-05,3,3,0,1057,408.1,431361.7,0.91,Oui
ORD01056,F005,CleanHome,France,Droguerie,P005,Lessive,2025-09-10,2025-09-12,3,2,0,1276,335.63,428263.88,0.9,Oui
ORD01057,F005,CleanHome,France,Droguerie,P005,Lessive,2025-11-18,2025-11-25,3,7,4,1024,438.43,448952.32,0.95,Oui
ORD01058,F010,AudioMax,Chine,Électronique,P010,Casque audio,2025-01-09,2025-01-28,18,19,1,383,261.95,100326.85,0.79,Oui
ORD01059,F003,PâtesItalia,Italie,Alimentaire,P003,Pâtes 500g,2025-07-02,2025-07-06,4,4,0,158,123.07,19445.06,0.85,Oui
ORD01060,F006,FashionBasic,Portugal,Textile,P006,T-shirt homme,2025-01-25,2025-02-05,10,11,1,647,238.56,154348.32,0.98,Oui
ORD01061,F003,PâtesItalia,Italie,Alimentaire,P003,Pâtes 500g,2025-02-18,2025-02-25,4,7,3,1591,75.63,120327.33,0.83,Oui
ORD01062,F005,CleanHome,France,Droguerie,P005,Lessive,2025-05-19,2025-05-26,3,7,4,1479,309.91,458356.89,0.77,Oui
ORD01063,F003,PâtesItalia,Italie,Alimentaire,P003,Pâtes 500g,2025-01-07,2025-01-11,4,4,0,1111,127.0,141097.0,0.94,Oui
ORD01064,F003,PâtesItalia,Italie,Alimentaire,P003,Pâtes 500g,2025-02-22,2025-02-26,4,4,0,366,226.77,82997.82,0.96,Oui
ORD01065,F009,TVGlobal,Corée du Sud,Électronique,P009,TV 4K,2025-11-11,2025-12-10,25,29,4,1752,428.65,750994.8,0.96,Oui
ORD01066,F002,RizImport SAS,Italie,Alimentaire,P002,Riz 1kg,2025-08-02,2025-08-09,5,7,2,1926,34.84,67101.84,0.95,Non
ORD01067,F008,TechDistrib,Chine,Électronique,P008,Smartphone,2025-06-28,2025-07-20,21,22,1,1465,163.47,239483.55,0.95,Oui
ORD01068,F010,AudioMax,Chine,Électronique,P010,Casque audio,2025-09-25,2025-10-14,18,19,1,402,319.6,128479.2,0.76,Oui
ORD01069,F004,BeautyPro,Allemagne,Droguerie,P004,Shampoing,2025-03-07,2025-03-17,6,10,4,341,309.78,105634.98,0.83,Oui
ORD01070,F002,RizImport SAS,Italie,Alimentaire,P002,Riz 1kg,2025-08-06,2025-08-15,5,9,4,1612,352.92,568907.04,0.77,Oui
ORD01071,F007,DenimCo,Turquie,Textile,P007,Jeans,2025-01-22,2025-02-05,14,14,0,270,15.24,4114.8,0.91,Oui
ORD01072,F008,TechDistrib,Chine,Électronique,P008,Smartphone,2025-03-02,2025-03-24,21,22,1,138,30.28,4178.64,0.92,Oui
ORD01073,F002,RizImport SAS,Italie,Alimentaire,P002,Riz 1kg,2025-11-05,2025-11-10,5,5,0,1253,405.58,508191.74,0.8,Oui
ORD01074,F002,RizImport SAS,Italie,Alimentaire,P002,Riz 1kg,2025-03-16,2025-03-25,5,9,4,1978,125.18,247606.04,0.89,Oui
ORD01075,F009,TVGlobal,Corée du Sud,Électronique,P009,TV 4K,2025-11-10,2025-12-05,25,25,0,1084,256.82,278392.88,0.77,Oui
ORD01076,F001,LaLaiterie SA,France,Alimentaire,P001,Lait demi-écrémé,2025-09-28,2025-09-30,2,2,0,1515,86.6,131199.0,0.82,Oui
ORD01077,F009,TVGlobal,Corée du Sud,Électronique,P009,TV 4K,2025-01-03,2025-02-01,25,29,4,252,415.94,104816.88,0.98,Oui
ORD01078,F008,TechDistrib,Chine,Électronique,P008,Smartphone,2025-07-07,2025-08-01,21,25,4,1257,83.71,105223.47,0.92,Oui
ORD01079,F006,FashionBasic,Portugal,Textile,P006,T-shirt homme,2025-07-14,2025-07-26,10,12,2,488,231.66,113050.08,0.85,Oui
ORD01080,F006,FashionBasic,Portugal,Textile,P006,T-shirt homme,2025-03-05,2025-03-17,10,12,2,275,234.12,64383.0,0.87,Oui
ORD01081,F005,CleanHome,France,Droguerie,P005,Lessive,2025-10-13,2025-10-20,3,7,4,133,37.47,4983.51,0.87,Oui
ORD01082,F008,TechDistrib,Chine,Électronique,P008,Smartphone,2025-11-04,2025-11-29,21,25,4,688,309.33,212819.04,0.96,Oui
ORD01083,F007,DenimCo,Turquie,Textile,P007,Jeans,2025-05-29,2025-06-14,14,16,2,436,385.62,168130.32,0.97,Oui
ORD01084,F006,FashionBasic,Portugal,Textile,P006,T-shirt homme,2025-04-02,2025-04-11,10,9,0,1430,221.5,316745.0,0.78,Oui
ORD01085,F002,RizImport SAS,Italie,Alimentaire,P002,Riz 1kg,2025-03-03,2025-03-08,5,5,0,858,180.58,154937.64,0.9,Oui
ORD01086,F003,PâtesItalia,Italie,Alimentaire,P003,Pâtes 500g,2025-02-03,2025-02-08,4,5,1,457,152.71,69788.47,0.9,Non
ORD01087,F002,RizImport SAS,Italie,Alimentaire,P002,Riz 1kg,2025-04-30,2025-05-07,5,7,2,1535,224.85,345144.75,0.94,Oui
ORD01088,F010,AudioMax,Chine,Électronique,P010,Casque audio,2025-05-20,2025-06-11,18,22,4,1981,180.41,357392.21,0.87,Oui
ORD01089,F007,DenimCo,Turquie,Textile,P007,Jeans,2025-09-06,2025-09-23,14,17,3,621,66.74,41445.54,0.86,Oui
ORD01090,F008,TechDistrib,Chine,Électronique,P008,Smartphone,2025-09-12,2025-10-03,21,21,0,1336,424.11,566610.96,0.76,Oui
ORD01091,F002,RizImport SAS,Italie,Alimentaire,P002,Riz 1kg,2025-09-13,2025-09-22,5,9,4,104,437.45,45494.8,0.85,Oui
ORD01092,F003,PâtesItalia,Italie,Alimentaire,P003,Pâtes 500g,2025-06-05,2025-06-12,4,7,3,1326,43.8,58078.8,0.77,Oui
ORD01093,F008,TechDistrib,Chine,Électronique,P008,Smartphone,2025-08-27,2025-09-17,21,21,0,651,298.11,194069.61,0.87,Oui
ORD01094,F006,FashionBasic,Portugal,Textile,P006,T-shirt homme,2025-10-04,2025-10-17,10,13,3,86,428.68,36866.48,0.76,Oui
ORD01095,F002,RizImport SAS,Italie,Alimentaire,P002,Riz 1kg,2025-07-16,2025-07-23,5,7,2,694,383.87,266405.78,0.86,Oui
ORD01096,F003,PâtesItalia,Italie,Alimentaire,P003,Pâtes 500g,2025-10-13,2025-10-21,4,8,4,1812,350.83,635703.96,0.97,Oui
ORD01097,F007,DenimCo,Turquie,Textile,P007,Jeans,2025-03-10,2025-03-25,14,15,1,1515,175.39,265715.85,0.94,Oui
ORD01098,F008,TechDistrib,Chine,Électronique,P008,Smartphone,2025-12-04,2025-12-28,21,24,3,1453,242.96,353020.88,0.87,Oui
ORD01099,F003,PâtesItalia,Italie,Alimentaire,P003,Pâtes 500g,2025-09-17,2025-09-20,4,3,0,851,118.89,101175.39,0.9,Oui
ORD01100,F006,FashionBasic,Portugal,Textile,P006,T-shirt homme,2025-05-26,2025-06-06,10,11,1,175,13.15,2301.25,0.76,Oui
ORD01101,F006,FashionBasic,Portugal,Textile,P006,T-shirt homme,2025-10-26,2025-11-04,10,9,0,1617,401.16,648675.72,0.84,Oui
ORD01102,F006,FashionBasic,Portugal,Textile,P006,T-shirt homme,2025-07-02,2025-07-14,10,12,2,769,25.87,19894.03,0.81,Oui
ORD01103,F005,CleanHome,France,Droguerie,P005,Lessive,2025-10-31,2025-11-02,3,2,0,1914,309.75,592861.5,0.97,Oui
ORD01104,F003,PâtesItalia,Italie,Alimentaire,P003,Pâtes 500g,2025-01-11,2025-01-18,4,7,3,717,17.3,12404.1,0.91,Oui
ORD01105,F009,TVGlobal,Corée du Sud,Électronique,P009,TV 4K,2025-08-04,2025-08-30,25,26,1,91,313.33,28513.03,0.9,Non
ORD01106,F007,DenimCo,Turquie,Textile,P007,Jeans,2025-10-20,2025-11-05,14,16,2,710,257.86,183080.6,0.95,Oui
ORD01107,F004,BeautyPro,Allemagne,Droguerie,P004,Shampoing,2025-06-22,2025-06-30,6,8,2,1079,365.25,394104.75,0.92,Oui
ORD01108,F005,CleanHome,France,Droguerie,P005,Lessive,2025-07-06,2025-07-11,3,5,2,463,223.88,103656.44,0.96,Oui
ORD01109,F009,TVGlobal,Corée du Sud,Électronique,P009,TV 4K,2025-04-20,2025-05-16,25,26,1,593,21.87,12968.91,1.0,Oui
ORD01110,F004,BeautyPro,Allemagne,Droguerie,P004,Shampoing,2025-11-16,2025-11-26,6,10,4,238,323.11,76900.18,0.89,Oui
ORD01111,F005,CleanHome,France,Droguerie,P005,Lessive,2025-02-04,2025-02-10,3,6,3,1690,239.21,404264.9,0.86,Oui
ORD01112,F002,RizImport SAS,Italie,Alimentaire,P002,Riz 1kg,2025-11-30,2025-12-06,5,6,1,1083,361.95,391991.85,0.86,Oui
ORD01113,F004,BeautyPro,Allemagne,Droguerie,P004,Shampoing,2025-08-01,2025-08-09,6,8,2,564,281.42,158720.88,0.86,Oui
ORD01114,F003,PâtesItalia,Italie,Alimentaire,P003,Pâtes 500g,2025-01-10,2025-01-18,4,8,4,1490,232.54,346484.6,0.8,Oui
ORD01115,F008,TechDistrib,Chine,Électronique,P008,Smartphone,2025-05-18,2025-06-12,21,25,4,1141,364.12,415460.92,0.96,Oui
ORD01116,F010,AudioMax,Chine,Électronique,P010,Casque audio,2025-11-17,2025-12-04,18,17,0,1119,90.69,101482.11,0.87,Oui
ORD01117,F005,CleanHome,France,Droguerie,P005,Lessive,2025-08-11,2025-08-16,3,5,2,702,387.15,271779.3,0.98,Oui
ORD01118,F007,DenimCo,Turquie,Textile,P007,Jeans,2025-05-17,2025-06-01,14,15,1,1373,72.68,99789.64,0.92,Oui
ORD01119,F004,BeautyPro,Allemagne,Droguerie,P004,Shampoing,2025-02-28,2025-03-06,6,6,0,443,12.95,5736.85,0.95,Oui
ORD01120,F008,TechDistrib,Chine,Électronique,P008,Smartphone,2025-10-14,2025-11-06,21,23,2,914,291.29,266239.06,0.76,Oui
ORD01121,F003,PâtesItalia,Italie,Alimentaire,P003,Pâtes 500g,2025-01-15,2025-01-20,4,5,1,1667,361.69,602937.23,0.91,Oui
ORD01122,F001,LaLaiterie SA,France,Alimentaire,P001,Lait demi-écrémé,2025-09-06,2025-09-07,2,1,0,163,386.88,63061.44,0.77,Oui
ORD01123,F002,RizImport SAS,Italie,Alimentaire,P002,Riz 1kg,2025-07-28,2025-08-03,5,6,1,1425,296.02,421828.5,0.77,Non
ORD01124,F003,PâtesItalia,Italie,Alimentaire,P003,Pâtes 500g,2025-05-01,2025-05-04,4,3,0,1219,330.65,403062.35,0.98,Oui
ORD01125,F010,AudioMax,Chine,Électronique,P010,Casque audio,2025-09-26,2025-10-15,18,19,1,1066,398.11,424385.26,0.81,Oui
ORD01126,F006,FashionBasic,Portugal,Textile,P006,T-shirt homme,2025-06-18,2025-07-01,10,13,3,1559,175.78,274041.02,0.94,Oui
ORD01127,F007,DenimCo,Turquie,Textile,P007,Jeans,2025-04-22,2025-05-06,14,14,0,268,79.23,21233.64,0.99,Oui
ORD01128,F005,CleanHome,France,Droguerie,P005,Lessive,2025-10-29,2025-10-31,3,2,0,1054,240.29,253265.66,0.92,Oui
ORD01129,F009,TVGlobal,Corée du Sud,Électronique,P009,TV 4K,2025-08-05,2025-09-01,25,27,2,1448,111.23,161061.04,0.82,Oui
ORD01130,F003,PâtesItalia,Italie,Alimentaire,P003,Pâtes 500g,2025-07-05,2025-07-11,4,6,2,1515,165.8,251187.0,0.83,Oui
ORD01131,F010,AudioMax,Chine,Électronique,P010,Casque audio,2025-01-18,2025-02-09,18,22,4,1406,359.62,505625.72,0.76,Oui
ORD01132,F004,BeautyPro,Allemagne,Droguerie,P004,Shampoing,2025-05-10,2025-05-19,6,9,3,837,139.52,116778.24,0.99,Oui
ORD01133,F002,RizImport SAS,Italie,Alimentaire,P002,Riz 1kg,2025-10-01,2025-10-06,5,5,0,1806,199.36,360044.16,0.75,Non
ORD01134,F005,CleanHome,France,Droguerie,P005,Lessive,2025-06-04,2025-06-06,3,2,0,1967,370.31,728399.77,0.81,Oui
ORD01135,F003,PâtesItalia,Italie,Alimentaire,P003,Pâtes 500g,2025-08-13,2025-08-21,4,8,4,699,395.82,276678.18,0.94,Oui
ORD01136,F001,LaLaiterie SA,France,Alimentaire,P001,Lait demi-écrémé,2025-05-21,2025-05-22,2,1,0,1735,350.87,608759.45,0.87,Oui
ORD01137,F006,FashionBasic,Portugal,Textile,P006,T-shirt homme,2025-08-05,2025-08-14,10,9,0,1738,72.57,126126.66,0.82,Oui
ORD01138,F007,DenimCo,Turquie,Textile,P007,Jeans,2025-11-05,2025-11-23,14,18,4,1715,246.7,423090.5,0.83,Oui
ORD01139,F001,LaLaiterie SA,France,Alimentaire,P001,Lait demi-écrémé,2025-11-25,2025-12-01,2,6,4,426,283.76,120881.76,0.95,Oui
ORD01140,F007,DenimCo,Turquie,Textile,P007,Jeans,2025-04-13,2025-05-01,14,18,4,675,141.52,95526.0,0.77,Oui
ORD01141,F009,TVGlobal,Corée du Sud,Électronique,P009,TV 4K,2025-11-29,2025-12-24,25,25,0,1784,267.51,477237.84,0.85,Non
ORD01142,F008,TechDistrib,Chine,Électronique,P008,Smartphone,2025-09-02,2025-09-27,21,25,4,323,117.68,38010.64,0.92,Oui
ORD01143,F005,CleanHome,France,Droguerie,P005,Lessive,2025-04-12,2025-04-14,3,2,0,898,165.74,148834.52,0.85,Oui
ORD01144,F010,AudioMax,Chine,Électronique,P010,Casque audio,2025-04-25,2025-05-12,18,17,0,1991,10.83,21562.53,0.89,Oui
ORD01145,F004,BeautyPro,Allemagne,Droguerie,P004,Shampoing,2025-02-15,2025-02-23,6,8,2,456,118.17,53885.52,0.96,Oui
ORD01146,F010,AudioMax,Chine,Électronique,P010,Casque audio,2025-08-08,2025-08-29,18,21,3,582,67.59,39337.38,0.99,Oui
ORD01147,F010,AudioMax,Chine,Électronique,P010,Casque audio,2025-03-02,2025-03-19,18,17,0,1521,236.86,360264.06,0.94,Non
ORD01148,F008,TechDistrib,Chine,Électronique,P008,Smartphone,2025-03-02,2025-03-23,21,21,0,1511,91.81,138724.91,0.99,Oui
ORD01149,F005,CleanHome,France,Droguerie,P005,Lessive,2025-05-28,2025-06-04,3,7,4,1062,172.24,182918.88,0.86,Oui
ORD01150,F004,BeautyPro,Allemagne,Droguerie,P004,Shampoing,2025-05-25,2025-06-04,6,10,4,1436,85.62,122950.32,0.8,Oui
ORD01151,F001,LaLaiterie SA,France,Alimentaire,P001,Lait demi-écrémé,2025-05-29,2025-06-01,2,3,1,532,278.15,147975.8,0.98,Oui
ORD01152,F008,TechDistrib,Chine,Électronique,P008,Smartphone,2025-02-13,2025-03-05,21,20,0,1010,60.38,60983.8,0.83,Oui
ORD01153,F004,BeautyPro,Allemagne,Droguerie,P004,Shampoing,2025-07-16,2025-07-26,6,10,4,916,331.38,303544.08,0.81,Oui
ORD01154,F001,LaLaiterie SA,France,Alimentaire,P001,Lait demi-écrémé,2025-01-27,2025-01-30,2,3,1,1956,106.06,207453.36,0.98,Non
ORD01155,F010,AudioMax,Chine,Électronique,P010,Casque audio,2025-12-30,2026-01-21,18,22,4,1708,20.96,35799.68,0.81,Oui
ORD01156,F005,CleanHome,France,Droguerie,P005,Lessive,2025-07-22,2025-07-29,3,7,4,809,59.94,48491.46,0.97,Oui
ORD01157,F003,PâtesItalia,Italie,Alimentaire,P003,Pâtes 500g,2025-05-14,2025-05-18,4,4,0,1081,222.03,240014.43,0.83,Oui
ORD01158,F002,RizImport SAS,Italie,Alimentaire,P002,Riz 1kg,2025-06-12,2025-06-21,5,9,4,1136,195.1,221633.6,0.82,Oui
ORD01159,F003,PâtesItalia,Italie,Alimentaire,P003,Pâtes 500g,2025-09-13,2025-09-18,4,5,1,1581,162.59,257054.79,0.86,Oui
ORD01160,F005,CleanHome,France,Droguerie,P005,Lessive,2025-11-10,2025-11-14,3,4,1,1108,141.2,156449.6,0.97,Oui
ORD01161,F008,TechDistrib,Chine,Électronique,P008,Smartphone,2025-03-19,2025-04-12,21,24,3,1797,415.32,746330.04,0.91,Oui
ORD01162,F004,BeautyPro,Allemagne,Droguerie,P004,Shampoing,2025-03-18,2025-03-23,6,5,0,520,82.82,43066.4,0.87,Oui
ORD01163,F008,TechDistrib,Chine,Électronique,P008,Smartphone,2025-08-12,2025-09-01,21,20,0,1883,417.28,785738.24,0.76,Oui
ORD01164,F009,TVGlobal,Corée du Sud,Électronique,P009,TV 4K,2025-09-06,2025-10-03,25,27,2,1059,51.06,54072.54,0.93,Oui
ORD01165,F006,FashionBasic,Portugal,Textile,P006,T-shirt homme,2025-02-17,2025-02-27,10,10,0,1828,128.21,234367.88,0.96,Oui
ORD01166,F005,CleanHome,France,Droguerie,P005,Lessive,2025-10-16,2025-10-23,3,7,4,1249,95.97,119866.53,1.0,Oui
ORD01167,F010,AudioMax,Chine,Électronique,P010,Casque audio,2025-04-03,2025-04-23,18,20,2,1935,35.04,67802.4,0.94,Oui
ORD01168,F006,FashionBasic,Portugal,Textile,P006,T-shirt homme,2025-01-14,2025-01-25,10,11,1,1445,441.61,638126.45,0.78,Oui
ORD01169,F002,RizImport SAS,Italie,Alimentaire,P002,Riz 1kg,2025-06-15,2025-06-20,5,5,0,109,36.94,4026.46,0.96,Oui
ORD01170,F008,TechDistrib,Chine,Électronique,P008,Smartphone,2025-11-18,2025-12-10,21,22,1,1266,296.27,375077.82,0.83,Oui
ORD01171,F010,AudioMax,Chine,Électronique,P010,Casque audio,2025-08-20,2025-09-08,18,19,1,1990,329.33,655366.7,0.93,Non
ORD01172,F010,AudioMax,Chine,Électronique,P010,Casque audio,2025-03-08,2025-03-26,18,18,0,1817,22.38,40664.46,0.91,Oui
ORD01173,F001,LaLaiterie SA,France,Alimentaire,P001,Lait demi-écrémé,2025-02-06,2025-02-11,2,5,3,1999,271.23,542188.77,0.77,Oui
ORD01174,F004,BeautyPro,Allemagne,Droguerie,P004,Shampoing,2025-07-24,2025-07-29,6,5,0,92,383.63,35293.96,0.79,Oui
ORD01175,F005,CleanHome,France,Droguerie,P005,Lessive,2025-11-28,2025-12-05,3,7,4,365,54.71,19969.15,0.87,Oui
ORD01176,F005,CleanHome,France,Droguerie,P005,Lessive,2025-12-17,2025-12-23,3,6,3,318,161.89,51481.02,0.77,Oui
ORD01177,F004,BeautyPro,Allemagne,Droguerie,P004,Shampoing,2025-09-08,2025-09-16,6,8,2,1863,174.95,325931.85,0.82,Oui
ORD01178,F002,RizImport SAS,Italie,Alimentaire,P002,Riz 1kg,2025-08-05,2025-08-11,5,6,1,1307,84.27,110140.89,0.91,Oui
ORD01179,F009,TVGlobal,Corée du Sud,Électronique,P009,TV 4K,2025-06-24,2025-07-21,25,27,2,1435,101.29,145351.15,0.92,Oui
ORD01180,F008,TechDistrib,Chine,Électronique,P008,Smartphone,2025-09-27,2025-10-22,21,25,4,1375,236.34,324967.5,0.82,Oui
ORD01181,F008,TechDistrib,Chine,Électronique,P008,Smartphone,2025-06-03,2025-06-24,21,21,0,311,308.1,95819.1,0.83,Oui
ORD01182,F007,DenimCo,Turquie,Textile,P007,Jeans,2025-06-01,2025-06-18,14,17,3,147,248.17,36480.99,0.98,Oui
ORD01183,F009,TVGlobal,Corée du Sud,Électronique,P009,TV 4K,2025-08-06,2025-09-02,25,27,2,243,209.36,50874.48,0.93,Oui
ORD01184,F006,FashionBasic,Portugal,Textile,P006,T-shirt homme,2025-05-11,2025-05-24,10,13,3,217,346.01,75084.17,0.75,Oui
ORD01185,F008,TechDistrib,Chine,Électronique,P008,Smartphone,2025-04-02,2025-04-23,21,21,0,1776,177.13,314582.88,0.77,Oui
ORD01186,F005,CleanHome,France,Droguerie,P005,Lessive,2025-06-10,2025-06-16,3,6,3,1532,205.02,314090.64,0.92,Oui
ORD01187,F005,CleanHome,France,Droguerie,P005,Lessive,2025-06-24,2025-06-27,3,3,0,482,83.7,40343.4,0.94,Oui
ORD01188,F002,RizImport SAS,Italie,Alimentaire,P002,Riz 1kg,2025-08-11,2025-08-19,5,8,3,86,3.13,269.18,0.78,Oui
ORD01189,F008,TechDistrib,Chine,Électronique,P008,Smartphone,2025-08-24,2025-09-18,21,25,4,879,391.02,343706.58,0.99,Oui
ORD01190,F008,TechDistrib,Chine,Électronique,P008,Smartphone,2025-06-05,2025-06-29,21,24,3,1715,438.28,751650.2,0.84,Oui
ORD01191,F007,DenimCo,Turquie,Textile,P007,Jeans,2025-06-04,2025-06-17,14,13,0,306,61.23,18736.38,0.8,Oui
ORD01192,F004,BeautyPro,Allemagne,Droguerie,P004,Shampoing,2025-01-14,2025-01-20,6,6,0,1035,292.06,302282.1,0.91,Oui
ORD01193,F009,TVGlobal,Corée du Sud,Électronique,P009,TV 4K,2025-04-08,2025-05-02,25,24,0,666,346.49,230762.34,0.79,Oui
ORD01194,F002,RizImport SAS,Italie,Alimentaire,P002,Riz 1kg,2025-03-27,2025-04-01,5,5,0,1563,316.32,494408.16,0.99,Oui
ORD01195,F008,TechDistrib,Chine,Électronique,P008,Smartphone,2025-10-27,2025-11-17,21,21,0,462,133.03,61459.86,0.96,Oui
ORD01196,F006,FashionBasic,Portugal,Textile,P006,T-shirt homme,2025-01-05,2025-01-14,10,9,0,1341,381.51,511604.91,0.86,Oui
ORD01197,F008,TechDistrib,Chine,Électronique,P008,Smartphone,2025-10-24,2025-11-17,21,24,3,1547,249.66,386224.02,0.82,Oui
ORD01198,F008,TechDistrib,Chine,Électronique,P008,Smartphone,2025-09-20,2025-10-14,21,24,3,1534,275.37,422417.58,0.92,Oui
ORD01199,F008,TechDistrib,Chine,Électronique,P008,Smartphone,2025-04-29,2025-05-24,21,25,4,174,237.97,41406.78,0.86,Oui
ORD01200,F002,RizImport SAS,Italie,Alimentaire,P002,Riz 1kg,2025-05-18,2025-05-27,5,9,4,904,400.17,361753.68,0.78,Oui
ORD01201,F006,FashionBasic,Portugal,Textile,P006,T-shirt homme,2025-08-18,2025-09-01,10,14,4,943,9.85,9288.55,0.82,Oui
ORD01202,F006,FashionBasic,Portugal,Textile,P006,T-shirt homme,2025-08-13,2025-08-23,10,10,0,1089,99.26,108094.14,0.98,Oui
ORD01203,F010,AudioMax,Chine,Électronique,P010,Casque audio,2025-12-03,2025-12-23,18,20,2,318,397.49,126401.82,0.93,Oui
ORD01204,F007,DenimCo,Turquie,Textile,P007,Jeans,2025-12-11,2025-12-29,14,18,4,1554,162.43,252416.22,0.87,Non
ORD01205,F003,PâtesItalia,Italie,Alimentaire,P003,Pâtes 500g,2025-11-15,2025-11-19,4,4,0,628,310.97,195289.16,0.77,Oui
ORD01206,F003,PâtesItalia,Italie,Alimentaire,P003,Pâtes 500g,2025-04-13,2025-04-17,4,4,0,1290,221.74,286044.6,0.95,Non
ORD01207,F008,TechDistrib,Chine,Électronique,P008,Smartphone,2025-06-05,2025-06-26,21,21,0,478,250.8,119882.4,1.0,Oui
ORD01208,F005,CleanHome,France,Droguerie,P005,Lessive,2025-07-02,2025-07-09,3,7,4,374,79.03,29557.22,0.96,Oui
ORD01209,F002,RizImport SAS,Italie,Alimentaire,P002,Riz 1kg,2025-06-22,2025-06-29,5,7,2,283,278.09,78699.47,0.78,Oui
ORD01210,F005,CleanHome,France,Droguerie,P005,Lessive,2025-06-24,2025-06-28,3,4,1,1625,21.48,34905.0,0.97,Oui
ORD01211,F003,PâtesItalia,Italie,Alimentaire,P003,Pâtes 500g,2025-12-20,2025-12-27,4,7,3,1287,301.43,387940.41,0.93,Non
ORD01212,F008,TechDistrib,Chine,Électronique,P008,Smartphone,2025-08-23,2025-09-12,21,20,0,266,351.85,93592.1,0.9,Oui
ORD01213,F002,RizImport SAS,Italie,Alimentaire,P002,Riz 1kg,2025-10-15,2025-10-19,5,4,0,1088,47.88,52093.44,0.91,Oui
ORD01214,F006,FashionBasic,Portugal,Textile,P006,T-shirt homme,2025-03-22,2025-04-05,10,14,4,648,318.82,206595.36,0.94,Oui
ORD01215,F002,RizImport SAS,Italie,Alimentaire,P002,Riz 1kg,2025-03-20,2025-03-29,5,9,4,794,150.91,119822.54,0.78,Oui
ORD01216,F008,TechDistrib,Chine,Électronique,P008,Smartphone,2025-08-01,2025-08-21,21,20,0,552,375.75,207414.0,0.87,Oui
ORD01217,F003,PâtesItalia,Italie,Alimentaire,P003,Pâtes 500g,2025-02-13,2025-02-18,4,5,1,812,321.98,261447.76,0.85,Oui
ORD01218,F004,BeautyPro,Allemagne,Droguerie,P004,Shampoing,2025-03-19,2025-03-28,6,9,3,913,354.35,323521.55,0.78,Oui
ORD01219,F007,DenimCo,Turquie,Textile,P007,Jeans,2025-08-23,2025-09-09,14,17,3,1677,307.15,515090.55,0.99,Oui
ORD01220,F001,LaLaiterie SA,France,Alimentaire,P001,Lait demi-écrémé,2025-09-22,2025-09-23,2,1,0,223,152.57,34023.11,0.85,Oui
ORD01221,F007,DenimCo,Turquie,Textile,P007,Jeans,2025-02-01,2025-02-17,14,16,2,1604,17.17,27540.68,0.98,Oui
ORD01222,F010,AudioMax,Chine,Électronique,P010,Casque audio,2025-01-30,2025-02-21,18,22,4,1510,359.68,543116.8,0.97,Non
ORD01223,F007,DenimCo,Turquie,Textile,P007,Jeans,2025-07-25,2025-08-12,14,18,4,1485,249.35,370284.75,0.83,Oui
ORD01224,F006,FashionBasic,Portugal,Textile,P006,T-shirt homme,2025-01-05,2025-01-16,10,11,1,1893,237.74,450041.82,0.98,Oui
ORD01225,F008,TechDistrib,Chine,Électronique,P008,Smartphone,2025-11-26,2025-12-17,21,21,0,1867,245.22,457825.74,0.95,Oui
ORD01226,F006,FashionBasic,Portugal,Textile,P006,T-shirt homme,2025-11-29,2025-12-11,10,12,2,1638,89.18,146076.84,0.83,Oui
ORD01227,F006,FashionBasic,Portugal,Textile,P006,T-shirt homme,2025-07-19,2025-08-02,10,14,4,1522,333.15,507054.3,0.78,Non
ORD01228,F005,CleanHome,France,Droguerie,P005,Lessive,2025-04-20,2025-04-22,3,2,0,1097,248.53,272637.41,0.88,Oui
ORD01229,F003,PâtesItalia,Italie,Alimentaire,P003,Pâtes 500g,2025-01-12,2025-01-15,4,3,0,1873,358.57,671601.61,0.9,Oui
ORD01230,F005,CleanHome,France,Droguerie,P005,Lessive,2025-08-05,2025-08-11,3,6,3,276,329.53,90950.28,0.96,Oui
ORD01231,F009,TVGlobal,Corée du Sud,Électronique,P009,TV 4K,2025-07-01,2025-07-25,25,24,0,147,340.57,50063.79,0.99,Oui
ORD01232,F010,AudioMax,Chine,Électronique,P010,Casque audio,2025-01-03,2025-01-23,18,20,2,744,442.34,329100.96,0.95,Non
ORD01233,F010,AudioMax,Chine,Électronique,P010,Casque audio,2025-11-18,2025-12-10,18,22,4,1142,380.1,434074.2,0.81,Oui
ORD01234,F010,AudioMax,Chine,Électronique,P010,Casque audio,2025-12-11,2025-12-29,18,18,0,1512,170.26,257433.12,0.93,Oui
ORD01235,F009,TVGlobal,Corée du Sud,Électronique,P009,TV 4K,2025-10-26,2025-11-20,25,25,0,1735,350.46,608048.1,0.86,Oui
ORD01236,F007,DenimCo,Turquie,Textile,P007,Jeans,2025-07-30,2025-08-12,14,13,0,238,28.46,6773.48,0.97,Oui
ORD01237,F008,TechDistrib,Chine,Électronique,P008,Smartphone,2025-02-09,2025-03-03,21,22,1,1436,237.05,340403.8,0.9,Oui
ORD01238,F007,DenimCo,Turquie,Textile,P007,Jeans,2025-05-16,2025-06-02,14,17,3,1071,286.59,306937.89,1.0,Oui
ORD01239,F008,TechDistrib,Chine,Électronique,P008,Smartphone,2025-08-02,2025-08-23,21,21,0,345,227.85,78608.25,0.87,Oui
ORD01240,F009,TVGlobal,Corée du Sud,Électronique,P009,TV 4K,2025-09-28,2025-10-22,25,24,0,1472,96.08,141429.76,0.87,Oui
ORD01241,F009,TVGlobal,Corée du Sud,Électronique,P009,TV 4K,2025-07-09,2025-08-02,25,24,0,1282,383.62,491800.84,0.78,Oui
ORD01242,F005,CleanHome,France,Droguerie,P005,Lessive,2025-01-21,2025-01-27,3,6,3,363,53.43,19395.09,0.83,Oui
ORD01243,F005,CleanHome,France,Droguerie,P005,Lessive,2025-09-06,2025-09-08,3,2,0,1670,64.72,108082.4,0.95,Oui
ORD01244,F005,CleanHome,France,Droguerie,P005,Lessive,2025-05-26,2025-05-29,3,3,0,424,368.7,156328.8,0.87,Oui
ORD01245,F006,FashionBasic,Portugal,Textile,P006,T-shirt homme,2025-02-04,2025-02-13,10,9,0,905,216.79,196194.95,0.83,Oui
ORD01246,F006,FashionBasic,Portugal,Textile,P006,T-shirt homme,2025-07-13,2025-07-25,10,12,2,1758,324.16,569873.28,0.9,Oui
ORD01247,F009,TVGlobal,Corée du Sud,Électronique,P009,TV 4K,2025-11-22,2025-12-19,25,27,2,1609,202.74,326208.66,0.86,Oui
ORD01248,F006,FashionBasic,Portugal,Textile,P006,T-shirt homme,2025-02-15,2025-02-28,10,13,3,1410,280.8,395928.0,0.85,Oui
ORD01249,F006,FashionBasic,Portugal,Textile,P006,T-shirt homme,2025-10-04,2025-10-13,10,9,0,1423,400.57,570011.11,0.93,Oui
ORD01250,F003,PâtesItalia,Italie,Alimentaire,P003,Pâtes 500g,2025-12-29,2026-01-01,4,3,0,1221,283.73,346434.33,0.94,Oui
ORD01251,F002,RizImport SAS,Italie,Alimentaire,P002,Riz 1kg,2025-11-26,2025-12-04,5,8,3,224,87.0,19488.0,0.9,Oui
ORD01252,F001,LaLaiterie SA,France,Alimentaire,P001,Lait demi-écrémé,2025-10-19,2025-10-24,2,5,3,437,337.88,147653.56,0.88,Oui
ORD01253,F009,TVGlobal,Corée du Sud,Électronique,P009,TV 4K,2025-04-03,2025-04-27,25,24,0,613,354.15,217093.95,0.81,Oui
ORD01254,F010,AudioMax,Chine,Électronique,P010,Casque audio,2025-08-16,2025-09-02,18,17,0,1702,240.33,409041.66,0.83,Oui
ORD01255,F008,TechDistrib,Chine,Électronique,P008,Smartphone,2025-01-12,2025-02-03,21,22,1,945,81.64,77149.8,0.76,Oui
ORD01256,F007,DenimCo,Turquie,Textile,P007,Jeans,2025-05-12,2025-05-25,14,13,0,284,440.91,125218.44,0.89,Oui
ORD01257,F003,PâtesItalia,Italie,Alimentaire,P003,Pâtes 500g,2025-05-11,2025-05-14,4,3,0,365,138.4,50516.0,0.85,Oui
ORD01258,F010,AudioMax,Chine,Électronique,P010,Casque audio,2025-06-16,2025-07-04,18,18,0,105,321.13,33718.65,0.82,Oui
ORD01259,F003,PâtesItalia,Italie,Alimentaire,P003,Pâtes 500g,2025-07-31,2025-08-05,4,5,1,578,169.29,97849.62,0.96,Oui
ORD01260,F004,BeautyPro,Allemagne,Droguerie,P004,Shampoing,2025-05-03,2025-05-12,6,9,3,1250,106.8,133500.0,0.88,Oui
ORD01261,F002,RizImport SAS,Italie,Alimentaire,P002,Riz 1kg,2025-05-18,2025-05-22,5,4,0,701,209.44,146817.44,0.85,Oui
ORD01262,F007,DenimCo,Turquie,Textile,P007,Jeans,2025-11-21,2025-12-05,14,14,0,1921,398.83,766152.43,0.82,Non
ORD01263,F002,RizImport SAS,Italie,Alimentaire,P002,Riz 1kg,2025-05-07,2025-05-15,5,8,3,1384,353.45,489174.8,0.83,Oui
ORD01264,F002,RizImport SAS,Italie,Alimentaire,P002,Riz 1kg,2025-11-22,2025-11-30,5,8,3,466,352.41,164223.06,0.79,Oui
ORD01265,F003,PâtesItalia,Italie,Alimentaire,P003,Pâtes 500g,2025-05-06,2025-05-13,4,7,3,2000,190.98,381960.0,0.98,Oui
ORD01266,F001,LaLaiterie SA,France,Alimentaire,P001,Lait demi-écrémé,2025-08-26,2025-08-31,2,5,3,642,294.05,188780.1,0.79,Oui
ORD01267,F008,TechDistrib,Chine,Électronique,P008,Smartphone,2025-05-20,2025-06-13,21,24,3,563,377.85,212729.55,0.85,Oui
ORD01268,F004,BeautyPro,Allemagne,Droguerie,P004,Shampoing,2025-10-27,2025-11-05,6,9,3,626,20.95,13114.7,0.93,Oui
ORD01269,F005,CleanHome,France,Droguerie,P005,Lessive,2025-02-15,2025-02-20,3,5,2,1480,55.78,82554.4,0.78,Oui
ORD01270,F005,CleanHome,France,Droguerie,P005,Lessive,2025-08-10,2025-08-13,3,3,0,1300,227.42,295646.0,0.95,Oui
ORD01271,F006,FashionBasic,Portugal,Textile,P006,T-shirt homme,2025-11-22,2025-12-03,10,11,1,1591,318.64,506956.24,0.82,Oui
ORD01272,F006,FashionBasic,Portugal,Textile,P006,T-shirt homme,2025-06-24,2025-07-04,10,10,0,991,431.57,427685.87,0.83,Oui
ORD01273,F003,PâtesItalia,Italie,Alimentaire,P003,Pâtes 500g,2025-11-27,2025-11-30,4,3,0,1296,214.7,278251.2,0.98,Oui
ORD01274,F007,DenimCo,Turquie,Textile,P007,Jeans,2025-10-12,2025-10-30,14,18,4,1490,220.3,328247.0,0.85,Oui
ORD01275,F002,RizImport SAS,Italie,Alimentaire,P002,Riz 1kg,2025-10-03,2025-10-07,5,4,0,1877,374.52,702974.04,0.92,Oui
ORD01276,F006,FashionBasic,Portugal,Textile,P006,T-shirt homme,2025-07-12,2025-07-25,10,13,3,783,174.34,136508.22,0.96,Oui
ORD01277,F001,LaLaiterie SA,France,Alimentaire,P001,Lait demi-écrémé,2025-03-05,2025-03-09,2,4,2,808,421.34,340442.72,0.86,Oui
ORD01278,F001,LaLaiterie SA,France,Alimentaire,P001,Lait demi-écrémé,2025-05-24,2025-05-30,2,6,4,1937,319.28,618445.36,0.8,Oui
ORD01279,F005,CleanHome,France,Droguerie,P005,Lessive,2025-04-24,2025-04-27,3,3,0,1061,435.3,461853.3,0.76,Oui
ORD01280,F010,AudioMax,Chine,Électronique,P010,Casque audio,2025-04-18,2025-05-05,18,17,0,451,442.93,199761.43,0.91,Oui
ORD01281,F005,CleanHome,France,Droguerie,P005,Lessive,2025-10-19,2025-10-25,3,6,3,1061,77.13,81834.93,0.8,Oui
ORD01282,F010,AudioMax,Chine,Électronique,P010,Casque audio,2025-10-17,2025-11-04,18,18,0,183,264.88,48473.04,0.94,Oui
ORD01283,F010,AudioMax,Chine,Électronique,P010,Casque audio,2025-04-27,2025-05-18,18,21,3,1542,352.12,542969.04,0.8,Oui
ORD01284,F009,TVGlobal,Corée du Sud,Électronique,P009,TV 4K,2025-11-11,2025-12-07,25,26,1,1444,252.27,364277.88,0.86,Non
ORD01285,F001,LaLaiterie SA,France,Alimentaire,P001,Lait demi-écrémé,2025-06-15,2025-06-19,2,4,2,1779,447.8,796636.2,0.82,Oui
ORD01286,F008,TechDistrib,Chine,Électronique,P008,Smartphone,2025-09-11,2025-10-03,21,22,1,1109,341.68,378923.12,0.97,Oui
ORD01287,F005,CleanHome,France,Droguerie,P005,Lessive,2025-08-04,2025-08-10,3,6,3,969,142.65,138227.85,0.85,Oui
ORD01288,F010,AudioMax,Chine,Électronique,P010,Casque audio,2025-01-13,2025-02-04,18,22,4,512,440.15,225356.8,0.86,Oui
ORD01289,F004,BeautyPro,Allemagne,Droguerie,P004,Shampoing,2025-04-11,2025-04-17,6,6,0,724,140.21,101512.04,0.91,Oui
ORD01290,F008,TechDistrib,Chine,Électronique,P008,Smartphone,2025-08-10,2025-08-30,21,20,0,1263,358.85,453227.55,0.98,Oui
ORD01291,F004,BeautyPro,Allemagne,Droguerie,P004,Shampoing,2025-02-25,2025-03-05,6,8,2,538,431.48,232136.24,0.96,Oui
ORD01292,F009,TVGlobal,Corée du Sud,Électronique,P009,TV 4K,2025-05-02,2025-05-26,25,24,0,1638,270.18,442554.84,0.86,Oui
ORD01293,F008,TechDistrib,Chine,Électronique,P008,Smartphone,2025-10-24,2025-11-13,21,20,0,225,438.55,98673.75,0.98,Oui
ORD01294,F002,RizImport SAS,Italie,Alimentaire,P002,Riz 1kg,2025-03-07,2025-03-11,5,4,0,1932,361.17,697780.44,0.76,Oui
ORD01295,F007,DenimCo,Turquie,Textile,P007,Jeans,2025-02-03,2025-02-16,14,13,0,1437,25.58,36758.46,0.76,Oui
ORD01296,F007,DenimCo,Turquie,Textile,P007,Jeans,2025-02-19,2025-03-08,14,17,3,1590,185.29,294611.1,0.97,Oui
ORD01297,F010,AudioMax,Chine,Électronique,P010,Casque audio,2025-01-06,2025-01-26,18,20,2,836,209.16,174857.76,0.86,Oui
ORD01298,F002,RizImport SAS,Italie,Alimentaire,P002,Riz 1kg,2025-06-23,2025-07-02,5,9,4,1970,304.26,599392.2,0.76,Oui
ORD01299,F010,AudioMax,Chine,Électronique,P010,Casque audio,2025-04-09,2025-04-26,18,17,0,260,6.02,1565.2,0.93,Oui
ORD01300,F004,BeautyPro,Allemagne,Droguerie,P004,Shampoing,2025-10-21,2025-10-27,6,6,0,1355,229.25,310633.75,0.84,Oui
ORD01301,F010,AudioMax,Chine,Électronique,P010,Casque audio,2025-08-16,2025-09-03,18,18,0,547,62.38,34121.86,0.76,Oui
ORD01302,F010,AudioMax,Chine,Électronique,P010,Casque audio,2025-08-12,2025-09-02,18,21,3,1384,339.59,469992.56,0.83,Oui
ORD01303,F003,PâtesItalia,Italie,Alimentaire,P003,Pâtes 500g,2025-03-17,2025-03-23,4,6,2,682,271.7,185299.4,0.82,Non
ORD01304,F009,TVGlobal,Corée du Sud,Électronique,P009,TV 4K,2025-10-28,2025-11-26,25,29,4,1439,65.5,94254.5,0.81,Oui
ORD01305,F009,TVGlobal,Corée du Sud,Électronique,P009,TV 4K,2025-01-28,2025-02-24,25,27,2,754,88.34,66608.36,0.8,Oui
ORD01306,F002,RizImport SAS,Italie,Alimentaire,P002,Riz 1kg,2025-06-24,2025-06-29,5,5,0,1417,214.34,303719.78,0.92,Oui
ORD01307,F006,FashionBasic,Portugal,Textile,P006,T-shirt homme,2025-10-24,2025-11-06,10,13,3,737,277.44,204473.28,0.85,Oui
ORD01308,F008,TechDistrib,Chine,Électronique,P008,Smartphone,2025-01-22,2025-02-14,21,23,2,499,414.02,206595.98,0.91,Oui
ORD01309,F008,TechDistrib,Chine,Électronique,P008,Smartphone,2025-11-16,2025-12-07,21,21,0,539,216.6,116747.4,0.94,Oui
ORD01310,F007,DenimCo,Turquie,Textile,P007,Jeans,2025-04-16,2025-05-02,14,16,2,427,371.82,158767.14,0.75,Oui
ORD01311,F006,FashionBasic,Portugal,Textile,P006,T-shirt homme,2025-01-16,2025-01-29,10,13,3,285,64.51,18385.35,0.86,Oui
ORD01312,F006,FashionBasic,Portugal,Textile,P006,T-shirt homme,2025-01-23,2025-02-01,10,9,0,457,89.42,40864.94,0.79,Oui
ORD01313,F003,PâtesItalia,Italie,Alimentaire,P003,Pâtes 500g,2025-06-23,2025-06-30,4,7,3,553,80.75,44654.75,0.76,Oui
ORD01314,F002,RizImport SAS,Italie,Alimentaire,P002,Riz 1kg,2025-01-11,2025-01-20,5,9,4,331,170.83,56544.73,0.95,Oui
ORD01315,F004,BeautyPro,Allemagne,Droguerie,P004,Shampoing,2025-06-06,2025-06-14,6,8,2,541,166.65,90157.65,0.84,Oui
ORD01316,F009,TVGlobal,Corée du Sud,Électronique,P009,TV 4K,2025-11-16,2025-12-13,25,27,2,1848,320.07,591489.36,0.78,Oui
ORD01317,F003,PâtesItalia,Italie,Alimentaire,P003,Pâtes 500g,2025-04-08,2025-04-12,4,4,0,1140,170.5,194370.0,0.84,Oui
ORD01318,F004,BeautyPro,Allemagne,Droguerie,P004,Shampoing,2025-01-24,2025-02-02,6,9,3,1252,85.5,107046.0,0.88,Oui
ORD01319,F006,FashionBasic,Portugal,Textile,P006,T-shirt homme,2025-05-07,2025-05-16,10,9,0,1339,358.13,479536.07,0.97,Oui
ORD01320,F010,AudioMax,Chine,Électronique,P010,Casque audio,2025-09-08,2025-09-26,18,18,0,1539,37.09,57081.51,0.87,Oui
ORD01321,F002,RizImport SAS,Italie,Alimentaire,P002,Riz 1kg,2025-03-27,2025-04-04,5,8,3,844,338.21,285449.24,0.91,Oui
ORD01322,F008,TechDistrib,Chine,Électronique,P008,Smartphone,2025-09-23,2025-10-16,21,23,2,416,145.16,60386.56,0.84,Oui
ORD01323,F008,TechDistrib,Chine,Électronique,P008,Smartphone,2025-08-31,2025-09-22,21,22,1,1240,180.73,224105.2,0.98,Oui
ORD01324,F001,LaLaiterie SA,France,Alimentaire,P001,Lait demi-écrémé,2025-04-17,2025-04-19,2,2,0,1882,91.75,172673.5,0.97,Oui
ORD01325,F005,CleanHome,France,Droguerie,P005,Lessive,2025-08-06,2025-08-11,3,5,2,1220,71.17,86827.4,0.96,Oui
ORD01326,F002,RizImport SAS,Italie,Alimentaire,P002,Riz 1kg,2025-03-10,2025-03-14,5,4,0,654,200.31,131002.74,0.84,Oui
ORD01327,F008,TechDistrib,Chine,Électronique,P008,Smartphone,2025-09-20,2025-10-14,21,24,3,738,192.03,141718.14,0.87,Oui
ORD01328,F008,TechDistrib,Chine,Électronique,P008,Smartphone,2025-06-12,2025-07-04,21,22,1,833,11.61,9671.13,0.86,Oui
ORD01329,F002,RizImport SAS,Italie,Alimentaire,P002,Riz 1kg,2025-07-03,2025-07-07,5,4,0,653,379.25,247650.25,0.88,Oui
ORD01330,F005,CleanHome,France,Droguerie,P005,Lessive,2025-04-27,2025-04-29,3,2,0,292,32.57,9510.44,0.76,Oui
ORD01331,F004,BeautyPro,Allemagne,Droguerie,P004,Shampoing,2025-12-12,2025-12-19,6,7,1,562,136.57,76752.34,0.95,Oui
ORD01332,F005,CleanHome,France,Droguerie,P005,Lessive,2025-04-08,2025-04-15,3,7,4,1287,449.1,577991.7,1.0,Oui
ORD01333,F009,TVGlobal,Corée du Sud,Électronique,P009,TV 4K,2025-05-14,2025-06-07,25,24,0,1627,135.11,219823.97,0.96,Oui
ORD01334,F007,DenimCo,Turquie,Textile,P007,Jeans,2025-07-27,2025-08-13,14,17,3,1601,295.06,472391.06,0.87,Oui
ORD01335,F003,PâtesItalia,Italie,Alimentaire,P003,Pâtes 500g,2025-07-23,2025-07-27,4,4,0,514,325.64,167378.96,0.8,Oui
ORD01336,F010,AudioMax,Chine,Électronique,P010,Casque audio,2025-10-10,2025-10-30,18,20,2,1529,366.57,560485.53,0.84,Oui
ORD01337,F004,BeautyPro,Allemagne,Droguerie,P004,Shampoing,2025-08-08,2025-08-18,6,10,4,905,94.71,85712.55,0.86,Oui
ORD01338,F006,FashionBasic,Portugal,Textile,P006,T-shirt homme,2025-03-13,2025-03-26,10,13,3,1839,58.19,107011.41,0.99,Oui
ORD01339,F006,FashionBasic,Portugal,Textile,P006,T-shirt homme,2025-06-23,2025-07-03,10,10,0,908,191.86,174208.88,0.94,Oui
ORD01340,F009,TVGlobal,Corée du Sud,Électronique,P009,TV 4K,2025-06-03,2025-06-29,25,26,1,1252,10.95,13709.4,0.95,Non
ORD01341,F003,PâtesItalia,Italie,Alimentaire,P003,Pâtes 500g,2025-06-19,2025-06-26,4,7,3,1339,359.72,481665.08,0.98,Oui
ORD01342,F007,DenimCo,Turquie,Textile,P007,Jeans,2025-07-15,2025-07-29,14,14,0,1992,176.09,350771.28,0.88,Oui
ORD01343,F002,RizImport SAS,Italie,Alimentaire,P002,Riz 1kg,2025-06-18,2025-06-26,5,8,3,974,287.73,280249.02,0.83,Oui
ORD01344,F009,TVGlobal,Corée du Sud,Électronique,P009,TV 4K,2025-04-01,2025-04-25,25,24,0,1742,310.22,540403.24,0.87,Oui
ORD01345,F002,RizImport SAS,Italie,Alimentaire,P002,Riz 1kg,2025-07-17,2025-07-23,5,6,1,471,105.25,49572.75,0.91,Oui
ORD01346,F001,LaLaiterie SA,France,Alimentaire,P001,Lait demi-écrémé,2025-07-08,2025-07-13,2,5,3,72,77.74,5597.28,0.96,Oui
ORD01347,F003,PâtesItalia,Italie,Alimentaire,P003,Pâtes 500g,2025-02-26,2025-03-02,4,4,0,1148,188.58,216489.84,0.94,Oui
ORD01348,F004,BeautyPro,Allemagne,Droguerie,P004,Shampoing,2025-03-08,2025-03-14,6,6,0,684,194.77,133222.68,0.93,Oui
ORD01349,F010,AudioMax,Chine,Électronique,P010,Casque audio,2025-10-22,2025-11-10,18,19,1,1253,91.74,114950.22,0.93,Oui
ORD01350,F004,BeautyPro,Allemagne,Droguerie,P004,Shampoing,2025-01-04,2025-01-10,6,6,0,962,29.25,28138.5,0.85,Oui
ORD01351,F009,TVGlobal,Corée du Sud,Électronique,P009,TV 4K,2025-06-18,2025-07-16,25,28,3,1850,221.19,409201.5,0.87,Oui
ORD01352,F002,RizImport SAS,Italie,Alimentaire,P002,Riz 1kg,2025-05-28,2025-06-06,5,9,4,1854,413.54,766703.16,0.84,Oui
ORD01353,F005,CleanHome,France,Droguerie,P005,Lessive,2025-07-20,2025-07-26,3,6,3,1736,364.59,632928.24,0.79,Oui
ORD01354,F010,AudioMax,Chine,Électronique,P010,Casque audio,2025-08-10,2025-08-30,18,20,2,837,409.92,343103.04,0.8,Oui
ORD01355,F007,DenimCo,Turquie,Textile,P007,Jeans,2025-12-24,2026-01-06,14,13,0,540,398.55,215217.0,0.79,Oui
ORD01356,F009,TVGlobal,Corée du Sud,Électronique,P009,TV 4K,2025-05-30,2025-06-28,25,29,4,1926,30.5,58743.0,0.93,Oui
ORD01357,F008,TechDistrib,Chine,Électronique,P008,Smartphone,2025-07-30,2025-08-23,21,24,3,298,447.89,133471.22,0.77,Oui
ORD01358,F006,FashionBasic,Portugal,Textile,P006,T-shirt homme,2025-07-29,2025-08-10,10,12,2,387,114.12,44164.44,0.88,Oui
ORD01359,F002,RizImport SAS,Italie,Alimentaire,P002,Riz 1kg,2025-11-24,2025-12-03,5,9,4,1433,337.51,483651.83,0.85,Oui
ORD01360,F004,BeautyPro,Allemagne,Droguerie,P004,Shampoing,2025-07-23,2025-07-28,6,5,0,71,113.15,8033.65,0.93,Oui
ORD01361,F008,TechDistrib,Chine,Électronique,P008,Smartphone,2025-09-06,2025-09-29,21,23,2,189,37.61,7108.29,0.91,Oui
ORD01362,F008,TechDistrib,Chine,Électronique,P008,Smartphone,2025-03-13,2025-04-05,21,23,2,1730,125.97,217928.1,0.79,Oui
ORD01363,F010,AudioMax,Chine,Électronique,P010,Casque audio,2025-02-21,2025-03-11,18,18,0,652,56.31,36714.12,0.94,Oui
ORD01364,F001,LaLaiterie SA,France,Alimentaire,P001,Lait demi-écrémé,2025-12-13,2025-12-16,2,3,1,364,198.58,72283.12,0.79,Oui
ORD01365,F009,TVGlobal,Corée du Sud,Électronique,P009,TV 4K,2025-04-21,2025-05-18,25,27,2,1476,21.97,32427.72,0.91,Oui
ORD01366,F002,RizImport SAS,Italie,Alimentaire,P002,Riz 1kg,2025-07-19,2025-07-28,5,9,4,681,200.07,136247.67,0.9,Oui
ORD01367,F007,DenimCo,Turquie,Textile,P007,Jeans,2025-04-14,2025-04-28,14,14,0,817,408.99,334144.83,0.8,Oui
ORD01368,F001,LaLaiterie SA,France,Alimentaire,P001,Lait demi-écrémé,2025-01-08,2025-01-11,2,3,1,1730,86.87,150285.1,0.92,Oui
ORD01369,F002,RizImport SAS,Italie,Alimentaire,P002,Riz 1kg,2025-12-07,2025-12-12,5,5,0,1532,75.59,115803.88,0.85,Oui
ORD01370,F006,FashionBasic,Portugal,Textile,P006,T-shirt homme,2025-06-15,2025-06-28,10,13,3,1333,85.7,114238.1,0.8,Oui
ORD01371,F007,DenimCo,Turquie,Textile,P007,Jeans,2025-03-03,2025-03-17,14,14,0,487,48.1,23424.7,0.83,Oui
ORD01372,F006,FashionBasic,Portugal,Textile,P006,T-shirt homme,2025-01-07,2025-01-19,10,12,2,485,206.72,100259.2,0.77,Oui
ORD01373,F010,AudioMax,Chine,Électronique,P010,Casque audio,2025-07-08,2025-07-25,18,17,0,187,398.51,74521.37,0.85,Oui
ORD01374,F008,TechDistrib,Chine,Électronique,P008,Smartphone,2025-02-22,2025-03-19,21,25,4,1148,356.17,408883.16,0.98,Oui
ORD01375,F005,CleanHome,France,Droguerie,P005,Lessive,2025-02-18,2025-02-24,3,6,3,714,441.65,315338.1,0.92,Oui
ORD01376,F003,PâtesItalia,Italie,Alimentaire,P003,Pâtes 500g,2025-06-20,2025-06-24,4,4,0,1351,342.89,463244.39,0.92,Non
ORD01377,F008,TechDistrib,Chine,Électronique,P008,Smartphone,2025-02-04,2025-02-26,21,22,1,86,274.04,23567.44,0.9,Oui
ORD01378,F004,BeautyPro,Allemagne,Droguerie,P004,Shampoing,2025-09-15,2025-09-24,6,9,3,1493,444.78,664056.54,0.81,Oui
ORD01379,F002,RizImport SAS,Italie,Alimentaire,P002,Riz 1kg,2025-06-08,2025-06-13,5,5,0,1561,193.11,301444.71,0.81,Oui
ORD01380,F003,PâtesItalia,Italie,Alimentaire,P003,Pâtes 500g,2025-07-11,2025-07-17,4,6,2,657,91.3,59984.1,0.84,Oui
ORD01381,F004,BeautyPro,Allemagne,Droguerie,P004,Shampoing,2025-11-03,2025-11-11,6,8,2,1563,394.86,617166.18,0.78,Oui
ORD01382,F001,LaLaiterie SA,France,Alimentaire,P001,Lait demi-écrémé,2025-09-24,2025-09-28,2,4,2,1377,365.81,503720.37,0.94,Oui
ORD01383,F006,FashionBasic,Portugal,Textile,P006,T-shirt homme,2025-06-25,2025-07-05,10,10,0,471,242.92,114415.32,0.98,Oui
ORD01384,F004,BeautyPro,Allemagne,Droguerie,P004,Shampoing,2025-12-18,2025-12-28,6,10,4,1523,100.49,153046.27,0.97,Oui
ORD01385,F003,PâtesItalia,Italie,Alimentaire,P003,Pâtes 500g,2025-08-15,2025-08-23,4,8,4,62,29.55,1832.1,0.87,Non
ORD01386,F001,LaLaiterie SA,France,Alimentaire,P001,Lait demi-écrémé,2025-11-21,2025-11-23,2,2,0,1971,92.3,181923.3,0.77,Oui
ORD01387,F004,BeautyPro,Allemagne,Droguerie,P004,Shampoing,2025-05-01,2025-05-10,6,9,3,210,192.09,40338.9,0.87,Oui
ORD01388,F004,BeautyPro,Allemagne,Droguerie,P004,Shampoing,2025-05-06,2025-05-14,6,8,2,411,272.83,112133.13,0.83,Oui
ORD01389,F004,BeautyPro,Allemagne,Droguerie,P004,Shampoing,2025-05-20,2025-05-28,6,8,2,213,427.98,91159.74,0.84,Oui
ORD01390,F008,TechDistrib,Chine,Électronique,P008,Smartphone,2025-08-14,2025-09-06,21,23,2,1084,274.42,297471.28,0.86,Oui
ORD01391,F008,TechDistrib,Chine,Électronique,P008,Smartphone,2025-01-11,2025-02-03,21,23,2,925,384.39,355560.75,0.94,Non
ORD01392,F010,AudioMax,Chine,Électronique,P010,Casque audio,2025-10-03,2025-10-21,18,18,0,1182,327.13,386667.66,0.81,Oui
ORD01393,F008,TechDistrib,Chine,Électronique,P008,Smartphone,2025-05-26,2025-06-18,21,23,2,1201,272.91,327764.91,0.77,Oui
ORD01394,F008,TechDistrib,Chine,Électronique,P008,Smartphone,2025-04-11,2025-05-02,21,21,0,1926,85.74,165135.24,0.75,Oui
ORD01395,F006,FashionBasic,Portugal,Textile,P006,T-shirt homme,2025-09-09,2025-09-21,10,12,2,1945,187.41,364512.45,0.85,Oui
ORD01396,F007,DenimCo,Turquie,Textile,P007,Jeans,2025-09-08,2025-09-23,14,15,1,1362,444.39,605259.18,0.77,Oui
ORD01397,F002,RizImport SAS,Italie,Alimentaire,P002,Riz 1kg,2025-07-17,2025-07-25,5,8,3,382,87.81,33543.42,0.86,Oui
ORD01398,F006,FashionBasic,Portugal,Textile,P006,T-shirt homme,2025-09-18,2025-10-02,10,14,4,1050,285.92,300216.0,0.84,Oui
ORD01399,F007,DenimCo,Turquie,Textile,P007,Jeans,2025-08-06,2025-08-24,14,18,4,555,109.44,60739.2,0.76,Oui
ORD01400,F001,LaLaiterie SA,France,Alimentaire,P001,Lait demi-écrémé,2025-12-24,2025-12-30,2,6,4,1371,66.97,91815.87,0.9,Non
ORD01401,F003,PâtesItalia,Italie,Alimentaire,P003,Pâtes 500g,2025-05-11,2025-05-15,4,4,0,1283,260.46,334170.18,0.92,Oui
ORD01402,F002,RizImport SAS,Italie,Alimentaire,P002,Riz 1kg,2025-02-17,2025-02-26,5,9,4,1507,412.64,621848.48,0.85,Oui
ORD01403,F002,RizImport SAS,Italie,Alimentaire,P002,Riz 1kg,2025-09-23,2025-09-28,5,5,0,1844,190.61,351484.84,0.96,Oui
ORD01404,F005,CleanHome,France,Droguerie,P005,Lessive,2025-09-14,2025-09-20,3,6,3,1398,399.05,557871.9,0.9,Oui
ORD01405,F002,RizImport SAS,Italie,Alimentaire,P002,Riz 1kg,2025-02-25,2025-03-06,5,9,4,1222,349.62,427235.64,0.84,Oui
ORD01406,F004,BeautyPro,Allemagne,Droguerie,P004,Shampoing,2025-07-23,2025-08-02,6,10,4,680,3.39,2305.2,0.79,Oui
ORD01407,F002,RizImport SAS,Italie,Alimentaire,P002,Riz 1kg,2025-02-05,2025-02-14,5,9,4,905,236.47,214005.35,0.91,Oui
ORD01408,F003,PâtesItalia,Italie,Alimentaire,P003,Pâtes 500g,2025-04-01,2025-04-06,4,5,1,431,316.97,136614.07,0.8,Oui
ORD01409,F002,RizImport SAS,Italie,Alimentaire,P002,Riz 1kg,2025-08-19,2025-08-27,5,8,3,1717,96.05,164917.85,0.8,Oui
ORD01410,F004,BeautyPro,Allemagne,Droguerie,P004,Shampoing,2025-05-13,2025-05-21,6,8,2,952,282.26,268711.52,0.91,Oui
ORD01411,F003,PâtesItalia,Italie,Alimentaire,P003,Pâtes 500g,2025-02-10,2025-02-15,4,5,1,225,170.29,38315.25,0.82,Oui
ORD01412,F010,AudioMax,Chine,Électronique,P010,Casque audio,2025-05-01,2025-05-21,18,20,2,1043,302.93,315955.99,0.78,Oui
ORD01413,F001,LaLaiterie SA,France,Alimentaire,P001,Lait demi-écrémé,2025-12-07,2025-12-12,2,5,3,1666,444.43,740420.38,0.77,Oui
ORD01414,F001,LaLaiterie SA,France,Alimentaire,P001,Lait demi-écrémé,2025-07-12,2025-07-17,2,5,3,1115,444.11,495182.65,0.94,Non
ORD01415,F008,TechDistrib,Chine,Électronique,P008,Smartphone,2025-06-22,2025-07-16,21,24,3,929,151.78,141003.62,0.92,Oui
ORD01416,F006,FashionBasic,Portugal,Textile,P006,T-shirt homme,2025-05-03,2025-05-14,10,11,1,1412,179.61,253609.32,0.9,Non
ORD01417,F006,FashionBasic,Portugal,Textile,P006,T-shirt homme,2025-02-21,2025-03-02,10,9,0,985,391.81,385932.85,0.85,Oui
ORD01418,F003,PâtesItalia,Italie,Alimentaire,P003,Pâtes 500g,2025-01-14,2025-01-21,4,7,3,301,391.12,117727.12,0.82,Oui
ORD01419,F004,BeautyPro,Allemagne,Droguerie,P004,Shampoing,2025-07-08,2025-07-16,6,8,2,1316,308.94,406565.04,0.97,Oui
ORD01420,F004,BeautyPro,Allemagne,Droguerie,P004,Shampoing,2025-01-02,2025-01-12,6,10,4,1979,365.77,723858.83,0.75,Oui
ORD01421,F001,LaLaiterie SA,France,Alimentaire,P001,Lait demi-écrémé,2025-06-16,2025-06-22,2,6,4,959,105.48,101155.32,0.87,Oui
ORD01422,F002,RizImport SAS,Italie,Alimentaire,P002,Riz 1kg,2025-06-28,2025-07-05,5,7,2,1973,419.2,827081.6,0.98,Non
ORD01423,F002,RizImport SAS,Italie,Alimentaire,P002,Riz 1kg,2025-07-17,2025-07-23,5,6,1,1293,88.19,114029.67,0.79,Oui
ORD01424,F010,AudioMax,Chine,Électronique,P010,Casque audio,2025-09-16,2025-10-03,18,17,0,311,224.32,69763.52,0.77,Oui
ORD01425,F009,TVGlobal,Corée du Sud,Électronique,P009,TV 4K,2025-08-28,2025-09-22,25,25,0,1885,201.11,379092.35,0.78,Oui
ORD01426,F004,BeautyPro,Allemagne,Droguerie,P004,Shampoing,2025-05-05,2025-05-11,6,6,0,399,339.09,135296.91,0.91,Oui
ORD01427,F007,DenimCo,Turquie,Textile,P007,Jeans,2025-01-15,2025-01-29,14,14,0,1952,418.07,816072.64,0.98,Oui
ORD01428,F004,BeautyPro,Allemagne,Droguerie,P004,Shampoing,2025-05-12,2025-05-22,6,10,4,1025,428.2,438905.0,0.92,Oui
ORD01429,F009,TVGlobal,Corée du Sud,Électronique,P009,TV 4K,2025-11-21,2025-12-20,25,29,4,1057,41.15,43495.55,0.92,Oui
ORD01430,F010,AudioMax,Chine,Électronique,P010,Casque audio,2025-11-04,2025-11-21,18,17,0,1368,154.78,211739.04,0.98,Oui
ORD01431,F007,DenimCo,Turquie,Textile,P007,Jeans,2025-12-01,2025-12-19,14,18,4,1657,253.07,419336.99,0.96,Oui
ORD01432,F004,BeautyPro,Allemagne,Droguerie,P004,Shampoing,2025-05-13,2025-05-18,6,5,0,645,39.91,25741.95,0.77,Oui
ORD01433,F004,BeautyPro,Allemagne,Droguerie,P004,Shampoing,2025-03-01,2025-03-10,6,9,3,803,57.77,46389.31,0.83,Oui
ORD01434,F001,LaLaiterie SA,France,Alimentaire,P001,Lait demi-écrémé,2025-06-09,2025-06-10,2,1,0,1258,241.25,303492.5,0.96,Non
ORD01435,F006,FashionBasic,Portugal,Textile,P006,T-shirt homme,2025-07-06,2025-07-20,10,14,4,1962,358.56,703494.72,0.88,Oui
ORD01436,F004,BeautyPro,Allemagne,Droguerie,P004,Shampoing,2025-02-24,2025-03-04,6,8,2,68,242.46,16487.28,0.87,Oui
ORD01437,F005,CleanHome,France,Droguerie,P005,Lessive,2025-04-23,2025-04-28,3,5,2,1442,205.38,296157.96,0.9,Oui
ORD01438,F001,LaLaiterie SA,France,Alimentaire,P001,Lait demi-écrémé,2025-11-03,2025-11-06,2,3,1,682,226.32,154350.24,0.92,Oui
ORD01439,F010,AudioMax,Chine,Électronique,P010,Casque audio,2025-09-02,2025-09-24,18,22,4,1747,97.46,170262.62,0.82,Non
ORD01440,F001,LaLaiterie SA,France,Alimentaire,P001,Lait demi-écrémé,2025-06-20,2025-06-22,2,2,0,1745,322.69,563094.05,0.96,Non
ORD01441,F004,BeautyPro,Allemagne,Droguerie,P004,Shampoing,2025-12-25,2026-01-04,6,10,4,157,415.46,65227.22,0.94,Oui
ORD01442,F007,DenimCo,Turquie,Textile,P007,Jeans,2025-06-03,2025-06-21,14,18,4,1918,381.91,732503.38,1.0,Oui
ORD01443,F006,FashionBasic,Portugal,Textile,P006,T-shirt homme,2025-08-05,2025-08-19,10,14,4,1019,445.65,454117.35,0.94,Oui
ORD01444,F009,TVGlobal,Corée du Sud,Électronique,P009,TV 4K,2025-05-25,2025-06-20,25,26,1,1476,415.42,613159.92,0.93,Oui
ORD01445,F002,RizImport SAS,Italie,Alimentaire,P002,Riz 1kg,2025-03-09,2025-03-15,5,6,1,1590,356.18,566326.2,0.97,Oui
ORD01446,F005,CleanHome,France,Droguerie,P005,Lessive,2025-08-23,2025-08-30,3,7,4,385,259.93,100073.05,0.86,Oui
ORD01447,F003,PâtesItalia,Italie,Alimentaire,P003,Pâtes 500g,2025-04-18,2025-04-22,4,4,0,1697,336.9,571719.3,0.93,Oui
ORD01448,F010,AudioMax,Chine,Électronique,P010,Casque audio,2025-02-22,2025-03-16,18,22,4,1658,444.82,737511.56,0.79,Non
ORD01449,F007,DenimCo,Turquie,Textile,P007,Jeans,2025-12-14,2025-12-28,14,14,0,1946,25.82,50245.72,0.84,Oui
ORD01450,F001,LaLaiterie SA,France,Alimentaire,P001,Lait demi-écrémé,2025-03-02,2025-03-07,2,5,3,1381,152.65,210809.65,0.86,Oui
ORD01451,F007,DenimCo,Turquie,Textile,P007,Jeans,2025-05-06,2025-05-19,14,13,0,293,108.76,31866.68,0.87,Oui
ORD01452,F003,PâtesItalia,Italie,Alimentaire,P003,Pâtes 500g,2025-12-01,2025-12-09,4,8,4,818,349.24,285678.32,1.0,Oui
ORD01453,F002,RizImport SAS,Italie,Alimentaire,P002,Riz 1kg,2025-08-26,2025-09-04,5,9,4,832,124.21,103342.72,0.91,Oui
ORD01454,F002,RizImport SAS,Italie,Alimentaire,P002,Riz 1kg,2025-03-01,2025-03-05,5,4,0,299,220.4,65899.6,0.92,Oui
ORD01455,F001,LaLaiterie SA,France,Alimentaire,P001,Lait demi-écrémé,2025-10-28,2025-11-02,2,5,3,1222,216.03,263988.66,0.92,Oui
ORD01456,F010,AudioMax,Chine,Électronique,P010,Casque audio,2025-04-03,2025-04-23,18,20,2,1041,449.98,468429.18,0.93,Oui
ORD01457,F003,PâtesItalia,Italie,Alimentaire,P003,Pâtes 500g,2025-02-20,2025-02-25,4,5,1,180,321.34,57841.2,0.97,Oui
ORD01458,F007,DenimCo,Turquie,Textile,P007,Jeans,2025-12-25,2026-01-07,14,13,0,856,250.45,214385.2,0.88,Oui
ORD01459,F008,TechDistrib,Chine,Électronique,P008,Smartphone,2025-02-02,2025-02-26,21,24,3,1764,263.33,464514.12,0.93,Oui
ORD01460,F002,RizImport SAS,Italie,Alimentaire,P002,Riz 1kg,2025-04-17,2025-04-26,5,9,4,1888,53.24,100517.12,0.97,Oui
ORD01461,F001,LaLaiterie SA,France,Alimentaire,P001,Lait demi-écrémé,2025-10-12,2025-10-16,2,4,2,1689,141.78,239466.42,0.76,Oui
ORD01462,F003,PâtesItalia,Italie,Alimentaire,P003,Pâtes 500g,2025-02-14,2025-02-21,4,7,3,575,383.23,220357.25,0.76,Non
ORD01463,F009,TVGlobal,Corée du Sud,Électronique,P009,TV 4K,2025-06-02,2025-06-28,25,26,1,1164,77.64,90372.96,0.99,Oui
ORD01464,F004,BeautyPro,Allemagne,Droguerie,P004,Shampoing,2025-06-03,2025-06-08,6,5,0,1987,425.63,845726.81,0.98,Oui
ORD01465,F009,TVGlobal,Corée du Sud,Électronique,P009,TV 4K,2025-08-16,2025-09-10,25,25,0,1231,220.95,271989.45,0.83,Oui
ORD01466,F006,FashionBasic,Portugal,Textile,P006,T-shirt homme,2025-11-07,2025-11-20,10,13,3,1095,94.82,103827.9,0.77,Oui
ORD01467,F004,BeautyPro,Allemagne,Droguerie,P004,Shampoing,2025-01-19,2025-01-25,6,6,0,340,135.22,45974.8,0.96,Non
ORD01468,F010,AudioMax,Chine,Électronique,P010,Casque audio,2025-10-10,2025-10-28,18,18,0,1261,161.9,204155.9,0.78,Oui
ORD01469,F002,RizImport SAS,Italie,Alimentaire,P002,Riz 1kg,2025-10-09,2025-10-15,5,6,1,583,172.11,100340.13,0.98,Oui
ORD01470,F002,RizImport SAS,Italie,Alimentaire,P002,Riz 1kg,2025-05-11,2025-05-20,5,9,4,921,423.12,389693.52,0.79,Oui
ORD01471,F005,CleanHome,France,Droguerie,P005,Lessive,2025-11-21,2025-11-28,3,7,4,1372,87.09,119487.48,0.84,Oui
ORD01472,F009,TVGlobal,Corée du Sud,Électronique,P009,TV 4K,2025-11-06,2025-12-01,25,25,0,909,369.79,336139.11,0.83,Oui
ORD01473,F007,DenimCo,Turquie,Textile,P007,Jeans,2025-01-14,2025-01-31,14,17,3,556,35.35,19654.6,0.78,Oui
ORD01474,F009,TVGlobal,Corée du Sud,Électronique,P009,TV 4K,2025-07-28,2025-08-21,25,24,0,724,288.26,208700.24,0.84,Oui
ORD01475,F005,CleanHome,France,Droguerie,P005,Lessive,2025-03-16,2025-03-19,3,3,0,610,4.93,3007.3,0.84,Non
ORD01476,F007,DenimCo,Turquie,Textile,P007,Jeans,2025-02-23,2025-03-08,14,13,0,409,237.15,96994.35,0.97,Oui
ORD01477,F008,TechDistrib,Chine,Électronique,P008,Smartphone,2025-02-18,2025-03-14,21,24,3,764,315.35,240927.4,0.97,Oui
ORD01478,F010,AudioMax,Chine,Électronique,P010,Casque audio,2025-02-20,2025-03-09,18,17,0,399,143.44,57232.56,0.94,Oui
ORD01479,F009,TVGlobal,Corée du Sud,Électronique,P009,TV 4K,2025-10-10,2025-11-07,25,28,3,1856,382.41,709752.96,0.87,Oui
ORD01480,F001,LaLaiterie SA,France,Alimentaire,P001,Lait demi-écrémé,2025-12-18,2025-12-23,2,5,3,1510,70.39,106288.9,0.78,Oui
ORD01481,F005,CleanHome,France,Droguerie,P005,Lessive,2025-01-28,2025-02-04,3,7,4,1359,438.54,595975.86,0.93,Oui
ORD01482,F010,AudioMax,Chine,Électronique,P010,Casque audio,2025-08-03,2025-08-25,18,22,4,987,82.81,81733.47,1.0,Oui
ORD01483,F009,TVGlobal,Corée du Sud,Électronique,P009,TV 4K,2025-05-27,2025-06-22,25,26,1,2000,192.78,385560.0,0.99,Oui
ORD01484,F004,BeautyPro,Allemagne,Droguerie,P004,Shampoing,2025-06-06,2025-06-16,6,10,4,1807,39.58,71521.06,0.83,Oui
ORD01485,F002,RizImport SAS,Italie,Alimentaire,P002,Riz 1kg,2025-11-21,2025-11-25,5,4,0,207,328.61,68022.27,0.99,Oui
ORD01486,F001,LaLaiterie SA,France,Alimentaire,P001,Lait demi-écrémé,2025-02-13,2025-02-19,2,6,4,635,249.59,158489.65,0.87,Oui
ORD01487,F007,DenimCo,Turquie,Textile,P007,Jeans,2025-12-13,2025-12-30,14,17,3,1959,328.99,644491.41,0.87,Oui
ORD01488,F009,TVGlobal,Corée du Sud,Électronique,P009,TV 4K,2025-12-24,2026-01-17,25,24,0,880,6.75,5940.0,0.8,Oui
ORD01489,F001,LaLaiterie SA,France,Alimentaire,P001,Lait demi-écrémé,2025-08-06,2025-08-12,2,6,4,1144,337.48,386077.12,0.81,Oui
ORD01490,F009,TVGlobal,Corée du Sud,Électronique,P009,TV 4K,2025-12-17,2026-01-14,25,28,3,136,273.51,37197.36,0.99,Oui
ORD01491,F009,TVGlobal,Corée du Sud,Électronique,P009,TV 4K,2025-04-26,2025-05-21,25,25,0,203,165.49,33594.47,0.78,Oui
ORD01492,F001,LaLaiterie SA,France,Alimentaire,P001,Lait demi-écrémé,2025-08-05,2025-08-09,2,4,2,826,77.13,63709.38,0.99,Oui
ORD01493,F004,BeautyPro,Allemagne,Droguerie,P004,Shampoing,2025-10-04,2025-10-09,6,5,0,644,134.98,86927.12,0.82,Oui
ORD01494,F010,AudioMax,Chine,Électronique,P010,Casque audio,2025-07-21,2025-08-08,18,18,0,1940,137.52,266788.8,0.98,Oui
ORD01495,F001,LaLaiterie SA,France,Alimentaire,P001,Lait demi-écrémé,2025-08-26,2025-08-31,2,5,3,1787,219.98,393104.26,0.84,Oui
ORD01496,F006,FashionBasic,Portugal,Textile,P006,T-shirt homme,2025-06-02,2025-06-13,10,11,1,269,2.82,758.58,0.97,Oui
ORD01497,F006,FashionBasic,Portugal,Textile,P006,T-shirt homme,2025-01-05,2025-01-14,10,9,0,932,221.67,206596.44,0.77,Oui
ORD01498,F003,PâtesItalia,Italie,Alimentaire,P003,Pâtes 500g,2025-07-30,2025-08-02,4,3,0,1920,219.59,421612.8,0.79,Oui
ORD01499,F004,BeautyPro,Allemagne,Droguerie,P004,Shampoing,2025-08-29,2025-09-06,6,8,2,816,135.03,110184.48,0.86,Oui
ORD01500,F005,CleanHome,France,Droguerie,P005,Lessive,2025-02-25,2025-03-02,3,5,2,1394,377.79,526639.26,0.79,Oui
ORD01501,F007,DenimCo,Turquie,Textile,P007,Jeans,2025-01-03,2025-01-18,14,15,1,1859,391.8,728356.2,0.8,Oui
ORD01502,F001,LaLaiterie SA,France,Alimentaire,P001,Lait demi-écrémé,2025-03-10,2025-03-14,2,4,2,912,334.89,305419.68,0.98,Oui
ORD01503,F004,BeautyPro,Allemagne,Droguerie,P004,Shampoing,2025-09-03,2025-09-13,6,10,4,594,53.9,32016.6,0.87,Oui
ORD01504,F003,PâtesItalia,Italie,Alimentaire,P003,Pâtes 500g,2025-06-16,2025-06-22,4,6,2,1077,326.83,351995.91,0.94,Oui
ORD01505,F003,PâtesItalia,Italie,Alimentaire,P003,Pâtes 500g,2025-02-26,2025-03-01,4,3,0,1673,10.01,16746.73,0.79,Oui
ORD01506,F004,BeautyPro,Allemagne,Droguerie,P004,Shampoing,2025-01-27,2025-02-06,6,10,4,1749,154.29,269853.21,0.99,Oui
ORD01507,F007,DenimCo,Turquie,Textile,P007,Jeans,2025-09-03,2025-09-18,14,15,1,627,218.93,137269.11,0.94,Oui
ORD01508,F003,PâtesItalia,Italie,Alimentaire,P003,Pâtes 500g,2025-09-19,2025-09-23,4,4,0,560,126.87,71047.2,0.78,Oui
ORD01509,F004,BeautyPro,Allemagne,Droguerie,P004,Shampoing,2025-12-08,2025-12-16,6,8,2,456,213.51,97360.56,0.95,Oui
ORD01510,F009,TVGlobal,Corée du Sud,Électronique,P009,TV 4K,2025-11-09,2025-12-04,25,25,0,436,446.65,194739.4,0.9,Oui
ORD01511,F004,BeautyPro,Allemagne,Droguerie,P004,Shampoing,2025-03-03,2025-03-09,6,6,0,871,17.75,15460.25,1.0,Non
ORD01512,F007,DenimCo,Turquie,Textile,P007,Jeans,2025-01-10,2025-01-27,14,17,3,458,41.38,18952.04,0.76,Oui
ORD01513,F005,CleanHome,France,Droguerie,P005,Lessive,2025-12-25,2026-01-01,3,7,4,523,100.19,52399.37,0.86,Oui
ORD01514,F007,DenimCo,Turquie,Textile,P007,Jeans,2025-11-26,2025-12-09,14,13,0,673,49.97,33629.81,0.84,Non
ORD01515,F007,DenimCo,Turquie,Textile,P007,Jeans,2025-05-07,2025-05-22,14,15,1,1883,21.88,41200.04,0.76,Oui
ORD01516,F006,FashionBasic,Portugal,Textile,P006,T-shirt homme,2025-04-19,2025-04-30,10,11,1,1016,126.43,128452.88,0.9,Oui
ORD01517,F005,CleanHome,France,Droguerie,P005,Lessive,2025-09-09,2025-09-13,3,4,1,734,137.31,100785.54,0.77,Oui
ORD01518,F009,TVGlobal,Corée du Sud,Électronique,P009,TV 4K,2025-03-08,2025-04-03,25,26,1,788,333.71,262963.48,0.84,Oui
ORD01519,F009,TVGlobal,Corée du Sud,Électronique,P009,TV 4K,2025-11-06,2025-12-02,25,26,1,537,292.79,157228.23,0.8,Oui
ORD01520,F002,RizImport SAS,Italie,Alimentaire,P002,Riz 1kg,2025-03-08,2025-03-17,5,9,4,1570,271.02,425501.4,0.76,Non
ORD01521,F004,BeautyPro,Allemagne,Droguerie,P004,Shampoing,2025-04-09,2025-04-19,6,10,4,962,416.51,400682.62,0.77,Oui
ORD01522,F006,FashionBasic,Portugal,Textile,P006,T-shirt homme,2025-06-04,2025-06-18,10,14,4,1021,445.35,454702.35,0.8,Oui
ORD01523,F001,LaLaiterie SA,France,Alimentaire,P001,Lait demi-écrémé,2025-03-07,2025-03-09,2,2,0,906,247.95,224642.7,0.81,Oui
ORD01524,F009,TVGlobal,Corée du Sud,Électronique,P009,TV 4K,2025-06-27,2025-07-23,25,26,1,968,283.62,274544.16,0.78,Oui
ORD01525,F008,TechDistrib,Chine,Électronique,P008,Smartphone,2025-08-03,2025-08-27,21,24,3,1957,428.62,838809.34,0.95,Oui
ORD01526,F005,CleanHome,France,Droguerie,P005,Lessive,2025-12-23,2025-12-26,3,3,0,643,20.93,13457.99,0.89,Oui
ORD01527,F004,BeautyPro,Allemagne,Droguerie,P004,Shampoing,2025-07-23,2025-07-31,6,8,2,1452,239.85,348262.2,0.88,Oui
ORD01528,F008,TechDistrib,Chine,Électronique,P008,Smartphone,2025-09-18,2025-10-11,21,23,2,1201,350.83,421346.83,0.85,Oui
ORD01529,F003,PâtesItalia,Italie,Alimentaire,P003,Pâtes 500g,2025-01-02,2025-01-06,4,4,0,1221,98.4,120146.4,0.92,Oui
ORD01530,F009,TVGlobal,Corée du Sud,Électronique,P009,TV 4K,2025-08-22,2025-09-19,25,28,3,1499,324.4,486275.6,0.81,Oui
ORD01531,F005,CleanHome,France,Droguerie,P005,Lessive,2025-12-29,2026-01-02,3,4,1,1180,54.04,63767.2,0.81,Oui
ORD01532,F005,CleanHome,France,Droguerie,P005,Lessive,2025-01-21,2025-01-28,3,7,4,353,423.95,149654.35,0.82,Oui
ORD01533,F001,LaLaiterie SA,France,Alimentaire,P001,Lait demi-écrémé,2025-11-25,2025-11-27,2,2,0,1736,94.88,164711.68,0.78,Oui
ORD01534,F010,AudioMax,Chine,Électronique,P010,Casque audio,2025-07-08,2025-07-27,18,19,1,220,425.92,93702.4,0.97,Oui
ORD01535,F003,PâtesItalia,Italie,Alimentaire,P003,Pâtes 500g,2025-07-29,2025-08-05,4,7,3,653,146.42,95612.26,0.76,Oui
ORD01536,F006,FashionBasic,Portugal,Textile,P006,T-shirt homme,2025-04-23,2025-05-07,10,14,4,622,79.94,49722.68,0.99,Oui
ORD01537,F010,AudioMax,Chine,Électronique,P010,Casque audio,2025-02-24,2025-03-18,18,22,4,1577,309.81,488570.37,0.99,Oui
ORD01538,F010,AudioMax,Chine,Électronique,P010,Casque audio,2025-10-10,2025-10-28,18,18,0,1722,199.26,343125.72,0.83,Oui
ORD01539,F007,DenimCo,Turquie,Textile,P007,Jeans,2025-03-21,2025-04-06,14,16,2,524,328.55,172160.2,0.86,Oui
ORD01540,F008,TechDistrib,Chine,Électronique,P008,Smartphone,2025-02-17,2025-03-12,21,23,2,421,207.0,87147.0,0.95,Oui
ORD01541,F010,AudioMax,Chine,Électronique,P010,Casque audio,2025-09-09,2025-10-01,18,22,4,419,291.58,122172.02,0.76,Oui
ORD01542,F003,PâtesItalia,Italie,Alimentaire,P003,Pâtes 500g,2025-07-21,2025-07-29,4,8,4,1294,84.94,109912.36,0.79,Oui
ORD01543,F008,TechDistrib,Chine,Électronique,P008,Smartphone,2025-11-27,2025-12-20,21,23,2,255,326.08,83150.4,0.78,Oui
ORD01544,F001,LaLaiterie SA,France,Alimentaire,P001,Lait demi-écrémé,2025-11-05,2025-11-06,2,1,0,823,173.1,142461.3,0.78,Oui
ORD01545,F001,LaLaiterie SA,France,Alimentaire,P001,Lait demi-écrémé,2025-03-09,2025-03-11,2,2,0,1627,38.08,61956.16,0.79,Oui
ORD01546,F001,LaLaiterie SA,France,Alimentaire,P001,Lait demi-écrémé,2025-01-05,2025-01-06,2,1,0,1160,331.39,384412.4,0.83,Oui
ORD01547,F004,BeautyPro,Allemagne,Droguerie,P004,Shampoing,2025-03-13,2025-03-21,6,8,2,1605,253.5,406867.5,0.86,Oui
ORD01548,F006,FashionBasic,Portugal,Textile,P006,T-shirt homme,2025-09-03,2025-09-13,10,10,0,549,25.62,14065.38,0.92,Oui
ORD01549,F002,RizImport SAS,Italie,Alimentaire,P002,Riz 1kg,2025-01-11,2025-01-15,5,4,0,260,245.32,63783.2,0.78,Oui
ORD01550,F007,DenimCo,Turquie,Textile,P007,Jeans,2025-03-14,2025-03-27,14,13,0,1918,101.33,194350.94,0.81,Oui
ORD01551,F006,FashionBasic,Portugal,Textile,P006,T-shirt homme,2025-12-02,2025-12-13,10,11,1,512,414.8,212377.6,0.92,Oui
ORD01552,F002,RizImport SAS,Italie,Alimentaire,P002,Riz 1kg,2025-09-09,2025-09-14,5,5,0,275,101.42,27890.5,0.99,Oui
ORD01553,F002,RizImport SAS,Italie,Alimentaire,P002,Riz 1kg,2025-11-12,2025-11-18,5,6,1,292,162.54,47461.68,0.98,Oui
ORD01554,F001,LaLaiterie SA,France,Alimentaire,P001,Lait demi-écrémé,2025-11-06,2025-11-08,2,2,0,414,193.17,79972.38,0.83,Oui
ORD01555,F007,DenimCo,Turquie,Textile,P007,Jeans,2025-03-18,2025-04-05,14,18,4,1457,136.05,198224.85,0.95,Oui
ORD01556,F002,RizImport SAS,Italie,Alimentaire,P002,Riz 1kg,2025-05-19,2025-05-26,5,7,2,1405,166.42,233820.1,0.82,Oui
ORD01557,F002,RizImport SAS,Italie,Alimentaire,P002,Riz 1kg,2025-01-02,2025-01-07,5,5,0,1642,295.31,484899.02,0.83,Oui
ORD01558,F008,TechDistrib,Chine,Électronique,P008,Smartphone,2025-02-04,2025-02-24,21,20,0,1233,192.64,237525.12,0.93,Oui
ORD01559,F006,FashionBasic,Portugal,Textile,P006,T-shirt homme,2025-03-07,2025-03-17,10,10,0,1621,173.57,281356.97,0.83,Oui
ORD01560,F007,DenimCo,Turquie,Textile,P007,Jeans,2025-11-05,2025-11-23,14,18,4,732,62.63,45845.16,0.99,Non
ORD01561,F007,DenimCo,Turquie,Textile,P007,Jeans,2025-08-03,2025-08-20,14,17,3,1068,242.67,259171.56,0.87,Oui
ORD01562,F004,BeautyPro,Allemagne,Droguerie,P004,Shampoing,2025-07-16,2025-07-21,6,5,0,1239,321.86,398784.54,0.88,Oui
ORD01563,F004,BeautyPro,Allemagne,Droguerie,P004,Shampoing,2025-12-26,2025-12-31,6,5,0,531,163.09,86600.79,0.8,Oui
ORD01564,F006,FashionBasic,Portugal,Textile,P006,T-shirt homme,2025-10-13,2025-10-25,10,12,2,323,414.45,133867.35,0.76,Oui
ORD01565,F003,PâtesItalia,Italie,Alimentaire,P003,Pâtes 500g,2025-05-31,2025-06-06,4,6,2,345,375.95,129702.75,0.89,Non
ORD01566,F007,DenimCo,Turquie,Textile,P007,Jeans,2025-05-05,2025-05-19,14,14,0,1745,101.45,177030.25,0.94,Oui
ORD01567,F003,PâtesItalia,Italie,Alimentaire,P003,Pâtes 500g,2025-07-13,2025-07-21,4,8,4,103,313.41,32281.23,0.86,Oui
ORD01568,F002,RizImport SAS,Italie,Alimentaire,P002,Riz 1kg,2025-12-06,2025-12-14,5,8,3,201,214.83,43180.83,0.9,Oui
ORD01569,F003,PâtesItalia,Italie,Alimentaire,P003,Pâtes 500g,2025-07-07,2025-07-11,4,4,0,211,110.65,23347.15,0.75,Oui
ORD01570,F007,DenimCo,Turquie,Textile,P007,Jeans,2025-03-18,2025-04-01,14,14,0,1012,334.73,338746.76,0.94,Oui
ORD01571,F005,CleanHome,France,Droguerie,P005,Lessive,2025-08-29,2025-09-03,3,5,2,1529,152.13,232606.77,0.95,Oui
ORD01572,F005,CleanHome,France,Droguerie,P005,Lessive,2025-02-26,2025-03-01,3,3,0,172,396.58,68211.76,0.76,Oui
ORD01573,F009,TVGlobal,Corée du Sud,Électronique,P009,TV 4K,2025-03-24,2025-04-17,25,24,0,861,374.79,322694.19,0.92,Oui
ORD01574,F009,TVGlobal,Corée du Sud,Électronique,P009,TV 4K,2025-12-31,2026-01-26,25,26,1,1932,257.64,497760.48,0.83,Oui
ORD01575,F003,PâtesItalia,Italie,Alimentaire,P003,Pâtes 500g,2025-05-20,2025-05-23,4,3,0,1118,170.21,190294.78,0.99,Oui
ORD01576,F007,DenimCo,Turquie,Textile,P007,Jeans,2025-11-13,2025-11-26,14,13,0,498,176.83,88061.34,0.96,Non
ORD01577,F010,AudioMax,Chine,Électronique,P010,Casque audio,2025-02-09,2025-03-03,18,22,4,1009,215.1,217035.9,0.91,Oui
ORD01578,F007,DenimCo,Turquie,Textile,P007,Jeans,2025-03-26,2025-04-08,14,13,0,1695,167.48,283878.6,0.86,Oui
ORD01579,F002,RizImport SAS,Italie,Alimentaire,P002,Riz 1kg,2025-02-09,2025-02-15,5,6,1,1285,350.57,450482.45,0.83,Oui
ORD01580,F003,PâtesItalia,Italie,Alimentaire,P003,Pâtes 500g,2025-10-05,2025-10-08,4,3,0,183,95.75,17522.25,0.75,Oui
ORD01581,F004,BeautyPro,Allemagne,Droguerie,P004,Shampoing,2025-10-10,2025-10-16,6,6,0,1357,418.18,567470.26,0.81,Oui
ORD01582,F010,AudioMax,Chine,Électronique,P010,Casque audio,2025-10-17,2025-11-03,18,17,0,1204,443.93,534491.72,0.87,Oui
ORD01583,F002,RizImport SAS,Italie,Alimentaire,P002,Riz 1kg,2025-06-08,2025-06-12,5,4,0,780,338.38,263936.4,0.99,Oui
ORD01584,F006,FashionBasic,Portugal,Textile,P006,T-shirt homme,2025-07-20,2025-08-03,10,14,4,778,438.25,340958.5,0.93,Oui
ORD01585,F007,DenimCo,Turquie,Textile,P007,Jeans,2025-09-15,2025-09-28,14,13,0,1078,363.47,391820.66,0.79,Oui
ORD01586,F007,DenimCo,Turquie,Textile,P007,Jeans,2025-09-02,2025-09-19,14,17,3,1829,383.49,701403.21,0.82,Oui
ORD01587,F008,TechDistrib,Chine,Électronique,P008,Smartphone,2025-02-10,2025-03-07,21,25,4,241,428.79,103338.39,0.81,Oui
ORD01588,F003,PâtesItalia,Italie,Alimentaire,P003,Pâtes 500g,2025-03-24,2025-03-31,4,7,3,1107,446.53,494308.71,0.9,Oui
ORD01589,F006,FashionBasic,Portugal,Textile,P006,T-shirt homme,2025-08-18,2025-08-28,10,10,0,744,131.23,97635.12,0.91,Non
ORD01590,F001,LaLaiterie SA,France,Alimentaire,P001,Lait demi-écrémé,2025-12-31,2026-01-06,2,6,4,843,107.98,91027.14,1.0,Oui
ORD01591,F003,PâtesItalia,Italie,Alimentaire,P003,Pâtes 500g,2025-10-18,2025-10-26,4,8,4,1068,44.28,47291.04,0.75,Oui
ORD01592,F005,CleanHome,France,Droguerie,P005,Lessive,2025-10-08,2025-10-10,3,2,0,1071,42.8,45838.8,0.83,Non
ORD01593,F003,PâtesItalia,Italie,Alimentaire,P003,Pâtes 500g,2025-02-04,2025-02-09,4,5,1,1230,163.82,201498.6,0.77,Oui
ORD01594,F008,TechDistrib,Chine,Électronique,P008,Smartphone,2025-05-13,2025-06-05,21,23,2,574,343.53,197186.22,0.86,Non
ORD01595,F002,RizImport SAS,Italie,Alimentaire,P002,Riz 1kg,2025-10-19,2025-10-26,5,7,2,131,163.88,21468.28,0.82,Oui
ORD01596,F010,AudioMax,Chine,Électronique,P010,Casque audio,2025-12-15,2026-01-02,18,18,0,952,165.35,157413.2,0.96,Non
ORD01597,F006,FashionBasic,Portugal,Textile,P006,T-shirt homme,2025-02-12,2025-02-26,10,14,4,896,227.92,204216.32,0.82,Oui
ORD01598,F001,LaLaiterie SA,France,Alimentaire,P001,Lait demi-écrémé,2025-11-14,2025-11-20,2,6,4,166,333.6,55377.6,0.81,Oui
ORD01599,F001,LaLaiterie SA,France,Alimentaire,P001,Lait demi-écrémé,2025-03-21,2025-03-22,2,1,0,645,169.43,109282.35,0.89,Oui
ORD01600,F004,BeautyPro,Allemagne,Droguerie,P004,Shampoing,2025-07-18,2025-07-26,6,8,2,1420,42.53,60392.6,0.87,Oui
ORD01601,F008,TechDistrib,Chine,Électronique,P008,Smartphone,2025-02-25,2025-03-17,21,20,0,419,329.43,138031.17,0.98,Non
ORD01602,F007,DenimCo,Turquie,Textile,P007,Jeans,2025-04-13,2025-04-29,14,16,2,723,29.48,21314.04,0.84,Oui
ORD01603,F004,BeautyPro,Allemagne,Droguerie,P004,Shampoing,2025-12-26,2026-01-05,6,10,4,1025,51.89,53187.25,0.86,Oui
ORD01604,F008,TechDistrib,Chine,Électronique,P008,Smartphone,2025-03-16,2025-04-10,21,25,4,487,144.42,70332.54,0.76,Oui
ORD01605,F007,DenimCo,Turquie,Textile,P007,Jeans,2025-02-01,2025-02-16,14,15,1,1667,193.83,323114.61,0.87,Oui
ORD01606,F001,LaLaiterie SA,France,Alimentaire,P001,Lait demi-écrémé,2025-12-17,2025-12-21,2,4,2,602,113.81,68513.62,0.79,Oui
ORD01607,F005,CleanHome,France,Droguerie,P005,Lessive,2025-07-27,2025-07-29,3,2,0,660,393.26,259551.6,0.86,Oui
ORD01608,F004,BeautyPro,Allemagne,Droguerie,P004,Shampoing,2025-12-09,2025-12-16,6,7,1,426,373.83,159251.58,0.77,Oui
ORD01609,F006,FashionBasic,Portugal,Textile,P006,T-shirt homme,2025-06-02,2025-06-12,10,10,0,456,157.5,71820.0,0.85,Oui
ORD01610,F003,PâtesItalia,Italie,Alimentaire,P003,Pâtes 500g,2025-12-23,2025-12-29,4,6,2,776,410.71,318710.96,0.89,Oui
ORD01611,F009,TVGlobal,Corée du Sud,Électronique,P009,TV 4K,2025-11-02,2025-11-27,25,25,0,209,325.36,68000.24,0.89,Oui
ORD01612,F006,FashionBasic,Portugal,Textile,P006,T-shirt homme,2025-01-08,2025-01-18,10,10,0,1886,206.67,389779.62,0.79,Oui
ORD01613,F002,RizImport SAS,Italie,Alimentaire,P002,Riz 1kg,2025-12-12,2025-12-19,5,7,2,588,234.55,137915.4,0.75,Oui
ORD01614,F003,PâtesItalia,Italie,Alimentaire,P003,Pâtes 500g,2025-11-21,2025-11-27,4,6,2,1358,436.27,592454.66,0.77,Oui
ORD01615,F004,BeautyPro,Allemagne,Droguerie,P004,Shampoing,2025-08-04,2025-08-14,6,10,4,1168,348.59,407153.12,0.9,Oui
ORD01616,F004,BeautyPro,Allemagne,Droguerie,P004,Shampoing,2025-04-08,2025-04-18,6,10,4,1231,429.82,529108.42,0.84,Oui
ORD01617,F005,CleanHome,France,Droguerie,P005,Lessive,2025-06-07,2025-06-13,3,6,3,1727,390.56,674497.12,0.92,Oui
ORD01618,F008,TechDistrib,Chine,Électronique,P008,Smartphone,2025-07-31,2025-08-23,21,23,2,770,158.82,122291.4,0.89,Oui
ORD01619,F006,FashionBasic,Portugal,Textile,P006,T-shirt homme,2025-02-28,2025-03-10,10,10,0,989,193.06,190936.34,0.79,Oui
ORD01620,F009,TVGlobal,Corée du Sud,Électronique,P009,TV 4K,2025-08-12,2025-09-08,25,27,2,633,380.37,240774.21,0.92,Oui
ORD01621,F005,CleanHome,France,Droguerie,P005,Lessive,2025-12-26,2026-01-01,3,6,3,1970,416.35,820209.5,0.96,Non
ORD01622,F002,RizImport SAS,Italie,Alimentaire,P002,Riz 1kg,2025-02-15,2025-02-24,5,9,4,83,277.51,23033.33,0.85,Oui
ORD01623,F010,AudioMax,Chine,Électronique,P010,Casque audio,2025-10-06,2025-10-23,18,17,0,1347,200.12,269561.64,0.9,Oui
ORD01624,F005,CleanHome,France,Droguerie,P005,Lessive,2025-08-04,2025-08-07,3,3,0,506,349.71,176953.26,0.89,Oui
ORD01625,F008,TechDistrib,Chine,Électronique,P008,Smartphone,2025-03-05,2025-03-27,21,22,1,1675,411.36,689028.0,0.85,Oui
ORD01626,F007,DenimCo,Turquie,Textile,P007,Jeans,2025-01-04,2025-01-19,14,15,1,1651,101.16,167015.16,0.82,Oui
ORD01627,F005,CleanHome,France,Droguerie,P005,Lessive,2025-06-07,2025-06-12,3,5,2,1428,109.08,155766.24,0.98,Oui
ORD01628,F001,LaLaiterie SA,France,Alimentaire,P001,Lait demi-écrémé,2025-01-14,2025-01-16,2,2,0,1668,168.8,281558.4,0.95,Oui
ORD01629,F010,AudioMax,Chine,Électronique,P010,Casque audio,2025-06-12,2025-07-01,18,19,1,399,431.64,172224.36,1.0,Oui
ORD01630,F007,DenimCo,Turquie,Textile,P007,Jeans,2025-04-09,2025-04-26,14,17,3,1369,177.3,242723.7,0.76,Non
ORD01631,F007,DenimCo,Turquie,Textile,P007,Jeans,2025-03-07,2025-03-25,14,18,4,849,439.82,373407.18,0.79,Oui
ORD01632,F009,TVGlobal,Corée du Sud,Électronique,P009,TV 4K,2025-03-23,2025-04-19,25,27,2,523,45.26,23670.98,0.95,Oui
ORD01633,F010,AudioMax,Chine,Électronique,P010,Casque audio,2025-07-20,2025-08-11,18,22,4,1927,117.47,226364.69,0.89,Non
ORD01634,F004,BeautyPro,Allemagne,Droguerie,P004,Shampoing,2025-02-17,2025-02-22,6,5,0,102,197.12,20106.24,0.91,Oui
ORD01635,F001,LaLaiterie SA,France,Alimentaire,P001,Lait demi-écrémé,2025-11-13,2025-11-19,2,6,4,1163,414.31,481842.53,0.77,Oui
ORD01636,F003,PâtesItalia,Italie,Alimentaire,P003,Pâtes 500g,2025-08-21,2025-08-29,4,8,4,1343,350.03,470090.29,0.8,Oui
ORD01637,F004,BeautyPro,Allemagne,Droguerie,P004,Shampoing,2025-06-02,2025-06-08,6,6,0,1146,378.29,433520.34,0.93,Oui
ORD01638,F007,DenimCo,Turquie,Textile,P007,Jeans,2025-05-14,2025-06-01,14,18,4,155,124.1,19235.5,0.98,Oui
ORD01639,F010,AudioMax,Chine,Électronique,P010,Casque audio,2025-02-22,2025-03-11,18,17,0,990,417.28,413107.2,0.78,Oui
ORD01640,F005,CleanHome,France,Droguerie,P005,Lessive,2025-04-03,2025-04-05,3,2,0,208,222.66,46313.28,0.84,Oui
ORD01641,F007,DenimCo,Turquie,Textile,P007,Jeans,2025-02-21,2025-03-09,14,16,2,1679,10.37,17411.23,0.77,Non
ORD01642,F002,RizImport SAS,Italie,Alimentaire,P002,Riz 1kg,2025-04-18,2025-04-27,5,9,4,909,169.18,153784.62,0.83,Oui
ORD01643,F003,PâtesItalia,Italie,Alimentaire,P003,Pâtes 500g,2025-04-03,2025-04-08,4,5,1,70,406.69,28468.3,0.91,Oui
ORD01644,F001,LaLaiterie SA,France,Alimentaire,P001,Lait demi-écrémé,2025-03-02,2025-03-05,2,3,1,760,218.02,165695.2,0.9,Oui
ORD01645,F003,PâtesItalia,Italie,Alimentaire,P003,Pâtes 500g,2025-09-25,2025-10-03,4,8,4,571,417.0,238107.0,0.8,Oui
ORD01646,F001,LaLaiterie SA,France,Alimentaire,P001,Lait demi-écrémé,2025-09-23,2025-09-28,2,5,3,1608,68.98,110919.84,0.97,Oui
ORD01647,F004,BeautyPro,Allemagne,Droguerie,P004,Shampoing,2025-01-16,2025-01-23,6,7,1,333,99.28,33060.24,0.93,Non
ORD01648,F005,CleanHome,France,Droguerie,P005,Lessive,2025-05-21,2025-05-26,3,5,2,458,428.98,196472.84,0.84,Oui
ORD01649,F005,CleanHome,France,Droguerie,P005,Lessive,2025-08-28,2025-09-04,3,7,4,1706,223.36,381052.16,0.88,Oui
ORD01650,F004,BeautyPro,Allemagne,Droguerie,P004,Shampoing,2025-05-09,2025-05-15,6,6,0,455,309.33,140745.15,0.97,Oui
ORD01651,F007,DenimCo,Turquie,Textile,P007,Jeans,2025-02-22,2025-03-11,14,17,3,1674,345.02,577563.48,0.83,Oui
ORD01652,F008,TechDistrib,Chine,Électronique,P008,Smartphone,2025-08-10,2025-09-02,21,23,2,917,268.55,246260.35,0.82,Oui
ORD01653,F002,RizImport SAS,Italie,Alimentaire,P002,Riz 1kg,2025-11-07,2025-11-14,5,7,2,929,90.27,83860.83,0.84,Oui
ORD01654,F002,RizImport SAS,Italie,Alimentaire,P002,Riz 1kg,2025-08-19,2025-08-24,5,5,0,1871,15.68,29337.28,0.88,Oui
ORD01655,F005,CleanHome,France,Droguerie,P005,Lessive,2025-11-06,2025-11-13,3,7,4,1996,434.33,866922.68,0.84,Oui
ORD01656,F003,PâtesItalia,Italie,Alimentaire,P003,Pâtes 500g,2025-06-15,2025-06-21,4,6,2,1669,84.07,140312.83,0.81,Oui
ORD01657,F006,FashionBasic,Portugal,Textile,P006,T-shirt homme,2025-07-10,2025-07-20,10,10,0,1646,141.85,233485.1,0.75,Oui
ORD01658,F006,FashionBasic,Portugal,Textile,P006,T-shirt homme,2025-04-20,2025-05-02,10,12,2,1212,357.96,433847.52,0.97,Oui
ORD01659,F007,DenimCo,Turquie,Textile,P007,Jeans,2025-05-26,2025-06-12,14,17,3,484,237.5,114950.0,0.78,Oui
ORD01660,F010,AudioMax,Chine,Électronique,P010,Casque audio,2025-12-10,2025-12-27,18,17,0,1225,401.75,492143.75,0.86,Oui
ORD01661,F006,FashionBasic,Portugal,Textile,P006,T-shirt homme,2025-06-13,2025-06-23,10,10,0,453,22.82,10337.46,0.87,Oui
ORD01662,F005,CleanHome,France,Droguerie,P005,Lessive,2025-08-04,2025-08-06,3,2,0,304,204.03,62025.12,0.9,Oui
ORD01663,F004,BeautyPro,Allemagne,Droguerie,P004,Shampoing,2025-10-23,2025-10-28,6,5,0,633,8.52,5393.16,0.95,Oui
ORD01664,F001,LaLaiterie SA,France,Alimentaire,P001,Lait demi-écrémé,2025-08-25,2025-08-28,2,3,1,318,378.82,120464.76,0.85,Oui
ORD01665,F009,TVGlobal,Corée du Sud,Électronique,P009,TV 4K,2025-01-21,2025-02-16,25,26,1,1370,7.81,10699.7,0.87,Oui
ORD01666,F007,DenimCo,Turquie,Textile,P007,Jeans,2025-06-04,2025-06-19,14,15,1,699,339.28,237156.72,0.85,Oui
ORD01667,F006,FashionBasic,Portugal,Textile,P006,T-shirt homme,2025-09-10,2025-09-23,10,13,3,146,177.3,25885.8,0.92,Oui
ORD01668,F002,RizImport SAS,Italie,Alimentaire,P002,Riz 1kg,2025-07-11,2025-07-19,5,8,3,260,13.67,3554.2,0.76,Oui
ORD01669,F002,RizImport SAS,Italie,Alimentaire,P002,Riz 1kg,2025-06-15,2025-06-24,5,9,4,1533,196.34,300989.22,0.79,Oui
ORD01670,F006,FashionBasic,Portugal,Textile,P006,T-shirt homme,2025-10-03,2025-10-12,10,9,0,1963,309.86,608255.18,0.76,Oui
ORD01671,F001,LaLaiterie SA,France,Alimentaire,P001,Lait demi-écrémé,2025-02-26,2025-02-27,2,1,0,1989,137.28,273049.92,0.82,Oui
ORD01672,F007,DenimCo,Turquie,Textile,P007,Jeans,2025-05-19,2025-06-06,14,18,4,398,416.22,165655.56,0.9,Oui
ORD01673,F006,FashionBasic,Portugal,Textile,P006,T-shirt homme,2025-03-17,2025-03-30,10,13,3,1868,382.64,714771.52,0.97,Oui
ORD01674,F002,RizImport SAS,Italie,Alimentaire,P002,Riz 1kg,2025-09-25,2025-10-03,5,8,3,542,260.26,141060.92,0.92,Non
ORD01675,F006,FashionBasic,Portugal,Textile,P006,T-shirt homme,2025-09-05,2025-09-15,10,10,0,238,119.08,28341.04,0.82,Oui
ORD01676,F009,TVGlobal,Corée du Sud,Électronique,P009,TV 4K,2025-05-05,2025-06-03,25,29,4,1375,331.0,455125.0,0.8,Oui
ORD01677,F008,TechDistrib,Chine,Électronique,P008,Smartphone,2025-01-31,2025-02-21,21,21,0,76,301.89,22943.64,0.87,Oui
ORD01678,F008,TechDistrib,Chine,Électronique,P008,Smartphone,2025-02-23,2025-03-17,21,22,1,477,366.39,174768.03,0.94,Oui
ORD01679,F006,FashionBasic,Portugal,Textile,P006,T-shirt homme,2025-06-09,2025-06-23,10,14,4,979,295.05,288853.95,0.96,Oui
ORD01680,F003,PâtesItalia,Italie,Alimentaire,P003,Pâtes 500g,2025-04-23,2025-04-28,4,5,1,839,438.79,368144.81,0.97,Oui
ORD01681,F007,DenimCo,Turquie,Textile,P007,Jeans,2025-04-07,2025-04-20,14,13,0,619,190.68,118030.92,0.92,Non
ORD01682,F010,AudioMax,Chine,Électronique,P010,Casque audio,2025-11-28,2025-12-15,18,17,0,351,207.7,72902.7,0.78,Oui
ORD01683,F001,LaLaiterie SA,France,Alimentaire,P001,Lait demi-écrémé,2025-08-24,2025-08-26,2,2,0,596,13.35,7956.6,0.92,Oui
ORD01684,F005,CleanHome,France,Droguerie,P005,Lessive,2025-03-02,2025-03-08,3,6,3,222,159.81,35477.82,0.8,Oui
ORD01685,F007,DenimCo,Turquie,Textile,P007,Jeans,2025-09-18,2025-10-03,14,15,1,158,198.88,31423.04,0.84,Oui
ORD01686,F007,DenimCo,Turquie,Textile,P007,Jeans,2025-08-05,2025-08-19,14,14,0,652,85.66,55850.32,0.79,Oui
ORD01687,F010,AudioMax,Chine,Électronique,P010,Casque audio,2025-09-10,2025-10-01,18,21,3,937,49.58,46456.46,0.76,Oui
ORD01688,F002,RizImport SAS,Italie,Alimentaire,P002,Riz 1kg,2025-04-23,2025-04-27,5,4,0,158,402.83,63647.14,0.89,Oui
ORD01689,F009,TVGlobal,Corée du Sud,Électronique,P009,TV 4K,2025-02-21,2025-03-19,25,26,1,513,397.23,203778.99,0.92,Oui
ORD01690,F007,DenimCo,Turquie,Textile,P007,Jeans,2025-02-21,2025-03-07,14,14,0,1553,370.92,576038.76,0.92,Oui
ORD01691,F003,PâtesItalia,Italie,Alimentaire,P003,Pâtes 500g,2025-04-15,2025-04-20,4,5,1,1354,129.95,175952.3,0.9,Oui
ORD01692,F002,RizImport SAS,Italie,Alimentaire,P002,Riz 1kg,2025-04-05,2025-04-13,5,8,3,1909,315.36,602022.24,0.87,Oui
ORD01693,F004,BeautyPro,Allemagne,Droguerie,P004,Shampoing,2025-03-29,2025-04-05,6,7,1,1445,31.72,45835.4,0.8,Oui
ORD01694,F003,PâtesItalia,Italie,Alimentaire,P003,Pâtes 500g,2025-01-07,2025-01-15,4,8,4,1021,192.85,196899.85,0.76,Non
ORD01695,F002,RizImport SAS,Italie,Alimentaire,P002,Riz 1kg,2025-03-29,2025-04-07,5,9,4,1607,383.96,617023.72,0.9,Non
ORD01696,F010,AudioMax,Chine,Électronique,P010,Casque audio,2025-01-01,2025-01-21,18,20,2,1838,111.76,205414.88,0.78,Oui
ORD01697,F010,AudioMax,Chine,Électronique,P010,Casque audio,2025-12-15,2026-01-03,18,19,1,1760,103.12,181491.2,0.88,Oui
ORD01698,F002,RizImport SAS,Italie,Alimentaire,P002,Riz 1kg,2025-02-21,2025-02-27,5,6,1,1696,331.42,562088.32,0.86,Oui
ORD01699,F009,TVGlobal,Corée du Sud,Électronique,P009,TV 4K,2025-05-12,2025-06-10,25,29,4,1046,114.46,119725.16,0.86,Oui
ORD01700,F005,CleanHome,France,Droguerie,P005,Lessive,2025-12-30,2026-01-03,3,4,1,1875,233.27,437381.25,0.92,Oui
ORD01701,F010,AudioMax,Chine,Électronique,P010,Casque audio,2025-09-05,2025-09-22,18,17,0,602,308.76,185873.52,0.93,Oui
ORD01702,F007,DenimCo,Turquie,Textile,P007,Jeans,2025-04-23,2025-05-11,14,18,4,340,161.06,54760.4,0.76,Oui
ORD01703,F007,DenimCo,Turquie,Textile,P007,Jeans,2025-07-04,2025-07-18,14,14,0,1574,40.63,63951.62,0.98,Oui
ORD01704,F002,RizImport SAS,Italie,Alimentaire,P002,Riz 1kg,2025-05-21,2025-05-30,5,9,4,1440,245.44,353433.6,0.98,Non
ORD01705,F009,TVGlobal,Corée du Sud,Électronique,P009,TV 4K,2025-03-31,2025-04-26,25,26,1,1914,305.74,585186.36,0.97,Oui
ORD01706,F007,DenimCo,Turquie,Textile,P007,Jeans,2025-05-22,2025-06-06,14,15,1,440,18.97,8346.8,0.88,Oui
ORD01707,F010,AudioMax,Chine,Électronique,P010,Casque audio,2025-03-04,2025-03-24,18,20,2,1678,205.03,344040.34,0.99,Oui
ORD01708,F005,CleanHome,France,Droguerie,P005,Lessive,2025-02-26,2025-02-28,3,2,0,1071,417.29,446917.59,0.79,Oui
ORD01709,F009,TVGlobal,Corée du Sud,Électronique,P009,TV 4K,2025-05-29,2025-06-26,25,28,3,1193,299.11,356838.23,0.83,Oui
ORD01710,F005,CleanHome,France,Droguerie,P005,Lessive,2025-01-08,2025-01-13,3,5,2,133,98.19,13059.27,0.96,Oui
ORD01711,F008,TechDistrib,Chine,Électronique,P008,Smartphone,2025-06-06,2025-06-26,21,20,0,931,158.84,147880.04,0.96,Oui
ORD01712,F003,PâtesItalia,Italie,Alimentaire,P003,Pâtes 500g,2025-06-29,2025-07-04,4,5,1,1658,386.63,641032.54,0.92,Oui
ORD01713,F003,PâtesItalia,Italie,Alimentaire,P003,Pâtes 500g,2025-02-14,2025-02-22,4,8,4,604,64.62,39030.48,0.93,Oui
ORD01714,F002,RizImport SAS,Italie,Alimentaire,P002,Riz 1kg,2025-05-29,2025-06-03,5,5,0,115,213.19,24516.85,0.84,Oui
ORD01715,F007,DenimCo,Turquie,Textile,P007,Jeans,2025-08-05,2025-08-21,14,16,2,1901,44.61,84803.61,0.82,Oui
ORD01716,F005,CleanHome,France,Droguerie,P005,Lessive,2025-03-30,2025-04-05,3,6,3,942,305.68,287950.56,0.83,Oui
ORD01717,F004,BeautyPro,Allemagne,Droguerie,P004,Shampoing,2025-05-09,2025-05-15,6,6,0,902,249.65,225184.3,0.83,Oui
ORD01718,F010,AudioMax,Chine,Électronique,P010,Casque audio,2025-11-18,2025-12-08,18,20,2,1167,82.93,96779.31,0.95,Oui
ORD01719,F002,RizImport SAS,Italie,Alimentaire,P002,Riz 1kg,2025-03-12,2025-03-20,5,8,3,955,312.51,298447.05,0.88,Oui
ORD01720,F006,FashionBasic,Portugal,Textile,P006,T-shirt homme,2025-08-28,2025-09-08,10,11,1,925,210.22,194453.5,0.99,Oui
ORD01721,F009,TVGlobal,Corée du Sud,Électronique,P009,TV 4K,2025-01-14,2025-02-10,25,27,2,231,340.26,78600.06,0.9,Oui
ORD01722,F004,BeautyPro,Allemagne,Droguerie,P004,Shampoing,2025-10-25,2025-11-03,6,9,3,814,57.71,46975.94,0.89,Oui
ORD01723,F005,CleanHome,France,Droguerie,P005,Lessive,2025-01-28,2025-02-02,3,5,2,307,181.62,55757.34,0.75,Oui
ORD01724,F009,TVGlobal,Corée du Sud,Électronique,P009,TV 4K,2025-08-24,2025-09-17,25,24,0,223,25.08,5592.84,0.96,Oui
ORD01725,F006,FashionBasic,Portugal,Textile,P006,T-shirt homme,2025-11-01,2025-11-10,10,9,0,1733,131.11,227213.63,0.87,Oui
ORD01726,F001,LaLaiterie SA,France,Alimentaire,P001,Lait demi-écrémé,2025-03-04,2025-03-10,2,6,4,1247,303.65,378651.55,0.93,Oui
ORD01727,F004,BeautyPro,Allemagne,Droguerie,P004,Shampoing,2025-09-22,2025-09-28,6,6,0,1201,333.32,400317.32,0.87,Oui
ORD01728,F003,PâtesItalia,Italie,Alimentaire,P003,Pâtes 500g,2025-06-04,2025-06-12,4,8,4,686,323.75,222092.5,0.98,Oui
ORD01729,F010,AudioMax,Chine,Électronique,P010,Casque audio,2025-12-19,2026-01-06,18,18,0,284,30.68,8713.12,0.79,Oui
ORD01730,F009,TVGlobal,Corée du Sud,Électronique,P009,TV 4K,2025-02-19,2025-03-16,25,25,0,468,47.07,22028.76,0.76,Oui
ORD01731,F007,DenimCo,Turquie,Textile,P007,Jeans,2025-01-29,2025-02-11,14,13,0,664,182.35,121080.4,1.0,Oui
ORD01732,F009,TVGlobal,Corée du Sud,Électronique,P009,TV 4K,2025-05-14,2025-06-11,25,28,3,1445,197.89,285951.05,0.91,Oui
ORD01733,F003,PâtesItalia,Italie,Alimentaire,P003,Pâtes 500g,2025-11-22,2025-11-25,4,3,0,428,64.19,27473.32,0.94,Oui
ORD01734,F009,TVGlobal,Corée du Sud,Électronique,P009,TV 4K,2025-12-25,2026-01-22,25,28,3,460,214.53,98683.8,0.82,Oui
ORD01735,F010,AudioMax,Chine,Électronique,P010,Casque audio,2025-09-10,2025-09-29,18,19,1,1417,124.19,175977.23,0.85,Oui
ORD01736,F008,TechDistrib,Chine,Électronique,P008,Smartphone,2025-08-02,2025-08-25,21,23,2,353,13.07,4613.71,0.86,Oui
ORD01737,F001,LaLaiterie SA,France,Alimentaire,P001,Lait demi-écrémé,2025-10-25,2025-10-28,2,3,1,119,290.48,34567.12,0.97,Oui
ORD01738,F001,LaLaiterie SA,France,Alimentaire,P001,Lait demi-écrémé,2025-07-01,2025-07-03,2,2,0,1008,397.15,400327.2,0.86,Oui
ORD01739,F003,PâtesItalia,Italie,Alimentaire,P003,Pâtes 500g,2025-07-03,2025-07-10,4,7,3,1802,387.53,698329.06,0.8,Oui
ORD01740,F009,TVGlobal,Corée du Sud,Électronique,P009,TV 4K,2025-07-19,2025-08-16,25,28,3,178,78.94,14051.32,0.79,Oui
ORD01741,F010,AudioMax,Chine,Électronique,P010,Casque audio,2025-06-23,2025-07-13,18,20,2,1514,386.47,585115.58,0.79,Oui
ORD01742,F005,CleanHome,France,Droguerie,P005,Lessive,2025-07-21,2025-07-23,3,2,0,1926,377.78,727604.28,0.87,Non
ORD01743,F010,AudioMax,Chine,Électronique,P010,Casque audio,2025-12-04,2025-12-22,18,18,0,1229,318.97,392014.13,0.88,Oui
ORD01744,F005,CleanHome,France,Droguerie,P005,Lessive,2025-03-08,2025-03-15,3,7,4,713,265.19,189080.47,0.9,Oui
ORD01745,F007,DenimCo,Turquie,Textile,P007,Jeans,2025-02-04,2025-02-17,14,13,0,110,383.49,42183.9,0.79,Oui
ORD01746,F002,RizImport SAS,Italie,Alimentaire,P002,Riz 1kg,2025-09-13,2025-09-22,5,9,4,1025,145.98,149629.5,0.81,Oui
ORD01747,F004,BeautyPro,Allemagne,Droguerie,P004,Shampoing,2025-02-23,2025-03-01,6,6,0,1541,401.67,618973.47,0.94,Oui
ORD01748,F002,RizImport SAS,Italie,Alimentaire,P002,Riz 1kg,2025-02-01,2025-02-09,5,8,3,562,51.96,29201.52,0.96,Oui
ORD01749,F006,FashionBasic,Portugal,Textile,P006,T-shirt homme,2025-11-07,2025-11-21,10,14,4,1771,13.74,24333.54,0.79,Oui
ORD01750,F008,TechDistrib,Chine,Électronique,P008,Smartphone,2025-07-13,2025-08-03,21,21,0,1355,258.41,350145.55,0.8,Oui
ORD01751,F008,TechDistrib,Chine,Électronique,P008,Smartphone,2025-12-14,2026-01-05,21,22,1,511,90.94,46470.34,0.79,Oui
ORD01752,F004,BeautyPro,Allemagne,Droguerie,P004,Shampoing,2025-02-14,2025-02-23,6,9,3,99,283.29,28045.71,0.92,Oui
ORD01753,F003,PâtesItalia,Italie,Alimentaire,P003,Pâtes 500g,2025-01-03,2025-01-08,4,5,1,1635,183.91,300692.85,0.89,Oui
ORD01754,F003,PâtesItalia,Italie,Alimentaire,P003,Pâtes 500g,2025-12-16,2025-12-24,4,8,4,1915,327.86,627851.9,0.88,Oui
ORD01755,F004,BeautyPro,Allemagne,Droguerie,P004,Shampoing,2025-10-20,2025-10-28,6,8,2,1075,158.77,170677.75,0.9,Oui
ORD01756,F003,PâtesItalia,Italie,Alimentaire,P003,Pâtes 500g,2025-02-04,2025-02-10,4,6,2,925,281.65,260526.25,0.97,Oui
ORD01757,F003,PâtesItalia,Italie,Alimentaire,P003,Pâtes 500g,2025-09-22,2025-09-27,4,5,1,256,53.51,13698.56,0.81,Oui
ORD01758,F006,FashionBasic,Portugal,Textile,P006,T-shirt homme,2025-01-12,2025-01-22,10,10,0,1732,423.31,733172.92,0.98,Oui
ORD01759,F006,FashionBasic,Portugal,Textile,P006,T-shirt homme,2025-02-04,2025-02-14,10,10,0,639,34.11,21796.29,0.89,Oui
ORD01760,F010,AudioMax,Chine,Électronique,P010,Casque audio,2025-09-14,2025-10-03,18,19,1,867,278.58,241528.86,0.89,Oui
ORD01761,F010,AudioMax,Chine,Électronique,P010,Casque audio,2025-08-30,2025-09-18,18,19,1,1387,13.98,19390.26,0.83,Oui
ORD01762,F006,FashionBasic,Portugal,Textile,P006,T-shirt homme,2025-01-31,2025-02-10,10,10,0,468,246.42,115324.56,0.93,Non
ORD01763,F001,LaLaiterie SA,France,Alimentaire,P001,Lait demi-écrémé,2025-05-01,2025-05-05,2,4,2,199,362.65,72167.35,0.89,Oui
ORD01764,F001,LaLaiterie SA,France,Alimentaire,P001,Lait demi-écrémé,2025-06-27,2025-06-28,2,1,0,1995,187.6,374262.0,0.93,Non
ORD01765,F009,TVGlobal,Corée du Sud,Électronique,P009,TV 4K,2025-09-03,2025-09-28,25,25,0,604,325.64,196686.56,0.78,Oui
ORD01766,F004,BeautyPro,Allemagne,Droguerie,P004,Shampoing,2025-11-29,2025-12-06,6,7,1,933,215.18,200762.94,0.95,Oui
ORD01767,F004,BeautyPro,Allemagne,Droguerie,P004,Shampoing,2025-01-11,2025-01-16,6,5,0,103,348.24,35868.72,0.95,Oui
ORD01768,F007,DenimCo,Turquie,Textile,P007,Jeans,2025-12-16,2026-01-03,14,18,4,1561,8.63,13471.43,0.87,Oui
ORD01769,F007,DenimCo,Turquie,Textile,P007,Jeans,2025-12-23,2026-01-06,14,14,0,930,315.75,293647.5,0.89,Oui
ORD01770,F002,RizImport SAS,Italie,Alimentaire,P002,Riz 1kg,2025-11-12,2025-11-18,5,6,1,770,87.54,67405.8,0.86,Oui
ORD01771,F004,BeautyPro,Allemagne,Droguerie,P004,Shampoing,2025-02-17,2025-02-26,6,9,3,70,102.59,7181.3,0.94,Oui
ORD01772,F009,TVGlobal,Corée du Sud,Électronique,P009,TV 4K,2025-10-18,2025-11-11,25,24,0,1692,7.2,12182.4,0.93,Oui
ORD01773,F002,RizImport SAS,Italie,Alimentaire,P002,Riz 1kg,2025-01-30,2025-02-04,5,5,0,948,81.68,77432.64,0.76,Oui
ORD01774,F004,BeautyPro,Allemagne,Droguerie,P004,Shampoing,2025-05-30,2025-06-05,6,6,0,1291,179.32,231502.12,0.91,Oui
ORD01775,F002,RizImport SAS,Italie,Alimentaire,P002,Riz 1kg,2025-05-09,2025-05-17,5,8,3,471,222.97,105018.87,0.93,Oui
ORD01776,F004,BeautyPro,Allemagne,Droguerie,P004,Shampoing,2025-08-16,2025-08-26,6,10,4,669,423.67,283435.23,0.95,Oui
ORD01777,F004,BeautyPro,Allemagne,Droguerie,P004,Shampoing,2025-09-27,2025-10-04,6,7,1,703,314.15,220847.45,0.88,Oui
ORD01778,F007,DenimCo,Turquie,Textile,P007,Jeans,2025-12-28,2026-01-14,14,17,3,1045,126.26,131941.7,0.8,Oui
ORD01779,F009,TVGlobal,Corée du Sud,Électronique,P009,TV 4K,2025-04-29,2025-05-25,25,26,1,1569,249.06,390775.14,0.78,Oui
ORD01780,F003,PâtesItalia,Italie,Alimentaire,P003,Pâtes 500g,2025-01-19,2025-01-23,4,4,0,1480,198.4,293632.0,0.94,Non
ORD01781,F001,LaLaiterie SA,France,Alimentaire,P001,Lait demi-écrémé,2025-09-13,2025-09-14,2,1,0,603,125.45,75646.35,0.85,Oui
ORD01782,F002,RizImport SAS,Italie,Alimentaire,P002,Riz 1kg,2025-01-31,2025-02-06,5,6,1,1800,274.58,494244.0,0.87,Oui
ORD01783,F007,DenimCo,Turquie,Textile,P007,Jeans,2025-08-16,2025-08-29,14,13,0,509,92.98,47326.82,0.8,Oui
ORD01784,F001,LaLaiterie SA,France,Alimentaire,P001,Lait demi-écrémé,2025-12-05,2025-12-08,2,3,1,114,243.93,27808.02,0.84,Oui
ORD01785,F010,AudioMax,Chine,Électronique,P010,Casque audio,2025-06-22,2025-07-11,18,19,1,1709,339.12,579556.08,0.8,Oui
ORD01786,F010,AudioMax,Chine,Électronique,P010,Casque audio,2025-08-11,2025-08-31,18,20,2,1652,328.29,542335.08,0.93,Oui
ORD01787,F002,RizImport SAS,Italie,Alimentaire,P002,Riz 1kg,2025-10-11,2025-10-18,5,7,2,2000,324.72,649440.0,0.92,Oui
ORD01788,F009,TVGlobal,Corée du Sud,Électronique,P009,TV 4K,2025-08-26,2025-09-22,25,27,2,1222,323.79,395671.38,0.94,Oui
ORD01789,F007,DenimCo,Turquie,Textile,P007,Jeans,2025-08-28,2025-09-15,14,18,4,1943,107.58,209027.94,0.98,Oui
ORD01790,F005,CleanHome,France,Droguerie,P005,Lessive,2025-02-13,2025-02-16,3,3,0,1629,244.49,398274.21,0.83,Oui
ORD01791,F010,AudioMax,Chine,Électronique,P010,Casque audio,2025-05-21,2025-06-09,18,19,1,600,296.82,178092.0,0.95,Oui
ORD01792,F010,AudioMax,Chine,Électronique,P010,Casque audio,2025-01-07,2025-01-24,18,17,0,678,256.01,173574.78,0.83,Oui
ORD01793,F003,PâtesItalia,Italie,Alimentaire,P003,Pâtes 500g,2025-08-16,2025-08-22,4,6,2,85,198.24,16850.4,0.87,Non
ORD01794,F008,TechDistrib,Chine,Électronique,P008,Smartphone,2025-11-23,2025-12-17,21,24,3,496,184.17,91348.32,0.89,Oui
ORD01795,F010,AudioMax,Chine,Électronique,P010,Casque audio,2025-10-10,2025-10-29,18,19,1,181,198.48,35924.88,0.81,Oui
ORD01796,F005,CleanHome,France,Droguerie,P005,Lessive,2025-09-11,2025-09-14,3,3,0,515,283.84,146177.6,0.79,Oui
ORD01797,F001,LaLaiterie SA,France,Alimentaire,P001,Lait demi-écrémé,2025-04-30,2025-05-01,2,1,0,1390,17.81,24755.9,0.92,Oui
ORD01798,F010,AudioMax,Chine,Électronique,P010,Casque audio,2025-06-12,2025-06-29,18,17,0,1183,322.95,382049.85,0.77,Oui
ORD01799,F005,CleanHome,France,Droguerie,P005,Lessive,2025-05-12,2025-05-14,3,2,0,1439,380.3,547251.7,0.96,Oui
ORD01800,F001,LaLaiterie SA,France,Alimentaire,P001,Lait demi-écrémé,2025-11-04,2025-11-06,2,2,0,766,49.57,37970.62,0.88,Oui
ORD01801,F002,RizImport SAS,Italie,Alimentaire,P002,Riz 1kg,2025-05-02,2025-05-07,5,5,0,717,256.88,184182.96,0.96,Oui
ORD01802,F002,RizImport SAS,Italie,Alimentaire,P002,Riz 1kg,2025-11-25,2025-12-02,5,7,2,1843,127.75,235443.25,0.76,Oui
ORD01803,F006,FashionBasic,Portugal,Textile,P006,T-shirt homme,2025-06-21,2025-07-03,10,12,2,1887,293.56,553947.72,0.87,Non
ORD01804,F010,AudioMax,Chine,Électronique,P010,Casque audio,2025-01-16,2025-02-03,18,18,0,804,20.55,16522.2,0.98,Oui
ORD01805,F001,LaLaiterie SA,France,Alimentaire,P001,Lait demi-écrémé,2025-02-24,2025-03-01,2,5,3,483,363.71,175671.93,0.88,Oui
ORD01806,F009,TVGlobal,Corée du Sud,Électronique,P009,TV 4K,2025-10-25,2025-11-23,25,29,4,754,423.0,318942.0,0.84,Oui
ORD01807,F003,PâtesItalia,Italie,Alimentaire,P003,Pâtes 500g,2025-07-15,2025-07-23,4,8,4,210,429.85,90268.5,0.99,Non
ORD01808,F010,AudioMax,Chine,Électronique,P010,Casque audio,2025-09-15,2025-10-06,18,21,3,1340,246.93,330886.2,0.85,Oui
ORD01809,F009,TVGlobal,Corée du Sud,Électronique,P009,TV 4K,2025-01-27,2025-02-24,25,28,3,1017,296.81,301855.77,0.88,Oui
ORD01810,F004,BeautyPro,Allemagne,Droguerie,P004,Shampoing,2025-10-22,2025-10-29,6,7,1,1915,110.19,211013.85,0.81,Oui
ORD01811,F006,FashionBasic,Portugal,Textile,P006,T-shirt homme,2025-04-29,2025-05-11,10,12,2,694,336.81,233746.14,0.78,Oui
ORD01812,F007,DenimCo,Turquie,Textile,P007,Jeans,2025-07-05,2025-07-18,14,13,0,770,252.43,194371.1,0.77,Oui
ORD01813,F008,TechDistrib,Chine,Électronique,P008,Smartphone,2025-11-06,2025-11-27,21,21,0,969,353.94,342967.86,0.81,Oui
ORD01814,F003,PâtesItalia,Italie,Alimentaire,P003,Pâtes 500g,2025-10-03,2025-10-07,4,4,0,1640,409.21,671104.4,0.92,Oui
ORD01815,F010,AudioMax,Chine,Électronique,P010,Casque audio,2025-05-14,2025-06-02,18,19,1,749,141.57,106035.93,0.77,Oui
ORD01816,F003,PâtesItalia,Italie,Alimentaire,P003,Pâtes 500g,2025-10-22,2025-10-28,4,6,2,1345,396.71,533574.95,0.8,Oui
ORD01817,F008,TechDistrib,Chine,Électronique,P008,Smartphone,2025-01-08,2025-01-29,21,21,0,297,188.67,56034.99,0.94,Oui
ORD01818,F008,TechDistrib,Chine,Électronique,P008,Smartphone,2025-02-21,2025-03-14,21,21,0,1830,15.82,28950.6,0.86,Oui
ORD01819,F002,RizImport SAS,Italie,Alimentaire,P002,Riz 1kg,2025-03-09,2025-03-17,5,8,3,1825,238.42,435116.5,0.85,Oui
ORD01820,F003,PâtesItalia,Italie,Alimentaire,P003,Pâtes 500g,2025-07-25,2025-08-02,4,8,4,1190,109.02,129733.8,0.82,Oui
ORD01821,F006,FashionBasic,Portugal,Textile,P006,T-shirt homme,2025-10-30,2025-11-12,10,13,3,1312,48.94,64209.28,0.93,Oui
ORD01822,F006,FashionBasic,Portugal,Textile,P006,T-shirt homme,2025-08-18,2025-08-30,10,12,2,1341,202.66,271767.06,0.96,Oui
ORD01823,F008,TechDistrib,Chine,Électronique,P008,Smartphone,2025-12-25,2026-01-15,21,21,0,1552,82.96,128753.92,0.94,Oui
ORD01824,F009,TVGlobal,Corée du Sud,Électronique,P009,TV 4K,2025-02-12,2025-03-09,25,25,0,1884,4.0,7536.0,0.9,Oui
ORD01825,F008,TechDistrib,Chine,Électronique,P008,Smartphone,2025-07-14,2025-08-05,21,22,1,948,79.94,75783.12,0.93,Oui
ORD01826,F002,RizImport SAS,Italie,Alimentaire,P002,Riz 1kg,2025-04-29,2025-05-05,5,6,1,1060,153.83,163059.8,0.89,Oui
ORD01827,F010,AudioMax,Chine,Électronique,P010,Casque audio,2025-09-18,2025-10-08,18,20,2,634,145.6,92310.4,0.83,Oui
ORD01828,F003,PâtesItalia,Italie,Alimentaire,P003,Pâtes 500g,2025-01-22,2025-01-30,4,8,4,1857,445.15,826643.55,0.8,Oui
ORD01829,F010,AudioMax,Chine,Électronique,P010,Casque audio,2025-11-12,2025-12-01,18,19,1,253,156.63,39627.39,0.79,Oui
ORD01830,F008,TechDistrib,Chine,Électronique,P008,Smartphone,2025-08-13,2025-09-03,21,21,0,1863,76.61,142724.43,0.98,Oui
ORD01831,F010,AudioMax,Chine,Électronique,P010,Casque audio,2025-02-24,2025-03-14,18,18,0,1414,125.74,177796.36,0.77,Oui
ORD01832,F009,TVGlobal,Corée du Sud,Électronique,P009,TV 4K,2025-03-28,2025-04-21,25,24,0,1275,406.19,517892.25,0.99,Oui
ORD01833,F004,BeautyPro,Allemagne,Droguerie,P004,Shampoing,2025-01-04,2025-01-12,6,8,2,1754,370.17,649278.18,0.84,Oui
ORD01834,F010,AudioMax,Chine,Électronique,P010,Casque audio,2025-08-07,2025-08-29,18,22,4,961,234.64,225489.04,0.96,Oui
ORD01835,F002,RizImport SAS,Italie,Alimentaire,P002,Riz 1kg,2025-12-28,2026-01-01,5,4,0,960,400.05,384048.0,0.87,Oui
ORD01836,F003,PâtesItalia,Italie,Alimentaire,P003,Pâtes 500g,2025-05-23,2025-05-31,4,8,4,1419,52.85,74994.15,0.84,Oui
ORD01837,F004,BeautyPro,Allemagne,Droguerie,P004,Shampoing,2025-02-08,2025-02-15,6,7,1,370,228.42,84515.4,0.82,Oui
ORD01838,F009,TVGlobal,Corée du Sud,Électronique,P009,TV 4K,2025-12-11,2026-01-04,25,24,0,1497,309.73,463665.81,0.97,Oui
ORD01839,F002,RizImport SAS,Italie,Alimentaire,P002,Riz 1kg,2025-12-28,2026-01-05,5,8,3,700,86.08,60256.0,0.89,Oui
ORD01840,F001,LaLaiterie SA,France,Alimentaire,P001,Lait demi-écrémé,2025-11-21,2025-11-27,2,6,4,66,111.04,7328.64,0.9,Oui
ORD01841,F004,BeautyPro,Allemagne,Droguerie,P004,Shampoing,2025-12-11,2025-12-17,6,6,0,593,211.82,125609.26,0.87,Oui
ORD01842,F008,TechDistrib,Chine,Électronique,P008,Smartphone,2025-05-25,2025-06-15,21,21,0,456,285.83,130338.48,0.77,Oui
ORD01843,F004,BeautyPro,Allemagne,Droguerie,P004,Shampoing,2025-01-02,2025-01-10,6,8,2,187,221.07,41340.09,0.9,Oui
ORD01844,F001,LaLaiterie SA,France,Alimentaire,P001,Lait demi-écrémé,2025-08-03,2025-08-09,2,6,4,588,276.21,162411.48,0.91,Oui
ORD01845,F006,FashionBasic,Portugal,Textile,P006,T-shirt homme,2025-09-05,2025-09-18,10,13,3,1395,429.47,599110.65,0.97,Oui
ORD01846,F005,CleanHome,France,Droguerie,P005,Lessive,2025-12-09,2025-12-14,3,5,2,1053,358.64,377647.92,0.85,Oui
ORD01847,F008,TechDistrib,Chine,Électronique,P008,Smartphone,2025-06-01,2025-06-21,21,20,0,498,51.01,25402.98,0.97,Oui
ORD01848,F005,CleanHome,France,Droguerie,P005,Lessive,2025-08-03,2025-08-08,3,5,2,716,111.7,79977.2,0.86,Oui
ORD01849,F006,FashionBasic,Portugal,Textile,P006,T-shirt homme,2025-12-05,2025-12-14,10,9,0,761,313.79,238794.19,0.93,Oui
ORD01850,F008,TechDistrib,Chine,Électronique,P008,Smartphone,2025-09-08,2025-10-02,21,24,3,893,309.41,276303.13,0.76,Oui
ORD01851,F004,BeautyPro,Allemagne,Droguerie,P004,Shampoing,2025-07-29,2025-08-03,6,5,0,1201,347.42,417251.42,0.82,Oui
ORD01852,F007,DenimCo,Turquie,Textile,P007,Jeans,2025-08-15,2025-08-31,14,16,2,866,117.68,101910.88,0.76,Oui
ORD01853,F004,BeautyPro,Allemagne,Droguerie,P004,Shampoing,2025-06-23,2025-07-03,6,10,4,1726,21.01,36263.26,0.86,Oui
ORD01854,F003,PâtesItalia,Italie,Alimentaire,P003,Pâtes 500g,2025-10-02,2025-10-06,4,4,0,1646,281.57,463464.22,0.99,Oui
ORD01855,F006,FashionBasic,Portugal,Textile,P006,T-shirt homme,2025-03-08,2025-03-21,10,13,3,1155,9.45,10914.75,0.93,Oui
ORD01856,F002,RizImport SAS,Italie,Alimentaire,P002,Riz 1kg,2025-12-27,2026-01-02,5,6,1,1918,159.04,305038.72,0.94,Oui
ORD01857,F001,LaLaiterie SA,France,Alimentaire,P001,Lait demi-écrémé,2025-09-23,2025-09-25,2,2,0,791,241.19,190781.29,1.0,Oui
ORD01858,F007,DenimCo,Turquie,Textile,P007,Jeans,2025-04-28,2025-05-13,14,15,1,1691,73.05,123527.55,0.84,Oui
ORD01859,F009,TVGlobal,Corée du Sud,Électronique,P009,TV 4K,2025-05-08,2025-06-01,25,24,0,123,380.54,46806.42,0.94,Oui
ORD01860,F009,TVGlobal,Corée du Sud,Électronique,P009,TV 4K,2025-07-23,2025-08-19,25,27,2,136,71.05,9662.8,0.83,Oui
ORD01861,F004,BeautyPro,Allemagne,Droguerie,P004,Shampoing,2025-01-18,2025-01-25,6,7,1,1585,56.08,88886.8,0.95,Oui
ORD01862,F003,PâtesItalia,Italie,Alimentaire,P003,Pâtes 500g,2025-05-19,2025-05-22,4,3,0,206,33.71,6944.26,0.93,Oui
ORD01863,F007,DenimCo,Turquie,Textile,P007,Jeans,2025-01-11,2025-01-24,14,13,0,1570,373.7,586709.0,0.9,Oui
ORD01864,F010,AudioMax,Chine,Électronique,P010,Casque audio,2025-07-20,2025-08-07,18,18,0,1752,272.76,477875.52,0.83,Oui
ORD01865,F009,TVGlobal,Corée du Sud,Électronique,P009,TV 4K,2025-01-12,2025-02-07,25,26,1,611,206.78,126342.58,0.77,Non
ORD01866,F010,AudioMax,Chine,Électronique,P010,Casque audio,2025-08-30,2025-09-19,18,20,2,646,193.58,125052.68,0.81,Oui
ORD01867,F005,CleanHome,France,Droguerie,P005,Lessive,2025-09-05,2025-09-09,3,4,1,1908,316.44,603767.52,0.88,Oui
ORD01868,F008,TechDistrib,Chine,Électronique,P008,Smartphone,2025-07-21,2025-08-12,21,22,1,1612,246.19,396858.28,0.78,Oui
ORD01869,F001,LaLaiterie SA,France,Alimentaire,P001,Lait demi-écrémé,2025-07-23,2025-07-25,2,2,0,965,166.73,160894.45,0.89,Oui
ORD01870,F006,FashionBasic,Portugal,Textile,P006,T-shirt homme,2025-03-15,2025-03-29,10,14,4,221,43.38,9586.98,0.79,Oui
ORD01871,F008,TechDistrib,Chine,Électronique,P008,Smartphone,2025-10-31,2025-11-21,21,21,0,221,64.03,14150.63,0.9,Oui
ORD01872,F010,AudioMax,Chine,Électronique,P010,Casque audio,2025-04-30,2025-05-17,18,17,0,1621,222.29,360332.09,0.85,Oui
ORD01873,F003,PâtesItalia,Italie,Alimentaire,P003,Pâtes 500g,2025-01-19,2025-01-24,4,5,1,1461,254.61,371985.21,0.85,Oui
ORD01874,F004,BeautyPro,Allemagne,Droguerie,P004,Shampoing,2025-10-15,2025-10-23,6,8,2,1167,225.17,262773.39,0.99,Oui
ORD01875,F008,TechDistrib,Chine,Électronique,P008,Smartphone,2025-12-29,2026-01-21,21,23,2,1103,249.89,275628.67,0.93,Oui
ORD01876,F002,RizImport SAS,Italie,Alimentaire,P002,Riz 1kg,2025-08-06,2025-08-15,5,9,4,208,169.37,35228.96,0.94,Oui
ORD01877,F002,RizImport SAS,Italie,Alimentaire,P002,Riz 1kg,2025-03-27,2025-04-01,5,5,0,946,391.45,370311.7,0.78,Oui
ORD01878,F008,TechDistrib,Chine,Électronique,P008,Smartphone,2025-03-29,2025-04-23,21,25,4,1694,236.3,400292.2,0.78,Oui
ORD01879,F007,DenimCo,Turquie,Textile,P007,Jeans,2025-07-24,2025-08-06,14,13,0,657,53.35,35050.95,1.0,Oui
ORD01880,F005,CleanHome,France,Droguerie,P005,Lessive,2025-09-25,2025-09-29,3,4,1,1309,400.35,524058.15,0.89,Oui
ORD01881,F005,CleanHome,France,Droguerie,P005,Lessive,2025-09-25,2025-10-02,3,7,4,468,361.36,169116.48,0.99,Oui
ORD01882,F010,AudioMax,Chine,Électronique,P010,Casque audio,2025-05-09,2025-05-29,18,20,2,997,95.17,94884.49,0.83,Oui
ORD01883,F003,PâtesItalia,Italie,Alimentaire,P003,Pâtes 500g,2025-03-26,2025-04-02,4,7,3,1514,373.32,565206.48,0.75,Oui
ORD01884,F003,PâtesItalia,Italie,Alimentaire,P003,Pâtes 500g,2025-08-29,2025-09-01,4,3,0,61,140.67,8580.87,0.8,Oui
ORD01885,F009,TVGlobal,Corée du Sud,Électronique,P009,TV 4K,2025-08-23,2025-09-18,25,26,1,243,27.97,6796.71,0.87,Oui
ORD01886,F006,FashionBasic,Portugal,Textile,P006,T-shirt homme,2025-11-22,2025-12-05,10,13,3,1859,102.1,189803.9,0.91,Non
ORD01887,F005,CleanHome,France,Droguerie,P005,Lessive,2025-05-26,2025-05-31,3,5,2,1246,328.33,409099.18,0.84,Oui
ORD01888,F005,CleanHome,France,Droguerie,P005,Lessive,2025-10-15,2025-10-21,3,6,3,1363,296.89,404661.07,0.77,Oui
ORD01889,F004,BeautyPro,Allemagne,Droguerie,P004,Shampoing,2025-05-24,2025-05-30,6,6,0,588,253.87,149275.56,0.78,Oui
ORD01890,F007,DenimCo,Turquie,Textile,P007,Jeans,2025-06-19,2025-07-06,14,17,3,1631,384.1,626467.1,0.9,Non
ORD01891,F010,AudioMax,Chine,Électronique,P010,Casque audio,2025-12-09,2025-12-29,18,20,2,478,76.06,36356.68,0.95,Non
ORD01892,F002,RizImport SAS,Italie,Alimentaire,P002,Riz 1kg,2025-11-11,2025-11-16,5,5,0,343,74.59,25584.37,0.97,Oui
ORD01893,F001,LaLaiterie SA,France,Alimentaire,P001,Lait demi-écrémé,2025-03-12,2025-03-17,2,5,3,1703,198.14,337432.42,0.92,Oui
ORD01894,F009,TVGlobal,Corée du Sud,Électronique,P009,TV 4K,2025-03-02,2025-03-27,25,25,0,1197,177.26,212180.22,0.94,Oui
ORD01895,F006,FashionBasic,Portugal,Textile,P006,T-shirt homme,2025-06-09,2025-06-22,10,13,3,699,239.04,167088.96,0.97,Oui
ORD01896,F003,PâtesItalia,Italie,Alimentaire,P003,Pâtes 500g,2025-11-21,2025-11-26,4,5,1,1506,64.73,97483.38,0.86,Oui
ORD01897,F005,CleanHome,France,Droguerie,P005,Lessive,2025-12-17,2025-12-19,3,2,0,1192,404.94,482688.48,0.91,Oui
ORD01898,F006,FashionBasic,Portugal,Textile,P006,T-shirt homme,2025-08-27,2025-09-10,10,14,4,758,327.96,248593.68,0.8,Oui
ORD01899,F004,BeautyPro,Allemagne,Droguerie,P004,Shampoing,2025-07-15,2025-07-22,6,7,1,416,419.97,174707.52,1.0,Oui
ORD01900,F006,FashionBasic,Portugal,Textile,P006,T-shirt homme,2025-09-27,2025-10-07,10,10,0,61,263.99,16103.39,0.83,Oui
ORD01901,F005,CleanHome,France,Droguerie,P005,Lessive,2025-09-15,2025-09-17,3,2,0,1292,123.23,159213.16,0.91,Oui
ORD01902,F007,DenimCo,Turquie,Textile,P007,Jeans,2025-01-23,2025-02-10,14,18,4,1492,114.24,170446.08,0.91,Non
ORD01903,F001,LaLaiterie SA,France,Alimentaire,P001,Lait demi-écrémé,2025-08-30,2025-09-04,2,5,3,1344,204.79,275237.76,0.79,Oui
ORD01904,F009,TVGlobal,Corée du Sud,Électronique,P009,TV 4K,2025-02-23,2025-03-19,25,24,0,806,13.46,10848.76,0.97,Oui
ORD01905,F003,PâtesItalia,Italie,Alimentaire,P003,Pâtes 500g,2025-03-09,2025-03-12,4,3,0,909,375.41,341247.69,0.78,Oui
ORD01906,F001,LaLaiterie SA,France,Alimentaire,P001,Lait demi-écrémé,2025-06-10,2025-06-11,2,1,0,1806,245.07,442596.42,1.0,Oui
ORD01907,F010,AudioMax,Chine,Électronique,P010,Casque audio,2025-01-09,2025-01-28,18,19,1,1764,302.56,533715.84,0.97,Oui
ORD01908,F003,PâtesItalia,Italie,Alimentaire,P003,Pâtes 500g,2025-10-28,2025-11-05,4,8,4,1983,165.13,327452.79,0.75,Oui
ORD01909,F007,DenimCo,Turquie,Textile,P007,Jeans,2025-12-08,2025-12-26,14,18,4,175,29.7,5197.5,0.96,Oui
ORD01910,F005,CleanHome,France,Droguerie,P005,Lessive,2025-02-12,2025-02-15,3,3,0,958,20.51,19648.58,0.9,Oui
ORD01911,F007,DenimCo,Turquie,Textile,P007,Jeans,2025-03-30,2025-04-17,14,18,4,1579,379.03,598488.37,0.99,Oui
ORD01912,F009,TVGlobal,Corée du Sud,Électronique,P009,TV 4K,2025-06-29,2025-07-23,25,24,0,749,210.08,157349.92,0.96,Oui
ORD01913,F008,TechDistrib,Chine,Électronique,P008,Smartphone,2025-02-15,2025-03-07,21,20,0,1930,41.21,79535.3,0.93,Oui
ORD01914,F010,AudioMax,Chine,Électronique,P010,Casque audio,2025-11-17,2025-12-04,18,17,0,1620,76.62,124124.4,0.75,Oui
ORD01915,F008,TechDistrib,Chine,Électronique,P008,Smartphone,2025-02-11,2025-03-08,21,25,4,1981,111.41,220703.21,0.96,Oui
ORD01916,F004,BeautyPro,Allemagne,Droguerie,P004,Shampoing,2025-03-09,2025-03-16,6,7,1,159,171.0,27189.0,0.82,Oui
ORD01917,F010,AudioMax,Chine,Électronique,P010,Casque audio,2025-06-11,2025-07-01,18,20,2,512,375.96,192491.52,0.82,Oui
ORD01918,F005,CleanHome,France,Droguerie,P005,Lessive,2025-05-13,2025-05-20,3,7,4,950,119.41,113439.5,0.87,Oui
ORD01919,F006,FashionBasic,Portugal,Textile,P006,T-shirt homme,2025-11-25,2025-12-08,10,13,3,970,373.36,362159.2,0.92,Oui
ORD01920,F010,AudioMax,Chine,Électronique,P010,Casque audio,2025-07-17,2025-08-04,18,18,0,1151,256.14,294817.14,1.0,Oui
ORD01921,F005,CleanHome,France,Droguerie,P005,Lessive,2025-04-17,2025-04-21,3,4,1,1482,435.84,645914.88,0.89,Oui
ORD01922,F005,CleanHome,France,Droguerie,P005,Lessive,2025-02-16,2025-02-22,3,6,3,1633,95.22,155494.26,0.8,Oui
ORD01923,F002,RizImport SAS,Italie,Alimentaire,P002,Riz 1kg,2025-09-22,2025-10-01,5,9,4,1342,84.3,113130.6,0.78,Oui
ORD01924,F006,FashionBasic,Portugal,Textile,P006,T-shirt homme,2025-10-16,2025-10-28,10,12,2,1398,264.98,370442.04,0.76,Oui
ORD01925,F006,FashionBasic,Portugal,Textile,P006,T-shirt homme,2025-01-05,2025-01-15,10,10,0,913,214.24,195601.12,0.83,Oui
ORD01926,F003,PâtesItalia,Italie,Alimentaire,P003,Pâtes 500g,2025-07-03,2025-07-08,4,5,1,383,210.35,80564.05,0.8,Oui
ORD01927,F010,AudioMax,Chine,Électronique,P010,Casque audio,2025-08-22,2025-09-12,18,21,3,1229,312.68,384283.72,0.93,Oui
ORD01928,F004,BeautyPro,Allemagne,Droguerie,P004,Shampoing,2025-05-10,2025-05-20,6,10,4,814,270.62,220284.68,0.87,Oui
ORD01929,F001,LaLaiterie SA,France,Alimentaire,P001,Lait demi-écrémé,2025-04-30,2025-05-05,2,5,3,270,189.73,51227.1,0.94,Non
ORD01930,F007,DenimCo,Turquie,Textile,P007,Jeans,2025-10-31,2025-11-13,14,13,0,385,230.74,88834.9,0.98,Oui
ORD01931,F009,TVGlobal,Corée du Sud,Électronique,P009,TV 4K,2025-04-12,2025-05-10,25,28,3,1589,63.23,100472.47,0.92,Oui
ORD01932,F001,LaLaiterie SA,France,Alimentaire,P001,Lait demi-écrémé,2025-02-16,2025-02-19,2,3,1,1673,344.74,576750.02,0.95,Oui
ORD01933,F003,PâtesItalia,Italie,Alimentaire,P003,Pâtes 500g,2025-08-24,2025-08-27,4,3,0,1398,66.8,93386.4,0.97,Oui
ORD01934,F002,RizImport SAS,Italie,Alimentaire,P002,Riz 1kg,2025-04-05,2025-04-10,5,5,0,1806,91.89,165953.34,0.77,Oui
ORD01935,F009,TVGlobal,Corée du Sud,Électronique,P009,TV 4K,2025-07-11,2025-08-04,25,24,0,1027,72.12,74067.24,0.77,Oui
ORD01936,F007,DenimCo,Turquie,Textile,P007,Jeans,2025-12-24,2026-01-07,14,14,0,1919,212.8,408363.2,0.84,Oui
ORD01937,F004,BeautyPro,Allemagne,Droguerie,P004,Shampoing,2025-02-19,2025-02-27,6,8,2,313,143.6,44946.8,0.98,Oui
ORD01938,F006,FashionBasic,Portugal,Textile,P006,T-shirt homme,2025-05-25,2025-06-08,10,14,4,1545,392.77,606829.65,0.9,Oui
ORD01939,F006,FashionBasic,Portugal,Textile,P006,T-shirt homme,2025-09-08,2025-09-22,10,14,4,1566,436.62,683746.92,0.76,Oui
ORD01940,F003,PâtesItalia,Italie,Alimentaire,P003,Pâtes 500g,2025-05-01,2025-05-06,4,5,1,791,153.26,121228.66,0.96,Oui
ORD01941,F007,DenimCo,Turquie,Textile,P007,Jeans,2025-02-09,2025-02-27,14,18,4,521,62.57,32598.97,0.8,Oui
ORD01942,F007,DenimCo,Turquie,Textile,P007,Jeans,2025-02-17,2025-03-04,14,15,1,836,294.49,246193.64,0.86,Oui
ORD01943,F007,DenimCo,Turquie,Textile,P007,Jeans,2025-12-12,2025-12-28,14,16,2,121,117.83,14257.43,0.99,Oui
ORD01944,F007,DenimCo,Turquie,Textile,P007,Jeans,2025-12-16,2026-01-02,14,17,3,1758,48.34,84981.72,0.95,Oui
ORD01945,F002,RizImport SAS,Italie,Alimentaire,P002,Riz 1kg,2025-12-02,2025-12-09,5,7,2,1695,363.21,615640.95,0.79,Oui
ORD01946,F009,TVGlobal,Corée du Sud,Électronique,P009,TV 4K,2025-07-16,2025-08-14,25,29,4,981,5.71,5601.51,0.91,Oui
ORD01947,F007,DenimCo,Turquie,Textile,P007,Jeans,2025-01-28,2025-02-12,14,15,1,920,116.76,107419.2,0.91,Oui
ORD01948,F008,TechDistrib,Chine,Électronique,P008,Smartphone,2025-09-15,2025-10-07,21,22,1,1649,213.36,351830.64,0.83,Oui
ORD01949,F006,FashionBasic,Portugal,Textile,P006,T-shirt homme,2025-02-27,2025-03-09,10,10,0,918,239.5,219861.0,0.85,Oui
ORD01950,F003,PâtesItalia,Italie,Alimentaire,P003,Pâtes 500g,2025-01-04,2025-01-09,4,5,1,1991,420.41,837036.31,0.9,Oui
ORD01951,F010,AudioMax,Chine,Électronique,P010,Casque audio,2025-08-21,2025-09-10,18,20,2,149,209.41,31202.09,0.76,Oui
ORD01952,F008,TechDistrib,Chine,Électronique,P008,Smartphone,2025-07-07,2025-07-27,21,20,0,1871,269.9,504982.9,0.84,Oui
ORD01953,F005,CleanHome,France,Droguerie,P005,Lessive,2025-01-13,2025-01-19,3,6,3,597,80.84,48261.48,0.84,Oui
ORD01954,F006,FashionBasic,Portugal,Textile,P006,T-shirt homme,2025-06-02,2025-06-16,10,14,4,122,268.3,32732.6,0.84,Oui
ORD01955,F007,DenimCo,Turquie,Textile,P007,Jeans,2025-05-08,2025-05-22,14,14,0,222,240.98,53497.56,0.78,Oui
ORD01956,F008,TechDistrib,Chine,Électronique,P008,Smartphone,2025-08-09,2025-08-31,21,22,1,757,437.35,331073.95,0.92,Oui
ORD01957,F009,TVGlobal,Corée du Sud,Électronique,P009,TV 4K,2025-10-19,2025-11-15,25,27,2,133,34.9,4641.7,0.84,Oui
ORD01958,F002,RizImport SAS,Italie,Alimentaire,P002,Riz 1kg,2025-07-15,2025-07-23,5,8,3,1535,35.9,55106.5,0.98,Oui
ORD01959,F007,DenimCo,Turquie,Textile,P007,Jeans,2025-07-25,2025-08-07,14,13,0,426,427.69,182195.94,0.81,Oui
ORD01960,F002,RizImport SAS,Italie,Alimentaire,P002,Riz 1kg,2025-08-10,2025-08-14,5,4,0,1675,86.64,145122.0,0.82,Oui
ORD01961,F009,TVGlobal,Corée du Sud,Électronique,P009,TV 4K,2025-10-04,2025-10-29,25,25,0,1471,359.63,529015.73,0.84,Oui
ORD01962,F007,DenimCo,Turquie,Textile,P007,Jeans,2025-05-21,2025-06-08,14,18,4,1460,350.35,511511.0,0.82,Oui
ORD01963,F010,AudioMax,Chine,Électronique,P010,Casque audio,2025-07-24,2025-08-11,18,18,0,1438,128.57,184883.66,0.75,Oui
ORD01964,F007,DenimCo,Turquie,Textile,P007,Jeans,2025-12-03,2025-12-17,14,14,0,612,120.54,73770.48,0.9,Non
ORD01965,F006,FashionBasic,Portugal,Textile,P006,T-shirt homme,2025-02-19,2025-03-01,10,10,0,510,8.62,4396.2,0.83,Oui
ORD01966,F005,CleanHome,France,Droguerie,P005,Lessive,2025-12-31,2026-01-06,3,6,3,1743,207.56,361777.08,0.86,Oui
ORD01967,F009,TVGlobal,Corée du Sud,Électronique,P009,TV 4K,2025-07-19,2025-08-15,25,27,2,1954,251.17,490786.18,0.84,Oui
ORD01968,F008,TechDistrib,Chine,Électronique,P008,Smartphone,2025-03-19,2025-04-11,21,23,2,1799,334.29,601387.71,0.8,Oui
ORD01969,F007,DenimCo,Turquie,Textile,P007,Jeans,2025-05-11,2025-05-27,14,16,2,116,297.48,34507.68,0.89,Oui
ORD01970,F008,TechDistrib,Chine,Électronique,P008,Smartphone,2025-10-15,2025-11-06,21,22,1,220,93.79,20633.8,1.0,Oui
ORD01971,F005,CleanHome,France,Droguerie,P005,Lessive,2025-06-11,2025-06-16,3,5,2,1431,210.59,301354.29,0.79,Oui
ORD01972,F010,AudioMax,Chine,Électronique,P010,Casque audio,2025-06-30,2025-07-21,18,21,3,933,187.22,174676.26,0.94,Oui
ORD01973,F005,CleanHome,France,Droguerie,P005,Lessive,2025-10-12,2025-10-19,3,7,4,1055,445.36,469854.8,0.84,Oui
ORD01974,F007,DenimCo,Turquie,Textile,P007,Jeans,2025-11-07,2025-11-20,14,13,0,248,178.39,44240.72,0.8,Oui
ORD01975,F005,CleanHome,France,Droguerie,P005,Lessive,2025-04-02,2025-04-05,3,3,0,1620,350.0,567000.0,0.93,Oui
ORD01976,F007,DenimCo,Turquie,Textile,P007,Jeans,2025-06-30,2025-07-14,14,14,0,906,405.26,367165.56,0.82,Oui
ORD01977,F002,RizImport SAS,Italie,Alimentaire,P002,Riz 1kg,2025-12-07,2025-12-16,5,9,4,1346,342.91,461556.86,0.83,Oui
ORD01978,F007,DenimCo,Turquie,Textile,P007,Jeans,2025-04-26,2025-05-12,14,16,2,1063,340.69,362153.47,0.82,Non
ORD01979,F003,PâtesItalia,Italie,Alimentaire,P003,Pâtes 500g,2025-04-01,2025-04-07,4,6,2,640,2.0,1280.0,0.96,Oui
ORD01980,F003,PâtesItalia,Italie,Alimentaire,P003,Pâtes 500g,2025-12-16,2025-12-19,4,3,0,835,261.28,218168.8,0.85,Oui
ORD01981,F004,BeautyPro,Allemagne,Droguerie,P004,Shampoing,2025-11-22,2025-11-27,6,5,0,1317,101.27,133372.59,0.9,Oui
ORD01982,F002,RizImport SAS,Italie,Alimentaire,P002,Riz 1kg,2025-11-03,2025-11-11,5,8,3,1549,184.24,285387.76,0.76,Oui
ORD01983,F003,PâtesItalia,Italie,Alimentaire,P003,Pâtes 500g,2025-10-19,2025-10-27,4,8,4,1016,308.12,313049.92,0.99,Oui
ORD01984,F010,AudioMax,Chine,Électronique,P010,Casque audio,2025-12-01,2025-12-21,18,20,2,1180,230.35,271813.0,0.8,Oui
ORD01985,F008,TechDistrib,Chine,Électronique,P008,Smartphone,2025-07-08,2025-08-02,21,25,4,1841,108.07,198956.87,0.87,Oui
ORD01986,F004,BeautyPro,Allemagne,Droguerie,P004,Shampoing,2025-06-15,2025-06-21,6,6,0,650,29.63,19259.5,0.76,Oui
ORD01987,F008,TechDistrib,Chine,Électronique,P008,Smartphone,2025-05-06,2025-05-31,21,25,4,1285,199.92,256897.2,0.81,Oui
ORD01988,F008,TechDistrib,Chine,Électronique,P008,Smartphone,2025-09-14,2025-10-09,21,25,4,277,361.76,100207.52,0.96,Oui
ORD01989,F003,PâtesItalia,Italie,Alimentaire,P003,Pâtes 500g,2025-05-06,2025-05-12,4,6,2,1528,433.13,661822.64,0.75,Oui
ORD01990,F007,DenimCo,Turquie,Textile,P007,Jeans,2025-09-24,2025-10-10,14,16,2,1815,173.7,315265.5,0.95,Non
ORD01991,F009,TVGlobal,Corée du Sud,Électronique,P009,TV 4K,2025-03-03,2025-04-01,25,29,4,1640,273.34,448277.6,1.0,Oui
ORD01992,F008,TechDistrib,Chine,Électronique,P008,Smartphone,2025-09-04,2025-09-29,21,25,4,172,132.19,22736.68,0.85,Oui
ORD01993,F001,LaLaiterie SA,France,Alimentaire,P001,Lait demi-écrémé,2025-07-06,2025-07-10,2,4,2,1517,417.36,633135.12,0.91,Oui
ORD01994,F002,RizImport SAS,Italie,Alimentaire,P002,Riz 1kg,2025-02-23,2025-02-28,5,5,0,1784,118.49,211386.16,0.96,Oui
ORD01995,F002,RizImport SAS,Italie,Alimentaire,P002,Riz 1kg,2025-03-28,2025-04-03,5,6,1,895,295.61,264570.95,0.79,Oui
ORD01996,F008,TechDistrib,Chine,Électronique,P008,Smartphone,2025-04-18,2025-05-10,21,22,1,248,148.85,36914.8,0.92,Oui
ORD01997,F008,TechDistrib,Chine,Électronique,P008,Smartphone,2025-05-06,2025-05-28,21,22,1,751,133.23,100055.73,0.86,Oui
ORD01998,F005,CleanHome,France,Droguerie,P005,Lessive,2025-10-18,2025-10-22,3,4,1,1267,16.57,20994.19,0.79,Oui
ORD01999,F001,LaLaiterie SA,France,Alimentaire,P001,Lait demi-écrémé,2025-04-24,2025-04-27,2,3,1,1204,163.54,196902.16,0.82,Non
ORD02000,F003,PâtesItalia,Italie,Alimentaire,P003,Pâtes 500g,2025-10-18,2025-10-26,4,8,4,674,214.14,144330.36,0.86,Oui
ORD02001,F003,PâtesItalia,Italie,Alimentaire,P003,Pâtes 500g,2025-03-17,2025-03-24,4,7,3,648,386.69,250575.12,0.81,Oui
ORD02002,F004,BeautyPro,Allemagne,Droguerie,P004,Shampoing,2025-10-26,2025-11-02,6,7,1,353,263.11,92877.83,0.81,Oui
ORD02003,F009,TVGlobal,Corée du Sud,Électronique,P009,TV 4K,2025-07-27,2025-08-23,25,27,2,1316,405.05,533045.8,0.99,Oui
ORD02004,F010,AudioMax,Chine,Électronique,P010,Casque audio,2025-09-14,2025-10-03,18,19,1,1121,168.78,189202.38,0.97,Oui
ORD02005,F003,PâtesItalia,Italie,Alimentaire,P003,Pâtes 500g,2025-09-26,2025-10-02,4,6,2,409,218.06,89186.54,0.84,Oui
ORD02006,F002,RizImport SAS,Italie,Alimentaire,P002,Riz 1kg,2025-06-25,2025-06-30,5,5,0,683,93.29,63717.07,0.79,Oui
ORD02007,F002,RizImport SAS,Italie,Alimentaire,P002,Riz 1kg,2025-11-29,2025-12-04,5,5,0,780,224.71,175273.8,0.89,Oui
ORD02008,F001,LaLaiterie SA,France,Alimentaire,P001,Lait demi-écrémé,2025-09-26,2025-09-28,2,2,0,1568,91.54,143534.72,0.92,Oui
ORD02009,F002,RizImport SAS,Italie,Alimentaire,P002,Riz 1kg,2025-06-18,2025-06-26,5,8,3,187,122.53,22913.11,0.99,Oui
ORD02010,F009,TVGlobal,Corée du Sud,Électronique,P009,TV 4K,2025-02-10,2025-03-06,25,24,0,964,255.23,246041.72,0.81,Oui
ORD02011,F003,PâtesItalia,Italie,Alimentaire,P003,Pâtes 500g,2025-12-20,2025-12-28,4,8,4,1806,110.67,199870.02,0.92,Oui
ORD02012,F001,LaLaiterie SA,France,Alimentaire,P001,Lait demi-écrémé,2025-11-08,2025-11-11,2,3,1,1180,125.23,147771.4,0.94,Oui
ORD02013,F002,RizImport SAS,Italie,Alimentaire,P002,Riz 1kg,2025-03-09,2025-03-17,5,8,3,670,27.86,18666.2,0.81,Oui
ORD02014,F010,AudioMax,Chine,Électronique,P010,Casque audio,2025-09-02,2025-09-22,18,20,2,251,241.85,60704.35,0.95,Oui
ORD02015,F002,RizImport SAS,Italie,Alimentaire,P002,Riz 1kg,2025-04-11,2025-04-18,5,7,2,288,199.13,57349.44,0.87,Oui
ORD02016,F010,AudioMax,Chine,Électronique,P010,Casque audio,2025-04-21,2025-05-12,18,21,3,1047,135.33,141690.51,0.75,Oui
ORD02017,F002,RizImport SAS,Italie,Alimentaire,P002,Riz 1kg,2025-08-15,2025-08-24,5,9,4,448,265.23,118823.04,0.91,Oui
ORD02018,F001,LaLaiterie SA,France,Alimentaire,P001,Lait demi-écrémé,2025-05-09,2025-05-13,2,4,2,1281,122.2,156538.2,0.91,Oui
ORD02019,F008,TechDistrib,Chine,Électronique,P008,Smartphone,2025-09-21,2025-10-13,21,22,1,1998,290.55,580518.9,0.82,Oui
ORD02020,F006,FashionBasic,Portugal,Textile,P006,T-shirt homme,2025-05-21,2025-06-04,10,14,4,1199,226.63,271729.37,0.91,Oui
ORD02021,F003,PâtesItalia,Italie,Alimentaire,P003,Pâtes 500g,2025-09-07,2025-09-10,4,3,0,703,402.07,282655.21,0.88,Oui
ORD02022,F003,PâtesItalia,Italie,Alimentaire,P003,Pâtes 500g,2025-02-03,2025-02-09,4,6,2,1428,137.44,196264.32,0.98,Oui
ORD02023,F009,TVGlobal,Corée du Sud,Électronique,P009,TV 4K,2025-04-04,2025-04-29,25,25,0,1644,49.37,81164.28,0.81,Oui
ORD02024,F005,CleanHome,France,Droguerie,P005,Lessive,2025-06-13,2025-06-19,3,6,3,1016,46.76,47508.16,0.83,Oui
ORD02025,F010,AudioMax,Chine,Électronique,P010,Casque audio,2025-12-11,2025-12-29,18,18,0,713,70.8,50480.4,0.94,Oui
ORD02026,F003,PâtesItalia,Italie,Alimentaire,P003,Pâtes 500g,2025-11-09,2025-11-17,4,8,4,371,146.89,54496.19,0.88,Oui
ORD02027,F010,AudioMax,Chine,Électronique,P010,Casque audio,2025-08-02,2025-08-24,18,22,4,601,103.31,62089.31,0.82,Non
ORD02028,F005,CleanHome,France,Droguerie,P005,Lessive,2025-07-09,2025-07-12,3,3,0,677,150.51,101895.27,0.84,Oui
ORD02029,F008,TechDistrib,Chine,Électronique,P008,Smartphone,2025-06-07,2025-06-30,21,23,2,1203,177.4,213412.2,0.85,Oui
ORD02030,F007,DenimCo,Turquie,Textile,P007,Jeans,2025-01-29,2025-02-14,14,16,2,774,290.78,225063.72,0.78,Oui
ORD02031,F005,CleanHome,France,Droguerie,P005,Lessive,2025-01-10,2025-01-17,3,7,4,464,94.27,43741.28,0.93,Oui
ORD02032,F006,FashionBasic,Portugal,Textile,P006,T-shirt homme,2025-01-13,2025-01-24,10,11,1,925,356.02,329318.5,0.83,Oui
ORD02033,F004,BeautyPro,Allemagne,Droguerie,P004,Shampoing,2025-04-21,2025-04-30,6,9,3,1080,198.33,214196.4,0.82,Oui
ORD02034,F003,PâtesItalia,Italie,Alimentaire,P003,Pâtes 500g,2025-06-16,2025-06-24,4,8,4,1032,423.7,437258.4,0.9,Non
ORD02035,F001,LaLaiterie SA,France,Alimentaire,P001,Lait demi-écrémé,2025-12-04,2025-12-08,2,4,2,1458,431.9,629710.2,0.93,Oui
ORD02036,F010,AudioMax,Chine,Électronique,P010,Casque audio,2025-10-28,2025-11-17,18,20,2,171,46.1,7883.1,0.91,Oui
ORD02037,F006,FashionBasic,Portugal,Textile,P006,T-shirt homme,2025-08-13,2025-08-24,10,11,1,277,212.59,58887.43,0.97,Oui
ORD02038,F007,DenimCo,Turquie,Textile,P007,Jeans,2025-03-19,2025-04-02,14,14,0,1257,134.84,169493.88,0.8,Oui
ORD02039,F004,BeautyPro,Allemagne,Droguerie,P004,Shampoing,2025-06-17,2025-06-26,6,9,3,1169,343.37,401399.53,0.82,Oui
ORD02040,F005,CleanHome,France,Droguerie,P005,Lessive,2025-12-20,2025-12-22,3,2,0,337,347.56,117127.72,0.77,Oui
ORD02041,F006,FashionBasic,Portugal,Textile,P006,T-shirt homme,2025-07-04,2025-07-16,10,12,2,1580,398.12,629029.6,0.8,Oui
ORD02042,F008,TechDistrib,Chine,Électronique,P008,Smartphone,2025-07-05,2025-07-27,21,22,1,457,305.11,139435.27,0.93,Oui
ORD02043,F001,LaLaiterie SA,France,Alimentaire,P001,Lait demi-écrémé,2025-03-13,2025-03-14,2,1,0,1365,185.15,252729.75,0.85,Oui
ORD02044,F001,LaLaiterie SA,France,Alimentaire,P001,Lait demi-écrémé,2025-09-28,2025-09-29,2,1,0,1919,445.34,854607.46,0.84,Oui
ORD02045,F001,LaLaiterie SA,France,Alimentaire,P001,Lait demi-écrémé,2025-09-16,2025-09-19,2,3,1,1668,242.69,404806.92,0.82,Oui
ORD02046,F002,RizImport SAS,Italie,Alimentaire,P002,Riz 1kg,2025-02-08,2025-02-16,5,8,3,238,438.42,104343.96,0.95,Oui
ORD02047,F009,TVGlobal,Corée du Sud,Électronique,P009,TV 4K,2025-02-14,2025-03-14,25,28,3,1939,211.07,409264.73,0.91,Oui
ORD02048,F002,RizImport SAS,Italie,Alimentaire,P002,Riz 1kg,2025-12-17,2025-12-24,5,7,2,1724,124.95,215413.8,0.86,Oui
ORD02049,F003,PâtesItalia,Italie,Alimentaire,P003,Pâtes 500g,2025-11-30,2025-12-05,4,5,1,199,82.16,16349.84,0.89,Oui
ORD02050,F007,DenimCo,Turquie,Textile,P007,Jeans,2025-01-11,2025-01-27,14,16,2,1227,132.57,162663.39,0.91,Oui
ORD02051,F001,LaLaiterie SA,France,Alimentaire,P001,Lait demi-écrémé,2025-04-26,2025-04-29,2,3,1,924,68.15,62970.6,0.96,Oui
ORD02052,F006,FashionBasic,Portugal,Textile,P006,T-shirt homme,2025-09-30,2025-10-12,10,12,2,1388,299.6,415844.8,0.94,Oui
ORD02053,F006,FashionBasic,Portugal,Textile,P006,T-shirt homme,2025-10-23,2025-11-02,10,10,0,436,347.96,151710.56,0.8,Oui
ORD02054,F001,LaLaiterie SA,France,Alimentaire,P001,Lait demi-écrémé,2025-10-01,2025-10-06,2,5,3,1984,380.19,754296.96,0.94,Oui
ORD02055,F002,RizImport SAS,Italie,Alimentaire,P002,Riz 1kg,2025-06-17,2025-06-23,5,6,1,1951,103.93,202767.43,0.8,Oui
ORD02056,F007,DenimCo,Turquie,Textile,P007,Jeans,2025-05-19,2025-06-02,14,14,0,1967,413.99,814318.33,0.94,Oui
ORD02057,F008,TechDistrib,Chine,Électronique,P008,Smartphone,2025-03-05,2025-03-28,21,23,2,102,200.06,20406.12,0.94,Oui
ORD02058,F007,DenimCo,Turquie,Textile,P007,Jeans,2025-01-26,2025-02-11,14,16,2,948,179.93,170573.64,0.8,Oui
ORD02059,F002,RizImport SAS,Italie,Alimentaire,P002,Riz 1kg,2025-02-17,2025-02-22,5,5,0,1087,411.02,446778.74,0.93,Oui
ORD02060,F004,BeautyPro,Allemagne,Droguerie,P004,Shampoing,2025-03-03,2025-03-11,6,8,2,1566,272.38,426547.08,0.94,Oui
ORD02061,F004,BeautyPro,Allemagne,Droguerie,P004,Shampoing,2025-04-18,2025-04-23,6,5,0,1687,228.36,385243.32,0.87,Oui
ORD02062,F008,TechDistrib,Chine,Électronique,P008,Smartphone,2025-01-09,2025-01-29,21,20,0,828,361.63,299429.64,0.85,Oui
ORD02063,F006,FashionBasic,Portugal,Textile,P006,T-shirt homme,2025-07-04,2025-07-15,10,11,1,1763,29.85,52625.55,0.99,Oui
ORD02064,F004,BeautyPro,Allemagne,Droguerie,P004,Shampoing,2025-12-26,2025-12-31,6,5,0,1382,289.79,400489.78,0.85,Oui
ORD02065,F005,CleanHome,France,Droguerie,P005,Lessive,2025-11-28,2025-12-02,3,4,1,142,63.76,9053.92,0.81,Oui
ORD02066,F003,PâtesItalia,Italie,Alimentaire,P003,Pâtes 500g,2025-09-23,2025-09-27,4,4,0,337,312.93,105457.41,0.94,Oui
ORD02067,F004,BeautyPro,Allemagne,Droguerie,P004,Shampoing,2025-12-05,2025-12-12,6,7,1,811,278.09,225530.99,0.96,Oui
ORD02068,F003,PâtesItalia,Italie,Alimentaire,P003,Pâtes 500g,2025-09-23,2025-09-27,4,4,0,1569,364.33,571633.77,0.92,Oui
ORD02069,F002,RizImport SAS,Italie,Alimentaire,P002,Riz 1kg,2025-03-25,2025-03-29,5,4,0,1068,92.23,98501.64,0.85,Oui
ORD02070,F005,CleanHome,France,Droguerie,P005,Lessive,2025-11-15,2025-11-19,3,4,1,108,352.58,38078.64,0.83,Oui
ORD02071,F001,LaLaiterie SA,France,Alimentaire,P001,Lait demi-écrémé,2025-03-15,2025-03-19,2,4,2,145,242.99,35233.55,0.94,Oui
ORD02072,F003,PâtesItalia,Italie,Alimentaire,P003,Pâtes 500g,2025-03-22,2025-03-25,4,3,0,80,157.23,12578.4,0.81,Oui
ORD02073,F002,RizImport SAS,Italie,Alimentaire,P002,Riz 1kg,2025-02-27,2025-03-06,5,7,2,1001,442.52,442962.52,0.96,Oui
ORD02074,F003,PâtesItalia,Italie,Alimentaire,P003,Pâtes 500g,2025-11-05,2025-11-13,4,8,4,51,140.49,7164.99,0.87,Oui
ORD02075,F003,PâtesItalia,Italie,Alimentaire,P003,Pâtes 500g,2025-06-15,2025-06-23,4,8,4,1155,164.83,190378.65,0.9,Oui
ORD02076,F008,TechDistrib,Chine,Électronique,P008,Smartphone,2025-09-10,2025-10-05,21,25,4,1752,383.46,671821.92,0.8,Oui
ORD02077,F003,PâtesItalia,Italie,Alimentaire,P003,Pâtes 500g,2025-03-15,2025-03-19,4,4,0,1400,37.44,52416.0,0.77,Oui
ORD02078,F010,AudioMax,Chine,Électronique,P010,Casque audio,2025-02-23,2025-03-13,18,18,0,513,113.18,58061.34,0.93,Oui
ORD02079,F008,TechDistrib,Chine,Électronique,P008,Smartphone,2025-12-09,2026-01-02,21,24,3,1114,232.85,259394.9,1.0,Oui
ORD02080,F003,PâtesItalia,Italie,Alimentaire,P003,Pâtes 500g,2025-06-17,2025-06-23,4,6,2,817,297.71,243229.07,0.89,Non
ORD02081,F001,LaLaiterie SA,France,Alimentaire,P001,Lait demi-écrémé,2025-07-17,2025-07-23,2,6,4,148,357.49,52908.52,0.99,Oui
ORD02082,F001,LaLaiterie SA,France,Alimentaire,P001,Lait demi-écrémé,2025-05-02,2025-05-04,2,2,0,862,145.48,125403.76,0.89,Oui
ORD02083,F006,FashionBasic,Portugal,Textile,P006,T-shirt homme,2025-04-07,2025-04-21,10,14,4,1830,367.74,672964.2,0.89,Oui
ORD02084,F004,BeautyPro,Allemagne,Droguerie,P004,Shampoing,2025-08-21,2025-08-30,6,9,3,588,245.87,144571.56,0.78,Oui
ORD02085,F009,TVGlobal,Corée du Sud,Électronique,P009,TV 4K,2025-06-22,2025-07-18,25,26,1,1877,84.25,158137.25,0.84,Oui
ORD02086,F009,TVGlobal,Corée du Sud,Électronique,P009,TV 4K,2025-08-22,2025-09-20,25,29,4,247,300.77,74290.19,0.84,Oui
ORD02087,F002,RizImport SAS,Italie,Alimentaire,P002,Riz 1kg,2025-07-07,2025-07-14,5,7,2,1365,11.92,16270.8,0.89,Oui
ORD02088,F008,TechDistrib,Chine,Électronique,P008,Smartphone,2025-02-26,2025-03-18,21,20,0,1177,320.86,377652.22,0.78,Oui
ORD02089,F008,TechDistrib,Chine,Électronique,P008,Smartphone,2025-08-12,2025-09-05,21,24,3,1974,37.79,74597.46,0.97,Oui
ORD02090,F007,DenimCo,Turquie,Textile,P007,Jeans,2025-09-19,2025-10-03,14,14,0,340,378.09,128550.6,0.81,Oui
ORD02091,F006,FashionBasic,Portugal,Textile,P006,T-shirt homme,2025-09-27,2025-10-10,10,13,3,1647,68.72,113181.84,0.96,Oui
ORD02092,F009,TVGlobal,Corée du Sud,Électronique,P009,TV 4K,2025-07-05,2025-08-02,25,28,3,521,312.32,162718.72,1.0,Oui
ORD02093,F003,PâtesItalia,Italie,Alimentaire,P003,Pâtes 500g,2025-02-21,2025-03-01,4,8,4,389,285.89,111211.21,0.96,Oui
ORD02094,F003,PâtesItalia,Italie,Alimentaire,P003,Pâtes 500g,2025-10-04,2025-10-11,4,7,3,918,386.3,354623.4,0.82,Non
ORD02095,F007,DenimCo,Turquie,Textile,P007,Jeans,2025-06-01,2025-06-17,14,16,2,1895,235.03,445381.85,0.86,Oui
ORD02096,F006,FashionBasic,Portugal,Textile,P006,T-shirt homme,2025-03-11,2025-03-25,10,14,4,1971,135.35,266774.85,0.77,Oui
ORD02097,F005,CleanHome,France,Droguerie,P005,Lessive,2025-04-17,2025-04-24,3,7,4,1305,267.5,349087.5,0.77,Oui
ORD02098,F003,PâtesItalia,Italie,Alimentaire,P003,Pâtes 500g,2025-03-15,2025-03-21,4,6,2,1734,72.53,125767.02,0.99,Non
ORD02099,F004,BeautyPro,Allemagne,Droguerie,P004,Shampoing,2025-07-20,2025-07-26,6,6,0,1373,188.84,259277.32,0.9,Oui
ORD02100,F006,FashionBasic,Portugal,Textile,P006,T-shirt homme,2025-02-06,2025-02-16,10,10,0,1993,124.66,248447.38,0.97,Oui
ORD02101,F010,AudioMax,Chine,Électronique,P010,Casque audio,2025-12-11,2025-12-29,18,18,0,471,199.8,94105.8,0.92,Oui
ORD02102,F001,LaLaiterie SA,France,Alimentaire,P001,Lait demi-écrémé,2025-11-23,2025-11-24,2,1,0,1116,140.37,156652.92,0.78,Oui
ORD02103,F008,TechDistrib,Chine,Électronique,P008,Smartphone,2025-04-29,2025-05-24,21,25,4,947,134.82,127674.54,0.78,Oui
ORD02104,F008,TechDistrib,Chine,Électronique,P008,Smartphone,2025-03-20,2025-04-09,21,20,0,1852,440.56,815917.12,0.98,Oui
ORD02105,F005,CleanHome,France,Droguerie,P005,Lessive,2025-01-21,2025-01-26,3,5,2,1766,401.06,708271.96,0.78,Oui
ORD02106,F010,AudioMax,Chine,Électronique,P010,Casque audio,2025-03-28,2025-04-19,18,22,4,1466,389.55,571080.3,0.87,Oui
ORD02107,F009,TVGlobal,Corée du Sud,Électronique,P009,TV 4K,2025-02-22,2025-03-18,25,24,0,1548,271.69,420576.12,0.9,Oui
ORD02108,F008,TechDistrib,Chine,Électronique,P008,Smartphone,2025-12-26,2026-01-18,21,23,2,913,25.97,23710.61,0.78,Oui
ORD02109,F005,CleanHome,France,Droguerie,P005,Lessive,2025-05-09,2025-05-16,3,7,4,1090,148.31,161657.9,0.92,Oui
ORD02110,F006,FashionBasic,Portugal,Textile,P006,T-shirt homme,2025-02-12,2025-02-21,10,9,0,257,321.04,82507.28,0.87,Oui
ORD02111,F004,BeautyPro,Allemagne,Droguerie,P004,Shampoing,2025-10-30,2025-11-07,6,8,2,1413,119.96,169503.48,1.0,Oui
ORD02112,F008,TechDistrib,Chine,Électronique,P008,Smartphone,2025-10-15,2025-11-08,21,24,3,1765,254.75,449633.75,0.9,Oui
ORD02113,F007,DenimCo,Turquie,Textile,P007,Jeans,2025-01-22,2025-02-08,14,17,3,270,265.86,71782.2,0.95,Non
ORD02114,F010,AudioMax,Chine,Électronique,P010,Casque audio,2025-02-18,2025-03-07,18,17,0,1614,107.76,173924.64,0.9,Oui
ORD02115,F010,AudioMax,Chine,Électronique,P010,Casque audio,2025-08-04,2025-08-24,18,20,2,1521,335.07,509641.47,0.84,Oui
ORD02116,F008,TechDistrib,Chine,Électronique,P008,Smartphone,2025-10-21,2025-11-14,21,24,3,126,423.12,53313.12,0.95,Oui
ORD02117,F007,DenimCo,Turquie,Textile,P007,Jeans,2025-12-09,2025-12-22,14,13,0,492,255.34,125627.28,0.76,Non
ORD02118,F002,RizImport SAS,Italie,Alimentaire,P002,Riz 1kg,2025-05-30,2025-06-06,5,7,2,1692,13.25,22419.0,0.86,Oui
ORD02119,F006,FashionBasic,Portugal,Textile,P006,T-shirt homme,2025-12-16,2025-12-27,10,11,1,771,438.12,337790.52,0.81,Oui
ORD02120,F001,LaLaiterie SA,France,Alimentaire,P001,Lait demi-écrémé,2025-06-16,2025-06-20,2,4,2,1481,445.94,660437.14,0.82,Oui
ORD02121,F004,BeautyPro,Allemagne,Droguerie,P004,Shampoing,2025-10-13,2025-10-22,6,9,3,1377,145.19,199926.63,0.85,Oui
ORD02122,F003,PâtesItalia,Italie,Alimentaire,P003,Pâtes 500g,2025-09-13,2025-09-16,4,3,0,733,158.64,116283.12,0.88,Oui
ORD02123,F004,BeautyPro,Allemagne,Droguerie,P004,Shampoing,2025-06-12,2025-06-19,6,7,1,257,411.42,105734.94,0.77,Oui
ORD02124,F010,AudioMax,Chine,Électronique,P010,Casque audio,2025-09-12,2025-10-04,18,22,4,431,340.58,146789.98,0.8,Oui
ORD02125,F008,TechDistrib,Chine,Électronique,P008,Smartphone,2025-06-29,2025-07-21,21,22,1,1700,197.28,335376.0,0.84,Oui
ORD02126,F003,PâtesItalia,Italie,Alimentaire,P003,Pâtes 500g,2025-06-15,2025-06-18,4,3,0,278,85.81,23855.18,0.83,Oui
ORD02127,F009,TVGlobal,Corée du Sud,Électronique,P009,TV 4K,2025-06-01,2025-06-29,25,28,3,1152,80.47,92701.44,0.9,Oui
ORD02128,F002,RizImport SAS,Italie,Alimentaire,P002,Riz 1kg,2025-02-16,2025-02-25,5,9,4,1274,411.66,524454.84,0.92,Oui
ORD02129,F003,PâtesItalia,Italie,Alimentaire,P003,Pâtes 500g,2025-06-24,2025-07-01,4,7,3,774,178.84,138422.16,0.98,Oui
ORD02130,F005,CleanHome,France,Droguerie,P005,Lessive,2025-11-11,2025-11-17,3,6,3,218,146.06,31841.08,0.81,Oui
ORD02131,F004,BeautyPro,Allemagne,Droguerie,P004,Shampoing,2025-10-08,2025-10-14,6,6,0,1417,446.71,632988.07,0.76,Oui
ORD02132,F004,BeautyPro,Allemagne,Droguerie,P004,Shampoing,2025-05-06,2025-05-12,6,6,0,951,291.73,277435.23,0.8,Oui
ORD02133,F004,BeautyPro,Allemagne,Droguerie,P004,Shampoing,2025-01-11,2025-01-20,6,9,3,1039,377.15,391858.85,0.85,Oui
ORD02134,F010,AudioMax,Chine,Électronique,P010,Casque audio,2025-04-09,2025-04-29,18,20,2,431,381.63,164482.53,0.9,Oui
ORD02135,F007,DenimCo,Turquie,Textile,P007,Jeans,2025-05-14,2025-06-01,14,18,4,1681,441.87,742783.47,0.95,Oui
ORD02136,F006,FashionBasic,Portugal,Textile,P006,T-shirt homme,2025-07-06,2025-07-16,10,10,0,705,243.4,171597.0,0.77,Oui
ORD02137,F006,FashionBasic,Portugal,Textile,P006,T-shirt homme,2025-12-26,2026-01-05,10,10,0,1679,242.45,407073.55,0.78,Non
ORD02138,F009,TVGlobal,Corée du Sud,Électronique,P009,TV 4K,2025-12-29,2026-01-25,25,27,2,1146,141.41,162055.86,0.95,Oui
ORD02139,F006,FashionBasic,Portugal,Textile,P006,T-shirt homme,2025-12-26,2026-01-09,10,14,4,1184,369.57,437570.88,0.81,Oui
ORD02140,F001,LaLaiterie SA,France,Alimentaire,P001,Lait demi-écrémé,2025-08-24,2025-08-29,2,5,3,946,223.96,211866.16,0.86,Non
ORD02141,F003,PâtesItalia,Italie,Alimentaire,P003,Pâtes 500g,2025-01-12,2025-01-19,4,7,3,968,251.77,243713.36,0.76,Oui
ORD02142,F003,PâtesItalia,Italie,Alimentaire,P003,Pâtes 500g,2025-02-02,2025-02-10,4,8,4,775,29.9,23172.5,0.93,Oui
ORD02143,F001,LaLaiterie SA,France,Alimentaire,P001,Lait demi-écrémé,2025-11-03,2025-11-07,2,4,2,932,317.05,295490.6,0.99,Non
ORD02144,F004,BeautyPro,Allemagne,Droguerie,P004,Shampoing,2025-12-05,2025-12-13,6,8,2,684,242.51,165876.84,0.92,Oui
ORD02145,F010,AudioMax,Chine,Électronique,P010,Casque audio,2025-09-18,2025-10-08,18,20,2,345,344.95,119007.75,1.0,Oui
ORD02146,F001,LaLaiterie SA,France,Alimentaire,P001,Lait demi-écrémé,2025-11-09,2025-11-10,2,1,0,1508,339.63,512162.04,0.9,Oui
ORD02147,F002,RizImport SAS,Italie,Alimentaire,P002,Riz 1kg,2025-11-11,2025-11-15,5,4,0,1134,186.46,211445.64,0.79,Oui
ORD02148,F010,AudioMax,Chine,Électronique,P010,Casque audio,2025-04-02,2025-04-20,18,18,0,110,292.41,32165.1,0.87,Oui
ORD02149,F002,RizImport SAS,Italie,Alimentaire,P002,Riz 1kg,2025-02-18,2025-02-25,5,7,2,1225,315.57,386573.25,0.92,Oui
ORD02150,F007,DenimCo,Turquie,Textile,P007,Jeans,2025-12-23,2026-01-08,14,16,2,333,381.35,126989.55,0.8,Oui
ORD02151,F003,PâtesItalia,Italie,Alimentaire,P003,Pâtes 500g,2025-12-29,2026-01-04,4,6,2,1850,113.78,210493.0,0.77,Oui
ORD02152,F004,BeautyPro,Allemagne,Droguerie,P004,Shampoing,2025-04-27,2025-05-04,6,7,1,1375,285.04,391930.0,0.83,Oui
ORD02153,F009,TVGlobal,Corée du Sud,Électronique,P009,TV 4K,2025-05-12,2025-06-05,25,24,0,1850,272.97,504994.5,1.0,Oui
ORD02154,F006,FashionBasic,Portugal,Textile,P006,T-shirt homme,2025-02-18,2025-02-28,10,10,0,53,433.64,22982.92,0.88,Oui
ORD02155,F007,DenimCo,Turquie,Textile,P007,Jeans,2025-06-06,2025-06-19,14,13,0,1688,407.36,687623.68,0.89,Oui
ORD02156,F003,PâtesItalia,Italie,Alimentaire,P003,Pâtes 500g,2025-04-07,2025-04-15,4,8,4,1321,224.44,296485.24,0.88,Non
ORD02157,F002,RizImport SAS,Italie,Alimentaire,P002,Riz 1kg,2025-12-16,2025-12-21,5,5,0,1278,168.69,215585.82,0.79,Oui
ORD02158,F003,PâtesItalia,Italie,Alimentaire,P003,Pâtes 500g,2025-09-17,2025-09-21,4,4,0,1717,368.64,632954.88,0.76,Oui
ORD02159,F009,TVGlobal,Corée du Sud,Électronique,P009,TV 4K,2025-03-03,2025-03-29,25,26,1,1964,131.5,258266.0,0.84,Oui
ORD02160,F009,TVGlobal,Corée du Sud,Électronique,P009,TV 4K,2025-03-27,2025-04-20,25,24,0,1069,87.33,93355.77,0.79,Oui
ORD02161,F006,FashionBasic,Portugal,Textile,P006,T-shirt homme,2025-08-21,2025-09-04,10,14,4,1172,374.38,438773.36,0.95,Non
ORD02162,F009,TVGlobal,Corée du Sud,Électronique,P009,TV 4K,2025-02-03,2025-03-01,25,26,1,554,164.88,91343.52,0.81,Oui
ORD02163,F004,BeautyPro,Allemagne,Droguerie,P004,Shampoing,2025-07-26,2025-07-31,6,5,0,783,26.85,21023.55,1.0,Oui
ORD02164,F010,AudioMax,Chine,Électronique,P010,Casque audio,2025-02-20,2025-03-13,18,21,3,236,298.75,70505.0,0.83,Oui
ORD02165,F010,AudioMax,Chine,Électronique,P010,Casque audio,2025-12-26,2026-01-16,18,21,3,1118,177.69,198657.42,0.89,Oui
ORD02166,F006,FashionBasic,Portugal,Textile,P006,T-shirt homme,2025-03-11,2025-03-23,10,12,2,1613,89.52,144395.76,0.99,Oui
ORD02167,F007,DenimCo,Turquie,Textile,P007,Jeans,2025-07-13,2025-07-26,14,13,0,1054,11.21,11815.34,0.78,Oui
ORD02168,F010,AudioMax,Chine,Électronique,P010,Casque audio,2025-07-19,2025-08-07,18,19,1,1069,446.53,477340.57,0.94,Oui
ORD02169,F001,LaLaiterie SA,France,Alimentaire,P001,Lait demi-écrémé,2025-09-28,2025-09-29,2,1,0,435,426.08,185344.8,0.83,Oui
ORD02170,F010,AudioMax,Chine,Électronique,P010,Casque audio,2025-10-05,2025-10-23,18,18,0,1362,141.49,192709.38,0.76,Oui
ORD02171,F005,CleanHome,France,Droguerie,P005,Lessive,2025-07-17,2025-07-20,3,3,0,770,433.9,334103.0,0.76,Oui
ORD02172,F007,DenimCo,Turquie,Textile,P007,Jeans,2025-09-18,2025-10-05,14,17,3,1789,80.64,144264.96,0.84,Oui
ORD02173,F004,BeautyPro,Allemagne,Droguerie,P004,Shampoing,2025-02-20,2025-02-28,6,8,2,1995,83.97,167520.15,0.81,Oui
ORD02174,F004,BeautyPro,Allemagne,Droguerie,P004,Shampoing,2025-09-11,2025-09-17,6,6,0,1219,288.37,351523.03,0.75,Non
ORD02175,F004,BeautyPro,Allemagne,Droguerie,P004,Shampoing,2025-12-19,2025-12-24,6,5,0,1942,131.05,254499.1,0.98,Oui
ORD02176,F006,FashionBasic,Portugal,Textile,P006,T-shirt homme,2025-04-01,2025-04-13,10,12,2,1742,103.15,179687.3,0.98,Oui
ORD02177,F003,PâtesItalia,Italie,Alimentaire,P003,Pâtes 500g,2025-03-14,2025-03-21,4,7,3,554,279.98,155108.92,0.81,Non
ORD02178,F010,AudioMax,Chine,Électronique,P010,Casque audio,2025-12-30,2026-01-21,18,22,4,684,92.59,63331.56,0.97,Oui
ORD02179,F005,CleanHome,France,Droguerie,P005,Lessive,2025-07-29,2025-08-05,3,7,4,70,187.44,13120.8,0.85,Oui
ORD02180,F004,BeautyPro,Allemagne,Droguerie,P004,Shampoing,2025-09-07,2025-09-14,6,7,1,1279,5.19,6638.01,0.92,Oui
ORD02181,F008,TechDistrib,Chine,Électronique,P008,Smartphone,2025-03-07,2025-04-01,21,25,4,1462,100.73,147267.26,0.91,Oui
ORD02182,F008,TechDistrib,Chine,Électronique,P008,Smartphone,2025-02-04,2025-02-25,21,21,0,1149,147.66,169661.34,0.99,Oui
ORD02183,F007,DenimCo,Turquie,Textile,P007,Jeans,2025-05-26,2025-06-12,14,17,3,636,128.47,81706.92,0.89,Oui
ORD02184,F002,RizImport SAS,Italie,Alimentaire,P002,Riz 1kg,2025-07-22,2025-07-27,5,5,0,1996,39.38,78602.48,0.96,Oui
ORD02185,F009,TVGlobal,Corée du Sud,Électronique,P009,TV 4K,2025-01-19,2025-02-15,25,27,2,1030,49.65,51139.5,0.81,Oui
ORD02186,F003,PâtesItalia,Italie,Alimentaire,P003,Pâtes 500g,2025-02-12,2025-02-20,4,8,4,1701,30.8,52390.8,0.86,Oui
ORD02187,F003,PâtesItalia,Italie,Alimentaire,P003,Pâtes 500g,2025-08-15,2025-08-22,4,7,3,1625,18.95,30793.75,0.98,Oui
ORD02188,F004,BeautyPro,Allemagne,Droguerie,P004,Shampoing,2025-04-18,2025-04-28,6,10,4,701,20.17,14139.17,0.75,Oui
ORD02189,F005,CleanHome,France,Droguerie,P005,Lessive,2025-03-31,2025-04-04,3,4,1,996,90.69,90327.24,0.91,Oui
ORD02190,F003,PâtesItalia,Italie,Alimentaire,P003,Pâtes 500g,2025-05-30,2025-06-06,4,7,3,180,101.74,18313.2,0.91,Oui
ORD02191,F008,TechDistrib,Chine,Électronique,P008,Smartphone,2025-01-13,2025-02-05,21,23,2,192,379.62,72887.04,0.9,Oui
ORD02192,F003,PâtesItalia,Italie,Alimentaire,P003,Pâtes 500g,2025-03-15,2025-03-22,4,7,3,700,25.99,18193.0,0.92,Oui
ORD02193,F009,TVGlobal,Corée du Sud,Électronique,P009,TV 4K,2025-01-09,2025-02-06,25,28,3,1525,76.88,117242.0,0.98,Oui
ORD02194,F003,PâtesItalia,Italie,Alimentaire,P003,Pâtes 500g,2025-02-23,2025-03-03,4,8,4,528,3.15,1663.2,0.75,Oui
ORD02195,F007,DenimCo,Turquie,Textile,P007,Jeans,2025-10-18,2025-10-31,14,13,0,1805,101.42,183063.1,0.91,Oui
ORD02196,F002,RizImport SAS,Italie,Alimentaire,P002,Riz 1kg,2025-01-11,2025-01-20,5,9,4,1737,409.91,712013.67,0.98,Oui
ORD02197,F005,CleanHome,France,Droguerie,P005,Lessive,2025-12-18,2025-12-24,3,6,3,842,202.63,170614.46,0.94,Oui
ORD02198,F010,AudioMax,Chine,Électronique,P010,Casque audio,2025-05-09,2025-05-28,18,19,1,1353,205.02,277392.06,0.98,Oui
ORD02199,F009,TVGlobal,Corée du Sud,Électronique,P009,TV 4K,2025-07-04,2025-07-29,25,25,0,345,129.45,44660.25,0.93,Non
ORD02200,F007,DenimCo,Turquie,Textile,P007,Jeans,2025-05-12,2025-05-26,14,14,0,803,333.13,267503.39,0.86,Oui
ORD02201,F001,LaLaiterie SA,France,Alimentaire,P001,Lait demi-écrémé,2025-08-24,2025-08-28,2,4,2,1505,395.97,595934.85,0.96,Non
ORD02202,F003,PâtesItalia,Italie,Alimentaire,P003,Pâtes 500g,2025-11-17,2025-11-22,4,5,1,476,423.88,201766.88,0.86,Oui
ORD02203,F008,TechDistrib,Chine,Électronique,P008,Smartphone,2025-08-16,2025-09-08,21,23,2,999,163.92,163756.08,0.83,Oui
ORD02204,F009,TVGlobal,Corée du Sud,Électronique,P009,TV 4K,2025-04-16,2025-05-11,25,25,0,494,320.81,158480.14,0.89,Non
ORD02205,F010,AudioMax,Chine,Électronique,P010,Casque audio,2025-07-06,2025-07-26,18,20,2,1172,388.17,454935.24,0.95,Oui
ORD02206,F005,CleanHome,France,Droguerie,P005,Lessive,2025-04-20,2025-04-25,3,5,2,339,211.87,71823.93,0.89,Oui
ORD02207,F010,AudioMax,Chine,Électronique,P010,Casque audio,2025-07-31,2025-08-17,18,17,0,458,98.12,44938.96,0.89,Oui
ORD02208,F007,DenimCo,Turquie,Textile,P007,Jeans,2025-09-22,2025-10-08,14,16,2,419,424.47,177852.93,0.76,Oui
ORD02209,F010,AudioMax,Chine,Électronique,P010,Casque audio,2025-12-08,2025-12-26,18,18,0,609,442.64,269567.76,0.92,Oui
ORD02210,F007,DenimCo,Turquie,Textile,P007,Jeans,2025-10-22,2025-11-05,14,14,0,358,185.37,66362.46,0.87,Oui
ORD02211,F003,PâtesItalia,Italie,Alimentaire,P003,Pâtes 500g,2025-09-07,2025-09-12,4,5,1,1300,419.89,545857.0,0.9,Oui
ORD02212,F001,LaLaiterie SA,France,Alimentaire,P001,Lait demi-écrémé,2025-12-13,2025-12-14,2,1,0,1661,29.88,49630.68,0.76,Non
ORD02213,F001,LaLaiterie SA,France,Alimentaire,P001,Lait demi-écrémé,2025-06-19,2025-06-20,2,1,0,691,419.24,289694.84,0.84,Oui
ORD02214,F004,BeautyPro,Allemagne,Droguerie,P004,Shampoing,2025-06-07,2025-06-12,6,5,0,793,280.64,222547.52,0.83,Oui
ORD02215,F008,TechDistrib,Chine,Électronique,P008,Smartphone,2025-09-01,2025-09-23,21,22,1,1490,79.26,118097.4,0.83,Oui
ORD02216,F003,PâtesItalia,Italie,Alimentaire,P003,Pâtes 500g,2025-03-19,2025-03-23,4,4,0,900,53.74,48366.0,0.98,Oui
ORD02217,F009,TVGlobal,Corée du Sud,Électronique,P009,TV 4K,2025-10-10,2025-11-08,25,29,4,1011,315.09,318555.99,0.82,Oui
ORD02218,F004,BeautyPro,Allemagne,Droguerie,P004,Shampoing,2025-02-28,2025-03-10,6,10,4,1986,66.42,131910.12,0.86,Oui
ORD02219,F003,PâtesItalia,Italie,Alimentaire,P003,Pâtes 500g,2025-07-15,2025-07-21,4,6,2,826,214.86,177474.36,0.94,Oui
ORD02220,F006,FashionBasic,Portugal,Textile,P006,T-shirt homme,2025-08-14,2025-08-27,10,13,3,1221,82.23,100402.83,0.97,Non
ORD02221,F010,AudioMax,Chine,Électronique,P010,Casque audio,2025-06-26,2025-07-15,18,19,1,224,398.98,89371.52,0.77,Oui
ORD02222,F005,CleanHome,France,Droguerie,P005,Lessive,2025-12-13,2025-12-18,3,5,2,1927,67.69,130438.63,1.0,Oui
ORD02223,F004,BeautyPro,Allemagne,Droguerie,P004,Shampoing,2025-11-21,2025-11-28,6,7,1,648,320.28,207541.44,0.99,Oui
ORD02224,F010,AudioMax,Chine,Électronique,P010,Casque audio,2025-09-11,2025-09-28,18,17,0,1323,401.03,530562.69,0.85,Oui
ORD02225,F005,CleanHome,France,Droguerie,P005,Lessive,2025-04-09,2025-04-15,3,6,3,623,441.93,275322.39,0.98,Oui
ORD02226,F006,FashionBasic,Portugal,Textile,P006,T-shirt homme,2025-03-27,2025-04-05,10,9,0,1379,107.84,148711.36,0.83,Oui
ORD02227,F007,DenimCo,Turquie,Textile,P007,Jeans,2025-06-22,2025-07-05,14,13,0,608,337.62,205272.96,0.94,Oui
ORD02228,F002,RizImport SAS,Italie,Alimentaire,P002,Riz 1kg,2025-06-20,2025-06-28,5,8,3,114,59.23,6752.22,0.99,Oui
ORD02229,F010,AudioMax,Chine,Électronique,P010,Casque audio,2025-01-10,2025-01-29,18,19,1,829,90.24,74808.96,0.87,Oui
ORD02230,F005,CleanHome,France,Droguerie,P005,Lessive,2025-12-23,2025-12-28,3,5,2,737,165.37,121877.69,0.88,Non
ORD02231,F007,DenimCo,Turquie,Textile,P007,Jeans,2025-07-28,2025-08-15,14,18,4,750,59.99,44992.5,0.84,Oui
ORD02232,F004,BeautyPro,Allemagne,Droguerie,P004,Shampoing,2025-09-08,2025-09-15,6,7,1,596,37.95,22618.2,0.86,Oui
ORD02233,F006,FashionBasic,Portugal,Textile,P006,T-shirt homme,2025-09-18,2025-09-27,10,9,0,97,364.93,35398.21,0.95,Oui
ORD02234,F002,RizImport SAS,Italie,Alimentaire,P002,Riz 1kg,2025-04-01,2025-04-07,5,6,1,183,69.73,12760.59,0.95,Oui
ORD02235,F002,RizImport SAS,Italie,Alimentaire,P002,Riz 1kg,2025-01-05,2025-01-14,5,9,4,77,331.56,25530.12,0.84,Oui
ORD02236,F002,RizImport SAS,Italie,Alimentaire,P002,Riz 1kg,2025-03-21,2025-03-29,5,8,3,1332,434.56,578833.92,0.99,Oui
ORD02237,F006,FashionBasic,Portugal,Textile,P006,T-shirt homme,2025-12-07,2025-12-16,10,9,0,1304,55.33,72150.32,0.93,Oui
ORD02238,F002,RizImport SAS,Italie,Alimentaire,P002,Riz 1kg,2025-04-06,2025-04-10,5,4,0,1520,428.15,650788.0,0.75,Oui
ORD02239,F004,BeautyPro,Allemagne,Droguerie,P004,Shampoing,2025-04-18,2025-04-23,6,5,0,1518,36.2,54951.6,0.83,Oui
ORD02240,F008,TechDistrib,Chine,Électronique,P008,Smartphone,2025-04-12,2025-05-07,21,25,4,1064,272.65,290099.6,0.8,Oui
ORD02241,F010,AudioMax,Chine,Électronique,P010,Casque audio,2025-02-01,2025-02-21,18,20,2,428,228.66,97866.48,0.77,Non
ORD02242,F005,CleanHome,France,Droguerie,P005,Lessive,2025-03-15,2025-03-21,3,6,3,1228,437.74,537544.72,0.92,Oui
ORD02243,F002,RizImport SAS,Italie,Alimentaire,P002,Riz 1kg,2025-04-07,2025-04-12,5,5,0,1787,144.97,259061.39,1.0,Oui
ORD02244,F010,AudioMax,Chine,Électronique,P010,Casque audio,2025-06-01,2025-06-22,18,21,3,894,228.24,204046.56,0.82,Oui
ORD02245,F006,FashionBasic,Portugal,Textile,P006,T-shirt homme,2025-05-04,2025-05-17,10,13,3,64,294.85,18870.4,0.99,Oui
ORD02246,F003,PâtesItalia,Italie,Alimentaire,P003,Pâtes 500g,2025-02-03,2025-02-06,4,3,0,178,222.52,39608.56,0.98,Oui
ORD02247,F007,DenimCo,Turquie,Textile,P007,Jeans,2025-02-10,2025-02-28,14,18,4,1615,404.44,653170.6,0.86,Non
ORD02248,F002,RizImport SAS,Italie,Alimentaire,P002,Riz 1kg,2025-06-13,2025-06-21,5,8,3,1629,412.39,671783.31,0.84,Oui
ORD02249,F002,RizImport SAS,Italie,Alimentaire,P002,Riz 1kg,2025-10-19,2025-10-25,5,6,1,1539,377.96,581680.44,0.86,Oui
ORD02250,F008,TechDistrib,Chine,Électronique,P008,Smartphone,2025-07-09,2025-08-01,21,23,2,664,343.65,228183.6,0.83,Non
ORD02251,F004,BeautyPro,Allemagne,Droguerie,P004,Shampoing,2025-04-27,2025-05-06,6,9,3,399,19.69,7856.31,0.84,Oui
ORD02252,F008,TechDistrib,Chine,Électronique,P008,Smartphone,2025-06-16,2025-07-09,21,23,2,999,390.97,390579.03,0.87,Oui
ORD02253,F007,DenimCo,Turquie,Textile,P007,Jeans,2025-08-03,2025-08-16,14,13,0,1838,63.17,116106.46,0.83,Non
ORD02254,F003,PâtesItalia,Italie,Alimentaire,P003,Pâtes 500g,2025-07-24,2025-07-29,4,5,1,78,195.75,15268.5,0.95,Oui
ORD02255,F003,PâtesItalia,Italie,Alimentaire,P003,Pâtes 500g,2025-10-31,2025-11-04,4,4,0,494,43.13,21306.22,0.85,Oui
ORD02256,F006,FashionBasic,Portugal,Textile,P006,T-shirt homme,2025-04-12,2025-04-21,10,9,0,1068,176.81,188833.08,0.83,Non
ORD02257,F009,TVGlobal,Corée du Sud,Électronique,P009,TV 4K,2025-05-23,2025-06-17,25,25,0,439,219.2,96228.8,0.93,Oui
ORD02258,F003,PâtesItalia,Italie,Alimentaire,P003,Pâtes 500g,2025-09-07,2025-09-15,4,8,4,172,159.34,27406.48,0.78,Non
ORD02259,F008,TechDistrib,Chine,Électronique,P008,Smartphone,2025-11-08,2025-11-30,21,22,1,339,106.2,36001.8,0.99,Oui
ORD02260,F007,DenimCo,Turquie,Textile,P007,Jeans,2025-09-09,2025-09-22,14,13,0,680,284.36,193364.8,0.83,Oui
ORD02261,F010,AudioMax,Chine,Électronique,P010,Casque audio,2025-08-08,2025-08-29,18,21,3,299,269.8,80670.2,0.88,Oui
ORD02262,F006,FashionBasic,Portugal,Textile,P006,T-shirt homme,2025-12-19,2025-12-29,10,10,0,806,254.61,205215.66,0.87,Oui
ORD02263,F006,FashionBasic,Portugal,Textile,P006,T-shirt homme,2025-08-02,2025-08-12,10,10,0,478,425.09,203193.02,0.92,Oui
ORD02264,F006,FashionBasic,Portugal,Textile,P006,T-shirt homme,2025-11-21,2025-12-03,10,12,2,1661,126.6,210282.6,0.84,Oui
ORD02265,F004,BeautyPro,Allemagne,Droguerie,P004,Shampoing,2025-03-07,2025-03-14,6,7,1,1650,284.89,470068.5,0.99,Oui
ORD02266,F010,AudioMax,Chine,Électronique,P010,Casque audio,2025-11-09,2025-11-27,18,18,0,1715,368.94,632732.1,0.87,Oui
ORD02267,F001,LaLaiterie SA,France,Alimentaire,P001,Lait demi-écrémé,2025-06-10,2025-06-15,2,5,3,1853,43.46,80531.38,0.94,Oui
ORD02268,F002,RizImport SAS,Italie,Alimentaire,P002,Riz 1kg,2025-09-28,2025-10-05,5,7,2,997,271.37,270555.89,0.97,Non
ORD02269,F005,CleanHome,France,Droguerie,P005,Lessive,2025-02-04,2025-02-09,3,5,2,847,349.96,296416.12,0.95,Oui
ORD02270,F003,PâtesItalia,Italie,Alimentaire,P003,Pâtes 500g,2025-07-06,2025-07-09,4,3,0,1020,111.34,113566.8,0.91,Oui
ORD02271,F010,AudioMax,Chine,Électronique,P010,Casque audio,2025-09-05,2025-09-26,18,21,3,349,352.77,123116.73,0.99,Oui
ORD02272,F006,FashionBasic,Portugal,Textile,P006,T-shirt homme,2025-11-06,2025-11-19,10,13,3,459,370.95,170266.05,0.91,Non
ORD02273,F010,AudioMax,Chine,Électronique,P010,Casque audio,2025-11-06,2025-11-23,18,17,0,655,330.17,216261.35,0.93,Oui
ORD02274,F009,TVGlobal,Corée du Sud,Électronique,P009,TV 4K,2025-05-25,2025-06-19,25,25,0,1669,169.52,282928.88,0.93,Oui
ORD02275,F005,CleanHome,France,Droguerie,P005,Lessive,2025-05-14,2025-05-17,3,3,0,345,133.6,46092.0,0.76,Oui
ORD02276,F007,DenimCo,Turquie,Textile,P007,Jeans,2025-02-10,2025-02-25,14,15,1,1002,349.22,349918.44,1.0,Oui
ORD02277,F007,DenimCo,Turquie,Textile,P007,Jeans,2025-10-12,2025-10-26,14,14,0,1266,200.14,253377.24,0.83,Non
ORD02278,F008,TechDistrib,Chine,Électronique,P008,Smartphone,2025-05-22,2025-06-12,21,21,0,1496,273.14,408617.44,0.82,Oui
ORD02279,F006,FashionBasic,Portugal,Textile,P006,T-shirt homme,2025-01-09,2025-01-18,10,9,0,157,390.55,61316.35,0.89,Oui
ORD02280,F006,FashionBasic,Portugal,Textile,P006,T-shirt homme,2025-07-12,2025-07-25,10,13,3,102,283.19,28885.38,0.91,Oui
ORD02281,F006,FashionBasic,Portugal,Textile,P006,T-shirt homme,2025-11-10,2025-11-19,10,9,0,1368,127.67,174652.56,0.89,Oui
ORD02282,F009,TVGlobal,Corée du Sud,Électronique,P009,TV 4K,2025-01-29,2025-02-27,25,29,4,1518,321.29,487718.22,0.87,Non
ORD02283,F003,PâtesItalia,Italie,Alimentaire,P003,Pâtes 500g,2025-03-19,2025-03-22,4,3,0,1120,73.94,82812.8,0.93,Oui
ORD02284,F006,FashionBasic,Portugal,Textile,P006,T-shirt homme,2025-07-02,2025-07-13,10,11,1,216,185.98,40171.68,0.94,Oui
ORD02285,F009,TVGlobal,Corée du Sud,Électronique,P009,TV 4K,2025-02-01,2025-03-01,25,28,3,902,289.0,260678.0,0.85,Oui
ORD02286,F002,RizImport SAS,Italie,Alimentaire,P002,Riz 1kg,2025-04-17,2025-04-24,5,7,2,375,52.3,19612.5,0.98,Oui
ORD02287,F004,BeautyPro,Allemagne,Droguerie,P004,Shampoing,2025-01-29,2025-02-08,6,10,4,1449,251.18,363959.82,0.76,Oui
ORD02288,F004,BeautyPro,Allemagne,Droguerie,P004,Shampoing,2025-09-03,2025-09-08,6,5,0,136,98.94,13455.84,0.81,Oui
ORD02289,F003,PâtesItalia,Italie,Alimentaire,P003,Pâtes 500g,2025-09-14,2025-09-19,4,5,1,711,174.69,124204.59,0.91,Oui
ORD02290,F009,TVGlobal,Corée du Sud,Électronique,P009,TV 4K,2025-05-29,2025-06-25,25,27,2,98,301.5,29547.0,0.92,Oui
ORD02291,F001,LaLaiterie SA,France,Alimentaire,P001,Lait demi-écrémé,2025-04-13,2025-04-18,2,5,3,123,94.37,11607.51,0.9,Oui
ORD02292,F002,RizImport SAS,Italie,Alimentaire,P002,Riz 1kg,2025-10-25,2025-10-31,5,6,1,1092,404.41,441615.72,0.79,Oui
ORD02293,F009,TVGlobal,Corée du Sud,Électronique,P009,TV 4K,2025-01-04,2025-02-02,25,29,4,1574,280.44,441412.56,0.82,Oui
ORD02294,F007,DenimCo,Turquie,Textile,P007,Jeans,2025-03-23,2025-04-06,14,14,0,1594,273.62,436150.28,0.83,Oui
ORD02295,F005,CleanHome,France,Droguerie,P005,Lessive,2025-07-21,2025-07-23,3,2,0,1382,128.78,177973.96,0.76,Oui
ORD02296,F009,TVGlobal,Corée du Sud,Électronique,P009,TV 4K,2025-07-27,2025-08-21,25,25,0,428,51.16,21896.48,0.85,Oui
ORD02297,F004,BeautyPro,Allemagne,Droguerie,P004,Shampoing,2025-04-13,2025-04-22,6,9,3,1556,336.4,523438.4,0.96,Oui
ORD02298,F010,AudioMax,Chine,Électronique,P010,Casque audio,2025-06-05,2025-06-24,18,19,1,999,24.94,24915.06,0.91,Oui
ORD02299,F005,CleanHome,France,Droguerie,P005,Lessive,2025-04-22,2025-04-28,3,6,3,98,139.8,13700.4,0.8,Oui
ORD02300,F006,FashionBasic,Portugal,Textile,P006,T-shirt homme,2025-04-16,2025-04-28,10,12,2,1989,324.11,644654.79,0.93,Oui
ORD02301,F007,DenimCo,Turquie,Textile,P007,Jeans,2025-11-05,2025-11-19,14,14,0,1935,221.51,428621.85,0.89,Oui
ORD02302,F004,BeautyPro,Allemagne,Droguerie,P004,Shampoing,2025-02-09,2025-02-18,6,9,3,269,398.04,107072.76,0.96,Oui
ORD02303,F001,LaLaiterie SA,France,Alimentaire,P001,Lait demi-écrémé,2025-05-21,2025-05-22,2,1,0,671,200.55,134569.05,0.93,Non
ORD02304,F002,RizImport SAS,Italie,Alimentaire,P002,Riz 1kg,2025-01-28,2025-02-03,5,6,1,490,290.77,142477.3,0.99,Oui
ORD02305,F006,FashionBasic,Portugal,Textile,P006,T-shirt homme,2025-02-08,2025-02-19,10,11,1,905,294.3,266341.5,0.82,Oui
ORD02306,F002,RizImport SAS,Italie,Alimentaire,P002,Riz 1kg,2025-06-04,2025-06-09,5,5,0,588,205.89,121063.32,0.98,Non
ORD02307,F004,BeautyPro,Allemagne,Droguerie,P004,Shampoing,2025-03-03,2025-03-13,6,10,4,1574,428.62,674647.88,0.95,Oui
ORD02308,F008,TechDistrib,Chine,Électronique,P008,Smartphone,2025-03-31,2025-04-20,21,20,0,280,39.2,10976.0,0.81,Oui
ORD02309,F010,AudioMax,Chine,Électronique,P010,Casque audio,2025-12-22,2026-01-12,18,21,3,609,121.9,74237.1,0.93,Oui
ORD02310,F003,PâtesItalia,Italie,Alimentaire,P003,Pâtes 500g,2025-04-21,2025-04-24,4,3,0,864,305.27,263753.28,0.76,Oui
ORD02311,F008,TechDistrib,Chine,Électronique,P008,Smartphone,2025-07-31,2025-08-21,21,21,0,77,259.75,20000.75,0.76,Oui
ORD02312,F005,CleanHome,France,Droguerie,P005,Lessive,2025-12-30,2026-01-03,3,4,1,1522,215.89,328584.58,0.95,Oui
ORD02313,F005,CleanHome,France,Droguerie,P005,Lessive,2025-04-07,2025-04-10,3,3,0,1462,201.87,295133.94,0.75,Oui
ORD02314,F010,AudioMax,Chine,Électronique,P010,Casque audio,2025-08-11,2025-09-01,18,21,3,1999,316.47,632623.53,0.95,Oui
ORD02315,F001,LaLaiterie SA,France,Alimentaire,P001,Lait demi-écrémé,2025-05-27,2025-05-30,2,3,1,231,269.32,62212.92,0.86,Oui
ORD02316,F003,PâtesItalia,Italie,Alimentaire,P003,Pâtes 500g,2025-07-11,2025-07-19,4,8,4,1896,167.39,317371.44,0.89,Oui
ORD02317,F006,FashionBasic,Portugal,Textile,P006,T-shirt homme,2025-07-28,2025-08-07,10,10,0,1238,181.1,224201.8,0.87,Oui
ORD02318,F005,CleanHome,France,Droguerie,P005,Lessive,2025-03-17,2025-03-24,3,7,4,1589,400.3,636076.7,0.92,Oui
ORD02319,F007,DenimCo,Turquie,Textile,P007,Jeans,2025-02-14,2025-03-03,14,17,3,568,398.21,226183.28,0.83,Oui
ORD02320,F008,TechDistrib,Chine,Électronique,P008,Smartphone,2025-08-19,2025-09-12,21,24,3,1814,306.31,555646.34,0.97,Oui
ORD02321,F003,PâtesItalia,Italie,Alimentaire,P003,Pâtes 500g,2025-11-03,2025-11-08,4,5,1,1156,284.9,329344.4,0.94,Oui
ORD02322,F010,AudioMax,Chine,Électronique,P010,Casque audio,2025-03-13,2025-03-31,18,18,0,1738,312.1,542429.8,0.77,Oui
ORD02323,F002,RizImport SAS,Italie,Alimentaire,P002,Riz 1kg,2025-09-14,2025-09-22,5,8,3,135,234.05,31596.75,0.89,Oui
ORD02324,F009,TVGlobal,Corée du Sud,Électronique,P009,TV 4K,2025-12-07,2026-01-01,25,25,0,1564,102.44,160216.16,0.93,Oui
ORD02325,F002,RizImport SAS,Italie,Alimentaire,P002,Riz 1kg,2025-06-16,2025-06-25,5,9,4,1763,358.71,632405.73,0.89,Oui
ORD02326,F007,DenimCo,Turquie,Textile,P007,Jeans,2025-04-23,2025-05-10,14,17,3,769,337.55,259575.95,0.92,Non
ORD02327,F004,BeautyPro,Allemagne,Droguerie,P004,Shampoing,2025-11-24,2025-12-04,6,10,4,979,70.49,69009.71,0.92,Oui
ORD02328,F001,LaLaiterie SA,France,Alimentaire,P001,Lait demi-écrémé,2025-09-16,2025-09-17,2,1,0,1064,65.39,69574.96,0.77,Non
ORD02329,F004,BeautyPro,Allemagne,Droguerie,P004,Shampoing,2025-07-27,2025-08-03,6,7,1,1740,94.56,164534.4,0.91,Non
ORD02330,F004,BeautyPro,Allemagne,Droguerie,P004,Shampoing,2025-01-13,2025-01-18,6,5,0,113,133.45,15079.85,0.8,Oui
ORD02331,F002,RizImport SAS,Italie,Alimentaire,P002,Riz 1kg,2025-02-04,2025-02-10,5,6,1,976,427.98,417708.48,0.86,Oui
ORD02332,F007,DenimCo,Turquie,Textile,P007,Jeans,2025-01-06,2025-01-24,14,18,4,1273,135.45,172427.85,0.85,Oui
ORD02333,F007,DenimCo,Turquie,Textile,P007,Jeans,2025-11-14,2025-12-01,14,17,3,1933,215.56,416677.48,0.9,Oui
ORD02334,F008,TechDistrib,Chine,Électronique,P008,Smartphone,2025-01-17,2025-02-09,21,23,2,704,158.5,111584.0,0.81,Oui
ORD02335,F007,DenimCo,Turquie,Textile,P007,Jeans,2025-10-03,2025-10-16,14,13,0,915,310.02,283668.3,0.91,Oui
ORD02336,F008,TechDistrib,Chine,Électronique,P008,Smartphone,2025-01-14,2025-02-06,21,23,2,129,433.26,55890.54,0.94,Oui
ORD02337,F005,CleanHome,France,Droguerie,P005,Lessive,2025-10-06,2025-10-08,3,2,0,219,110.8,24265.2,0.96,Oui
ORD02338,F002,RizImport SAS,Italie,Alimentaire,P002,Riz 1kg,2025-08-21,2025-08-28,5,7,2,1584,152.15,241005.6,0.9,Oui
ORD02339,F006,FashionBasic,Portugal,Textile,P006,T-shirt homme,2025-06-08,2025-06-21,10,13,3,1641,316.97,520147.77,0.86,Oui
ORD02340,F002,RizImport SAS,Italie,Alimentaire,P002,Riz 1kg,2025-01-06,2025-01-15,5,9,4,312,267.25,83382.0,0.92,Oui
ORD02341,F009,TVGlobal,Corée du Sud,Électronique,P009,TV 4K,2025-08-16,2025-09-09,25,24,0,1078,81.96,88352.88,0.82,Oui
ORD02342,F009,TVGlobal,Corée du Sud,Électronique,P009,TV 4K,2025-12-01,2025-12-30,25,29,4,149,114.32,17033.68,0.78,Oui
ORD02343,F003,PâtesItalia,Italie,Alimentaire,P003,Pâtes 500g,2025-08-20,2025-08-25,4,5,1,1798,73.65,132422.7,0.82,Oui
ORD02344,F002,RizImport SAS,Italie,Alimentaire,P002,Riz 1kg,2025-12-18,2025-12-23,5,5,0,1764,35.03,61792.92,0.87,Oui
ORD02345,F007,DenimCo,Turquie,Textile,P007,Jeans,2025-12-01,2025-12-15,14,14,0,1632,169.84,277178.88,0.83,Oui
ORD02346,F010,AudioMax,Chine,Électronique,P010,Casque audio,2025-09-10,2025-09-28,18,18,0,1511,200.38,302774.18,0.93,Oui
ORD02347,F002,RizImport SAS,Italie,Alimentaire,P002,Riz 1kg,2025-03-26,2025-03-31,5,5,0,320,333.29,106652.8,0.99,Oui
ORD02348,F008,TechDistrib,Chine,Électronique,P008,Smartphone,2025-09-12,2025-10-04,21,22,1,1676,314.67,527386.92,0.76,Oui
ORD02349,F006,FashionBasic,Portugal,Textile,P006,T-shirt homme,2025-11-22,2025-12-05,10,13,3,267,188.67,50374.89,0.76,Oui
ORD02350,F007,DenimCo,Turquie,Textile,P007,Jeans,2025-02-04,2025-02-17,14,13,0,228,118.62,27045.36,0.99,Oui
ORD02351,F007,DenimCo,Turquie,Textile,P007,Jeans,2025-09-17,2025-10-01,14,14,0,1906,417.58,795907.48,0.78,Oui
ORD02352,F002,RizImport SAS,Italie,Alimentaire,P002,Riz 1kg,2025-10-20,2025-10-25,5,5,0,1411,88.83,125339.13,0.91,Oui
ORD02353,F009,TVGlobal,Corée du Sud,Électronique,P009,TV 4K,2025-05-15,2025-06-11,25,27,2,186,436.9,81263.4,0.91,Oui
ORD02354,F002,RizImport SAS,Italie,Alimentaire,P002,Riz 1kg,2025-10-14,2025-10-18,5,4,0,525,91.5,48037.5,0.83,Oui
ORD02355,F007,DenimCo,Turquie,Textile,P007,Jeans,2025-01-06,2025-01-21,14,15,1,172,229.83,39530.76,0.75,Oui
ORD02356,F005,CleanHome,France,Droguerie,P005,Lessive,2025-10-27,2025-11-02,3,6,3,68,136.85,9305.8,0.95,Oui
ORD02357,F004,BeautyPro,Allemagne,Droguerie,P004,Shampoing,2025-09-03,2025-09-09,6,6,0,436,298.98,130355.28,0.87,Oui
ORD02358,F003,PâtesItalia,Italie,Alimentaire,P003,Pâtes 500g,2025-07-18,2025-07-25,4,7,3,1347,282.35,380325.45,0.96,Oui
ORD02359,F003,PâtesItalia,Italie,Alimentaire,P003,Pâtes 500g,2025-09-19,2025-09-23,4,4,0,1813,342.35,620680.55,0.87,Non
ORD02360,F002,RizImport SAS,Italie,Alimentaire,P002,Riz 1kg,2025-10-17,2025-10-22,5,5,0,555,282.31,156682.05,0.85,Oui
ORD02361,F004,BeautyPro,Allemagne,Droguerie,P004,Shampoing,2025-05-15,2025-05-23,6,8,2,172,338.69,58254.68,0.76,Oui
ORD02362,F007,DenimCo,Turquie,Textile,P007,Jeans,2025-01-15,2025-01-29,14,14,0,1425,327.06,466060.5,0.84,Oui
ORD02363,F004,BeautyPro,Allemagne,Droguerie,P004,Shampoing,2025-03-07,2025-03-15,6,8,2,1309,427.25,559270.25,0.88,Oui
ORD02364,F003,PâtesItalia,Italie,Alimentaire,P003,Pâtes 500g,2025-05-04,2025-05-11,4,7,3,1117,129.79,144975.43,0.94,Oui
ORD02365,F001,LaLaiterie SA,France,Alimentaire,P001,Lait demi-écrémé,2025-08-02,2025-08-03,2,1,0,1200,38.64,46368.0,0.97,Oui
ORD02366,F001,LaLaiterie SA,France,Alimentaire,P001,Lait demi-écrémé,2025-07-09,2025-07-12,2,3,1,855,126.73,108354.15,0.91,Non
ORD02367,F006,FashionBasic,Portugal,Textile,P006,T-shirt homme,2025-06-05,2025-06-18,10,13,3,1289,147.53,190166.17,0.83,Non
ORD02368,F009,TVGlobal,Corée du Sud,Électronique,P009,TV 4K,2025-09-07,2025-10-04,25,27,2,1601,392.09,627736.09,0.92,Oui
ORD02369,F010,AudioMax,Chine,Électronique,P010,Casque audio,2025-11-03,2025-11-25,18,22,4,1659,258.51,428868.09,0.87,Oui
ORD02370,F008,TechDistrib,Chine,Électronique,P008,Smartphone,2025-06-25,2025-07-19,21,24,3,1108,277.56,307536.48,0.77,Oui
ORD02371,F005,CleanHome,France,Droguerie,P005,Lessive,2025-05-28,2025-06-03,3,6,3,1101,102.92,113314.92,0.98,Oui
ORD02372,F004,BeautyPro,Allemagne,Droguerie,P004,Shampoing,2025-10-17,2025-10-23,6,6,0,763,437.57,333865.91,0.8,Oui
ORD02373,F007,DenimCo,Turquie,Textile,P007,Jeans,2025-05-23,2025-06-07,14,15,1,1274,191.02,243359.48,0.91,Oui
ORD02374,F003,PâtesItalia,Italie,Alimentaire,P003,Pâtes 500g,2025-12-19,2025-12-24,4,5,1,439,309.35,135804.65,0.84,Oui
ORD02375,F006,FashionBasic,Portugal,Textile,P006,T-shirt homme,2025-04-15,2025-04-27,10,12,2,1241,234.29,290753.89,0.78,Oui
ORD02376,F005,CleanHome,France,Droguerie,P005,Lessive,2025-11-23,2025-11-26,3,3,0,471,269.36,126868.56,0.91,Oui
ORD02377,F008,TechDistrib,Chine,Électronique,P008,Smartphone,2025-07-11,2025-08-01,21,21,0,852,218.21,185914.92,0.82,Oui
ORD02378,F009,TVGlobal,Corée du Sud,Électronique,P009,TV 4K,2025-06-24,2025-07-19,25,25,0,571,272.89,155820.19,0.81,Non
ORD02379,F009,TVGlobal,Corée du Sud,Électronique,P009,TV 4K,2025-07-21,2025-08-14,25,24,0,186,85.42,15888.12,0.98,Non
ORD02380,F008,TechDistrib,Chine,Électronique,P008,Smartphone,2025-10-09,2025-11-02,21,24,3,1731,125.05,216461.55,0.89,Oui
ORD02381,F001,LaLaiterie SA,France,Alimentaire,P001,Lait demi-écrémé,2025-08-07,2025-08-13,2,6,4,1052,268.07,282009.64,0.87,Oui
ORD02382,F002,RizImport SAS,Italie,Alimentaire,P002,Riz 1kg,2025-03-13,2025-03-18,5,5,0,301,162.92,49038.92,0.95,Oui
ORD02383,F002,RizImport SAS,Italie,Alimentaire,P002,Riz 1kg,2025-05-23,2025-05-27,5,4,0,1173,241.08,282786.84,0.78,Oui
ORD02384,F007,DenimCo,Turquie,Textile,P007,Jeans,2025-04-15,2025-04-28,14,13,0,1875,297.3,557437.5,0.76,Oui
ORD02385,F010,AudioMax,Chine,Électronique,P010,Casque audio,2025-05-22,2025-06-10,18,19,1,930,108.69,101081.7,0.81,Oui
ORD02386,F005,CleanHome,France,Droguerie,P005,Lessive,2025-10-10,2025-10-14,3,4,1,1771,106.74,189036.54,0.76,Oui
ORD02387,F004,BeautyPro,Allemagne,Droguerie,P004,Shampoing,2025-03-29,2025-04-06,6,8,2,466,244.0,113704.0,0.75,Oui
ORD02388,F010,AudioMax,Chine,Électronique,P010,Casque audio,2025-11-11,2025-11-30,18,19,1,1707,219.07,373952.49,0.77,Oui
ORD02389,F004,BeautyPro,Allemagne,Droguerie,P004,Shampoing,2025-05-04,2025-05-12,6,8,2,1298,74.96,97298.08,0.79,Oui
ORD02390,F002,RizImport SAS,Italie,Alimentaire,P002,Riz 1kg,2025-01-02,2025-01-07,5,5,0,1424,139.17,198178.08,0.89,Oui
ORD02391,F007,DenimCo,Turquie,Textile,P007,Jeans,2025-08-17,2025-08-31,14,14,0,525,45.61,23945.25,0.77,Oui
ORD02392,F008,TechDistrib,Chine,Électronique,P008,Smartphone,2025-03-18,2025-04-12,21,25,4,1868,173.32,323761.76,0.9,Oui
ORD02393,F009,TVGlobal,Corée du Sud,Électronique,P009,TV 4K,2025-05-20,2025-06-14,25,25,0,1855,303.15,562343.25,0.86,Oui
ORD02394,F006,FashionBasic,Portugal,Textile,P006,T-shirt homme,2025-06-14,2025-06-23,10,9,0,1072,228.65,245112.8,0.85,Oui
ORD02395,F004,BeautyPro,Allemagne,Droguerie,P004,Shampoing,2025-07-10,2025-07-16,6,6,0,1490,35.27,52552.3,0.96,Oui
ORD02396,F003,PâtesItalia,Italie,Alimentaire,P003,Pâtes 500g,2025-07-26,2025-07-30,4,4,0,496,141.74,70303.04,0.85,Oui
ORD02397,F005,CleanHome,France,Droguerie,P005,Lessive,2025-04-29,2025-05-04,3,5,2,1279,395.04,505256.16,0.99,Oui
ORD02398,F010,AudioMax,Chine,Électronique,P010,Casque audio,2025-05-05,2025-05-27,18,22,4,1478,29.58,43719.24,0.93,Oui
ORD02399,F010,AudioMax,Chine,Électronique,P010,Casque audio,2025-06-26,2025-07-15,18,19,1,830,9.71,8059.3,0.86,Oui
ORD02400,F007,DenimCo,Turquie,Textile,P007,Jeans,2025-02-15,2025-03-03,14,16,2,572,157.03,89821.16,0.82,Oui
ORD02401,F005,CleanHome,France,Droguerie,P005,Lessive,2025-09-03,2025-09-06,3,3,0,395,99.0,39105.0,0.9,Oui
ORD02402,F009,TVGlobal,Corée du Sud,Électronique,P009,TV 4K,2025-04-11,2025-05-05,25,24,0,831,164.38,136599.78,0.94,Oui
ORD02403,F003,PâtesItalia,Italie,Alimentaire,P003,Pâtes 500g,2025-02-17,2025-02-24,4,7,3,1474,248.99,367011.26,0.81,Oui
ORD02404,F005,CleanHome,France,Droguerie,P005,Lessive,2025-08-20,2025-08-23,3,3,0,650,64.16,41704.0,0.86,Oui
ORD02405,F003,PâtesItalia,Italie,Alimentaire,P003,Pâtes 500g,2025-04-28,2025-05-04,4,6,2,688,75.4,51875.2,0.77,Oui
ORD02406,F010,AudioMax,Chine,Électronique,P010,Casque audio,2025-01-27,2025-02-17,18,21,3,1390,352.5,489975.0,0.97,Oui
ORD02407,F003,PâtesItalia,Italie,Alimentaire,P003,Pâtes 500g,2025-05-28,2025-06-04,4,7,3,1013,423.94,429451.22,0.97,Oui
ORD02408,F004,BeautyPro,Allemagne,Droguerie,P004,Shampoing,2025-11-05,2025-11-15,6,10,4,207,30.79,6373.53,0.78,Oui
ORD02409,F003,PâtesItalia,Italie,Alimentaire,P003,Pâtes 500g,2025-10-01,2025-10-04,4,3,0,1645,208.41,342834.45,0.94,Oui
ORD02410,F003,PâtesItalia,Italie,Alimentaire,P003,Pâtes 500g,2025-10-01,2025-10-05,4,4,0,553,354.22,195883.66,0.83,Oui
ORD02411,F005,CleanHome,France,Droguerie,P005,Lessive,2025-09-20,2025-09-22,3,2,0,1075,227.28,244326.0,0.76,Oui
ORD02412,F001,LaLaiterie SA,France,Alimentaire,P001,Lait demi-écrémé,2025-08-29,2025-08-31,2,2,0,1783,59.96,106908.68,0.97,Oui
ORD02413,F010,AudioMax,Chine,Électronique,P010,Casque audio,2025-05-23,2025-06-12,18,20,2,553,205.0,113365.0,0.93,Oui
ORD02414,F003,PâtesItalia,Italie,Alimentaire,P003,Pâtes 500g,2025-11-24,2025-12-01,4,7,3,1595,19.5,31102.5,1.0,Oui
ORD02415,F005,CleanHome,France,Droguerie,P005,Lessive,2025-08-24,2025-08-30,3,6,3,1686,220.74,372167.64,0.94,Oui
ORD02416,F007,DenimCo,Turquie,Textile,P007,Jeans,2025-09-26,2025-10-12,14,16,2,1375,424.51,583701.25,0.84,Oui
ORD02417,F007,DenimCo,Turquie,Textile,P007,Jeans,2025-05-09,2025-05-26,14,17,3,1968,183.75,361620.0,0.88,Oui
ORD02418,F001,LaLaiterie SA,France,Alimentaire,P001,Lait demi-écrémé,2025-04-16,2025-04-17,2,1,0,1278,447.62,572058.36,0.96,Oui
ORD02419,F007,DenimCo,Turquie,Textile,P007,Jeans,2025-07-15,2025-07-31,14,16,2,663,168.44,111675.72,0.83,Oui
ORD02420,F001,LaLaiterie SA,France,Alimentaire,P001,Lait demi-écrémé,2025-04-21,2025-04-25,2,4,2,1637,287.48,470604.76,0.79,Oui
ORD02421,F003,PâtesItalia,Italie,Alimentaire,P003,Pâtes 500g,2025-11-29,2025-12-04,4,5,1,861,110.4,95054.4,0.75,Oui
ORD02422,F008,TechDistrib,Chine,Électronique,P008,Smartphone,2025-05-10,2025-06-02,21,23,2,867,210.12,182174.04,0.87,Oui
ORD02423,F008,TechDistrib,Chine,Électronique,P008,Smartphone,2025-03-08,2025-03-31,21,23,2,155,110.79,17172.45,0.79,Oui
ORD02424,F002,RizImport SAS,Italie,Alimentaire,P002,Riz 1kg,2025-06-01,2025-06-07,5,6,1,158,158.07,24975.06,0.98,Oui
ORD02425,F007,DenimCo,Turquie,Textile,P007,Jeans,2025-02-09,2025-02-26,14,17,3,652,159.97,104300.44,0.88,Oui
ORD02426,F008,TechDistrib,Chine,Électronique,P008,Smartphone,2025-02-04,2025-02-26,21,22,1,728,87.47,63678.16,0.98,Oui
ORD02427,F002,RizImport SAS,Italie,Alimentaire,P002,Riz 1kg,2025-03-16,2025-03-25,5,9,4,1506,252.93,380912.58,0.76,Oui
ORD02428,F009,TVGlobal,Corée du Sud,Électronique,P009,TV 4K,2025-07-10,2025-08-03,25,24,0,968,181.83,176011.44,0.95,Oui
ORD02429,F010,AudioMax,Chine,Électronique,P010,Casque audio,2025-06-17,2025-07-06,18,19,1,803,23.39,18782.17,0.88,Oui
ORD02430,F008,TechDistrib,Chine,Électronique,P008,Smartphone,2025-09-07,2025-09-30,21,23,2,1613,231.53,373457.89,0.92,Oui
ORD02431,F010,AudioMax,Chine,Électronique,P010,Casque audio,2025-09-17,2025-10-04,18,17,0,364,419.86,152829.04,0.84,Oui
ORD02432,F008,TechDistrib,Chine,Électronique,P008,Smartphone,2025-11-22,2025-12-14,21,22,1,344,64.42,22160.48,0.98,Oui
ORD02433,F007,DenimCo,Turquie,Textile,P007,Jeans,2025-05-22,2025-06-07,14,16,2,501,19.33,9684.33,0.83,Non
ORD02434,F004,BeautyPro,Allemagne,Droguerie,P004,Shampoing,2025-08-03,2025-08-12,6,9,3,446,188.21,83941.66,0.96,Oui
ORD02435,F009,TVGlobal,Corée du Sud,Électronique,P009,TV 4K,2025-10-18,2025-11-13,25,26,1,1926,95.17,183297.42,1.0,Oui
ORD02436,F001,LaLaiterie SA,France,Alimentaire,P001,Lait demi-écrémé,2025-05-16,2025-05-22,2,6,4,1038,354.26,367721.88,0.8,Oui
ORD02437,F003,PâtesItalia,Italie,Alimentaire,P003,Pâtes 500g,2025-12-11,2025-12-17,4,6,2,283,36.45,10315.35,0.86,Oui
ORD02438,F010,AudioMax,Chine,Électronique,P010,Casque audio,2025-07-10,2025-07-30,18,20,2,578,259.88,150210.64,0.89,Oui
ORD02439,F006,FashionBasic,Portugal,Textile,P006,T-shirt homme,2025-11-20,2025-12-04,10,14,4,718,237.26,170352.68,0.92,Oui
ORD02440,F010,AudioMax,Chine,Électronique,P010,Casque audio,2025-09-24,2025-10-16,18,22,4,621,362.88,225348.48,0.94,Oui
ORD02441,F001,LaLaiterie SA,France,Alimentaire,P001,Lait demi-écrémé,2025-08-11,2025-08-15,2,4,2,607,148.01,89842.07,0.88,Oui
ORD02442,F007,DenimCo,Turquie,Textile,P007,Jeans,2025-01-27,2025-02-13,14,17,3,665,360.85,239965.25,0.81,Oui
ORD02443,F009,TVGlobal,Corée du Sud,Électronique,P009,TV 4K,2025-04-25,2025-05-20,25,25,0,1853,430.3,797345.9,0.87,Oui
ORD02444,F002,RizImport SAS,Italie,Alimentaire,P002,Riz 1kg,2025-12-24,2026-01-01,5,8,3,1085,163.67,177581.95,0.94,Oui
ORD02445,F006,FashionBasic,Portugal,Textile,P006,T-shirt homme,2025-06-03,2025-06-12,10,9,0,546,73.52,40141.92,0.87,Non
ORD02446,F002,RizImport SAS,Italie,Alimentaire,P002,Riz 1kg,2025-06-10,2025-06-14,5,4,0,942,182.96,172348.32,0.86,Oui
ORD02447,F001,LaLaiterie SA,France,Alimentaire,P001,Lait demi-écrémé,2025-06-20,2025-06-23,2,3,1,292,138.95,40573.4,0.87,Non
ORD02448,F007,DenimCo,Turquie,Textile,P007,Jeans,2025-10-29,2025-11-12,14,14,0,880,193.83,170570.4,0.81,Oui
ORD02449,F003,PâtesItalia,Italie,Alimentaire,P003,Pâtes 500g,2025-06-22,2025-06-26,4,4,0,1274,147.55,187978.7,0.84,Oui
ORD02450,F002,RizImport SAS,Italie,Alimentaire,P002,Riz 1kg,2025-02-12,2025-02-21,5,9,4,67,67.95,4552.65,0.86,Oui
ORD02451,F003,PâtesItalia,Italie,Alimentaire,P003,Pâtes 500g,2025-01-27,2025-01-30,4,3,0,1015,80.32,81524.8,0.78,Non
ORD02452,F006,FashionBasic,Portugal,Textile,P006,T-shirt homme,2025-12-14,2025-12-28,10,14,4,1930,372.13,718210.9,0.84,Oui
ORD02453,F001,LaLaiterie SA,France,Alimentaire,P001,Lait demi-écrémé,2025-03-26,2025-03-29,2,3,1,726,45.44,32989.44,1.0,Oui
ORD02454,F001,LaLaiterie SA,France,Alimentaire,P001,Lait demi-écrémé,2025-11-11,2025-11-12,2,1,0,1732,415.19,719109.08,0.95,Oui
ORD02455,F008,TechDistrib,Chine,Électronique,P008,Smartphone,2025-02-25,2025-03-19,21,22,1,1265,131.5,166347.5,0.96,Oui
ORD02456,F010,AudioMax,Chine,Électronique,P010,Casque audio,2025-05-26,2025-06-13,18,18,0,183,208.32,38122.56,0.96,Oui
ORD02457,F009,TVGlobal,Corée du Sud,Électronique,P009,TV 4K,2025-02-19,2025-03-18,25,27,2,1292,101.09,130608.28,0.82,Oui
ORD02458,F006,FashionBasic,Portugal,Textile,P006,T-shirt homme,2025-12-07,2025-12-17,10,10,0,1473,212.96,313690.08,0.86,Non
ORD02459,F005,CleanHome,France,Droguerie,P005,Lessive,2025-05-31,2025-06-07,3,7,4,1495,366.68,548186.6,0.85,Non
ORD02460,F005,CleanHome,France,Droguerie,P005,Lessive,2025-12-08,2025-12-12,3,4,1,481,108.69,52279.89,0.79,Oui
ORD02461,F002,RizImport SAS,Italie,Alimentaire,P002,Riz 1kg,2025-01-31,2025-02-08,5,8,3,1842,53.41,98381.22,0.78,Oui
ORD02462,F003,PâtesItalia,Italie,Alimentaire,P003,Pâtes 500g,2025-02-07,2025-02-12,4,5,1,1627,150.06,244147.62,0.83,Oui
ORD02463,F008,TechDistrib,Chine,Électronique,P008,Smartphone,2025-08-11,2025-09-03,21,23,2,301,418.48,125962.48,0.92,Oui
ORD02464,F010,AudioMax,Chine,Électronique,P010,Casque audio,2025-06-04,2025-06-26,18,22,4,479,403.07,193070.53,0.91,Oui
ORD02465,F007,DenimCo,Turquie,Textile,P007,Jeans,2025-04-09,2025-04-24,14,15,1,185,22.49,4160.65,0.96,Oui
ORD02466,F007,DenimCo,Turquie,Textile,P007,Jeans,2025-04-06,2025-04-22,14,16,2,999,296.42,296123.58,0.85,Oui
ORD02467,F006,FashionBasic,Portugal,Textile,P006,T-shirt homme,2025-08-19,2025-08-29,10,10,0,1720,147.45,253614.0,0.99,Oui
ORD02468,F006,FashionBasic,Portugal,Textile,P006,T-shirt homme,2025-10-18,2025-11-01,10,14,4,426,3.84,1635.84,0.95,Non
ORD02469,F007,DenimCo,Turquie,Textile,P007,Jeans,2025-02-17,2025-03-05,14,16,2,1843,444.77,819711.11,0.79,Oui
ORD02470,F004,BeautyPro,Allemagne,Droguerie,P004,Shampoing,2025-09-20,2025-09-29,6,9,3,1064,430.7,458264.8,0.98,Oui
ORD02471,F007,DenimCo,Turquie,Textile,P007,Jeans,2025-01-20,2025-02-02,14,13,0,1343,162.65,218438.95,0.84,Oui
ORD02472,F006,FashionBasic,Portugal,Textile,P006,T-shirt homme,2025-01-02,2025-01-11,10,9,0,1038,347.32,360518.16,0.99,Oui
ORD02473,F003,PâtesItalia,Italie,Alimentaire,P003,Pâtes 500g,2025-06-20,2025-06-28,4,8,4,1398,386.07,539725.86,0.94,Oui
ORD02474,F007,DenimCo,Turquie,Textile,P007,Jeans,2025-09-28,2025-10-15,14,17,3,1304,417.0,543768.0,0.8,Oui
ORD02475,F001,LaLaiterie SA,France,Alimentaire,P001,Lait demi-écrémé,2025-08-21,2025-08-27,2,6,4,1260,246.43,310501.8,0.88,Oui
ORD02476,F001,LaLaiterie SA,France,Alimentaire,P001,Lait demi-écrémé,2025-05-26,2025-05-29,2,3,1,86,183.6,15789.6,0.91,Oui
ORD02477,F008,TechDistrib,Chine,Électronique,P008,Smartphone,2025-08-02,2025-08-25,21,23,2,1922,398.02,764994.44,0.89,Non
ORD02478,F010,AudioMax,Chine,Électronique,P010,Casque audio,2025-04-25,2025-05-15,18,20,2,592,135.48,80204.16,0.91,Oui
ORD02479,F004,BeautyPro,Allemagne,Droguerie,P004,Shampoing,2025-12-09,2025-12-18,6,9,3,570,177.97,101442.9,0.75,Oui
ORD02480,F004,BeautyPro,Allemagne,Droguerie,P004,Shampoing,2025-08-19,2025-08-25,6,6,0,863,1.51,1303.13,0.76,Oui
ORD02481,F005,CleanHome,France,Droguerie,P005,Lessive,2025-10-02,2025-10-08,3,6,3,1974,187.83,370776.42,0.88,Non
ORD02482,F005,CleanHome,France,Droguerie,P005,Lessive,2025-11-04,2025-11-11,3,7,4,154,223.74,34455.96,0.9,Oui
ORD02483,F009,TVGlobal,Corée du Sud,Électronique,P009,TV 4K,2025-05-28,2025-06-21,25,24,0,1801,106.06,191014.06,1.0,Oui
ORD02484,F006,FashionBasic,Portugal,Textile,P006,T-shirt homme,2025-04-01,2025-04-14,10,13,3,1393,90.52,126094.36,0.92,Oui
ORD02485,F004,BeautyPro,Allemagne,Droguerie,P004,Shampoing,2025-09-03,2025-09-08,6,5,0,253,58.88,14896.64,0.94,Oui
ORD02486,F005,CleanHome,France,Droguerie,P005,Lessive,2025-12-10,2025-12-14,3,4,1,901,73.26,66007.26,0.86,Oui
ORD02487,F006,FashionBasic,Portugal,Textile,P006,T-shirt homme,2025-02-19,2025-03-02,10,11,1,683,449.05,306701.15,0.92,Oui
ORD02488,F002,RizImport SAS,Italie,Alimentaire,P002,Riz 1kg,2025-03-21,2025-03-25,5,4,0,1797,421.73,757848.81,0.99,Oui
ORD02489,F005,CleanHome,France,Droguerie,P005,Lessive,2025-04-02,2025-04-04,3,2,0,1616,203.36,328629.76,0.78,Oui
ORD02490,F009,TVGlobal,Corée du Sud,Électronique,P009,TV 4K,2025-08-27,2025-09-24,25,28,3,300,216.82,65046.0,0.9,Oui
ORD02491,F006,FashionBasic,Portugal,Textile,P006,T-shirt homme,2025-02-17,2025-02-28,10,11,1,411,174.85,71863.35,0.8,Non
ORD02492,F001,LaLaiterie SA,France,Alimentaire,P001,Lait demi-écrémé,2025-11-14,2025-11-15,2,1,0,179,73.45,13147.55,0.84,Oui
ORD02493,F009,TVGlobal,Corée du Sud,Électronique,P009,TV 4K,2025-04-10,2025-05-07,25,27,2,1943,340.91,662388.13,0.84,Oui
ORD02494,F007,DenimCo,Turquie,Textile,P007,Jeans,2025-08-10,2025-08-23,14,13,0,1703,230.83,393103.49,0.95,Oui
ORD02495,F004,BeautyPro,Allemagne,Droguerie,P004,Shampoing,2025-11-14,2025-11-24,6,10,4,1040,348.17,362096.8,0.94,Oui
ORD02496,F004,BeautyPro,Allemagne,Droguerie,P004,Shampoing,2025-12-03,2025-12-11,6,8,2,1191,346.99,413265.09,0.85,Oui
ORD02497,F004,BeautyPro,Allemagne,Droguerie,P004,Shampoing,2025-01-22,2025-01-27,6,5,0,977,85.04,83084.08,0.89,Oui
ORD02498,F006,FashionBasic,Portugal,Textile,P006,T-shirt homme,2025-11-29,2025-12-10,10,11,1,901,337.5,304087.5,0.75,Oui
ORD02499,F008,TechDistrib,Chine,Électronique,P008,Smartphone,2025-02-13,2025-03-06,21,21,0,1776,43.64,77504.64,0.88,Oui
ORD02500,F010,AudioMax,Chine,Électronique,P010,Casque audio,2025-03-11,2025-03-31,18,20,2,1062,249.34,264799.08,0.89,Oui
ORD02501,F002,RizImport SAS,Italie,Alimentaire,P002,Riz 1kg,2025-11-16,2025-11-20,5,4,0,1660,375.93,624043.8,0.83,Oui
ORD02502,F007,DenimCo,Turquie,Textile,P007,Jeans,2025-05-31,2025-06-13,14,13,0,1808,48.41,87525.28,0.98,Oui
ORD02503,F003,PâtesItalia,Italie,Alimentaire,P003,Pâtes 500g,2025-12-23,2025-12-28,4,5,1,1720,171.12,294326.4,0.79,Oui
ORD02504,F007,DenimCo,Turquie,Textile,P007,Jeans,2025-02-08,2025-02-25,14,17,3,795,34.26,27236.7,0.83,Oui
ORD02505,F001,LaLaiterie SA,France,Alimentaire,P001,Lait demi-écrémé,2025-01-14,2025-01-17,2,3,1,721,83.56,60246.76,0.77,Oui
ORD02506,F009,TVGlobal,Corée du Sud,Électronique,P009,TV 4K,2025-11-05,2025-12-03,25,28,3,1794,45.51,81644.94,0.78,Non
ORD02507,F006,FashionBasic,Portugal,Textile,P006,T-shirt homme,2025-06-12,2025-06-21,10,9,0,424,259.6,110070.4,0.9,Oui
ORD02508,F001,LaLaiterie SA,France,Alimentaire,P001,Lait demi-écrémé,2025-05-22,2025-05-25,2,3,1,1773,342.41,607092.93,0.94,Oui
ORD02509,F002,RizImport SAS,Italie,Alimentaire,P002,Riz 1kg,2025-12-31,2026-01-08,5,8,3,1965,260.02,510939.3,0.92,Oui
ORD02510,F009,TVGlobal,Corée du Sud,Électronique,P009,TV 4K,2025-12-03,2025-12-29,25,26,1,255,402.95,102752.25,0.94,Oui
ORD02511,F007,DenimCo,Turquie,Textile,P007,Jeans,2025-02-17,2025-03-07,14,18,4,732,121.44,88894.08,0.76,Oui
ORD02512,F010,AudioMax,Chine,Électronique,P010,Casque audio,2025-01-03,2025-01-20,18,17,0,1875,214.9,402937.5,0.87,Oui
ORD02513,F009,TVGlobal,Corée du Sud,Électronique,P009,TV 4K,2025-02-24,2025-03-22,25,26,1,375,266.09,99783.75,0.89,Oui
ORD02514,F002,RizImport SAS,Italie,Alimentaire,P002,Riz 1kg,2025-06-21,2025-06-26,5,5,0,429,291.99,125263.71,0.89,Oui
ORD02515,F001,LaLaiterie SA,France,Alimentaire,P001,Lait demi-écrémé,2025-08-29,2025-08-31,2,2,0,1542,318.82,491620.44,0.79,Non
ORD02516,F009,TVGlobal,Corée du Sud,Électronique,P009,TV 4K,2025-05-03,2025-05-30,25,27,2,60,306.79,18407.4,0.97,Oui
ORD02517,F004,BeautyPro,Allemagne,Droguerie,P004,Shampoing,2025-09-10,2025-09-19,6,9,3,537,27.19,14601.03,0.8,Oui
ORD02518,F004,BeautyPro,Allemagne,Droguerie,P004,Shampoing,2025-09-28,2025-10-05,6,7,1,755,61.73,46606.15,0.99,Oui
ORD02519,F010,AudioMax,Chine,Électronique,P010,Casque audio,2025-05-28,2025-06-16,18,19,1,560,277.56,155433.6,0.97,Oui
ORD02520,F005,CleanHome,France,Droguerie,P005,Lessive,2025-11-28,2025-12-04,3,6,3,1069,1.15,1229.35,0.78,Oui
ORD02521,F005,CleanHome,France,Droguerie,P005,Lessive,2025-12-20,2025-12-23,3,3,0,1230,83.37,102545.1,0.91,Oui
ORD02522,F004,BeautyPro,Allemagne,Droguerie,P004,Shampoing,2025-03-09,2025-03-19,6,10,4,132,104.27,13763.64,0.81,Oui
ORD02523,F002,RizImport SAS,Italie,Alimentaire,P002,Riz 1kg,2025-12-17,2025-12-24,5,7,2,322,434.37,139867.14,0.82,Oui
ORD02524,F001,LaLaiterie SA,France,Alimentaire,P001,Lait demi-écrémé,2025-11-30,2025-12-02,2,2,0,1518,50.29,76340.22,0.92,Oui
ORD02525,F006,FashionBasic,Portugal,Textile,P006,T-shirt homme,2025-04-16,2025-04-28,10,12,2,345,66.57,22966.65,0.91,Oui
ORD02526,F006,FashionBasic,Portugal,Textile,P006,T-shirt homme,2025-06-16,2025-06-28,10,12,2,825,296.95,244983.75,0.92,Oui
ORD02527,F004,BeautyPro,Allemagne,Droguerie,P004,Shampoing,2025-11-22,2025-11-28,6,6,0,473,175.45,82987.85,0.8,Oui
ORD02528,F004,BeautyPro,Allemagne,Droguerie,P004,Shampoing,2025-09-08,2025-09-16,6,8,2,1993,123.62,246374.66,0.76,Oui
ORD02529,F008,TechDistrib,Chine,Électronique,P008,Smartphone,2025-03-23,2025-04-12,21,20,0,1650,400.08,660132.0,0.76,Oui
ORD02530,F005,CleanHome,France,Droguerie,P005,Lessive,2025-04-15,2025-04-20,3,5,2,276,396.65,109475.4,0.79,Oui
ORD02531,F007,DenimCo,Turquie,Textile,P007,Jeans,2025-01-08,2025-01-24,14,16,2,1659,343.3,569534.7,0.77,Oui
ORD02532,F005,CleanHome,France,Droguerie,P005,Lessive,2025-11-26,2025-11-29,3,3,0,970,90.82,88095.4,0.97,Oui
ORD02533,F007,DenimCo,Turquie,Textile,P007,Jeans,2025-05-19,2025-06-02,14,14,0,1033,99.64,102928.12,0.98,Oui
ORD02534,F004,BeautyPro,Allemagne,Droguerie,P004,Shampoing,2025-11-27,2025-12-05,6,8,2,837,98.88,82762.56,0.99,Oui
ORD02535,F003,PâtesItalia,Italie,Alimentaire,P003,Pâtes 500g,2025-02-26,2025-03-03,4,5,1,1527,167.19,255299.13,0.81,Oui
ORD02536,F009,TVGlobal,Corée du Sud,Électronique,P009,TV 4K,2025-06-08,2025-07-07,25,29,4,876,9.62,8427.12,0.89,Oui
ORD02537,F004,BeautyPro,Allemagne,Droguerie,P004,Shampoing,2025-05-25,2025-06-01,6,7,1,1708,110.31,188409.48,0.99,Non
ORD02538,F010,AudioMax,Chine,Électronique,P010,Casque audio,2025-10-22,2025-11-12,18,21,3,1937,82.73,160248.01,0.87,Oui
ORD02539,F003,PâtesItalia,Italie,Alimentaire,P003,Pâtes 500g,2025-01-11,2025-01-16,4,5,1,1623,310.49,503925.27,0.89,Oui
ORD02540,F001,LaLaiterie SA,France,Alimentaire,P001,Lait demi-écrémé,2025-09-04,2025-09-06,2,2,0,433,49.26,21329.58,0.83,Oui
ORD02541,F005,CleanHome,France,Droguerie,P005,Lessive,2025-12-23,2025-12-27,3,4,1,1250,90.16,112700.0,0.85,Oui
ORD02542,F010,AudioMax,Chine,Électronique,P010,Casque audio,2025-10-17,2025-11-07,18,21,3,780,43.69,34078.2,0.87,Oui
ORD02543,F004,BeautyPro,Allemagne,Droguerie,P004,Shampoing,2025-06-16,2025-06-21,6,5,0,1806,151.6,273789.6,0.87,Oui
ORD02544,F006,FashionBasic,Portugal,Textile,P006,T-shirt homme,2025-09-10,2025-09-20,10,10,0,932,430.9,401598.8,0.75,Oui
ORD02545,F010,AudioMax,Chine,Électronique,P010,Casque audio,2025-03-12,2025-03-30,18,18,0,891,390.01,347498.91,0.8,Oui
ORD02546,F002,RizImport SAS,Italie,Alimentaire,P002,Riz 1kg,2025-02-22,2025-03-03,5,9,4,1173,198.86,233262.78,0.78,Oui
ORD02547,F004,BeautyPro,Allemagne,Droguerie,P004,Shampoing,2025-07-09,2025-07-14,6,5,0,124,115.78,14356.72,0.98,Oui
ORD02548,F005,CleanHome,France,Droguerie,P005,Lessive,2025-11-26,2025-12-02,3,6,3,1872,202.7,379454.4,0.8,Oui
ORD02549,F004,BeautyPro,Allemagne,Droguerie,P004,Shampoing,2025-11-10,2025-11-15,6,5,0,241,362.53,87369.73,0.95,Oui
ORD02550,F004,BeautyPro,Allemagne,Droguerie,P004,Shampoing,2025-01-23,2025-01-31,6,8,2,1461,125.05,182698.05,0.79,Oui
ORD02551,F001,LaLaiterie SA,France,Alimentaire,P001,Lait demi-écrémé,2025-09-08,2025-09-10,2,2,0,1679,185.61,311639.19,0.83,Oui
ORD02552,F010,AudioMax,Chine,Électronique,P010,Casque audio,2025-04-28,2025-05-19,18,21,3,618,0.54,333.72,0.92,Non
ORD02553,F008,TechDistrib,Chine,Électronique,P008,Smartphone,2025-10-12,2025-11-06,21,25,4,386,12.59,4859.74,0.77,Oui
ORD02554,F001,LaLaiterie SA,France,Alimentaire,P001,Lait demi-écrémé,2025-12-08,2025-12-11,2,3,1,444,77.84,34560.96,0.79,Oui
ORD02555,F003,PâtesItalia,Italie,Alimentaire,P003,Pâtes 500g,2025-04-11,2025-04-15,4,4,0,454,60.12,27294.48,0.87,Oui
ORD02556,F004,BeautyPro,Allemagne,Droguerie,P004,Shampoing,2025-11-13,2025-11-19,6,6,0,114,53.49,6097.86,0.98,Oui
ORD02557,F005,CleanHome,France,Droguerie,P005,Lessive,2025-12-18,2025-12-23,3,5,2,365,309.72,113047.8,0.96,Oui
ORD02558,F007,DenimCo,Turquie,Textile,P007,Jeans,2025-01-04,2025-01-18,14,14,0,817,16.29,13308.93,0.79,Oui
ORD02559,F007,DenimCo,Turquie,Textile,P007,Jeans,2025-02-25,2025-03-10,14,13,0,1615,71.31,115165.65,0.77,Oui
ORD02560,F007,DenimCo,Turquie,Textile,P007,Jeans,2025-04-28,2025-05-16,14,18,4,1714,75.2,128892.8,0.93,Oui
ORD02561,F009,TVGlobal,Corée du Sud,Électronique,P009,TV 4K,2025-10-30,2025-11-27,25,28,3,725,398.93,289224.25,0.79,Non
ORD02562,F009,TVGlobal,Corée du Sud,Électronique,P009,TV 4K,2025-12-05,2026-01-02,25,28,3,491,429.15,210712.65,0.86,Oui
ORD02563,F008,TechDistrib,Chine,Électronique,P008,Smartphone,2025-05-23,2025-06-14,21,22,1,582,273.02,158897.64,0.98,Oui
ORD02564,F001,LaLaiterie SA,France,Alimentaire,P001,Lait demi-écrémé,2025-04-11,2025-04-15,2,4,2,655,169.3,110891.5,0.88,Non
ORD02565,F010,AudioMax,Chine,Électronique,P010,Casque audio,2025-03-01,2025-03-23,18,22,4,309,405.42,125274.78,0.81,Oui
ORD02566,F002,RizImport SAS,Italie,Alimentaire,P002,Riz 1kg,2025-10-14,2025-10-21,5,7,2,858,409.25,351136.5,0.9,Oui
ORD02567,F003,PâtesItalia,Italie,Alimentaire,P003,Pâtes 500g,2025-01-28,2025-02-04,4,7,3,418,242.79,101486.22,0.81,Oui
ORD02568,F001,LaLaiterie SA,France,Alimentaire,P001,Lait demi-écrémé,2025-09-18,2025-09-23,2,5,3,1163,398.05,462932.15,0.81,Oui
ORD02569,F006,FashionBasic,Portugal,Textile,P006,T-shirt homme,2025-09-26,2025-10-09,10,13,3,241,117.22,28250.02,0.83,Oui
ORD02570,F003,PâtesItalia,Italie,Alimentaire,P003,Pâtes 500g,2025-01-23,2025-01-29,4,6,2,1054,382.69,403355.26,0.8,Oui
ORD02571,F004,BeautyPro,Allemagne,Droguerie,P004,Shampoing,2025-12-24,2026-01-03,6,10,4,233,233.32,54363.56,0.91,Oui
ORD02572,F009,TVGlobal,Corée du Sud,Électronique,P009,TV 4K,2025-02-11,2025-03-12,25,29,4,1606,145.17,233143.02,0.79,Oui
ORD02573,F006,FashionBasic,Portugal,Textile,P006,T-shirt homme,2025-01-16,2025-01-25,10,9,0,1617,5.68,9184.56,0.76,Oui
ORD02574,F001,LaLaiterie SA,France,Alimentaire,P001,Lait demi-écrémé,2025-01-16,2025-01-17,2,1,0,710,74.63,52987.3,0.94,Oui
ORD02575,F002,RizImport SAS,Italie,Alimentaire,P002,Riz 1kg,2025-02-12,2025-02-21,5,9,4,439,216.61,95091.79,0.95,Oui
ORD02576,F009,TVGlobal,Corée du Sud,Électronique,P009,TV 4K,2025-11-28,2025-12-24,25,26,1,167,354.47,59196.49,0.94,Oui
ORD02577,F003,PâtesItalia,Italie,Alimentaire,P003,Pâtes 500g,2025-06-30,2025-07-05,4,5,1,826,302.64,249980.64,0.95,Oui
ORD02578,F005,CleanHome,France,Droguerie,P005,Lessive,2025-05-30,2025-06-03,3,4,1,376,38.73,14562.48,0.95,Oui
ORD02579,F010,AudioMax,Chine,Électronique,P010,Casque audio,2025-10-04,2025-10-24,18,20,2,638,221.27,141170.26,0.98,Oui
ORD02580,F003,PâtesItalia,Italie,Alimentaire,P003,Pâtes 500g,2025-05-28,2025-06-04,4,7,3,1323,354.85,469466.55,0.83,Oui
ORD02581,F009,TVGlobal,Corée du Sud,Électronique,P009,TV 4K,2025-08-11,2025-09-07,25,27,2,103,20.34,2095.02,0.76,Oui
ORD02582,F004,BeautyPro,Allemagne,Droguerie,P004,Shampoing,2025-07-13,2025-07-20,6,7,1,1353,154.0,208362.0,0.84,Oui
ORD02583,F009,TVGlobal,Corée du Sud,Électronique,P009,TV 4K,2025-03-18,2025-04-14,25,27,2,823,253.57,208688.11,0.81,Oui
ORD02584,F005,CleanHome,France,Droguerie,P005,Lessive,2025-09-19,2025-09-22,3,3,0,708,166.62,117966.96,0.76,Oui
ORD02585,F003,PâtesItalia,Italie,Alimentaire,P003,Pâtes 500g,2025-10-23,2025-10-29,4,6,2,1544,19.32,29830.08,0.93,Oui
ORD02586,F001,LaLaiterie SA,France,Alimentaire,P001,Lait demi-écrémé,2025-07-28,2025-07-30,2,2,0,542,184.88,100204.96,0.96,Oui
ORD02587,F010,AudioMax,Chine,Électronique,P010,Casque audio,2025-07-01,2025-07-18,18,17,0,1631,281.17,458588.27,0.91,Non
ORD02588,F009,TVGlobal,Corée du Sud,Électronique,P009,TV 4K,2025-04-05,2025-04-30,25,25,0,182,27.79,5057.78,0.95,Non
ORD02589,F007,DenimCo,Turquie,Textile,P007,Jeans,2025-05-10,2025-05-27,14,17,3,304,400.65,121797.6,0.98,Oui
ORD02590,F005,CleanHome,France,Droguerie,P005,Lessive,2025-11-17,2025-11-24,3,7,4,579,432.99,250701.21,0.91,Oui
ORD02591,F008,TechDistrib,Chine,Électronique,P008,Smartphone,2025-09-13,2025-10-04,21,21,0,1106,87.64,96929.84,0.93,Oui
ORD02592,F002,RizImport SAS,Italie,Alimentaire,P002,Riz 1kg,2025-07-24,2025-07-30,5,6,1,546,70.11,38280.06,0.77,Oui
ORD02593,F010,AudioMax,Chine,Électronique,P010,Casque audio,2025-12-14,2026-01-02,18,19,1,1536,77.31,118748.16,0.89,Oui
ORD02594,F005,CleanHome,France,Droguerie,P005,Lessive,2025-07-28,2025-08-01,3,4,1,374,9.81,3668.94,0.97,Oui
ORD02595,F003,PâtesItalia,Italie,Alimentaire,P003,Pâtes 500g,2025-07-08,2025-07-16,4,8,4,1535,380.35,583837.25,0.86,Oui
ORD02596,F005,CleanHome,France,Droguerie,P005,Lessive,2025-02-12,2025-02-17,3,5,2,1838,18.83,34609.54,0.85,Non
ORD02597,F007,DenimCo,Turquie,Textile,P007,Jeans,2025-03-22,2025-04-06,14,15,1,1987,337.76,671129.12,0.94,Oui
ORD02598,F001,LaLaiterie SA,France,Alimentaire,P001,Lait demi-écrémé,2025-04-06,2025-04-10,2,4,2,1665,103.47,172277.55,0.92,Oui
ORD02599,F003,PâtesItalia,Italie,Alimentaire,P003,Pâtes 500g,2025-05-31,2025-06-04,4,4,0,1822,410.19,747366.18,0.76,Oui
ORD02600,F007,DenimCo,Turquie,Textile,P007,Jeans,2025-06-07,2025-06-23,14,16,2,1672,126.26,211106.72,0.82,Oui
ORD02601,F009,TVGlobal,Corée du Sud,Électronique,P009,TV 4K,2025-09-16,2025-10-10,25,24,0,1631,102.03,166410.93,0.78,Oui
ORD02602,F009,TVGlobal,Corée du Sud,Électronique,P009,TV 4K,2025-09-23,2025-10-18,25,25,0,1750,442.04,773570.0,0.83,Non
ORD02603,F008,TechDistrib,Chine,Électronique,P008,Smartphone,2025-11-09,2025-12-04,21,25,4,176,303.32,53384.32,0.83,Oui
ORD02604,F001,LaLaiterie SA,France,Alimentaire,P001,Lait demi-écrémé,2025-05-30,2025-06-01,2,2,0,469,412.46,193443.74,0.8,Oui
ORD02605,F006,FashionBasic,Portugal,Textile,P006,T-shirt homme,2025-04-10,2025-04-23,10,13,3,577,264.41,152564.57,0.97,Oui
ORD02606,F004,BeautyPro,Allemagne,Droguerie,P004,Shampoing,2025-03-14,2025-03-19,6,5,0,234,43.01,10064.34,0.9,Oui
ORD02607,F002,RizImport SAS,Italie,Alimentaire,P002,Riz 1kg,2025-10-06,2025-10-10,5,4,0,1292,439.03,567226.76,0.81,Oui
ORD02608,F004,BeautyPro,Allemagne,Droguerie,P004,Shampoing,2025-09-10,2025-09-16,6,6,0,325,182.55,59328.75,0.83,Oui
ORD02609,F007,DenimCo,Turquie,Textile,P007,Jeans,2025-01-18,2025-02-05,14,18,4,207,430.32,89076.24,0.98,Oui
ORD02610,F009,TVGlobal,Corée du Sud,Électronique,P009,TV 4K,2025-09-12,2025-10-08,25,26,1,847,43.34,36708.98,0.99,Oui
ORD02611,F009,TVGlobal,Corée du Sud,Électronique,P009,TV 4K,2025-09-26,2025-10-20,25,24,0,71,410.22,29125.62,0.8,Oui
ORD02612,F001,LaLaiterie SA,France,Alimentaire,P001,Lait demi-écrémé,2025-10-28,2025-10-29,2,1,0,735,350.5,257617.5,0.78,Oui
ORD02613,F010,AudioMax,Chine,Électronique,P010,Casque audio,2025-09-26,2025-10-13,18,17,0,550,309.93,170461.5,0.83,Oui
ORD02614,F008,TechDistrib,Chine,Électronique,P008,Smartphone,2025-05-16,2025-06-10,21,25,4,630,370.46,233389.8,0.9,Non
ORD02615,F007,DenimCo,Turquie,Textile,P007,Jeans,2025-01-02,2025-01-19,14,17,3,1442,96.56,139239.52,0.84,Oui
ORD02616,F003,PâtesItalia,Italie,Alimentaire,P003,Pâtes 500g,2025-01-30,2025-02-02,4,3,0,687,271.86,186767.82,0.95,Oui
ORD02617,F010,AudioMax,Chine,Électronique,P010,Casque audio,2025-05-27,2025-06-13,18,17,0,1154,131.86,152166.44,0.81,Oui
ORD02618,F006,FashionBasic,Portugal,Textile,P006,T-shirt homme,2025-01-14,2025-01-27,10,13,3,335,340.56,114087.6,0.85,Oui
ORD02619,F003,PâtesItalia,Italie,Alimentaire,P003,Pâtes 500g,2025-04-21,2025-04-28,4,7,3,1282,227.88,292142.16,0.77,Oui
ORD02620,F006,FashionBasic,Portugal,Textile,P006,T-shirt homme,2025-06-22,2025-07-04,10,12,2,207,41.96,8685.72,0.98,Oui
ORD02621,F005,CleanHome,France,Droguerie,P005,Lessive,2025-03-08,2025-03-14,3,6,3,1147,183.56,210543.32,0.94,Oui
ORD02622,F001,LaLaiterie SA,France,Alimentaire,P001,Lait demi-écrémé,2025-06-22,2025-06-24,2,2,0,1058,421.05,445470.9,0.86,Non
ORD02623,F001,LaLaiterie SA,France,Alimentaire,P001,Lait demi-écrémé,2025-09-23,2025-09-29,2,6,4,246,52.87,13006.02,0.78,Oui
ORD02624,F001,LaLaiterie SA,France,Alimentaire,P001,Lait demi-écrémé,2025-01-22,2025-01-24,2,2,0,1841,445.62,820386.42,0.88,Oui
ORD02625,F007,DenimCo,Turquie,Textile,P007,Jeans,2025-07-23,2025-08-09,14,17,3,231,368.27,85070.37,0.94,Oui
ORD02626,F008,TechDistrib,Chine,Électronique,P008,Smartphone,2025-02-07,2025-03-01,21,22,1,1975,335.45,662513.75,0.77,Oui
ORD02627,F004,BeautyPro,Allemagne,Droguerie,P004,Shampoing,2025-05-11,2025-05-18,6,7,1,778,23.9,18594.2,0.86,Oui
ORD02628,F007,DenimCo,Turquie,Textile,P007,Jeans,2025-10-20,2025-11-02,14,13,0,1044,282.06,294470.64,0.87,Oui
ORD02629,F003,PâtesItalia,Italie,Alimentaire,P003,Pâtes 500g,2025-11-15,2025-11-19,4,4,0,1124,374.21,420612.04,0.82,Non
ORD02630,F002,RizImport SAS,Italie,Alimentaire,P002,Riz 1kg,2025-05-04,2025-05-10,5,6,1,1885,249.76,470797.6,0.95,Non
ORD02631,F004,BeautyPro,Allemagne,Droguerie,P004,Shampoing,2025-06-25,2025-07-02,6,7,1,536,214.86,115164.96,0.92,Oui
ORD02632,F009,TVGlobal,Corée du Sud,Électronique,P009,TV 4K,2025-03-11,2025-04-07,25,27,2,144,95.78,13792.32,0.91,Oui
ORD02633,F002,RizImport SAS,Italie,Alimentaire,P002,Riz 1kg,2025-01-28,2025-02-01,5,4,0,1416,167.07,236571.12,0.92,Oui
ORD02634,F001,LaLaiterie SA,France,Alimentaire,P001,Lait demi-écrémé,2025-09-17,2025-09-20,2,3,1,1206,261.59,315477.54,0.77,Oui
ORD02635,F010,AudioMax,Chine,Électronique,P010,Casque audio,2025-04-04,2025-04-21,18,17,0,1513,447.92,677702.96,1.0,Oui
ORD02636,F003,PâtesItalia,Italie,Alimentaire,P003,Pâtes 500g,2025-07-26,2025-08-02,4,7,3,1496,257.97,385923.12,0.99,Oui
ORD02637,F010,AudioMax,Chine,Électronique,P010,Casque audio,2025-10-21,2025-11-10,18,20,2,1830,351.34,642952.2,0.82,Oui
ORD02638,F010,AudioMax,Chine,Électronique,P010,Casque audio,2025-11-04,2025-11-26,18,22,4,1544,304.32,469870.08,0.94,Oui
ORD02639,F002,RizImport SAS,Italie,Alimentaire,P002,Riz 1kg,2025-09-25,2025-10-01,5,6,1,347,241.1,83661.7,0.84,Oui
ORD02640,F010,AudioMax,Chine,Électronique,P010,Casque audio,2025-05-08,2025-05-26,18,18,0,726,254.62,184854.12,0.82,Oui
ORD02641,F005,CleanHome,France,Droguerie,P005,Lessive,2025-10-19,2025-10-25,3,6,3,1672,438.7,733506.4,0.8,Oui
ORD02642,F004,BeautyPro,Allemagne,Droguerie,P004,Shampoing,2025-02-25,2025-03-03,6,6,0,1768,351.26,621027.68,0.95,Oui
ORD02643,F003,PâtesItalia,Italie,Alimentaire,P003,Pâtes 500g,2025-08-09,2025-08-15,4,6,2,1204,252.15,303588.6,0.98,Oui
ORD02644,F001,LaLaiterie SA,France,Alimentaire,P001,Lait demi-écrémé,2025-10-13,2025-10-17,2,4,2,367,179.4,65839.8,0.78,Oui
ORD02645,F001,LaLaiterie SA,France,Alimentaire,P001,Lait demi-écrémé,2025-11-25,2025-11-29,2,4,2,406,337.3,136943.8,0.83,Non
ORD02646,F004,BeautyPro,Allemagne,Droguerie,P004,Shampoing,2025-09-24,2025-10-03,6,9,3,501,146.94,73616.94,0.92,Oui
ORD02647,F004,BeautyPro,Allemagne,Droguerie,P004,Shampoing,2025-09-24,2025-09-30,6,6,0,1396,403.73,563607.08,0.94,Oui
ORD02648,F005,CleanHome,France,Droguerie,P005,Lessive,2025-01-02,2025-01-06,3,4,1,884,399.33,353007.72,0.78,Oui
ORD02649,F010,AudioMax,Chine,Électronique,P010,Casque audio,2025-11-09,2025-11-29,18,20,2,749,13.96,10456.04,0.95,Oui
ORD02650,F007,DenimCo,Turquie,Textile,P007,Jeans,2025-10-30,2025-11-14,14,15,1,1165,304.61,354870.65,0.86,Oui
ORD02651,F009,TVGlobal,Corée du Sud,Électronique,P009,TV 4K,2025-07-15,2025-08-12,25,28,3,824,155.45,128090.8,0.91,Non
ORD02652,F004,BeautyPro,Allemagne,Droguerie,P004,Shampoing,2025-01-08,2025-01-17,6,9,3,1036,364.03,377135.08,0.77,Oui
ORD02653,F003,PâtesItalia,Italie,Alimentaire,P003,Pâtes 500g,2025-04-08,2025-04-15,4,7,3,692,257.39,178113.88,1.0,Oui
ORD02654,F005,CleanHome,France,Droguerie,P005,Lessive,2025-04-09,2025-04-13,3,4,1,866,243.89,211208.74,0.81,Oui
ORD02655,F005,CleanHome,France,Droguerie,P005,Lessive,2025-09-18,2025-09-22,3,4,1,1332,404.6,538927.2,0.96,Oui
ORD02656,F003,PâtesItalia,Italie,Alimentaire,P003,Pâtes 500g,2025-09-02,2025-09-06,4,4,0,52,3.43,178.36,0.96,Oui
ORD02657,F007,DenimCo,Turquie,Textile,P007,Jeans,2025-07-19,2025-08-01,14,13,0,162,52.99,8584.38,0.99,Oui
ORD02658,F004,BeautyPro,Allemagne,Droguerie,P004,Shampoing,2025-02-08,2025-02-13,6,5,0,1418,87.4,123933.2,0.9,Oui
ORD02659,F001,LaLaiterie SA,France,Alimentaire,P001,Lait demi-écrémé,2025-01-25,2025-01-26,2,1,0,818,237.75,194479.5,0.9,Oui
ORD02660,F005,CleanHome,France,Droguerie,P005,Lessive,2025-11-19,2025-11-25,3,6,3,199,386.1,76833.9,0.83,Oui
ORD02661,F003,PâtesItalia,Italie,Alimentaire,P003,Pâtes 500g,2025-11-19,2025-11-26,4,7,3,451,392.39,176967.89,0.99,Oui
ORD02662,F003,PâtesItalia,Italie,Alimentaire,P003,Pâtes 500g,2025-01-26,2025-02-03,4,8,4,804,99.62,80094.48,0.82,Oui
ORD02663,F008,TechDistrib,Chine,Électronique,P008,Smartphone,2025-08-14,2025-09-06,21,23,2,1276,127.03,162090.28,0.79,Oui
ORD02664,F008,TechDistrib,Chine,Électronique,P008,Smartphone,2025-03-13,2025-04-07,21,25,4,875,343.45,300518.75,0.85,Oui
ORD02665,F003,PâtesItalia,Italie,Alimentaire,P003,Pâtes 500g,2025-06-26,2025-06-29,4,3,0,1187,359.5,426726.5,0.94,Oui
ORD02666,F008,TechDistrib,Chine,Électronique,P008,Smartphone,2025-07-16,2025-08-05,21,20,0,379,254.66,96516.14,0.98,Oui
ORD02667,F005,CleanHome,France,Droguerie,P005,Lessive,2025-01-12,2025-01-17,3,5,2,1968,236.03,464507.04,0.88,Oui
ORD02668,F004,BeautyPro,Allemagne,Droguerie,P004,Shampoing,2025-04-12,2025-04-18,6,6,0,979,104.83,102628.57,0.98,Non
ORD02669,F006,FashionBasic,Portugal,Textile,P006,T-shirt homme,2025-07-03,2025-07-17,10,14,4,1955,77.48,151473.4,0.84,Non
ORD02670,F002,RizImport SAS,Italie,Alimentaire,P002,Riz 1kg,2025-08-28,2025-09-05,5,8,3,1948,36.08,70283.84,0.75,Oui
ORD02671,F003,PâtesItalia,Italie,Alimentaire,P003,Pâtes 500g,2025-12-14,2025-12-17,4,3,0,210,271.52,57019.2,0.75,Oui
ORD02672,F007,DenimCo,Turquie,Textile,P007,Jeans,2025-05-02,2025-05-19,14,17,3,1421,143.33,203671.93,0.87,Oui
ORD02673,F006,FashionBasic,Portugal,Textile,P006,T-shirt homme,2025-07-12,2025-07-21,10,9,0,439,98.61,43289.79,0.77,Oui
ORD02674,F005,CleanHome,France,Droguerie,P005,Lessive,2025-06-07,2025-06-11,3,4,1,1263,22.61,28556.43,0.99,Oui
ORD02675,F006,FashionBasic,Portugal,Textile,P006,T-shirt homme,2025-01-25,2025-02-04,10,10,0,1819,178.32,324364.08,0.88,Non
ORD02676,F002,RizImport SAS,Italie,Alimentaire,P002,Riz 1kg,2025-08-09,2025-08-15,5,6,1,633,447.72,283406.76,0.81,Oui
ORD02677,F005,CleanHome,France,Droguerie,P005,Lessive,2025-02-22,2025-02-27,3,5,2,1013,240.61,243737.93,0.98,Oui
ORD02678,F008,TechDistrib,Chine,Électronique,P008,Smartphone,2025-12-08,2026-01-01,21,24,3,398,411.87,163924.26,0.77,Oui
ORD02679,F002,RizImport SAS,Italie,Alimentaire,P002,Riz 1kg,2025-09-09,2025-09-17,5,8,3,1148,372.38,427492.24,0.78,Oui
ORD02680,F009,TVGlobal,Corée du Sud,Électronique,P009,TV 4K,2025-08-03,2025-08-28,25,25,0,1222,245.98,300587.56,0.93,Oui
ORD02681,F010,AudioMax,Chine,Électronique,P010,Casque audio,2025-08-13,2025-08-31,18,18,0,1602,192.0,307584.0,0.96,Oui
ORD02682,F009,TVGlobal,Corée du Sud,Électronique,P009,TV 4K,2025-05-05,2025-05-29,25,24,0,1786,232.13,414584.18,0.89,Non
ORD02683,F007,DenimCo,Turquie,Textile,P007,Jeans,2025-01-15,2025-01-30,14,15,1,518,257.81,133545.58,0.86,Oui
ORD02684,F008,TechDistrib,Chine,Électronique,P008,Smartphone,2025-12-26,2026-01-19,21,24,3,1165,323.77,377192.05,0.86,Oui
ORD02685,F002,RizImport SAS,Italie,Alimentaire,P002,Riz 1kg,2025-08-21,2025-08-28,5,7,2,1483,27.96,41464.68,0.97,Oui
ORD02686,F007,DenimCo,Turquie,Textile,P007,Jeans,2025-09-23,2025-10-07,14,14,0,1811,356.69,645965.59,0.84,Oui
ORD02687,F009,TVGlobal,Corée du Sud,Électronique,P009,TV 4K,2025-03-15,2025-04-08,25,24,0,1399,378.39,529367.61,0.8,Oui
ORD02688,F006,FashionBasic,Portugal,Textile,P006,T-shirt homme,2025-12-12,2025-12-22,10,10,0,226,446.47,100902.22,0.92,Oui
ORD02689,F001,LaLaiterie SA,France,Alimentaire,P001,Lait demi-écrémé,2025-06-21,2025-06-26,2,5,3,966,421.71,407371.86,0.92,Oui
ORD02690,F003,PâtesItalia,Italie,Alimentaire,P003,Pâtes 500g,2025-02-07,2025-02-14,4,7,3,1383,346.66,479430.78,0.79,Non
ORD02691,F003,PâtesItalia,Italie,Alimentaire,P003,Pâtes 500g,2025-06-17,2025-06-24,4,7,3,864,436.03,376729.92,0.94,Non
ORD02692,F009,TVGlobal,Corée du Sud,Électronique,P009,TV 4K,2025-10-30,2025-11-27,25,28,3,1632,307.0,501024.0,0.81,Oui
ORD02693,F009,TVGlobal,Corée du Sud,Électronique,P009,TV 4K,2025-05-28,2025-06-25,25,28,3,1827,7.77,14195.79,0.79,Oui
ORD02694,F001,LaLaiterie SA,France,Alimentaire,P001,Lait demi-écrémé,2025-06-19,2025-06-20,2,1,0,1998,272.52,544494.96,0.93,Oui
ORD02695,F009,TVGlobal,Corée du Sud,Électronique,P009,TV 4K,2025-08-10,2025-09-08,25,29,4,1275,322.68,411417.0,0.81,Non
ORD02696,F003,PâtesItalia,Italie,Alimentaire,P003,Pâtes 500g,2025-06-02,2025-06-09,4,7,3,741,380.84,282202.44,0.9,Oui
ORD02697,F002,RizImport SAS,Italie,Alimentaire,P002,Riz 1kg,2025-11-28,2025-12-02,5,4,0,630,156.38,98519.4,0.91,Oui
ORD02698,F001,LaLaiterie SA,France,Alimentaire,P001,Lait demi-écrémé,2025-12-22,2025-12-28,2,6,4,953,41.7,39740.1,0.98,Oui
ORD02699,F009,TVGlobal,Corée du Sud,Électronique,P009,TV 4K,2025-07-25,2025-08-21,25,27,2,849,215.18,182687.82,0.88,Non
ORD02700,F003,PâtesItalia,Italie,Alimentaire,P003,Pâtes 500g,2025-01-14,2025-01-21,4,7,3,975,124.07,120968.25,0.95,Non
ORD02701,F002,RizImport SAS,Italie,Alimentaire,P002,Riz 1kg,2025-11-18,2025-11-27,5,9,4,994,222.96,221622.24,0.88,Oui
ORD02702,F003,PâtesItalia,Italie,Alimentaire,P003,Pâtes 500g,2025-11-16,2025-11-23,4,7,3,1924,196.69,378431.56,0.87,Oui
ORD02703,F003,PâtesItalia,Italie,Alimentaire,P003,Pâtes 500g,2025-06-13,2025-06-20,4,7,3,1231,88.67,109152.77,1.0,Oui
ORD02704,F009,TVGlobal,Corée du Sud,Électronique,P009,TV 4K,2025-06-12,2025-07-11,25,29,4,1123,0.79,887.17,0.91,Oui
ORD02705,F004,BeautyPro,Allemagne,Droguerie,P004,Shampoing,2025-07-08,2025-07-13,6,5,0,1474,121.56,179179.44,0.76,Oui
ORD02706,F006,FashionBasic,Portugal,Textile,P006,T-shirt homme,2025-07-19,2025-07-31,10,12,2,1540,278.98,429629.2,0.92,Oui
ORD02707,F001,LaLaiterie SA,France,Alimentaire,P001,Lait demi-écrémé,2025-12-11,2025-12-12,2,1,0,393,126.18,49588.74,0.89,Oui
ORD02708,F006,FashionBasic,Portugal,Textile,P006,T-shirt homme,2025-07-11,2025-07-22,10,11,1,564,82.56,46563.84,0.88,Oui
ORD02709,F007,DenimCo,Turquie,Textile,P007,Jeans,2025-04-11,2025-04-25,14,14,0,772,372.0,287184.0,0.9,Oui
ORD02710,F004,BeautyPro,Allemagne,Droguerie,P004,Shampoing,2025-11-21,2025-11-27,6,6,0,1449,239.95,347687.55,0.89,Oui
ORD02711,F007,DenimCo,Turquie,Textile,P007,Jeans,2025-04-24,2025-05-08,14,14,0,1168,432.23,504844.64,0.98,Non
ORD02712,F006,FashionBasic,Portugal,Textile,P006,T-shirt homme,2025-07-27,2025-08-06,10,10,0,583,36.28,21151.24,0.92,Oui
ORD02713,F009,TVGlobal,Corée du Sud,Électronique,P009,TV 4K,2025-06-22,2025-07-21,25,29,4,1959,217.74,426552.66,0.98,Oui
ORD02714,F003,PâtesItalia,Italie,Alimentaire,P003,Pâtes 500g,2025-10-22,2025-10-26,4,4,0,876,425.76,372965.76,0.81,Oui
ORD02715,F006,FashionBasic,Portugal,Textile,P006,T-shirt homme,2025-09-29,2025-10-12,10,13,3,1650,309.05,509932.5,0.78,Oui
ORD02716,F009,TVGlobal,Corée du Sud,Électronique,P009,TV 4K,2025-02-24,2025-03-24,25,28,3,1505,176.35,265406.75,0.84,Non
ORD02717,F008,TechDistrib,Chine,Électronique,P008,Smartphone,2025-09-23,2025-10-15,21,22,1,841,427.33,359384.53,0.89,Oui
ORD02718,F006,FashionBasic,Portugal,Textile,P006,T-shirt homme,2025-09-07,2025-09-21,10,14,4,638,371.28,236876.64,0.81,Oui
ORD02719,F010,AudioMax,Chine,Électronique,P010,Casque audio,2025-03-03,2025-03-25,18,22,4,1880,230.78,433866.4,0.89,Non
ORD02720,F002,RizImport SAS,Italie,Alimentaire,P002,Riz 1kg,2025-09-04,2025-09-12,5,8,3,1041,74.58,77637.78,0.8,Oui
ORD02721,F006,FashionBasic,Portugal,Textile,P006,T-shirt homme,2025-10-25,2025-11-04,10,10,0,601,357.16,214653.16,0.77,Oui
ORD02722,F007,DenimCo,Turquie,Textile,P007,Jeans,2025-06-07,2025-06-20,14,13,0,716,132.5,94870.0,0.78,Oui
ORD02723,F004,BeautyPro,Allemagne,Droguerie,P004,Shampoing,2025-02-24,2025-03-02,6,6,0,1542,78.49,121031.58,0.9,Oui
ORD02724,F007,DenimCo,Turquie,Textile,P007,Jeans,2025-09-01,2025-09-19,14,18,4,1782,427.8,762339.6,0.77,Oui
ORD02725,F008,TechDistrib,Chine,Électronique,P008,Smartphone,2025-06-12,2025-07-02,21,20,0,82,431.93,35418.26,0.82,Oui
ORD02726,F002,RizImport SAS,Italie,Alimentaire,P002,Riz 1kg,2025-05-26,2025-05-30,5,4,0,122,349.46,42634.12,0.79,Oui
ORD02727,F009,TVGlobal,Corée du Sud,Électronique,P009,TV 4K,2025-03-04,2025-04-02,25,29,4,1261,235.91,297482.51,0.89,Oui
ORD02728,F003,PâtesItalia,Italie,Alimentaire,P003,Pâtes 500g,2025-09-02,2025-09-05,4,3,0,606,162.76,98632.56,0.81,Oui
ORD02729,F009,TVGlobal,Corée du Sud,Électronique,P009,TV 4K,2025-06-28,2025-07-25,25,27,2,383,400.64,153445.12,0.98,Oui
ORD02730,F007,DenimCo,Turquie,Textile,P007,Jeans,2025-08-02,2025-08-15,14,13,0,714,388.88,277660.32,0.9,Oui
ORD02731,F008,TechDistrib,Chine,Électronique,P008,Smartphone,2025-10-03,2025-10-26,21,23,2,622,134.74,83808.28,0.79,Oui
ORD02732,F006,FashionBasic,Portugal,Textile,P006,T-shirt homme,2025-09-19,2025-09-30,10,11,1,1567,401.98,629902.66,0.82,Oui
ORD02733,F010,AudioMax,Chine,Électronique,P010,Casque audio,2025-08-05,2025-08-24,18,19,1,1681,390.12,655791.72,0.95,Oui
ORD02734,F005,CleanHome,France,Droguerie,P005,Lessive,2025-04-02,2025-04-08,3,6,3,313,137.39,43003.07,0.9,Oui
ORD02735,F002,RizImport SAS,Italie,Alimentaire,P002,Riz 1kg,2025-12-21,2025-12-28,5,7,2,730,11.92,8701.6,0.98,Oui
ORD02736,F001,LaLaiterie SA,France,Alimentaire,P001,Lait demi-écrémé,2025-01-22,2025-01-24,2,2,0,1691,138.43,234085.13,0.91,Oui
ORD02737,F004,BeautyPro,Allemagne,Droguerie,P004,Shampoing,2025-02-07,2025-02-13,6,6,0,318,289.37,92019.66,0.96,Non
ORD02738,F002,RizImport SAS,Italie,Alimentaire,P002,Riz 1kg,2025-06-16,2025-06-22,5,6,1,191,94.15,17982.65,0.83,Oui
ORD02739,F009,TVGlobal,Corée du Sud,Électronique,P009,TV 4K,2025-04-15,2025-05-14,25,29,4,1346,191.84,258216.64,0.93,Oui
ORD02740,F005,CleanHome,France,Droguerie,P005,Lessive,2025-06-05,2025-06-09,3,4,1,1793,234.15,419830.95,0.9,Oui
ORD02741,F010,AudioMax,Chine,Électronique,P010,Casque audio,2025-09-09,2025-09-27,18,18,0,1073,433.41,465048.93,0.92,Non
ORD02742,F007,DenimCo,Turquie,Textile,P007,Jeans,2025-08-18,2025-09-05,14,18,4,1665,198.76,330935.4,0.99,Oui
ORD02743,F003,PâtesItalia,Italie,Alimentaire,P003,Pâtes 500g,2025-01-04,2025-01-08,4,4,0,800,380.76,304608.0,1.0,Oui
ORD02744,F006,FashionBasic,Portugal,Textile,P006,T-shirt homme,2025-05-28,2025-06-07,10,10,0,1994,431.43,860271.42,0.88,Oui
ORD02745,F003,PâtesItalia,Italie,Alimentaire,P003,Pâtes 500g,2025-12-29,2026-01-05,4,7,3,1704,367.45,626134.8,0.93,Oui
ORD02746,F002,RizImport SAS,Italie,Alimentaire,P002,Riz 1kg,2025-03-06,2025-03-11,5,5,0,1292,64.87,83812.04,0.96,Oui
ORD02747,F005,CleanHome,France,Droguerie,P005,Lessive,2025-11-16,2025-11-18,3,2,0,170,170.03,28905.1,0.75,Oui
ORD02748,F004,BeautyPro,Allemagne,Droguerie,P004,Shampoing,2025-08-01,2025-08-08,6,7,1,1052,72.49,76259.48,0.93,Oui
ORD02749,F001,LaLaiterie SA,France,Alimentaire,P001,Lait demi-écrémé,2025-09-30,2025-10-02,2,2,0,1620,212.51,344266.2,0.88,Oui
ORD02750,F008,TechDistrib,Chine,Électronique,P008,Smartphone,2025-04-01,2025-04-22,21,21,0,1892,157.86,298671.12,0.87,Oui
ORD02751,F006,FashionBasic,Portugal,Textile,P006,T-shirt homme,2025-10-15,2025-10-29,10,14,4,594,217.98,129480.12,0.84,Oui
ORD02752,F001,LaLaiterie SA,France,Alimentaire,P001,Lait demi-écrémé,2025-06-16,2025-06-18,2,2,0,1316,41.06,54034.96,0.95,Oui
ORD02753,F008,TechDistrib,Chine,Électronique,P008,Smartphone,2025-07-15,2025-08-09,21,25,4,1184,108.87,128902.08,0.78,Oui
ORD02754,F003,PâtesItalia,Italie,Alimentaire,P003,Pâtes 500g,2025-08-14,2025-08-17,4,3,0,1371,211.21,289568.91,0.77,Oui
ORD02755,F004,BeautyPro,Allemagne,Droguerie,P004,Shampoing,2025-08-15,2025-08-25,6,10,4,1541,98.16,151264.56,0.89,Oui
ORD02756,F003,PâtesItalia,Italie,Alimentaire,P003,Pâtes 500g,2025-01-15,2025-01-20,4,5,1,422,78.06,32941.32,0.89,Oui
ORD02757,F010,AudioMax,Chine,Électronique,P010,Casque audio,2025-04-20,2025-05-12,18,22,4,893,396.76,354306.68,0.99,Oui
ORD02758,F006,FashionBasic,Portugal,Textile,P006,T-shirt homme,2025-12-03,2025-12-16,10,13,3,204,288.34,58821.36,0.81,Oui
ORD02759,F004,BeautyPro,Allemagne,Droguerie,P004,Shampoing,2025-03-27,2025-04-03,6,7,1,1387,163.98,227440.26,0.99,Oui
ORD02760,F009,TVGlobal,Corée du Sud,Électronique,P009,TV 4K,2025-04-15,2025-05-11,25,26,1,1188,422.89,502393.32,0.82,Oui
ORD02761,F008,TechDistrib,Chine,Électronique,P008,Smartphone,2025-09-10,2025-10-01,21,21,0,380,363.8,138244.0,0.82,Non
ORD02762,F010,AudioMax,Chine,Électronique,P010,Casque audio,2025-06-20,2025-07-09,18,19,1,1822,114.63,208855.86,0.95,Oui
ORD02763,F010,AudioMax,Chine,Électronique,P010,Casque audio,2025-03-01,2025-03-19,18,18,0,1879,201.35,378336.65,0.96,Oui
ORD02764,F008,TechDistrib,Chine,Électronique,P008,Smartphone,2025-01-02,2025-01-23,21,21,0,1219,78.86,96130.34,0.77,Oui
ORD02765,F004,BeautyPro,Allemagne,Droguerie,P004,Shampoing,2025-12-08,2025-12-17,6,9,3,1009,342.01,345088.09,0.98,Oui
ORD02766,F004,BeautyPro,Allemagne,Droguerie,P004,Shampoing,2025-09-09,2025-09-19,6,10,4,1883,367.97,692887.51,0.78,Non
ORD02767,F009,TVGlobal,Corée du Sud,Électronique,P009,TV 4K,2025-05-05,2025-05-30,25,25,0,355,13.12,4657.6,0.92,Non
ORD02768,F003,PâtesItalia,Italie,Alimentaire,P003,Pâtes 500g,2025-07-06,2025-07-12,4,6,2,1543,355.87,549107.41,0.97,Oui
ORD02769,F003,PâtesItalia,Italie,Alimentaire,P003,Pâtes 500g,2025-01-20,2025-01-23,4,3,0,593,342.57,203144.01,0.87,Oui
ORD02770,F008,TechDistrib,Chine,Électronique,P008,Smartphone,2025-09-23,2025-10-17,21,24,3,1086,388.7,422128.2,0.86,Oui
ORD02771,F006,FashionBasic,Portugal,Textile,P006,T-shirt homme,2025-12-08,2025-12-21,10,13,3,781,83.5,65213.5,0.91,Oui
ORD02772,F001,LaLaiterie SA,France,Alimentaire,P001,Lait demi-écrémé,2025-01-21,2025-01-23,2,2,0,85,125.52,10669.2,0.83,Non
ORD02773,F002,RizImport SAS,Italie,Alimentaire,P002,Riz 1kg,2025-10-21,2025-10-29,5,8,3,706,49.71,35095.26,0.77,Oui
ORD02774,F003,PâtesItalia,Italie,Alimentaire,P003,Pâtes 500g,2025-04-18,2025-04-26,4,8,4,1218,404.39,492547.02,0.97,Oui
ORD02775,F003,PâtesItalia,Italie,Alimentaire,P003,Pâtes 500g,2025-11-26,2025-12-03,4,7,3,392,350.76,137497.92,0.93,Oui
ORD02776,F006,FashionBasic,Portugal,Textile,P006,T-shirt homme,2025-12-06,2025-12-15,10,9,0,239,136.6,32647.4,0.87,Oui
ORD02777,F009,TVGlobal,Corée du Sud,Électronique,P009,TV 4K,2025-04-09,2025-05-03,25,24,0,1303,370.55,482826.65,0.98,Oui
ORD02778,F008,TechDistrib,Chine,Électronique,P008,Smartphone,2025-02-12,2025-03-05,21,21,0,1456,267.27,389145.12,0.77,Non
ORD02779,F003,PâtesItalia,Italie,Alimentaire,P003,Pâtes 500g,2025-07-23,2025-07-26,4,3,0,1346,68.34,91985.64,0.79,Oui
ORD02780,F002,RizImport SAS,Italie,Alimentaire,P002,Riz 1kg,2025-12-18,2025-12-27,5,9,4,992,184.85,183371.2,0.94,Oui
ORD02781,F002,RizImport SAS,Italie,Alimentaire,P002,Riz 1kg,2025-11-07,2025-11-16,5,9,4,1429,40.61,58031.69,0.78,Oui
ORD02782,F003,PâtesItalia,Italie,Alimentaire,P003,Pâtes 500g,2025-04-03,2025-04-06,4,3,0,297,278.07,82586.79,0.76,Oui
ORD02783,F006,FashionBasic,Portugal,Textile,P006,T-shirt homme,2025-12-05,2025-12-19,10,14,4,1945,238.36,463610.2,0.86,Oui
ORD02784,F010,AudioMax,Chine,Électronique,P010,Casque audio,2025-04-20,2025-05-07,18,17,0,651,257.56,167671.56,0.86,Oui
ORD02785,F009,TVGlobal,Corée du Sud,Électronique,P009,TV 4K,2025-01-07,2025-02-05,25,29,4,416,205.18,85354.88,0.97,Oui
ORD02786,F009,TVGlobal,Corée du Sud,Électronique,P009,TV 4K,2025-02-23,2025-03-20,25,25,0,1615,353.36,570676.4,0.79,Oui
ORD02787,F001,LaLaiterie SA,France,Alimentaire,P001,Lait demi-écrémé,2025-10-13,2025-10-19,2,6,4,858,281.59,241604.22,0.79,Oui
ORD02788,F001,LaLaiterie SA,France,Alimentaire,P001,Lait demi-écrémé,2025-10-23,2025-10-29,2,6,4,718,441.9,317284.2,0.79,Oui
ORD02789,F003,PâtesItalia,Italie,Alimentaire,P003,Pâtes 500g,2025-01-09,2025-01-16,4,7,3,446,315.43,140681.78,0.84,Non
ORD02790,F007,DenimCo,Turquie,Textile,P007,Jeans,2025-02-03,2025-02-21,14,18,4,1557,294.99,459299.43,0.95,Oui
ORD02791,F010,AudioMax,Chine,Électronique,P010,Casque audio,2025-11-02,2025-11-21,18,19,1,312,350.76,109437.12,0.9,Oui
ORD02792,F002,RizImport SAS,Italie,Alimentaire,P002,Riz 1kg,2025-04-28,2025-05-05,5,7,2,292,64.27,18766.84,0.8,Non
ORD02793,F009,TVGlobal,Corée du Sud,Électronique,P009,TV 4K,2025-06-17,2025-07-15,25,28,3,800,174.62,139696.0,0.94,Oui
ORD02794,F001,LaLaiterie SA,France,Alimentaire,P001,Lait demi-écrémé,2025-05-13,2025-05-14,2,1,0,1868,334.32,624509.76,0.79,Oui
ORD02795,F008,TechDistrib,Chine,Électronique,P008,Smartphone,2025-01-28,2025-02-20,21,23,2,302,163.14,49268.28,0.79,Oui
ORD02796,F008,TechDistrib,Chine,Électronique,P008,Smartphone,2025-05-23,2025-06-12,21,20,0,390,269.78,105214.2,0.77,Oui
ORD02797,F002,RizImport SAS,Italie,Alimentaire,P002,Riz 1kg,2025-08-09,2025-08-16,5,7,2,1815,266.07,482917.05,0.85,Oui
ORD02798,F005,CleanHome,France,Droguerie,P005,Lessive,2025-09-29,2025-10-06,3,7,4,1985,405.55,805016.75,0.84,Oui
ORD02799,F003,PâtesItalia,Italie,Alimentaire,P003,Pâtes 500g,2025-12-17,2025-12-25,4,8,4,1364,3.91,5333.24,0.93,Oui
ORD02800,F001,LaLaiterie SA,France,Alimentaire,P001,Lait demi-écrémé,2025-05-08,2025-05-09,2,1,0,305,8.08,2464.4,0.84,Oui
ORD02801,F008,TechDistrib,Chine,Électronique,P008,Smartphone,2025-10-16,2025-11-10,21,25,4,974,166.17,161849.58,0.97,Oui
ORD02802,F002,RizImport SAS,Italie,Alimentaire,P002,Riz 1kg,2025-07-09,2025-07-16,5,7,2,1258,304.84,383488.72,1.0,Oui
ORD02803,F007,DenimCo,Turquie,Textile,P007,Jeans,2025-03-30,2025-04-13,14,14,0,564,216.07,121863.48,0.78,Oui
ORD02804,F005,CleanHome,France,Droguerie,P005,Lessive,2025-08-25,2025-08-30,3,5,2,55,50.2,2761.0,0.89,Oui
ORD02805,F009,TVGlobal,Corée du Sud,Électronique,P009,TV 4K,2025-03-04,2025-03-28,25,24,0,474,12.48,5915.52,0.98,Oui
ORD02806,F009,TVGlobal,Corée du Sud,Électronique,P009,TV 4K,2025-04-28,2025-05-22,25,24,0,970,179.69,174299.3,0.94,Oui
ORD02807,F003,PâtesItalia,Italie,Alimentaire,P003,Pâtes 500g,2025-08-05,2025-08-12,4,7,3,137,245.2,33592.4,0.88,Oui
ORD02808,F006,FashionBasic,Portugal,Textile,P006,T-shirt homme,2025-08-18,2025-08-27,10,9,0,353,266.94,94229.82,0.97,Oui
ORD02809,F006,FashionBasic,Portugal,Textile,P006,T-shirt homme,2025-12-27,2026-01-05,10,9,0,999,38.45,38411.55,0.88,Oui
ORD02810,F002,RizImport SAS,Italie,Alimentaire,P002,Riz 1kg,2025-05-07,2025-05-11,5,4,0,996,320.82,319536.72,0.83,Non
ORD02811,F005,CleanHome,France,Droguerie,P005,Lessive,2025-07-04,2025-07-10,3,6,3,614,221.67,136105.38,0.8,Oui
ORD02812,F002,RizImport SAS,Italie,Alimentaire,P002,Riz 1kg,2025-12-27,2026-01-01,5,5,0,100,8.33,833.0,0.86,Oui
ORD02813,F009,TVGlobal,Corée du Sud,Électronique,P009,TV 4K,2025-12-13,2026-01-08,25,26,1,965,191.95,185231.75,0.86,Oui
ORD02814,F001,LaLaiterie SA,France,Alimentaire,P001,Lait demi-écrémé,2025-04-15,2025-04-16,2,1,0,1199,2.96,3549.04,0.8,Oui
ORD02815,F004,BeautyPro,Allemagne,Droguerie,P004,Shampoing,2025-11-07,2025-11-15,6,8,2,370,370.25,136992.5,0.98,Oui
ORD02816,F005,CleanHome,France,Droguerie,P005,Lessive,2025-08-12,2025-08-17,3,5,2,944,370.53,349780.32,0.77,Oui
ORD02817,F009,TVGlobal,Corée du Sud,Électronique,P009,TV 4K,2025-05-04,2025-05-29,25,25,0,1482,384.26,569473.32,0.75,Oui
ORD02818,F005,CleanHome,France,Droguerie,P005,Lessive,2025-07-26,2025-07-31,3,5,2,921,45.53,41933.13,0.99,Oui
ORD02819,F001,LaLaiterie SA,France,Alimentaire,P001,Lait demi-écrémé,2025-02-04,2025-02-05,2,1,0,153,201.4,30814.2,0.87,Oui
ORD02820,F005,CleanHome,France,Droguerie,P005,Lessive,2025-01-20,2025-01-22,3,2,0,1583,294.97,466937.51,0.9,Oui
ORD02821,F009,TVGlobal,Corée du Sud,Électronique,P009,TV 4K,2025-02-04,2025-03-05,25,29,4,1202,340.9,409761.8,0.96,Oui
ORD02822,F005,CleanHome,France,Droguerie,P005,Lessive,2025-10-21,2025-10-23,3,2,0,695,112.56,78229.2,1.0,Oui
ORD02823,F003,PâtesItalia,Italie,Alimentaire,P003,Pâtes 500g,2025-01-22,2025-01-27,4,5,1,1300,274.18,356434.0,0.76,Oui
ORD02824,F010,AudioMax,Chine,Électronique,P010,Casque audio,2025-09-12,2025-10-02,18,20,2,1654,272.95,451459.3,1.0,Oui
ORD02825,F002,RizImport SAS,Italie,Alimentaire,P002,Riz 1kg,2025-04-12,2025-04-19,5,7,2,1258,197.84,248882.72,0.78,Oui
ORD02826,F010,AudioMax,Chine,Électronique,P010,Casque audio,2025-10-12,2025-11-03,18,22,4,649,46.37,30094.13,0.98,Non
ORD02827,F003,PâtesItalia,Italie,Alimentaire,P003,Pâtes 500g,2025-04-21,2025-04-27,4,6,2,637,428.67,273062.79,0.87,Oui
ORD02828,F004,BeautyPro,Allemagne,Droguerie,P004,Shampoing,2025-04-30,2025-05-06,6,6,0,1610,145.38,234061.8,0.8,Oui
ORD02829,F009,TVGlobal,Corée du Sud,Électronique,P009,TV 4K,2025-12-09,2026-01-06,25,28,3,1268,130.45,165410.6,0.89,Oui
ORD02830,F010,AudioMax,Chine,Électronique,P010,Casque audio,2025-08-17,2025-09-03,18,17,0,187,320.31,59897.97,0.98,Oui
ORD02831,F007,DenimCo,Turquie,Textile,P007,Jeans,2025-12-05,2025-12-19,14,14,0,103,96.85,9975.55,0.76,Oui
ORD02832,F009,TVGlobal,Corée du Sud,Électronique,P009,TV 4K,2025-03-29,2025-04-22,25,24,0,232,185.13,42950.16,0.96,Oui
ORD02833,F001,LaLaiterie SA,France,Alimentaire,P001,Lait demi-écrémé,2025-11-19,2025-11-25,2,6,4,1335,117.14,156381.9,0.96,Oui
ORD02834,F009,TVGlobal,Corée du Sud,Électronique,P009,TV 4K,2025-02-12,2025-03-09,25,25,0,806,308.11,248336.66,0.94,Oui
ORD02835,F010,AudioMax,Chine,Électronique,P010,Casque audio,2025-09-16,2025-10-07,18,21,3,968,405.42,392446.56,0.97,Oui
ORD02836,F008,TechDistrib,Chine,Électronique,P008,Smartphone,2025-01-12,2025-02-06,21,25,4,1762,242.11,426597.82,0.91,Non
ORD02837,F009,TVGlobal,Corée du Sud,Électronique,P009,TV 4K,2025-01-16,2025-02-09,25,24,0,1169,417.67,488256.23,0.97,Oui
ORD02838,F003,PâtesItalia,Italie,Alimentaire,P003,Pâtes 500g,2025-03-24,2025-03-27,4,3,0,974,426.09,415011.66,0.97,Oui
ORD02839,F004,BeautyPro,Allemagne,Droguerie,P004,Shampoing,2025-10-20,2025-10-28,6,8,2,1088,168.52,183349.76,0.98,Oui
ORD02840,F001,LaLaiterie SA,France,Alimentaire,P001,Lait demi-écrémé,2025-01-14,2025-01-17,2,3,1,1156,21.55,24911.8,0.87,Oui
ORD02841,F002,RizImport SAS,Italie,Alimentaire,P002,Riz 1kg,2025-04-03,2025-04-08,5,5,0,828,253.76,210113.28,0.82,Oui
ORD02842,F002,RizImport SAS,Italie,Alimentaire,P002,Riz 1kg,2025-03-22,2025-03-30,5,8,3,1874,225.11,421856.14,0.95,Oui
ORD02843,F003,PâtesItalia,Italie,Alimentaire,P003,Pâtes 500g,2025-11-04,2025-11-12,4,8,4,917,252.08,231157.36,0.88,Oui
ORD02844,F007,DenimCo,Turquie,Textile,P007,Jeans,2025-10-24,2025-11-11,14,18,4,1955,381.65,746125.75,0.92,Oui
ORD02845,F001,LaLaiterie SA,France,Alimentaire,P001,Lait demi-écrémé,2025-10-29,2025-11-01,2,3,1,519,321.17,166687.23,0.81,Oui
ORD02846,F010,AudioMax,Chine,Électronique,P010,Casque audio,2025-08-05,2025-08-22,18,17,0,776,192.5,149380.0,0.87,Oui
ORD02847,F004,BeautyPro,Allemagne,Droguerie,P004,Shampoing,2025-04-01,2025-04-09,6,8,2,631,303.55,191540.05,0.95,Oui
ORD02848,F004,BeautyPro,Allemagne,Droguerie,P004,Shampoing,2025-06-20,2025-06-30,6,10,4,822,159.64,131224.08,0.94,Oui
ORD02849,F007,DenimCo,Turquie,Textile,P007,Jeans,2025-04-04,2025-04-19,14,15,1,1360,20.8,28288.0,0.9,Oui
ORD02850,F005,CleanHome,France,Droguerie,P005,Lessive,2025-11-09,2025-11-14,3,5,2,835,246.29,205652.15,0.93,Non
ORD02851,F007,DenimCo,Turquie,Textile,P007,Jeans,2025-01-14,2025-01-29,14,15,1,977,230.51,225208.27,0.79,Oui
ORD02852,F003,PâtesItalia,Italie,Alimentaire,P003,Pâtes 500g,2025-10-15,2025-10-20,4,5,1,259,173.98,45060.82,0.79,Non
ORD02853,F010,AudioMax,Chine,Électronique,P010,Casque audio,2025-05-05,2025-05-27,18,22,4,882,124.21,109553.22,0.89,Oui
ORD02854,F010,AudioMax,Chine,Électronique,P010,Casque audio,2025-04-24,2025-05-13,18,19,1,1144,180.36,206331.84,0.92,Oui
ORD02855,F001,LaLaiterie SA,France,Alimentaire,P001,Lait demi-écrémé,2025-08-12,2025-08-14,2,2,0,579,178.14,103143.06,0.79,Non
ORD02856,F009,TVGlobal,Corée du Sud,Électronique,P009,TV 4K,2025-08-16,2025-09-13,25,28,3,1229,31.13,38258.77,0.76,Oui
ORD02857,F002,RizImport SAS,Italie,Alimentaire,P002,Riz 1kg,2025-06-03,2025-06-07,5,4,0,489,449.42,219766.38,0.78,Oui
ORD02858,F004,BeautyPro,Allemagne,Droguerie,P004,Shampoing,2025-07-03,2025-07-13,6,10,4,1597,444.22,709419.34,0.91,Oui
ORD02859,F004,BeautyPro,Allemagne,Droguerie,P004,Shampoing,2025-07-28,2025-08-02,6,5,0,526,96.4,50706.4,0.93,Oui
ORD02860,F006,FashionBasic,Portugal,Textile,P006,T-shirt homme,2025-04-06,2025-04-16,10,10,0,139,413.3,57448.7,0.83,Oui
ORD02861,F007,DenimCo,Turquie,Textile,P007,Jeans,2025-06-20,2025-07-08,14,18,4,94,409.55,38497.7,0.84,Non
ORD02862,F005,CleanHome,France,Droguerie,P005,Lessive,2025-09-11,2025-09-14,3,3,0,586,56.49,33103.14,0.77,Oui
ORD02863,F001,LaLaiterie SA,France,Alimentaire,P001,Lait demi-écrémé,2025-04-09,2025-04-15,2,6,4,642,123.48,79274.16,0.95,Oui
ORD02864,F002,RizImport SAS,Italie,Alimentaire,P002,Riz 1kg,2025-08-29,2025-09-07,5,9,4,1041,403.51,420053.91,0.98,Oui
ORD02865,F009,TVGlobal,Corée du Sud,Électronique,P009,TV 4K,2025-03-06,2025-04-04,25,29,4,579,267.75,155027.25,0.89,Oui
ORD02866,F001,LaLaiterie SA,France,Alimentaire,P001,Lait demi-écrémé,2025-10-07,2025-10-12,2,5,3,1908,328.4,626587.2,0.97,Oui
ORD02867,F009,TVGlobal,Corée du Sud,Électronique,P009,TV 4K,2025-03-16,2025-04-09,25,24,0,606,36.29,21991.74,0.82,Oui
ORD02868,F002,RizImport SAS,Italie,Alimentaire,P002,Riz 1kg,2025-04-26,2025-05-02,5,6,1,1324,83.53,110593.72,0.85,Oui
ORD02869,F005,CleanHome,France,Droguerie,P005,Lessive,2025-10-07,2025-10-12,3,5,2,1312,298.59,391750.08,0.9,Oui
ORD02870,F010,AudioMax,Chine,Électronique,P010,Casque audio,2025-07-22,2025-08-13,18,22,4,1316,247.52,325736.32,0.83,Oui
ORD02871,F010,AudioMax,Chine,Électronique,P010,Casque audio,2025-06-09,2025-07-01,18,22,4,1877,390.1,732217.7,0.83,Oui
ORD02872,F006,FashionBasic,Portugal,Textile,P006,T-shirt homme,2025-12-04,2025-12-13,10,9,0,276,56.29,15536.04,0.78,Oui
ORD02873,F003,PâtesItalia,Italie,Alimentaire,P003,Pâtes 500g,2025-01-30,2025-02-07,4,8,4,1649,215.25,354947.25,0.84,Oui
ORD02874,F007,DenimCo,Turquie,Textile,P007,Jeans,2025-12-22,2026-01-04,14,13,0,769,51.47,39580.43,0.87,Oui
ORD02875,F001,LaLaiterie SA,France,Alimentaire,P001,Lait demi-écrémé,2025-04-27,2025-05-02,2,5,3,1151,338.84,390004.84,0.89,Oui
ORD02876,F007,DenimCo,Turquie,Textile,P007,Jeans,2025-06-10,2025-06-24,14,14,0,891,439.15,391282.65,0.91,Oui
ORD02877,F010,AudioMax,Chine,Électronique,P010,Casque audio,2025-05-14,2025-06-02,18,19,1,812,269.97,219215.64,0.84,Oui
ORD02878,F001,LaLaiterie SA,France,Alimentaire,P001,Lait demi-écrémé,2025-11-01,2025-11-07,2,6,4,1383,257.79,356523.57,0.95,Oui
ORD02879,F010,AudioMax,Chine,Électronique,P010,Casque audio,2025-05-09,2025-05-27,18,18,0,146,132.35,19323.1,0.84,Oui
ORD02880,F005,CleanHome,France,Droguerie,P005,Lessive,2025-10-13,2025-10-19,3,6,3,940,194.39,182726.6,0.85,Oui
ORD02881,F007,DenimCo,Turquie,Textile,P007,Jeans,2025-05-15,2025-05-29,14,14,0,79,369.18,29165.22,0.98,Oui
ORD02882,F006,FashionBasic,Portugal,Textile,P006,T-shirt homme,2025-09-08,2025-09-20,10,12,2,746,242.11,180614.06,0.76,Oui
ORD02883,F005,CleanHome,France,Droguerie,P005,Lessive,2025-06-13,2025-06-16,3,3,0,443,351.68,155794.24,0.95,Oui
ORD02884,F003,PâtesItalia,Italie,Alimentaire,P003,Pâtes 500g,2025-05-05,2025-05-10,4,5,1,578,359.62,207860.36,0.97,Oui
ORD02885,F003,PâtesItalia,Italie,Alimentaire,P003,Pâtes 500g,2025-08-03,2025-08-08,4,5,1,1484,130.49,193647.16,0.78,Oui
ORD02886,F010,AudioMax,Chine,Électronique,P010,Casque audio,2025-11-08,2025-11-27,18,19,1,518,416.45,215721.1,0.75,Non
ORD02887,F007,DenimCo,Turquie,Textile,P007,Jeans,2025-03-24,2025-04-07,14,14,0,292,79.12,23103.04,0.82,Non
ORD02888,F008,TechDistrib,Chine,Électronique,P008,Smartphone,2025-08-08,2025-08-31,21,23,2,1471,295.66,434915.86,0.83,Oui
ORD02889,F006,FashionBasic,Portugal,Textile,P006,T-shirt homme,2025-11-10,2025-11-19,10,9,0,849,12.97,11011.53,0.77,Oui
ORD02890,F002,RizImport SAS,Italie,Alimentaire,P002,Riz 1kg,2025-02-17,2025-02-23,5,6,1,1915,437.6,838004.0,0.88,Non
ORD02891,F009,TVGlobal,Corée du Sud,Électronique,P009,TV 4K,2025-09-22,2025-10-21,25,29,4,845,447.02,377731.9,0.75,Oui
ORD02892,F009,TVGlobal,Corée du Sud,Électronique,P009,TV 4K,2025-01-08,2025-02-01,25,24,0,1021,265.17,270738.57,1.0,Oui
ORD02893,F008,TechDistrib,Chine,Électronique,P008,Smartphone,2025-10-14,2025-11-04,21,21,0,451,393.64,177531.64,0.79,Oui
ORD02894,F006,FashionBasic,Portugal,Textile,P006,T-shirt homme,2025-08-16,2025-08-25,10,9,0,1956,360.96,706037.76,0.86,Non
ORD02895,F007,DenimCo,Turquie,Textile,P007,Jeans,2025-05-15,2025-05-29,14,14,0,1357,365.49,495969.93,0.77,Oui
ORD02896,F003,PâtesItalia,Italie,Alimentaire,P003,Pâtes 500g,2025-01-28,2025-02-01,4,4,0,1132,113.43,128402.76,0.93,Oui
ORD02897,F006,FashionBasic,Portugal,Textile,P006,T-shirt homme,2025-04-27,2025-05-09,10,12,2,758,313.55,237670.9,0.93,Oui
ORD02898,F009,TVGlobal,Corée du Sud,Électronique,P009,TV 4K,2025-01-25,2025-02-21,25,27,2,1184,157.98,187048.32,0.95,Oui
ORD02899,F005,CleanHome,France,Droguerie,P005,Lessive,2025-09-21,2025-09-24,3,3,0,684,58.0,39672.0,0.92,Oui
ORD02900,F004,BeautyPro,Allemagne,Droguerie,P004,Shampoing,2025-09-15,2025-09-22,6,7,1,1849,114.32,211377.68,0.95,Non
ORD02901,F005,CleanHome,France,Droguerie,P005,Lessive,2025-01-25,2025-01-27,3,2,0,1434,425.09,609579.06,0.81,Oui
ORD02902,F005,CleanHome,France,Droguerie,P005,Lessive,2025-11-30,2025-12-05,3,5,2,743,333.03,247441.29,0.97,Oui
ORD02903,F002,RizImport SAS,Italie,Alimentaire,P002,Riz 1kg,2025-02-27,2025-03-04,5,5,0,1984,87.5,173600.0,0.98,Non
ORD02904,F005,CleanHome,France,Droguerie,P005,Lessive,2025-10-03,2025-10-09,3,6,3,1617,331.55,536116.35,0.99,Oui
ORD02905,F010,AudioMax,Chine,Électronique,P010,Casque audio,2025-02-13,2025-03-05,18,20,2,947,405.58,384084.26,0.85,Oui
ORD02906,F005,CleanHome,France,Droguerie,P005,Lessive,2025-11-27,2025-12-04,3,7,4,1439,334.15,480841.85,0.87,Oui
ORD02907,F009,TVGlobal,Corée du Sud,Électronique,P009,TV 4K,2025-10-03,2025-10-30,25,27,2,1453,76.79,111575.87,0.77,Oui
ORD02908,F001,LaLaiterie SA,France,Alimentaire,P001,Lait demi-écrémé,2025-12-02,2025-12-07,2,5,3,174,360.64,62751.36,0.77,Oui
ORD02909,F004,BeautyPro,Allemagne,Droguerie,P004,Shampoing,2025-01-22,2025-01-29,6,7,1,723,321.78,232646.94,0.8,Oui
ORD02910,F004,BeautyPro,Allemagne,Droguerie,P004,Shampoing,2025-06-16,2025-06-26,6,10,4,1166,226.62,264238.92,0.79,Oui
ORD02911,F004,BeautyPro,Allemagne,Droguerie,P004,Shampoing,2025-06-19,2025-06-25,6,6,0,1854,137.86,255592.44,0.76,Non
ORD02912,F002,RizImport SAS,Italie,Alimentaire,P002,Riz 1kg,2025-09-21,2025-09-25,5,4,0,1514,392.73,594593.22,0.86,Oui
ORD02913,F009,TVGlobal,Corée du Sud,Électronique,P009,TV 4K,2025-02-04,2025-03-03,25,27,2,757,445.01,336872.57,0.82,Oui
ORD02914,F006,FashionBasic,Portugal,Textile,P006,T-shirt homme,2025-05-14,2025-05-25,10,11,1,925,24.54,22699.5,0.88,Oui
ORD02915,F006,FashionBasic,Portugal,Textile,P006,T-shirt homme,2025-12-19,2025-12-28,10,9,0,1023,271.44,277683.12,0.8,Oui
ORD02916,F009,TVGlobal,Corée du Sud,Électronique,P009,TV 4K,2025-02-24,2025-03-20,25,24,0,1364,308.97,421435.08,0.94,Oui
ORD02917,F006,FashionBasic,Portugal,Textile,P006,T-shirt homme,2025-05-04,2025-05-18,10,14,4,1270,55.94,71043.8,0.88,Non
ORD02918,F009,TVGlobal,Corée du Sud,Électronique,P009,TV 4K,2025-12-05,2025-12-31,25,26,1,1840,242.72,446604.8,0.85,Oui
ORD02919,F010,AudioMax,Chine,Électronique,P010,Casque audio,2025-08-06,2025-08-27,18,21,3,1130,231.76,261888.8,0.79,Oui
ORD02920,F010,AudioMax,Chine,Électronique,P010,Casque audio,2025-02-01,2025-02-20,18,19,1,694,216.82,150473.08,0.93,Oui
ORD02921,F002,RizImport SAS,Italie,Alimentaire,P002,Riz 1kg,2025-05-21,2025-05-28,5,7,2,1444,62.32,89990.08,0.84,Oui
ORD02922,F002,RizImport SAS,Italie,Alimentaire,P002,Riz 1kg,2025-11-03,2025-11-11,5,8,3,1581,433.6,685521.6,0.93,Oui
ORD02923,F003,PâtesItalia,Italie,Alimentaire,P003,Pâtes 500g,2025-04-15,2025-04-22,4,7,3,1378,102.26,140914.28,0.86,Oui
ORD02924,F004,BeautyPro,Allemagne,Droguerie,P004,Shampoing,2025-10-18,2025-10-23,6,5,0,359,439.12,157644.08,1.0,Oui
ORD02925,F008,TechDistrib,Chine,Électronique,P008,Smartphone,2025-01-16,2025-02-08,21,23,2,1934,367.7,711131.8,0.99,Oui
ORD02926,F003,PâtesItalia,Italie,Alimentaire,P003,Pâtes 500g,2025-09-22,2025-09-29,4,7,3,1942,22.69,44063.98,0.89,Non
ORD02927,F003,PâtesItalia,Italie,Alimentaire,P003,Pâtes 500g,2025-03-16,2025-03-19,4,3,0,141,367.39,51801.99,0.75,Oui
ORD02928,F001,LaLaiterie SA,France,Alimentaire,P001,Lait demi-écrémé,2025-01-09,2025-01-10,2,1,0,1466,235.15,344729.9,0.87,Oui
ORD02929,F001,LaLaiterie SA,France,Alimentaire,P001,Lait demi-écrémé,2025-01-16,2025-01-21,2,5,3,1772,284.3,503779.6,0.92,Oui
ORD02930,F008,TechDistrib,Chine,Électronique,P008,Smartphone,2025-07-17,2025-08-06,21,20,0,72,246.71,17763.12,0.95,Oui
ORD02931,F007,DenimCo,Turquie,Textile,P007,Jeans,2025-02-17,2025-03-04,14,15,1,176,412.81,72654.56,0.81,Oui
ORD02932,F006,FashionBasic,Portugal,Textile,P006,T-shirt homme,2025-11-29,2025-12-09,10,10,0,1363,424.56,578675.28,0.9,Oui
ORD02933,F008,TechDistrib,Chine,Électronique,P008,Smartphone,2025-05-22,2025-06-14,21,23,2,1653,338.11,558895.83,0.96,Oui
ORD02934,F004,BeautyPro,Allemagne,Droguerie,P004,Shampoing,2025-06-11,2025-06-18,6,7,1,886,389.93,345477.98,0.9,Oui
ORD02935,F002,RizImport SAS,Italie,Alimentaire,P002,Riz 1kg,2025-01-18,2025-01-22,5,4,0,456,330.13,150539.28,1.0,Oui
ORD02936,F007,DenimCo,Turquie,Textile,P007,Jeans,2025-04-04,2025-04-17,14,13,0,807,367.91,296903.37,0.82,Oui
ORD02937,F010,AudioMax,Chine,Électronique,P010,Casque audio,2025-07-14,2025-08-03,18,20,2,1758,34.0,59772.0,0.75,Oui
ORD02938,F007,DenimCo,Turquie,Textile,P007,Jeans,2025-08-10,2025-08-28,14,18,4,848,190.23,161315.04,0.77,Oui
ORD02939,F007,DenimCo,Turquie,Textile,P007,Jeans,2025-07-09,2025-07-24,14,15,1,1826,39.4,71944.4,0.77,Oui
ORD02940,F004,BeautyPro,Allemagne,Droguerie,P004,Shampoing,2025-05-25,2025-05-30,6,5,0,1704,201.44,343253.76,0.83,Oui
ORD02941,F010,AudioMax,Chine,Électronique,P010,Casque audio,2025-05-18,2025-06-08,18,21,3,1011,19.36,19572.96,0.9,Oui
ORD02942,F009,TVGlobal,Corée du Sud,Électronique,P009,TV 4K,2025-04-10,2025-05-07,25,27,2,909,246.93,224459.37,0.82,Oui
ORD02943,F009,TVGlobal,Corée du Sud,Électronique,P009,TV 4K,2025-10-18,2025-11-15,25,28,3,1323,182.66,241659.18,0.85,Oui
ORD02944,F001,LaLaiterie SA,France,Alimentaire,P001,Lait demi-écrémé,2025-09-28,2025-09-30,2,2,0,1155,195.34,225617.7,0.89,Oui
ORD02945,F010,AudioMax,Chine,Électronique,P010,Casque audio,2025-03-02,2025-03-22,18,20,2,1133,447.76,507312.08,0.92,Oui
ORD02946,F010,AudioMax,Chine,Électronique,P010,Casque audio,2025-02-07,2025-02-26,18,19,1,112,167.26,18733.12,0.9,Oui
ORD02947,F008,TechDistrib,Chine,Électronique,P008,Smartphone,2025-02-09,2025-03-05,21,24,3,980,403.61,395537.8,0.76,Oui
ORD02948,F003,PâtesItalia,Italie,Alimentaire,P003,Pâtes 500g,2025-01-12,2025-01-15,4,3,0,321,194.51,62437.71,0.93,Non
ORD02949,F008,TechDistrib,Chine,Électronique,P008,Smartphone,2025-11-20,2025-12-14,21,24,3,1232,251.8,310217.6,0.97,Oui
ORD02950,F005,CleanHome,France,Droguerie,P005,Lessive,2025-02-10,2025-02-16,3,6,3,1800,3.13,5634.0,0.99,Oui
ORD02951,F006,FashionBasic,Portugal,Textile,P006,T-shirt homme,2025-03-13,2025-03-22,10,9,0,1655,207.71,343760.05,0.83,Oui
ORD02952,F002,RizImport SAS,Italie,Alimentaire,P002,Riz 1kg,2025-08-24,2025-08-31,5,7,2,985,131.21,129241.85,0.77,Oui
ORD02953,F008,TechDistrib,Chine,Électronique,P008,Smartphone,2025-06-01,2025-06-24,21,23,2,1283,83.6,107258.8,0.77,Oui
ORD02954,F009,TVGlobal,Corée du Sud,Électronique,P009,TV 4K,2025-03-16,2025-04-11,25,26,1,238,274.04,65221.52,0.9,Non
ORD02955,F007,DenimCo,Turquie,Textile,P007,Jeans,2025-05-17,2025-05-31,14,14,0,383,63.84,24450.72,0.99,Oui
ORD02956,F010,AudioMax,Chine,Électronique,P010,Casque audio,2025-02-08,2025-02-28,18,20,2,159,365.12,58054.08,0.97,Oui
ORD02957,F005,CleanHome,France,Droguerie,P005,Lessive,2025-07-07,2025-07-11,3,4,1,1926,59.78,115136.28,0.96,Oui
ORD02958,F005,CleanHome,France,Droguerie,P005,Lessive,2025-07-10,2025-07-15,3,5,2,1756,375.84,659975.04,0.83,Oui
ORD02959,F003,PâtesItalia,Italie,Alimentaire,P003,Pâtes 500g,2025-01-02,2025-01-09,4,7,3,339,57.28,19417.92,0.97,Oui
ORD02960,F001,LaLaiterie SA,France,Alimentaire,P001,Lait demi-écrémé,2025-12-30,2026-01-04,2,5,3,86,422.17,36306.62,0.76,Oui
ORD02961,F004,BeautyPro,Allemagne,Droguerie,P004,Shampoing,2025-12-27,2026-01-03,6,7,1,889,124.16,110378.24,0.76,Oui
ORD02962,F003,PâtesItalia,Italie,Alimentaire,P003,Pâtes 500g,2025-05-23,2025-05-29,4,6,2,413,226.64,93602.32,0.98,Oui
ORD02963,F005,CleanHome,France,Droguerie,P005,Lessive,2025-01-03,2025-01-05,3,2,0,232,218.72,50743.04,0.91,Oui
ORD02964,F009,TVGlobal,Corée du Sud,Électronique,P009,TV 4K,2025-04-04,2025-04-29,25,25,0,1460,118.19,172557.4,0.86,Oui
ORD02965,F007,DenimCo,Turquie,Textile,P007,Jeans,2025-02-07,2025-02-23,14,16,2,1978,420.32,831392.96,0.98,Oui
ORD02966,F006,FashionBasic,Portugal,Textile,P006,T-shirt homme,2025-01-04,2025-01-16,10,12,2,184,26.98,4964.32,0.84,Oui
ORD02967,F001,LaLaiterie SA,France,Alimentaire,P001,Lait demi-écrémé,2025-02-16,2025-02-17,2,1,0,1226,167.62,205502.12,0.75,Oui
ORD02968,F008,TechDistrib,Chine,Électronique,P008,Smartphone,2025-02-25,2025-03-22,21,25,4,226,142.09,32112.34,0.86,Oui
ORD02969,F001,LaLaiterie SA,France,Alimentaire,P001,Lait demi-écrémé,2025-07-05,2025-07-07,2,2,0,1989,367.71,731375.19,0.95,Oui
ORD02970,F010,AudioMax,Chine,Électronique,P010,Casque audio,2025-03-11,2025-03-29,18,18,0,139,15.26,2121.14,0.77,Oui
ORD02971,F006,FashionBasic,Portugal,Textile,P006,T-shirt homme,2025-12-15,2025-12-24,10,9,0,59,430.66,25408.94,0.81,Oui
ORD02972,F002,RizImport SAS,Italie,Alimentaire,P002,Riz 1kg,2025-09-16,2025-09-24,5,8,3,1658,140.86,233545.88,0.93,Oui
ORD02973,F004,BeautyPro,Allemagne,Droguerie,P004,Shampoing,2025-11-27,2025-12-03,6,6,0,1683,255.59,430157.97,0.87,Oui
ORD02974,F010,AudioMax,Chine,Électronique,P010,Casque audio,2025-04-20,2025-05-10,18,20,2,755,59.61,45005.55,0.81,Non
ORD02975,F002,RizImport SAS,Italie,Alimentaire,P002,Riz 1kg,2025-07-31,2025-08-09,5,9,4,230,431.72,99295.6,0.95,Oui
ORD02976,F003,PâtesItalia,Italie,Alimentaire,P003,Pâtes 500g,2025-08-31,2025-09-04,4,4,0,1698,140.23,238110.54,0.88,Oui
ORD02977,F002,RizImport SAS,Italie,Alimentaire,P002,Riz 1kg,2025-01-19,2025-01-25,5,6,1,730,20.91,15264.3,0.84,Oui
ORD02978,F010,AudioMax,Chine,Électronique,P010,Casque audio,2025-07-26,2025-08-13,18,18,0,1452,82.84,120283.68,0.87,Oui
ORD02979,F006,FashionBasic,Portugal,Textile,P006,T-shirt homme,2025-08-13,2025-08-24,10,11,1,1123,343.89,386188.47,0.96,Oui
ORD02980,F003,PâtesItalia,Italie,Alimentaire,P003,Pâtes 500g,2025-08-04,2025-08-11,4,7,3,173,182.83,31629.59,0.82,Oui
ORD02981,F001,LaLaiterie SA,France,Alimentaire,P001,Lait demi-écrémé,2025-08-08,2025-08-12,2,4,2,446,264.93,118158.78,0.8,Oui
ORD02982,F005,CleanHome,France,Droguerie,P005,Lessive,2025-06-03,2025-06-09,3,6,3,1080,88.26,95320.8,0.83,Oui
ORD02983,F004,BeautyPro,Allemagne,Droguerie,P004,Shampoing,2025-07-15,2025-07-25,6,10,4,1790,134.41,240593.9,0.98,Oui
ORD02984,F006,FashionBasic,Portugal,Textile,P006,T-shirt homme,2025-06-21,2025-06-30,10,9,0,962,367.43,353467.66,0.98,Oui
ORD02985,F007,DenimCo,Turquie,Textile,P007,Jeans,2025-07-04,2025-07-20,14,16,2,1319,151.34,199617.46,0.77,Non
ORD02986,F003,PâtesItalia,Italie,Alimentaire,P003,Pâtes 500g,2025-04-16,2025-04-23,4,7,3,424,328.27,139186.48,0.75,Oui
ORD02987,F006,FashionBasic,Portugal,Textile,P006,T-shirt homme,2025-06-16,2025-06-25,10,9,0,137,222.28,30452.36,0.92,Oui
ORD02988,F010,AudioMax,Chine,Électronique,P010,Casque audio,2025-02-22,2025-03-12,18,18,0,254,427.99,108709.46,1.0,Oui
ORD02989,F009,TVGlobal,Corée du Sud,Électronique,P009,TV 4K,2025-07-18,2025-08-11,25,24,0,1280,443.83,568102.4,0.75,Oui
ORD02990,F005,CleanHome,France,Droguerie,P005,Lessive,2025-12-27,2026-01-01,3,5,2,1446,175.38,253599.48,0.92,Oui
ORD02991,F001,LaLaiterie SA,France,Alimentaire,P001,Lait demi-écrémé,2025-07-27,2025-08-02,2,6,4,1321,167.24,220924.04,0.81,Oui
ORD02992,F005,CleanHome,France,Droguerie,P005,Lessive,2025-12-24,2025-12-26,3,2,0,1447,80.12,115933.64,0.75,Oui
ORD02993,F003,PâtesItalia,Italie,Alimentaire,P003,Pâtes 500g,2025-04-04,2025-04-10,4,6,2,1895,141.53,268199.35,0.95,Oui
ORD02994,F001,LaLaiterie SA,France,Alimentaire,P001,Lait demi-écrémé,2025-01-06,2025-01-08,2,2,0,1811,188.25,340920.75,0.95,Oui
ORD02995,F002,RizImport SAS,Italie,Alimentaire,P002,Riz 1kg,2025-06-13,2025-06-17,5,4,0,740,96.96,71750.4,0.93,Oui
ORD02996,F006,FashionBasic,Portugal,Textile,P006,T-shirt homme,2025-12-02,2025-12-16,10,14,4,1455,264.9,385429.5,0.86,Oui
ORD02997,F006,FashionBasic,Portugal,Textile,P006,T-shirt homme,2025-01-17,2025-01-29,10,12,2,628,20.2,12685.6,0.96,Oui
ORD02998,F008,TechDistrib,Chine,Électronique,P008,Smartphone,2025-12-27,2026-01-17,21,21,0,1779,58.55,104160.45,0.9,Oui
ORD02999,F006,FashionBasic,Portugal,Textile,P006,T-shirt homme,2025-12-29,2026-01-12,10,14,4,1258,303.5,381803.0,0.91,Oui
ORD03000,F002,RizImport SAS,Italie,Alimentaire,P002,Riz 1kg,2025-01-25,2025-01-29,5,4,0,854,129.89,110926.06,0.92,Oui
