livraison_id,type_flux,entrepot_depart_id,entrepot_depart_nom,entrepot_arrivee_id,entrepot_arrivee_nom,product_id,product_name,categorie,date_depart,date_arrivee_prevue,duree_transport_j,quantite,poids_kg,transporteur,cout_transport_eur,statut_livraison,incident
LIV00001,Fournisseur → Entrepôt,E06,Nice-Est,E02,Lyon-Sud,P010,Casque audio,Électronique,2025-11-02,2025-11-06,4,636,3486.6,FM Logistic,694.28,Livré,Aucun
LIV00002,Magasin → Magasin,E02,Lyon-Sud,E08,Nantes-Atlantique,P002,Riz 1kg,Alimentaire,2025-12-16,2025-12-19,3,474,1724.5,FM Logistic,310.16,Livré,Aucun
LIV00003,Magasin → Magasin,E08,Nantes-Atlantique,E01,Paris-Rungis,P002,Riz 1kg,Alimentaire,2025-01-13,2025-01-14,1,431,5146.1,FM Logistic,770.16,Livré,Aucun
LIV00004,Fournisseur → Entrepôt,E07,Bordeaux-Centre,E06,Nice-Est,P002,Riz 1kg,Alimentaire,2025-09-29,2025-10-04,5,1047,1735.0,XPO Logistics,669.2,Livré,Aucun
LIV00005,Entrepôt → Magasin,E06,Nice-Est,E05,Toulouse-Ouest,P010,Casque audio,Électronique,2025-03-20,2025-03-24,4,1253,5075.1,DB Schenker,1127.16,Livré,Aucun
LIV00006,Entrepôt → Magasin,E04,Lille-Nord,E02,Lyon-Sud,P002,Riz 1kg,Alimentaire,2025-03-24,2025-03-26,2,391,1434.2,Geodis,403.6,Livré,Retard transporteur
LIV00007,Fournisseur → Entrepôt,E08,Nantes-Atlantique,E02,Lyon-Sud,P002,Riz 1kg,Alimentaire,2025-06-09,2025-06-14,5,457,5495.0,DB Schenker,1165.39,Livré,Retard transporteur
LIV00008,Entrepôt → Magasin,E08,Nantes-Atlantique,E01,Paris-Rungis,P004,Shampoing,Droguerie,2025-07-26,2025-07-30,4,851,11009.0,DHL Supply Chain,3391.51,Livré,Aucun
LIV00009,Magasin → Magasin,E03,Marseille-Port,E02,Lyon-Sud,P009,TV 4K,Électronique,2025-03-21,2025-03-22,1,380,4512.7,FM Logistic,1035.09,Livré,Casse
LIV00010,Magasin → Magasin,E03,Marseille-Port,E05,Toulouse-Ouest,P009,TV 4K,Électronique,2025-05-14,2025-05-18,4,283,1859.9,DB Schenker,526.22,Livré,Retard transporteur
LIV00011,Fournisseur → Entrepôt,E07,Bordeaux-Centre,E05,Toulouse-Ouest,P003,Pâtes 500g,Alimentaire,2025-12-06,2025-12-07,1,833,5158.8,XPO Logistics,1562.71,Livré,Aucun
LIV00012,Entrepôt → Magasin,E03,Marseille-Port,E02,Lyon-Sud,P005,Lessive,Droguerie,2025-12-01,2025-12-04,3,431,6455.4,Geodis,1395.42,Livré,Erreur quantité
LIV00013,Entrepôt → Magasin,E05,Toulouse-Ouest,E08,Nantes-Atlantique,P007,Jeans,Textile,2025-06-29,2025-06-30,1,325,4716.7,FM Logistic,506.91,Livré,Aucun
LIV00014,Entrepôt → Magasin,E08,Nantes-Atlantique,E07,Bordeaux-Centre,P001,Lait demi-écrémé,Alimentaire,2025-06-07,2025-06-12,5,1464,16059.8,Geodis,1852.53,Livré,Aucun
LIV00015,Magasin → Magasin,E06,Nice-Est,E05,Toulouse-Ouest,P006,T-shirt homme,Textile,2025-07-05,2025-07-10,5,1290,13846.0,FM Logistic,2789.26,Livré,Aucun
LIV00016,Inter-entrepôts,E02,Lyon-Sud,E03,Marseille-Port,P007,Jeans,Textile,2025-04-10,2025-04-14,4,699,6130.3,DHL Supply Chain,728.13,Livré,Aucun
LIV00017,Fournisseur → Entrepôt,E04,Lille-Nord,E03,Marseille-Port,P009,TV 4K,Électronique,2025-08-06,2025-08-07,1,437,5485.1,DB Schenker,868.81,Annulé,Aucun
LIV00018,Inter-entrepôts,E01,Paris-Rungis,E06,Nice-Est,P009,TV 4K,Électronique,2025-06-02,2025-06-04,2,895,10617.7,DHL Supply Chain,2898.32,Livré,Aucun
LIV00019,Magasin → Magasin,E02,Lyon-Sud,E04,Lille-Nord,P001,Lait demi-écrémé,Alimentaire,2025-01-17,2025-01-18,1,163,245.4,DB Schenker,183.26,Livré,Aucun
LIV00020,Inter-entrepôts,E04,Lille-Nord,E05,Toulouse-Ouest,P005,Lessive,Droguerie,2025-09-13,2025-09-18,5,330,3776.7,FM Logistic,632.04,Livré,Aucun
LIV00021,Magasin → Magasin,E02,Lyon-Sud,E08,Nantes-Atlantique,P007,Jeans,Textile,2025-05-09,2025-05-13,4,1451,13352.6,Geodis,1915.9,En transit,Aucun
LIV00022,Fournisseur → Entrepôt,E08,Nantes-Atlantique,E02,Lyon-Sud,P009,TV 4K,Électronique,2025-12-05,2025-12-06,1,791,5518.5,XPO Logistics,1716.07,Livré,Aucun
LIV00023,Entrepôt → Magasin,E07,Bordeaux-Centre,E01,Paris-Rungis,P001,Lait demi-écrémé,Alimentaire,2025-04-03,2025-04-05,2,948,2809.6,DHL Supply Chain,573.76,Livré,Aucun
LIV00024,Magasin → Magasin,E03,Marseille-Port,E04,Lille-Nord,P006,T-shirt homme,Textile,2025-11-14,2025-11-18,4,222,2235.4,XPO Logistics,673.55,Retardé,Aucun
LIV00025,Inter-entrepôts,E08,Nantes-Atlantique,E04,Lille-Nord,P001,Lait demi-écrémé,Alimentaire,2025-03-02,2025-03-03,1,1405,7353.7,XPO Logistics,1687.79,Retardé,Aucun
LIV00026,Inter-entrepôts,E07,Bordeaux-Centre,E01,Paris-Rungis,P010,Casque audio,Électronique,2025-08-06,2025-08-11,5,706,4428.5,Geodis,1016.37,Livré,Aucun
LIV00027,Entrepôt → Magasin,E06,Nice-Est,E07,Bordeaux-Centre,P010,Casque audio,Électronique,2025-08-31,2025-09-02,2,720,5518.1,FM Logistic,1806.26,En transit,Casse
LIV00028,Fournisseur → Entrepôt,E04,Lille-Nord,E07,Bordeaux-Centre,P004,Shampoing,Droguerie,2025-07-30,2025-08-02,3,566,7522.4,DHL Supply Chain,617.81,Livré,Aucun
LIV00029,Magasin → Magasin,E06,Nice-Est,E05,Toulouse-Ouest,P007,Jeans,Textile,2025-05-16,2025-05-19,3,1071,7318.6,DB Schenker,1868.72,Livré,Aucun
LIV00030,Magasin → Magasin,E02,Lyon-Sud,E04,Lille-Nord,P006,T-shirt homme,Textile,2025-11-18,2025-11-20,2,573,7362.4,XPO Logistics,2303.66,Livré,Aucun
LIV00031,Fournisseur → Entrepôt,E01,Paris-Rungis,E08,Nantes-Atlantique,P006,T-shirt homme,Textile,2025-05-04,2025-05-08,4,1024,2861.0,FM Logistic,795.93,Livré,Retard transporteur
LIV00032,Magasin → Magasin,E06,Nice-Est,E02,Lyon-Sud,P010,Casque audio,Électronique,2025-05-13,2025-05-16,3,65,246.0,DHL Supply Chain,199.14,Livré,Casse
LIV00033,Entrepôt → Magasin,E06,Nice-Est,E02,Lyon-Sud,P009,TV 4K,Électronique,2025-04-21,2025-04-23,2,1102,6354.7,DHL Supply Chain,1054.96,Livré,Aucun
LIV00034,Magasin → Magasin,E05,Toulouse-Ouest,E07,Bordeaux-Centre,P009,TV 4K,Électronique,2025-01-22,2025-01-25,3,69,502.2,DB Schenker,146.53,En transit,Aucun
LIV00035,Entrepôt → Magasin,E07,Bordeaux-Centre,E02,Lyon-Sud,P003,Pâtes 500g,Alimentaire,2025-12-28,2025-12-31,3,70,344.3,XPO Logistics,255.69,Livré,Aucun
LIV00036,Magasin → Magasin,E07,Bordeaux-Centre,E02,Lyon-Sud,P004,Shampoing,Droguerie,2025-05-30,2025-06-03,4,966,4281.9,DHL Supply Chain,894.15,Annulé,Erreur quantité
LIV00037,Magasin → Magasin,E01,Paris-Rungis,E03,Marseille-Port,P004,Shampoing,Droguerie,2025-03-11,2025-03-15,4,412,5103.4,Geodis,1151.52,Livré,Aucun
LIV00038,Fournisseur → Entrepôt,E02,Lyon-Sud,E01,Paris-Rungis,P002,Riz 1kg,Alimentaire,2025-01-11,2025-01-13,2,1296,9709.3,DB Schenker,845.55,Livré,Retard transporteur
LIV00039,Entrepôt → Magasin,E07,Bordeaux-Centre,E03,Marseille-Port,P009,TV 4K,Électronique,2025-05-15,2025-05-20,5,955,6965.7,Geodis,1552.63,Livré,Aucun
LIV00040,Magasin → Magasin,E02,Lyon-Sud,E04,Lille-Nord,P005,Lessive,Droguerie,2025-04-21,2025-04-24,3,925,12001.4,DB Schenker,1940.27,Livré,Aucun
LIV00041,Entrepôt → Magasin,E06,Nice-Est,E07,Bordeaux-Centre,P003,Pâtes 500g,Alimentaire,2025-07-29,2025-07-30,1,390,4477.1,DHL Supply Chain,407.18,Livré,Aucun
LIV00042,Entrepôt → Magasin,E08,Nantes-Atlantique,E01,Paris-Rungis,P009,TV 4K,Électronique,2025-12-15,2025-12-16,1,337,3072.0,FM Logistic,566.97,Retardé,Retard transporteur
LIV00043,Entrepôt → Magasin,E03,Marseille-Port,E02,Lyon-Sud,P008,Smartphone,Électronique,2025-08-25,2025-08-28,3,755,6865.9,XPO Logistics,1644.36,Retardé,Aucun
LIV00044,Inter-entrepôts,E08,Nantes-Atlantique,E04,Lille-Nord,P009,TV 4K,Électronique,2025-08-17,2025-08-18,1,694,9559.8,Geodis,1979.78,Livré,Aucun
LIV00045,Magasin → Magasin,E06,Nice-Est,E01,Paris-Rungis,P001,Lait demi-écrémé,Alimentaire,2025-08-07,2025-08-10,3,93,705.9,DB Schenker,387.63,En transit,Aucun
LIV00046,Magasin → Magasin,E05,Toulouse-Ouest,E06,Nice-Est,P004,Shampoing,Droguerie,2025-01-06,2025-01-08,2,530,4191.2,DB Schenker,1180.69,Livré,Retard transporteur
LIV00047,Entrepôt → Magasin,E05,Toulouse-Ouest,E03,Marseille-Port,P010,Casque audio,Électronique,2025-03-08,2025-03-12,4,388,3048.5,FM Logistic,717.91,En transit,Aucun
LIV00048,Inter-entrepôts,E07,Bordeaux-Centre,E08,Nantes-Atlantique,P005,Lessive,Droguerie,2025-05-06,2025-05-07,1,886,6679.5,DB Schenker,1437.6,Livré,Aucun
LIV00049,Fournisseur → Entrepôt,E01,Paris-Rungis,E06,Nice-Est,P009,TV 4K,Électronique,2025-12-04,2025-12-09,5,656,9806.4,Geodis,1986.93,Annulé,Erreur quantité
LIV00050,Magasin → Magasin,E06,Nice-Est,E04,Lille-Nord,P001,Lait demi-écrémé,Alimentaire,2025-06-25,2025-06-27,2,876,8237.8,Geodis,2101.86,Livré,Aucun
LIV00051,Inter-entrepôts,E07,Bordeaux-Centre,E04,Lille-Nord,P004,Shampoing,Droguerie,2025-04-23,2025-04-24,1,1239,15352.5,DB Schenker,1512.9,En transit,Aucun
LIV00052,Entrepôt → Magasin,E04,Lille-Nord,E01,Paris-Rungis,P008,Smartphone,Électronique,2025-11-02,2025-11-07,5,250,3026.9,DHL Supply Chain,608.29,Livré,Aucun
LIV00053,Inter-entrepôts,E03,Marseille-Port,E01,Paris-Rungis,P002,Riz 1kg,Alimentaire,2025-03-16,2025-03-21,5,741,2564.3,XPO Logistics,766.55,Livré,Aucun
LIV00054,Entrepôt → Magasin,E03,Marseille-Port,E07,Bordeaux-Centre,P001,Lait demi-écrémé,Alimentaire,2025-12-21,2025-12-25,4,1069,2305.7,Geodis,764.24,En transit,Aucun
LIV00055,Inter-entrepôts,E01,Paris-Rungis,E04,Lille-Nord,P005,Lessive,Droguerie,2025-09-29,2025-10-02,3,1461,10066.0,DHL Supply Chain,2946.18,En transit,Aucun
LIV00056,Inter-entrepôts,E03,Marseille-Port,E04,Lille-Nord,P006,T-shirt homme,Textile,2025-11-23,2025-11-26,3,494,3969.8,XPO Logistics,567.18,Livré,Aucun
LIV00057,Inter-entrepôts,E07,Bordeaux-Centre,E03,Marseille-Port,P003,Pâtes 500g,Alimentaire,2025-10-28,2025-10-31,3,211,1627.9,FM Logistic,297.13,Livré,Aucun
LIV00058,Entrepôt → Magasin,E06,Nice-Est,E03,Marseille-Port,P010,Casque audio,Électronique,2025-01-22,2025-01-24,2,119,1674.5,DB Schenker,291.41,Livré,Retard transporteur
LIV00059,Fournisseur → Entrepôt,E05,Toulouse-Ouest,E07,Bordeaux-Centre,P009,TV 4K,Électronique,2025-08-21,2025-08-25,4,221,2259.8,DB Schenker,560.41,En transit,Aucun
LIV00060,Entrepôt → Magasin,E06,Nice-Est,E07,Bordeaux-Centre,P001,Lait demi-écrémé,Alimentaire,2025-09-19,2025-09-24,5,288,2856.9,Geodis,576.58,Livré,Casse
LIV00061,Magasin → Magasin,E07,Bordeaux-Centre,E05,Toulouse-Ouest,P006,T-shirt homme,Textile,2025-06-27,2025-06-30,3,1241,13101.5,Geodis,3291.45,En transit,Aucun
LIV00062,Entrepôt → Magasin,E03,Marseille-Port,E07,Bordeaux-Centre,P003,Pâtes 500g,Alimentaire,2025-08-17,2025-08-21,4,685,3226.6,DB Schenker,943.55,Livré,Aucun
LIV00063,Inter-entrepôts,E06,Nice-Est,E03,Marseille-Port,P002,Riz 1kg,Alimentaire,2025-03-06,2025-03-08,2,1063,7309.7,FM Logistic,2155.75,En transit,Aucun
LIV00064,Magasin → Magasin,E01,Paris-Rungis,E02,Lyon-Sud,P008,Smartphone,Électronique,2025-02-01,2025-02-04,3,687,9221.5,DHL Supply Chain,1965.0,En transit,Aucun
LIV00065,Magasin → Magasin,E05,Toulouse-Ouest,E07,Bordeaux-Centre,P002,Riz 1kg,Alimentaire,2025-08-12,2025-08-16,4,281,900.0,XPO Logistics,418.84,Livré,Aucun
LIV00066,Fournisseur → Entrepôt,E06,Nice-Est,E05,Toulouse-Ouest,P004,Shampoing,Droguerie,2025-06-25,2025-06-26,1,355,4158.8,DB Schenker,771.85,Livré,Aucun
LIV00067,Entrepôt → Magasin,E03,Marseille-Port,E08,Nantes-Atlantique,P003,Pâtes 500g,Alimentaire,2025-09-09,2025-09-11,2,1401,10360.9,Geodis,1703.0,Retardé,Retard transporteur
LIV00068,Inter-entrepôts,E05,Toulouse-Ouest,E01,Paris-Rungis,P008,Smartphone,Électronique,2025-11-23,2025-11-24,1,124,655.1,DB Schenker,324.14,Livré,Aucun
LIV00069,Fournisseur → Entrepôt,E06,Nice-Est,E04,Lille-Nord,P003,Pâtes 500g,Alimentaire,2025-03-04,2025-03-08,4,1153,16554.5,DHL Supply Chain,3674.84,En transit,Casse
LIV00070,Magasin → Magasin,E07,Bordeaux-Centre,E05,Toulouse-Ouest,P001,Lait demi-écrémé,Alimentaire,2025-10-14,2025-10-19,5,739,8462.9,DHL Supply Chain,1311.97,Livré,Aucun
LIV00071,Entrepôt → Magasin,E05,Toulouse-Ouest,E02,Lyon-Sud,P002,Riz 1kg,Alimentaire,2025-08-31,2025-09-01,1,768,10512.0,FM Logistic,2503.72,En transit,Aucun
LIV00072,Magasin → Magasin,E04,Lille-Nord,E02,Lyon-Sud,P007,Jeans,Textile,2025-10-12,2025-10-16,4,104,1221.3,DHL Supply Chain,540.55,En transit,Aucun
LIV00073,Entrepôt → Magasin,E06,Nice-Est,E07,Bordeaux-Centre,P001,Lait demi-écrémé,Alimentaire,2025-02-15,2025-02-16,1,764,4404.9,XPO Logistics,1159.12,Livré,Aucun
LIV00074,Inter-entrepôts,E01,Paris-Rungis,E03,Marseille-Port,P007,Jeans,Textile,2025-05-26,2025-05-27,1,77,714.8,FM Logistic,289.13,Livré,Aucun
LIV00075,Magasin → Magasin,E04,Lille-Nord,E05,Toulouse-Ouest,P010,Casque audio,Électronique,2025-01-22,2025-01-24,2,14,141.2,Geodis,224.29,Livré,Aucun
LIV00076,Inter-entrepôts,E05,Toulouse-Ouest,E03,Marseille-Port,P008,Smartphone,Électronique,2025-09-24,2025-09-25,1,854,9959.3,XPO Logistics,1686.38,En transit,Retard transporteur
LIV00077,Entrepôt → Magasin,E04,Lille-Nord,E03,Marseille-Port,P009,TV 4K,Électronique,2025-12-25,2025-12-26,1,390,1802.2,DHL Supply Chain,575.99,Livré,Aucun
LIV00078,Fournisseur → Entrepôt,E05,Toulouse-Ouest,E08,Nantes-Atlantique,P001,Lait demi-écrémé,Alimentaire,2025-05-12,2025-05-16,4,1337,11383.8,DHL Supply Chain,2991.84,En transit,Aucun
LIV00079,Magasin → Magasin,E04,Lille-Nord,E05,Toulouse-Ouest,P010,Casque audio,Électronique,2025-11-30,2025-12-03,3,1071,1784.3,FM Logistic,566.96,En transit,Aucun
LIV00080,Inter-entrepôts,E05,Toulouse-Ouest,E04,Lille-Nord,P009,TV 4K,Électronique,2025-08-17,2025-08-18,1,636,8906.7,FM Logistic,1272.0,Livré,Aucun
LIV00081,Fournisseur → Entrepôt,E04,Lille-Nord,E01,Paris-Rungis,P006,T-shirt homme,Textile,2025-06-19,2025-06-23,4,836,4072.2,DHL Supply Chain,554.15,Livré,Aucun
LIV00082,Entrepôt → Magasin,E07,Bordeaux-Centre,E03,Marseille-Port,P010,Casque audio,Électronique,2025-07-18,2025-07-22,4,866,8759.4,FM Logistic,2272.95,En transit,Aucun
LIV00083,Inter-entrepôts,E03,Marseille-Port,E06,Nice-Est,P003,Pâtes 500g,Alimentaire,2025-05-05,2025-05-07,2,555,3297.0,XPO Logistics,665.7,Livré,Aucun
LIV00084,Magasin → Magasin,E05,Toulouse-Ouest,E01,Paris-Rungis,P007,Jeans,Textile,2025-12-12,2025-12-13,1,427,3358.7,DB Schenker,706.2,En transit,Aucun
LIV00085,Magasin → Magasin,E04,Lille-Nord,E01,Paris-Rungis,P005,Lessive,Droguerie,2025-06-18,2025-06-21,3,1206,7187.9,DHL Supply Chain,2069.49,Livré,Aucun
LIV00086,Fournisseur → Entrepôt,E08,Nantes-Atlantique,E05,Toulouse-Ouest,P007,Jeans,Textile,2025-10-15,2025-10-16,1,120,1600.1,DHL Supply Chain,477.38,Livré,Aucun
LIV00087,Magasin → Magasin,E05,Toulouse-Ouest,E07,Bordeaux-Centre,P005,Lessive,Droguerie,2025-11-05,2025-11-08,3,449,6524.6,DB Schenker,1910.93,Livré,Aucun
LIV00088,Magasin → Magasin,E06,Nice-Est,E02,Lyon-Sud,P005,Lessive,Droguerie,2025-05-10,2025-05-12,2,96,115.5,DHL Supply Chain,305.3,Livré,Aucun
LIV00089,Entrepôt → Magasin,E06,Nice-Est,E02,Lyon-Sud,P001,Lait demi-écrémé,Alimentaire,2025-05-08,2025-05-11,3,179,1715.6,Geodis,418.29,Livré,Casse
LIV00090,Fournisseur → Entrepôt,E07,Bordeaux-Centre,E03,Marseille-Port,P002,Riz 1kg,Alimentaire,2025-05-01,2025-05-03,2,658,8700.8,XPO Logistics,1688.01,Livré,Aucun
LIV00091,Inter-entrepôts,E03,Marseille-Port,E07,Bordeaux-Centre,P010,Casque audio,Électronique,2025-09-14,2025-09-18,4,876,5552.2,Geodis,1755.4,Livré,Aucun
LIV00092,Fournisseur → Entrepôt,E03,Marseille-Port,E02,Lyon-Sud,P004,Shampoing,Droguerie,2025-10-08,2025-10-09,1,13,80.8,DHL Supply Chain,258.62,Livré,Erreur quantité
LIV00093,Entrepôt → Magasin,E01,Paris-Rungis,E04,Lille-Nord,P003,Pâtes 500g,Alimentaire,2025-03-06,2025-03-11,5,176,1420.8,DB Schenker,470.25,Livré,Retard transporteur
LIV00094,Magasin → Magasin,E06,Nice-Est,E05,Toulouse-Ouest,P010,Casque audio,Électronique,2025-01-11,2025-01-14,3,281,2038.5,Geodis,598.18,Livré,Aucun
LIV00095,Fournisseur → Entrepôt,E04,Lille-Nord,E03,Marseille-Port,P009,TV 4K,Électronique,2025-04-10,2025-04-11,1,649,9183.3,DB Schenker,644.48,Livré,Aucun
LIV00096,Entrepôt → Magasin,E04,Lille-Nord,E01,Paris-Rungis,P007,Jeans,Textile,2025-02-09,2025-02-10,1,1229,13939.6,DHL Supply Chain,4117.95,Livré,Aucun
LIV00097,Fournisseur → Entrepôt,E06,Nice-Est,E08,Nantes-Atlantique,P004,Shampoing,Droguerie,2025-08-24,2025-08-25,1,588,8805.7,FM Logistic,1225.47,Livré,Aucun
LIV00098,Inter-entrepôts,E08,Nantes-Atlantique,E03,Marseille-Port,P004,Shampoing,Droguerie,2025-02-14,2025-02-16,2,857,5611.0,Geodis,1037.44,Livré,Aucun
LIV00099,Magasin → Magasin,E06,Nice-Est,E03,Marseille-Port,P009,TV 4K,Électronique,2025-01-12,2025-01-16,4,308,1226.8,Geodis,295.88,Livré,Casse
LIV00100,Inter-entrepôts,E07,Bordeaux-Centre,E06,Nice-Est,P008,Smartphone,Électronique,2025-01-30,2025-02-01,2,941,10297.5,DHL Supply Chain,857.02,Retardé,Casse
LIV00101,Magasin → Magasin,E01,Paris-Rungis,E05,Toulouse-Ouest,P010,Casque audio,Électronique,2025-01-02,2025-01-05,3,956,13734.8,DHL Supply Chain,3632.49,Livré,Aucun
LIV00102,Magasin → Magasin,E04,Lille-Nord,E08,Nantes-Atlantique,P003,Pâtes 500g,Alimentaire,2025-05-04,2025-05-07,3,394,3444.7,DB Schenker,594.06,Livré,Aucun
LIV00103,Fournisseur → Entrepôt,E05,Toulouse-Ouest,E07,Bordeaux-Centre,P010,Casque audio,Électronique,2025-12-25,2025-12-28,3,177,2319.0,DB Schenker,526.91,Livré,Aucun
LIV00104,Inter-entrepôts,E03,Marseille-Port,E08,Nantes-Atlantique,P002,Riz 1kg,Alimentaire,2025-12-28,2026-01-02,5,475,366.4,DB Schenker,192.17,Livré,Aucun
LIV00105,Fournisseur → Entrepôt,E02,Lyon-Sud,E06,Nice-Est,P001,Lait demi-écrémé,Alimentaire,2025-03-15,2025-03-16,1,633,830.3,FM Logistic,478.83,Livré,Aucun
LIV00106,Entrepôt → Magasin,E06,Nice-Est,E01,Paris-Rungis,P001,Lait demi-écrémé,Alimentaire,2025-11-07,2025-11-09,2,399,1788.0,XPO Logistics,666.54,Livré,Aucun
LIV00107,Entrepôt → Magasin,E06,Nice-Est,E04,Lille-Nord,P006,T-shirt homme,Textile,2025-12-25,2025-12-28,3,406,2899.8,Geodis,826.79,En transit,Retard transporteur
LIV00108,Magasin → Magasin,E05,Toulouse-Ouest,E02,Lyon-Sud,P008,Smartphone,Électronique,2025-08-18,2025-08-19,1,1320,12945.7,DHL Supply Chain,1123.24,En transit,Aucun
LIV00109,Entrepôt → Magasin,E02,Lyon-Sud,E08,Nantes-Atlantique,P003,Pâtes 500g,Alimentaire,2025-06-24,2025-06-29,5,357,3002.9,FM Logistic,911.86,En transit,Casse
LIV00110,Magasin → Magasin,E02,Lyon-Sud,E05,Toulouse-Ouest,P009,TV 4K,Électronique,2025-07-11,2025-07-15,4,1093,2070.2,DHL Supply Chain,460.56,Livré,Aucun
LIV00111,Inter-entrepôts,E04,Lille-Nord,E01,Paris-Rungis,P002,Riz 1kg,Alimentaire,2025-01-30,2025-02-02,3,1486,8377.1,XPO Logistics,2218.27,Livré,Aucun
LIV00112,Inter-entrepôts,E02,Lyon-Sud,E05,Toulouse-Ouest,P010,Casque audio,Électronique,2025-04-19,2025-04-23,4,598,5836.9,Geodis,533.14,En transit,Aucun
LIV00113,Magasin → Magasin,E06,Nice-Est,E07,Bordeaux-Centre,P005,Lessive,Droguerie,2025-07-01,2025-07-03,2,694,6032.8,DHL Supply Chain,1848.52,Livré,Aucun
LIV00114,Fournisseur → Entrepôt,E01,Paris-Rungis,E06,Nice-Est,P005,Lessive,Droguerie,2025-07-20,2025-07-22,2,35,251.8,XPO Logistics,198.12,Livré,Casse
LIV00115,Magasin → Magasin,E02,Lyon-Sud,E06,Nice-Est,P003,Pâtes 500g,Alimentaire,2025-07-30,2025-07-31,1,273,4007.5,Geodis,1246.54,En transit,Retard transporteur
LIV00116,Entrepôt → Magasin,E07,Bordeaux-Centre,E05,Toulouse-Ouest,P001,Lait demi-écrémé,Alimentaire,2025-03-02,2025-03-03,1,1251,16671.4,FM Logistic,4276.62,Livré,Aucun
LIV00117,Fournisseur → Entrepôt,E01,Paris-Rungis,E08,Nantes-Atlantique,P009,TV 4K,Électronique,2025-02-04,2025-02-08,4,110,112.2,FM Logistic,95.1,Livré,Aucun
LIV00118,Entrepôt → Magasin,E06,Nice-Est,E08,Nantes-Atlantique,P009,TV 4K,Électronique,2025-08-25,2025-08-29,4,1015,13003.9,DHL Supply Chain,3273.02,Livré,Aucun
LIV00119,Inter-entrepôts,E02,Lyon-Sud,E01,Paris-Rungis,P010,Casque audio,Électronique,2025-06-21,2025-06-25,4,1336,13284.9,DHL Supply Chain,3383.36,Livré,Aucun
LIV00120,Magasin → Magasin,E04,Lille-Nord,E07,Bordeaux-Centre,P006,T-shirt homme,Textile,2025-11-01,2025-11-04,3,809,8512.2,Geodis,1701.57,Livré,Aucun
LIV00121,Fournisseur → Entrepôt,E02,Lyon-Sud,E03,Marseille-Port,P006,T-shirt homme,Textile,2025-07-25,2025-07-27,2,1175,16480.7,FM Logistic,3804.55,Livré,Aucun
LIV00122,Inter-entrepôts,E06,Nice-Est,E01,Paris-Rungis,P001,Lait demi-écrémé,Alimentaire,2025-09-11,2025-09-14,3,226,1477.8,DHL Supply Chain,619.69,Livré,Aucun
LIV00123,Inter-entrepôts,E06,Nice-Est,E05,Toulouse-Ouest,P002,Riz 1kg,Alimentaire,2025-10-10,2025-10-12,2,241,1808.5,DHL Supply Chain,492.37,Retardé,Aucun
LIV00124,Inter-entrepôts,E06,Nice-Est,E08,Nantes-Atlantique,P010,Casque audio,Électronique,2025-11-15,2025-11-18,3,1350,11321.1,DHL Supply Chain,1286.65,Livré,Aucun
LIV00125,Entrepôt → Magasin,E03,Marseille-Port,E04,Lille-Nord,P003,Pâtes 500g,Alimentaire,2025-01-19,2025-01-20,1,1262,4091.6,XPO Logistics,1190.58,Livré,Aucun
LIV00126,Magasin → Magasin,E08,Nantes-Atlantique,E01,Paris-Rungis,P010,Casque audio,Électronique,2025-02-15,2025-02-20,5,870,12566.1,Geodis,2538.0,Livré,Aucun
LIV00127,Inter-entrepôts,E08,Nantes-Atlantique,E05,Toulouse-Ouest,P004,Shampoing,Droguerie,2025-01-21,2025-01-24,3,1323,8046.1,XPO Logistics,918.5,Livré,Aucun
LIV00128,Inter-entrepôts,E06,Nice-Est,E08,Nantes-Atlantique,P006,T-shirt homme,Textile,2025-04-02,2025-04-06,4,1422,4015.0,DB Schenker,555.89,En transit,Erreur quantité
LIV00129,Magasin → Magasin,E02,Lyon-Sud,E01,Paris-Rungis,P003,Pâtes 500g,Alimentaire,2025-10-13,2025-10-15,2,835,7503.4,XPO Logistics,1720.83,Livré,Aucun
LIV00130,Inter-entrepôts,E03,Marseille-Port,E02,Lyon-Sud,P010,Casque audio,Électronique,2025-04-24,2025-04-25,1,912,8917.9,FM Logistic,1718.36,Retardé,Aucun
LIV00131,Fournisseur → Entrepôt,E08,Nantes-Atlantique,E03,Marseille-Port,P001,Lait demi-écrémé,Alimentaire,2025-06-11,2025-06-14,3,997,10451.6,DB Schenker,1986.46,En transit,Aucun
LIV00132,Inter-entrepôts,E02,Lyon-Sud,E03,Marseille-Port,P005,Lessive,Droguerie,2025-04-19,2025-04-22,3,1322,6601.0,DB Schenker,1082.94,Livré,Aucun
LIV00133,Magasin → Magasin,E06,Nice-Est,E01,Paris-Rungis,P010,Casque audio,Électronique,2025-03-14,2025-03-18,4,333,345.5,DB Schenker,99.4,En transit,Aucun
LIV00134,Magasin → Magasin,E06,Nice-Est,E04,Lille-Nord,P003,Pâtes 500g,Alimentaire,2025-11-10,2025-11-13,3,413,1334.9,Geodis,284.22,En transit,Aucun
LIV00135,Fournisseur → Entrepôt,E06,Nice-Est,E01,Paris-Rungis,P007,Jeans,Textile,2025-10-21,2025-10-24,3,476,5558.7,Geodis,1361.82,Livré,Aucun
LIV00136,Entrepôt → Magasin,E05,Toulouse-Ouest,E02,Lyon-Sud,P008,Smartphone,Électronique,2025-10-31,2025-11-04,4,543,5129.6,Geodis,964.16,Livré,Casse
LIV00137,Entrepôt → Magasin,E02,Lyon-Sud,E06,Nice-Est,P009,TV 4K,Électronique,2025-11-24,2025-11-29,5,861,7995.3,FM Logistic,2485.17,Livré,Aucun
LIV00138,Inter-entrepôts,E06,Nice-Est,E04,Lille-Nord,P006,T-shirt homme,Textile,2025-04-18,2025-04-23,5,638,7662.2,Geodis,2153.01,Livré,Aucun
LIV00139,Inter-entrepôts,E05,Toulouse-Ouest,E04,Lille-Nord,P006,T-shirt homme,Textile,2025-07-22,2025-07-23,1,1326,2201.0,XPO Logistics,801.03,En transit,Retard transporteur
LIV00140,Magasin → Magasin,E03,Marseille-Port,E04,Lille-Nord,P006,T-shirt homme,Textile,2025-06-15,2025-06-18,3,862,12792.4,DB Schenker,744.47,Livré,Aucun
LIV00141,Magasin → Magasin,E03,Marseille-Port,E02,Lyon-Sud,P004,Shampoing,Droguerie,2025-10-19,2025-10-22,3,18,135.1,DB Schenker,273.49,Livré,Aucun
LIV00142,Magasin → Magasin,E07,Bordeaux-Centre,E01,Paris-Rungis,P010,Casque audio,Électronique,2025-06-24,2025-06-27,3,977,10133.6,FM Logistic,2395.27,Livré,Aucun
LIV00143,Entrepôt → Magasin,E01,Paris-Rungis,E05,Toulouse-Ouest,P010,Casque audio,Électronique,2025-07-03,2025-07-04,1,811,2507.1,XPO Logistics,323.95,En transit,Aucun
LIV00144,Entrepôt → Magasin,E03,Marseille-Port,E02,Lyon-Sud,P005,Lessive,Droguerie,2025-11-21,2025-11-22,1,1008,5310.1,DB Schenker,533.6,Retardé,Aucun
LIV00145,Entrepôt → Magasin,E06,Nice-Est,E03,Marseille-Port,P002,Riz 1kg,Alimentaire,2025-04-09,2025-04-11,2,1390,4443.5,FM Logistic,890.42,Livré,Aucun
LIV00146,Entrepôt → Magasin,E06,Nice-Est,E04,Lille-Nord,P006,T-shirt homme,Textile,2025-10-10,2025-10-11,1,909,8915.4,Geodis,809.51,Livré,Aucun
LIV00147,Fournisseur → Entrepôt,E03,Marseille-Port,E07,Bordeaux-Centre,P005,Lessive,Droguerie,2025-10-31,2025-11-02,2,358,558.1,XPO Logistics,188.55,Livré,Aucun
LIV00148,Fournisseur → Entrepôt,E02,Lyon-Sud,E04,Lille-Nord,P002,Riz 1kg,Alimentaire,2025-05-26,2025-05-27,1,182,633.6,FM Logistic,253.43,Livré,Casse
LIV00149,Inter-entrepôts,E02,Lyon-Sud,E04,Lille-Nord,P003,Pâtes 500g,Alimentaire,2025-07-31,2025-08-03,3,325,124.8,DB Schenker,100.58,Livré,Aucun
LIV00150,Entrepôt → Magasin,E03,Marseille-Port,E01,Paris-Rungis,P010,Casque audio,Électronique,2025-09-17,2025-09-20,3,1447,6969.0,DB Schenker,1601.43,Retardé,Aucun
LIV00151,Fournisseur → Entrepôt,E02,Lyon-Sud,E07,Bordeaux-Centre,P009,TV 4K,Électronique,2025-03-17,2025-03-21,4,392,5531.3,DB Schenker,1217.89,Livré,Retard transporteur
LIV00152,Entrepôt → Magasin,E07,Bordeaux-Centre,E03,Marseille-Port,P005,Lessive,Droguerie,2025-12-22,2025-12-27,5,263,3930.1,Geodis,1244.12,Livré,Aucun
LIV00153,Entrepôt → Magasin,E02,Lyon-Sud,E03,Marseille-Port,P001,Lait demi-écrémé,Alimentaire,2025-09-22,2025-09-25,3,291,1018.7,XPO Logistics,399.65,Livré,Aucun
LIV00154,Fournisseur → Entrepôt,E03,Marseille-Port,E06,Nice-Est,P005,Lessive,Droguerie,2025-01-07,2025-01-09,2,312,4136.1,DHL Supply Chain,1393.66,Livré,Casse
LIV00155,Entrepôt → Magasin,E04,Lille-Nord,E08,Nantes-Atlantique,P003,Pâtes 500g,Alimentaire,2025-01-06,2025-01-08,2,651,2558.0,DHL Supply Chain,901.3,Livré,Aucun
LIV00156,Magasin → Magasin,E01,Paris-Rungis,E08,Nantes-Atlantique,P008,Smartphone,Électronique,2025-08-31,2025-09-04,4,70,341.0,FM Logistic,308.2,Livré,Erreur quantité
LIV00157,Magasin → Magasin,E07,Bordeaux-Centre,E06,Nice-Est,P007,Jeans,Textile,2025-08-29,2025-09-01,3,116,1691.1,Geodis,654.76,Livré,Retard transporteur
LIV00158,Entrepôt → Magasin,E08,Nantes-Atlantique,E06,Nice-Est,P006,T-shirt homme,Textile,2025-04-02,2025-04-05,3,1419,1505.4,Geodis,270.67,Livré,Aucun
LIV00159,Entrepôt → Magasin,E08,Nantes-Atlantique,E02,Lyon-Sud,P005,Lessive,Droguerie,2025-08-25,2025-08-27,2,715,3120.8,FM Logistic,615.62,Livré,Aucun
LIV00160,Inter-entrepôts,E03,Marseille-Port,E05,Toulouse-Ouest,P007,Jeans,Textile,2025-12-30,2026-01-01,2,1199,10069.6,XPO Logistics,2368.82,Livré,Retard transporteur
LIV00161,Inter-entrepôts,E07,Bordeaux-Centre,E06,Nice-Est,P004,Shampoing,Droguerie,2025-12-10,2025-12-12,2,950,7955.7,Geodis,1301.36,En transit,Aucun
LIV00162,Fournisseur → Entrepôt,E03,Marseille-Port,E07,Bordeaux-Centre,P004,Shampoing,Droguerie,2025-06-30,2025-07-04,4,1342,4959.3,Geodis,1094.51,Livré,Aucun
LIV00163,Magasin → Magasin,E03,Marseille-Port,E07,Bordeaux-Centre,P002,Riz 1kg,Alimentaire,2025-11-30,2025-12-02,2,662,2626.1,Geodis,825.52,Livré,Retard transporteur
LIV00164,Magasin → Magasin,E08,Nantes-Atlantique,E03,Marseille-Port,P001,Lait demi-écrémé,Alimentaire,2025-10-13,2025-10-18,5,619,5339.0,DB Schenker,1348.4,En transit,Aucun
LIV00165,Magasin → Magasin,E07,Bordeaux-Centre,E05,Toulouse-Ouest,P007,Jeans,Textile,2025-12-27,2025-12-31,4,266,3085.6,DB Schenker,621.22,En transit,Casse
LIV00166,Entrepôt → Magasin,E05,Toulouse-Ouest,E06,Nice-Est,P005,Lessive,Droguerie,2025-07-03,2025-07-06,3,360,970.0,XPO Logistics,271.62,Livré,Retard transporteur
LIV00167,Entrepôt → Magasin,E06,Nice-Est,E05,Toulouse-Ouest,P002,Riz 1kg,Alimentaire,2025-06-29,2025-07-02,3,207,1832.6,Geodis,409.19,Livré,Aucun
LIV00168,Entrepôt → Magasin,E07,Bordeaux-Centre,E04,Lille-Nord,P005,Lessive,Droguerie,2025-06-25,2025-06-26,1,1387,5113.5,FM Logistic,1638.72,Livré,Aucun
LIV00169,Entrepôt → Magasin,E06,Nice-Est,E07,Bordeaux-Centre,P001,Lait demi-écrémé,Alimentaire,2025-05-09,2025-05-10,1,1016,3849.7,DHL Supply Chain,1318.62,Livré,Aucun
LIV00170,Magasin → Magasin,E08,Nantes-Atlantique,E07,Bordeaux-Centre,P001,Lait demi-écrémé,Alimentaire,2025-12-30,2026-01-01,2,1399,3967.0,Geodis,1012.67,Livré,Aucun
LIV00171,Inter-entrepôts,E06,Nice-Est,E08,Nantes-Atlantique,P005,Lessive,Droguerie,2025-12-12,2025-12-16,4,1406,18023.0,XPO Logistics,2428.46,En transit,Aucun
LIV00172,Magasin → Magasin,E06,Nice-Est,E05,Toulouse-Ouest,P007,Jeans,Textile,2025-05-06,2025-05-10,4,455,606.9,Geodis,337.06,Livré,Erreur quantité
LIV00173,Entrepôt → Magasin,E07,Bordeaux-Centre,E02,Lyon-Sud,P004,Shampoing,Droguerie,2025-01-28,2025-02-01,4,694,8180.6,FM Logistic,1713.07,En transit,Aucun
LIV00174,Entrepôt → Magasin,E01,Paris-Rungis,E03,Marseille-Port,P007,Jeans,Textile,2025-06-02,2025-06-07,5,772,8348.7,DB Schenker,2110.94,Livré,Aucun
LIV00175,Entrepôt → Magasin,E05,Toulouse-Ouest,E01,Paris-Rungis,P009,TV 4K,Électronique,2025-02-14,2025-02-18,4,103,234.9,FM Logistic,182.78,Livré,Aucun
LIV00176,Magasin → Magasin,E04,Lille-Nord,E02,Lyon-Sud,P002,Riz 1kg,Alimentaire,2025-05-25,2025-05-30,5,1252,10938.7,Geodis,3167.4,Livré,Aucun
LIV00177,Fournisseur → Entrepôt,E04,Lille-Nord,E07,Bordeaux-Centre,P005,Lessive,Droguerie,2025-12-07,2025-12-11,4,533,1829.1,Geodis,311.52,Livré,Aucun
LIV00178,Entrepôt → Magasin,E01,Paris-Rungis,E04,Lille-Nord,P007,Jeans,Textile,2025-01-01,2025-01-02,1,34,324.6,DHL Supply Chain,105.69,Livré,Aucun
LIV00179,Fournisseur → Entrepôt,E03,Marseille-Port,E01,Paris-Rungis,P008,Smartphone,Électronique,2025-03-17,2025-03-19,2,1400,5195.0,XPO Logistics,1662.49,En transit,Aucun
LIV00180,Entrepôt → Magasin,E08,Nantes-Atlantique,E04,Lille-Nord,P002,Riz 1kg,Alimentaire,2025-12-30,2026-01-04,5,1238,16590.4,DHL Supply Chain,3344.8,Livré,Aucun
LIV00181,Magasin → Magasin,E07,Bordeaux-Centre,E04,Lille-Nord,P008,Smartphone,Électronique,2025-07-09,2025-07-10,1,455,3481.4,Geodis,647.65,En transit,Aucun
LIV00182,Inter-entrepôts,E08,Nantes-Atlantique,E06,Nice-Est,P003,Pâtes 500g,Alimentaire,2025-01-22,2025-01-25,3,1047,7648.7,FM Logistic,597.01,Livré,Aucun
LIV00183,Magasin → Magasin,E02,Lyon-Sud,E07,Bordeaux-Centre,P008,Smartphone,Électronique,2025-04-25,2025-04-28,3,242,1988.4,DHL Supply Chain,603.88,Retardé,Aucun
LIV00184,Fournisseur → Entrepôt,E01,Paris-Rungis,E03,Marseille-Port,P002,Riz 1kg,Alimentaire,2025-06-28,2025-07-02,4,663,5169.4,DB Schenker,1336.28,Livré,Erreur quantité
LIV00185,Inter-entrepôts,E07,Bordeaux-Centre,E06,Nice-Est,P003,Pâtes 500g,Alimentaire,2025-01-17,2025-01-20,3,581,7239.5,FM Logistic,1691.42,Livré,Aucun
LIV00186,Fournisseur → Entrepôt,E05,Toulouse-Ouest,E01,Paris-Rungis,P007,Jeans,Textile,2025-04-27,2025-05-02,5,653,8330.6,Geodis,2335.54,Retardé,Aucun
LIV00187,Fournisseur → Entrepôt,E04,Lille-Nord,E05,Toulouse-Ouest,P009,TV 4K,Électronique,2025-12-03,2025-12-06,3,390,433.3,XPO Logistics,258.41,Livré,Aucun
LIV00188,Fournisseur → Entrepôt,E05,Toulouse-Ouest,E03,Marseille-Port,P001,Lait demi-écrémé,Alimentaire,2025-08-19,2025-08-24,5,1460,13175.3,FM Logistic,2186.7,Retardé,Retard transporteur
LIV00189,Inter-entrepôts,E03,Marseille-Port,E08,Nantes-Atlantique,P002,Riz 1kg,Alimentaire,2025-01-17,2025-01-18,1,942,11078.4,FM Logistic,2487.14,Livré,Aucun
LIV00190,Fournisseur → Entrepôt,E08,Nantes-Atlantique,E07,Bordeaux-Centre,P002,Riz 1kg,Alimentaire,2025-03-05,2025-03-07,2,614,3817.4,DB Schenker,989.31,Livré,Aucun
LIV00191,Entrepôt → Magasin,E01,Paris-Rungis,E07,Bordeaux-Centre,P005,Lessive,Droguerie,2025-10-10,2025-10-14,4,847,6273.8,XPO Logistics,1246.41,Livré,Erreur quantité
LIV00192,Fournisseur → Entrepôt,E05,Toulouse-Ouest,E08,Nantes-Atlantique,P008,Smartphone,Électronique,2025-01-31,2025-02-03,3,1162,9719.7,DHL Supply Chain,1706.84,Livré,Aucun
LIV00193,Magasin → Magasin,E01,Paris-Rungis,E03,Marseille-Port,P004,Shampoing,Droguerie,2025-03-22,2025-03-25,3,958,11223.4,DHL Supply Chain,2720.35,Livré,Aucun
LIV00194,Inter-entrepôts,E03,Marseille-Port,E04,Lille-Nord,P007,Jeans,Textile,2025-12-04,2025-12-08,4,1095,9443.9,Geodis,2091.53,En transit,Aucun
LIV00195,Inter-entrepôts,E01,Paris-Rungis,E04,Lille-Nord,P004,Shampoing,Droguerie,2025-09-20,2025-09-21,1,960,6529.9,DB Schenker,1532.66,Retardé,Aucun
LIV00196,Magasin → Magasin,E03,Marseille-Port,E04,Lille-Nord,P008,Smartphone,Électronique,2025-01-12,2025-01-15,3,1090,2269.2,DB Schenker,860.56,Livré,Aucun
LIV00197,Inter-entrepôts,E03,Marseille-Port,E02,Lyon-Sud,P002,Riz 1kg,Alimentaire,2025-05-16,2025-05-19,3,1421,8342.2,FM Logistic,1369.6,Livré,Aucun
LIV00198,Entrepôt → Magasin,E08,Nantes-Atlantique,E01,Paris-Rungis,P001,Lait demi-écrémé,Alimentaire,2025-05-06,2025-05-09,3,505,6858.8,DHL Supply Chain,1231.66,En transit,Aucun
LIV00199,Magasin → Magasin,E05,Toulouse-Ouest,E01,Paris-Rungis,P006,T-shirt homme,Textile,2025-04-18,2025-04-22,4,292,1440.6,DB Schenker,605.22,Livré,Aucun
LIV00200,Fournisseur → Entrepôt,E02,Lyon-Sud,E07,Bordeaux-Centre,P002,Riz 1kg,Alimentaire,2025-02-28,2025-03-05,5,65,631.1,FM Logistic,88.83,Livré,Aucun
LIV00201,Inter-entrepôts,E01,Paris-Rungis,E08,Nantes-Atlantique,P001,Lait demi-écrémé,Alimentaire,2025-07-04,2025-07-06,2,371,522.4,DHL Supply Chain,230.46,Livré,Aucun
LIV00202,Inter-entrepôts,E06,Nice-Est,E08,Nantes-Atlantique,P004,Shampoing,Droguerie,2025-10-14,2025-10-17,3,1381,3177.0,DB Schenker,854.34,En transit,Aucun
LIV00203,Fournisseur → Entrepôt,E05,Toulouse-Ouest,E07,Bordeaux-Centre,P003,Pâtes 500g,Alimentaire,2025-07-31,2025-08-01,1,1103,4793.2,DB Schenker,1359.34,Livré,Aucun
LIV00204,Inter-entrepôts,E07,Bordeaux-Centre,E05,Toulouse-Ouest,P003,Pâtes 500g,Alimentaire,2025-11-25,2025-11-30,5,765,904.5,DB Schenker,332.18,Livré,Retard transporteur
LIV00205,Entrepôt → Magasin,E03,Marseille-Port,E08,Nantes-Atlantique,P004,Shampoing,Droguerie,2025-03-10,2025-03-12,2,721,6100.3,DB Schenker,1466.0,Livré,Aucun
LIV00206,Inter-entrepôts,E01,Paris-Rungis,E04,Lille-Nord,P001,Lait demi-écrémé,Alimentaire,2025-09-11,2025-09-14,3,103,1352.5,DHL Supply Chain,486.87,Livré,Retard transporteur
LIV00207,Inter-entrepôts,E06,Nice-Est,E03,Marseille-Port,P005,Lessive,Droguerie,2025-03-09,2025-03-12,3,380,1680.9,DB Schenker,551.81,Livré,Aucun
LIV00208,Magasin → Magasin,E05,Toulouse-Ouest,E08,Nantes-Atlantique,P010,Casque audio,Électronique,2025-05-06,2025-05-07,1,636,4184.2,FM Logistic,1115.29,Livré,Aucun
LIV00209,Inter-entrepôts,E07,Bordeaux-Centre,E03,Marseille-Port,P009,TV 4K,Électronique,2025-08-11,2025-08-13,2,1385,9729.5,FM Logistic,2698.1,Livré,Aucun
LIV00210,Fournisseur → Entrepôt,E05,Toulouse-Ouest,E07,Bordeaux-Centre,P007,Jeans,Textile,2025-01-11,2025-01-16,5,216,508.4,DB Schenker,289.84,Livré,Aucun
LIV00211,Fournisseur → Entrepôt,E06,Nice-Est,E07,Bordeaux-Centre,P004,Shampoing,Droguerie,2025-11-05,2025-11-09,4,99,164.4,XPO Logistics,219.44,Annulé,Retard transporteur
LIV00212,Inter-entrepôts,E05,Toulouse-Ouest,E04,Lille-Nord,P001,Lait demi-écrémé,Alimentaire,2025-08-14,2025-08-19,5,303,1859.8,DHL Supply Chain,373.37,En transit,Aucun
LIV00213,Fournisseur → Entrepôt,E04,Lille-Nord,E01,Paris-Rungis,P007,Jeans,Textile,2025-01-30,2025-02-01,2,279,1608.3,FM Logistic,449.18,Livré,Aucun
LIV00214,Fournisseur → Entrepôt,E04,Lille-Nord,E07,Bordeaux-Centre,P010,Casque audio,Électronique,2025-09-18,2025-09-23,5,539,7670.9,XPO Logistics,2347.03,Livré,Aucun
LIV00215,Magasin → Magasin,E02,Lyon-Sud,E08,Nantes-Atlantique,P008,Smartphone,Électronique,2025-10-30,2025-11-02,3,1177,7518.5,DB Schenker,1151.06,Livré,Aucun
LIV00216,Fournisseur → Entrepôt,E08,Nantes-Atlantique,E06,Nice-Est,P009,TV 4K,Électronique,2025-03-01,2025-03-03,2,928,10170.4,XPO Logistics,2526.81,En transit,Aucun
LIV00217,Magasin → Magasin,E02,Lyon-Sud,E06,Nice-Est,P004,Shampoing,Droguerie,2025-03-09,2025-03-11,2,1408,6214.8,XPO Logistics,450.83,Retardé,Aucun
LIV00218,Magasin → Magasin,E07,Bordeaux-Centre,E01,Paris-Rungis,P008,Smartphone,Électronique,2025-07-29,2025-08-01,3,1465,1094.2,DB Schenker,531.6,Livré,Casse
LIV00219,Fournisseur → Entrepôt,E02,Lyon-Sud,E01,Paris-Rungis,P003,Pâtes 500g,Alimentaire,2025-10-10,2025-10-14,4,483,3727.9,XPO Logistics,1369.5,Livré,Casse
LIV00220,Inter-entrepôts,E01,Paris-Rungis,E05,Toulouse-Ouest,P005,Lessive,Droguerie,2025-12-14,2025-12-17,3,1213,6720.8,DHL Supply Chain,1951.69,Retardé,Casse
LIV00221,Magasin → Magasin,E08,Nantes-Atlantique,E04,Lille-Nord,P005,Lessive,Droguerie,2025-04-04,2025-04-06,2,1289,4369.6,DHL Supply Chain,1086.55,En transit,Retard transporteur
LIV00222,Inter-entrepôts,E03,Marseille-Port,E07,Bordeaux-Centre,P008,Smartphone,Électronique,2025-09-24,2025-09-26,2,1255,8092.2,Geodis,2010.95,En transit,Aucun
LIV00223,Entrepôt → Magasin,E03,Marseille-Port,E05,Toulouse-Ouest,P001,Lait demi-écrémé,Alimentaire,2025-09-08,2025-09-12,4,348,450.8,FM Logistic,251.38,Livré,Erreur quantité
LIV00224,Magasin → Magasin,E07,Bordeaux-Centre,E08,Nantes-Atlantique,P006,T-shirt homme,Textile,2025-04-21,2025-04-25,4,149,835.8,Geodis,228.43,Retardé,Aucun
LIV00225,Inter-entrepôts,E02,Lyon-Sud,E06,Nice-Est,P008,Smartphone,Électronique,2025-04-24,2025-04-25,1,1372,16746.0,DHL Supply Chain,5037.1,Livré,Retard transporteur
LIV00226,Magasin → Magasin,E04,Lille-Nord,E01,Paris-Rungis,P003,Pâtes 500g,Alimentaire,2025-11-10,2025-11-14,4,404,5401.3,XPO Logistics,713.03,Livré,Aucun
LIV00227,Magasin → Magasin,E06,Nice-Est,E05,Toulouse-Ouest,P001,Lait demi-écrémé,Alimentaire,2025-09-27,2025-09-29,2,853,7078.6,FM Logistic,588.61,Livré,Aucun
LIV00228,Magasin → Magasin,E02,Lyon-Sud,E08,Nantes-Atlantique,P003,Pâtes 500g,Alimentaire,2025-03-04,2025-03-09,5,1206,15346.9,DB Schenker,4646.78,Livré,Erreur quantité
LIV00229,Magasin → Magasin,E01,Paris-Rungis,E03,Marseille-Port,P004,Shampoing,Droguerie,2025-04-18,2025-04-19,1,681,8319.9,DB Schenker,2575.81,Livré,Aucun
LIV00230,Entrepôt → Magasin,E08,Nantes-Atlantique,E03,Marseille-Port,P008,Smartphone,Électronique,2025-11-14,2025-11-15,1,414,1142.7,DHL Supply Chain,345.05,Livré,Aucun
LIV00231,Entrepôt → Magasin,E05,Toulouse-Ouest,E01,Paris-Rungis,P008,Smartphone,Électronique,2025-06-22,2025-06-23,1,356,5103.2,DHL Supply Chain,1272.35,Livré,Aucun
LIV00232,Magasin → Magasin,E08,Nantes-Atlantique,E06,Nice-Est,P006,T-shirt homme,Textile,2025-09-22,2025-09-26,4,674,3577.5,Geodis,950.29,Livré,Aucun
LIV00233,Fournisseur → Entrepôt,E06,Nice-Est,E01,Paris-Rungis,P005,Lessive,Droguerie,2025-11-13,2025-11-17,4,370,5012.9,XPO Logistics,945.94,Livré,Aucun
LIV00234,Magasin → Magasin,E06,Nice-Est,E01,Paris-Rungis,P009,TV 4K,Électronique,2025-03-05,2025-03-08,3,1422,3234.6,DB Schenker,703.08,Livré,Aucun
LIV00235,Entrepôt → Magasin,E05,Toulouse-Ouest,E04,Lille-Nord,P003,Pâtes 500g,Alimentaire,2025-02-24,2025-02-28,4,800,3306.9,DB Schenker,449.19,En transit,Retard transporteur
LIV00236,Entrepôt → Magasin,E07,Bordeaux-Centre,E08,Nantes-Atlantique,P007,Jeans,Textile,2025-08-18,2025-08-21,3,78,529.8,FM Logistic,334.89,En transit,Aucun
LIV00237,Fournisseur → Entrepôt,E06,Nice-Est,E04,Lille-Nord,P005,Lessive,Droguerie,2025-11-14,2025-11-15,1,186,205.1,DHL Supply Chain,327.67,Livré,Aucun
LIV00238,Fournisseur → Entrepôt,E02,Lyon-Sud,E06,Nice-Est,P008,Smartphone,Électronique,2025-11-16,2025-11-18,2,1347,11870.1,Geodis,2463.15,Livré,Aucun
LIV00239,Inter-entrepôts,E05,Toulouse-Ouest,E06,Nice-Est,P004,Shampoing,Droguerie,2025-02-26,2025-03-02,4,554,3068.4,XPO Logistics,847.76,Livré,Retard transporteur
LIV00240,Magasin → Magasin,E01,Paris-Rungis,E04,Lille-Nord,P008,Smartphone,Électronique,2025-01-02,2025-01-05,3,90,665.3,DHL Supply Chain,278.51,Livré,Aucun
LIV00241,Fournisseur → Entrepôt,E07,Bordeaux-Centre,E08,Nantes-Atlantique,P010,Casque audio,Électronique,2025-04-02,2025-04-06,4,1437,19501.1,XPO Logistics,1718.0,Retardé,Aucun
LIV00242,Inter-entrepôts,E08,Nantes-Atlantique,E02,Lyon-Sud,P006,T-shirt homme,Textile,2025-09-12,2025-09-13,1,298,1684.8,XPO Logistics,757.1,Annulé,Aucun
LIV00243,Entrepôt → Magasin,E01,Paris-Rungis,E06,Nice-Est,P006,T-shirt homme,Textile,2025-08-23,2025-08-28,5,1189,6455.3,DB Schenker,1411.9,Livré,Aucun
LIV00244,Magasin → Magasin,E07,Bordeaux-Centre,E01,Paris-Rungis,P001,Lait demi-écrémé,Alimentaire,2025-10-25,2025-10-30,5,1492,19179.5,DHL Supply Chain,5290.12,Livré,Aucun
LIV00245,Entrepôt → Magasin,E04,Lille-Nord,E01,Paris-Rungis,P004,Shampoing,Droguerie,2025-05-18,2025-05-19,1,513,6351.3,DHL Supply Chain,1175.24,Livré,Aucun
LIV00246,Fournisseur → Entrepôt,E08,Nantes-Atlantique,E07,Bordeaux-Centre,P008,Smartphone,Électronique,2025-01-15,2025-01-19,4,99,649.9,XPO Logistics,154.63,Livré,Retard transporteur
LIV00247,Inter-entrepôts,E08,Nantes-Atlantique,E01,Paris-Rungis,P001,Lait demi-écrémé,Alimentaire,2025-05-23,2025-05-28,5,172,1896.2,DHL Supply Chain,705.87,En transit,Aucun
LIV00248,Magasin → Magasin,E02,Lyon-Sud,E07,Bordeaux-Centre,P007,Jeans,Textile,2025-05-03,2025-05-08,5,1448,10192.4,DHL Supply Chain,1054.57,Livré,Aucun
LIV00249,Fournisseur → Entrepôt,E01,Paris-Rungis,E07,Bordeaux-Centre,P006,T-shirt homme,Textile,2025-05-11,2025-05-14,3,1037,6974.6,DB Schenker,648.66,En transit,Aucun
LIV00250,Entrepôt → Magasin,E05,Toulouse-Ouest,E02,Lyon-Sud,P008,Smartphone,Électronique,2025-09-17,2025-09-20,3,488,4649.8,XPO Logistics,755.36,Livré,Aucun
LIV00251,Magasin → Magasin,E04,Lille-Nord,E07,Bordeaux-Centre,P005,Lessive,Droguerie,2025-12-18,2025-12-23,5,362,545.8,FM Logistic,150.5,Livré,Retard transporteur
LIV00252,Inter-entrepôts,E02,Lyon-Sud,E04,Lille-Nord,P010,Casque audio,Électronique,2025-01-13,2025-01-14,1,954,10084.3,DB Schenker,1079.41,Livré,Aucun
LIV00253,Fournisseur → Entrepôt,E05,Toulouse-Ouest,E08,Nantes-Atlantique,P006,T-shirt homme,Textile,2025-08-03,2025-08-07,4,999,1343.4,DHL Supply Chain,562.63,Livré,Erreur quantité
LIV00254,Magasin → Magasin,E01,Paris-Rungis,E04,Lille-Nord,P006,T-shirt homme,Textile,2025-08-02,2025-08-07,5,1216,15341.1,DB Schenker,3251.96,Livré,Retard transporteur
LIV00255,Fournisseur → Entrepôt,E08,Nantes-Atlantique,E06,Nice-Est,P007,Jeans,Textile,2025-09-09,2025-09-13,4,828,11594.9,DHL Supply Chain,3176.22,Livré,Retard transporteur
LIV00256,Magasin → Magasin,E01,Paris-Rungis,E06,Nice-Est,P006,T-shirt homme,Textile,2025-03-06,2025-03-07,1,1034,10512.5,DB Schenker,3227.85,Livré,Aucun
LIV00257,Fournisseur → Entrepôt,E03,Marseille-Port,E01,Paris-Rungis,P008,Smartphone,Électronique,2025-07-06,2025-07-07,1,598,5218.4,DHL Supply Chain,1135.64,Livré,Aucun
LIV00258,Inter-entrepôts,E08,Nantes-Atlantique,E03,Marseille-Port,P005,Lessive,Droguerie,2025-05-22,2025-05-24,2,351,130.8,FM Logistic,234.02,Livré,Aucun
LIV00259,Inter-entrepôts,E08,Nantes-Atlantique,E07,Bordeaux-Centre,P004,Shampoing,Droguerie,2025-11-27,2025-12-02,5,894,10586.1,DHL Supply Chain,1324.19,En transit,Aucun
LIV00260,Magasin → Magasin,E04,Lille-Nord,E06,Nice-Est,P001,Lait demi-écrémé,Alimentaire,2025-05-06,2025-05-08,2,189,770.6,XPO Logistics,121.48,Livré,Erreur quantité
LIV00261,Inter-entrepôts,E01,Paris-Rungis,E02,Lyon-Sud,P002,Riz 1kg,Alimentaire,2025-02-27,2025-03-04,5,548,5550.2,DHL Supply Chain,946.1,Livré,Aucun
LIV00262,Fournisseur → Entrepôt,E06,Nice-Est,E02,Lyon-Sud,P005,Lessive,Droguerie,2025-07-02,2025-07-04,2,1176,7141.4,DB Schenker,1089.64,Livré,Aucun
LIV00263,Fournisseur → Entrepôt,E08,Nantes-Atlantique,E06,Nice-Est,P009,TV 4K,Électronique,2025-04-19,2025-04-22,3,159,2238.8,Geodis,917.86,Livré,Aucun
LIV00264,Inter-entrepôts,E06,Nice-Est,E03,Marseille-Port,P007,Jeans,Textile,2025-08-06,2025-08-11,5,894,13060.1,FM Logistic,1757.66,En transit,Aucun
LIV00265,Fournisseur → Entrepôt,E07,Bordeaux-Centre,E06,Nice-Est,P005,Lessive,Droguerie,2025-02-04,2025-02-08,4,1348,10983.6,Geodis,1222.12,Livré,Aucun
LIV00266,Entrepôt → Magasin,E07,Bordeaux-Centre,E02,Lyon-Sud,P005,Lessive,Droguerie,2025-08-06,2025-08-11,5,637,6126.1,FM Logistic,1238.18,Livré,Aucun
LIV00267,Fournisseur → Entrepôt,E03,Marseille-Port,E05,Toulouse-Ouest,P009,TV 4K,Électronique,2025-07-05,2025-07-06,1,1003,14545.2,Geodis,2549.66,Livré,Retard transporteur
LIV00268,Entrepôt → Magasin,E01,Paris-Rungis,E03,Marseille-Port,P008,Smartphone,Électronique,2025-02-09,2025-02-14,5,129,1327.6,XPO Logistics,525.42,Livré,Aucun
LIV00269,Entrepôt → Magasin,E04,Lille-Nord,E06,Nice-Est,P008,Smartphone,Électronique,2025-03-23,2025-03-24,1,273,580.3,DB Schenker,295.18,Livré,Aucun
LIV00270,Fournisseur → Entrepôt,E07,Bordeaux-Centre,E02,Lyon-Sud,P005,Lessive,Droguerie,2025-05-19,2025-05-23,4,1420,4243.3,XPO Logistics,397.66,Livré,Aucun
LIV00271,Inter-entrepôts,E06,Nice-Est,E01,Paris-Rungis,P009,TV 4K,Électronique,2025-03-21,2025-03-24,3,396,4378.7,DB Schenker,769.24,Livré,Aucun
LIV00272,Entrepôt → Magasin,E04,Lille-Nord,E01,Paris-Rungis,P008,Smartphone,Électronique,2025-06-10,2025-06-13,3,1229,14039.8,XPO Logistics,3710.36,Livré,Aucun
LIV00273,Fournisseur → Entrepôt,E05,Toulouse-Ouest,E02,Lyon-Sud,P006,T-shirt homme,Textile,2025-01-26,2025-01-30,4,583,3337.9,XPO Logistics,1037.48,Livré,Retard transporteur
LIV00274,Entrepôt → Magasin,E08,Nantes-Atlantique,E01,Paris-Rungis,P003,Pâtes 500g,Alimentaire,2025-05-16,2025-05-19,3,18,85.4,DHL Supply Chain,92.6,Retardé,Aucun
LIV00275,Entrepôt → Magasin,E03,Marseille-Port,E02,Lyon-Sud,P006,T-shirt homme,Textile,2025-12-26,2025-12-28,2,274,3129.2,DB Schenker,746.38,Livré,Aucun
LIV00276,Fournisseur → Entrepôt,E08,Nantes-Atlantique,E04,Lille-Nord,P002,Riz 1kg,Alimentaire,2025-08-13,2025-08-15,2,918,5092.5,DB Schenker,1594.68,Livré,Casse
LIV00277,Magasin → Magasin,E02,Lyon-Sud,E03,Marseille-Port,P007,Jeans,Textile,2025-07-28,2025-08-01,4,226,1196.0,XPO Logistics,459.14,En transit,Aucun
LIV00278,Fournisseur → Entrepôt,E03,Marseille-Port,E05,Toulouse-Ouest,P001,Lait demi-écrémé,Alimentaire,2025-03-13,2025-03-14,1,718,836.7,XPO Logistics,277.98,Livré,Retard transporteur
LIV00279,Entrepôt → Magasin,E07,Bordeaux-Centre,E02,Lyon-Sud,P008,Smartphone,Électronique,2025-11-13,2025-11-18,5,1265,12355.6,XPO Logistics,1734.09,Livré,Aucun
LIV00280,Inter-entrepôts,E02,Lyon-Sud,E08,Nantes-Atlantique,P003,Pâtes 500g,Alimentaire,2025-11-05,2025-11-10,5,98,347.8,DB Schenker,319.46,Livré,Erreur quantité
LIV00281,Inter-entrepôts,E06,Nice-Est,E03,Marseille-Port,P008,Smartphone,Électronique,2025-12-08,2025-12-09,1,599,7241.9,XPO Logistics,749.52,Livré,Aucun
LIV00282,Entrepôt → Magasin,E07,Bordeaux-Centre,E08,Nantes-Atlantique,P006,T-shirt homme,Textile,2025-11-03,2025-11-04,1,103,36.7,DHL Supply Chain,117.23,Livré,Retard transporteur
LIV00283,Fournisseur → Entrepôt,E05,Toulouse-Ouest,E03,Marseille-Port,P004,Shampoing,Droguerie,2025-03-24,2025-03-29,5,866,7748.2,Geodis,966.33,En transit,Casse
LIV00284,Entrepôt → Magasin,E08,Nantes-Atlantique,E06,Nice-Est,P003,Pâtes 500g,Alimentaire,2025-03-26,2025-03-30,4,825,8952.7,FM Logistic,1071.81,Livré,Retard transporteur
LIV00285,Magasin → Magasin,E06,Nice-Est,E07,Bordeaux-Centre,P008,Smartphone,Électronique,2025-02-24,2025-02-25,1,1242,17096.4,FM Logistic,1897.52,Livré,Aucun
LIV00286,Entrepôt → Magasin,E01,Paris-Rungis,E07,Bordeaux-Centre,P007,Jeans,Textile,2025-04-19,2025-04-21,2,710,5582.6,DB Schenker,1691.39,Livré,Aucun
LIV00287,Fournisseur → Entrepôt,E07,Bordeaux-Centre,E03,Marseille-Port,P009,TV 4K,Électronique,2025-07-31,2025-08-01,1,991,2711.1,DB Schenker,872.56,Livré,Aucun
LIV00288,Magasin → Magasin,E04,Lille-Nord,E02,Lyon-Sud,P003,Pâtes 500g,Alimentaire,2025-12-31,2026-01-03,3,785,4317.1,DB Schenker,1307.53,Livré,Retard transporteur
LIV00289,Entrepôt → Magasin,E06,Nice-Est,E03,Marseille-Port,P007,Jeans,Textile,2025-04-13,2025-04-16,3,257,1835.9,FM Logistic,447.42,Annulé,Aucun
LIV00290,Fournisseur → Entrepôt,E02,Lyon-Sud,E08,Nantes-Atlantique,P008,Smartphone,Électronique,2025-07-22,2025-07-27,5,1391,8322.5,DHL Supply Chain,2071.71,Retardé,Aucun
LIV00291,Entrepôt → Magasin,E01,Paris-Rungis,E08,Nantes-Atlantique,P004,Shampoing,Droguerie,2025-12-28,2025-12-30,2,926,10404.7,DB Schenker,1111.72,Livré,Aucun
LIV00292,Inter-entrepôts,E02,Lyon-Sud,E01,Paris-Rungis,P010,Casque audio,Électronique,2025-03-23,2025-03-25,2,271,1380.3,DB Schenker,456.36,Livré,Aucun
LIV00293,Inter-entrepôts,E08,Nantes-Atlantique,E06,Nice-Est,P003,Pâtes 500g,Alimentaire,2025-04-28,2025-05-02,4,822,5239.6,Geodis,740.79,Retardé,Aucun
LIV00294,Inter-entrepôts,E08,Nantes-Atlantique,E01,Paris-Rungis,P009,TV 4K,Électronique,2025-02-09,2025-02-11,2,1006,2597.8,DB Schenker,598.97,Livré,Aucun
LIV00295,Inter-entrepôts,E05,Toulouse-Ouest,E07,Bordeaux-Centre,P004,Shampoing,Droguerie,2025-11-07,2025-11-09,2,350,3229.8,DB Schenker,531.4,Annulé,Aucun
LIV00296,Magasin → Magasin,E03,Marseille-Port,E06,Nice-Est,P005,Lessive,Droguerie,2025-01-14,2025-01-18,4,895,9173.8,FM Logistic,2242.33,Livré,Aucun
LIV00297,Magasin → Magasin,E04,Lille-Nord,E07,Bordeaux-Centre,P005,Lessive,Droguerie,2025-09-13,2025-09-17,4,947,9848.3,DB Schenker,839.34,Livré,Aucun
LIV00298,Magasin → Magasin,E07,Bordeaux-Centre,E04,Lille-Nord,P007,Jeans,Textile,2025-11-08,2025-11-11,3,1418,12140.2,DB Schenker,2137.49,Livré,Erreur quantité
LIV00299,Inter-entrepôts,E07,Bordeaux-Centre,E05,Toulouse-Ouest,P003,Pâtes 500g,Alimentaire,2025-12-16,2025-12-19,3,43,347.5,FM Logistic,141.7,En transit,Aucun
LIV00300,Magasin → Magasin,E03,Marseille-Port,E05,Toulouse-Ouest,P007,Jeans,Textile,2025-10-17,2025-10-19,2,441,5365.1,XPO Logistics,1443.7,Livré,Aucun
LIV00301,Fournisseur → Entrepôt,E07,Bordeaux-Centre,E05,Toulouse-Ouest,P010,Casque audio,Électronique,2025-12-31,2026-01-02,2,979,14122.9,XPO Logistics,3392.92,Livré,Aucun
LIV00302,Fournisseur → Entrepôt,E05,Toulouse-Ouest,E04,Lille-Nord,P007,Jeans,Textile,2025-07-23,2025-07-24,1,104,571.5,FM Logistic,287.06,Livré,Aucun
LIV00303,Entrepôt → Magasin,E07,Bordeaux-Centre,E08,Nantes-Atlantique,P009,TV 4K,Électronique,2025-07-22,2025-07-24,2,1038,12728.2,DHL Supply Chain,2099.75,Livré,Aucun
LIV00304,Inter-entrepôts,E05,Toulouse-Ouest,E03,Marseille-Port,P010,Casque audio,Électronique,2025-05-11,2025-05-12,1,513,5283.2,FM Logistic,1528.43,Retardé,Aucun
LIV00305,Magasin → Magasin,E06,Nice-Est,E04,Lille-Nord,P002,Riz 1kg,Alimentaire,2025-04-28,2025-05-01,3,569,564.2,Geodis,292.46,Livré,Aucun
LIV00306,Inter-entrepôts,E01,Paris-Rungis,E02,Lyon-Sud,P007,Jeans,Textile,2025-10-24,2025-10-26,2,558,4013.7,XPO Logistics,1039.43,Livré,Aucun
LIV00307,Magasin → Magasin,E08,Nantes-Atlantique,E05,Toulouse-Ouest,P004,Shampoing,Droguerie,2025-11-20,2025-11-25,5,1138,13842.3,Geodis,1225.59,Livré,Casse
LIV00308,Entrepôt → Magasin,E07,Bordeaux-Centre,E02,Lyon-Sud,P002,Riz 1kg,Alimentaire,2025-09-14,2025-09-17,3,379,286.9,Geodis,169.44,Livré,Aucun
LIV00309,Inter-entrepôts,E04,Lille-Nord,E08,Nantes-Atlantique,P007,Jeans,Textile,2025-11-23,2025-11-25,2,1400,1790.0,Geodis,631.6,Livré,Aucun
LIV00310,Inter-entrepôts,E04,Lille-Nord,E01,Paris-Rungis,P009,TV 4K,Électronique,2025-11-01,2025-11-05,4,1001,3056.3,XPO Logistics,885.59,Livré,Aucun
LIV00311,Entrepôt → Magasin,E08,Nantes-Atlantique,E04,Lille-Nord,P006,T-shirt homme,Textile,2025-07-24,2025-07-29,5,1438,15001.3,Geodis,830.75,Livré,Aucun
LIV00312,Magasin → Magasin,E07,Bordeaux-Centre,E08,Nantes-Atlantique,P006,T-shirt homme,Textile,2025-04-19,2025-04-21,2,612,7830.0,DHL Supply Chain,1542.49,Livré,Retard transporteur
LIV00313,Entrepôt → Magasin,E06,Nice-Est,E01,Paris-Rungis,P006,T-shirt homme,Textile,2025-05-26,2025-05-30,4,633,4241.0,FM Logistic,500.56,Livré,Retard transporteur
LIV00314,Magasin → Magasin,E01,Paris-Rungis,E03,Marseille-Port,P008,Smartphone,Électronique,2025-03-14,2025-03-19,5,391,5325.4,FM Logistic,1452.93,Livré,Aucun
LIV00315,Entrepôt → Magasin,E04,Lille-Nord,E03,Marseille-Port,P010,Casque audio,Électronique,2025-11-25,2025-11-26,1,376,4741.1,FM Logistic,580.97,Livré,Aucun
LIV00316,Inter-entrepôts,E03,Marseille-Port,E04,Lille-Nord,P002,Riz 1kg,Alimentaire,2025-10-07,2025-10-09,2,294,3041.0,XPO Logistics,822.1,Livré,Aucun
LIV00317,Entrepôt → Magasin,E03,Marseille-Port,E01,Paris-Rungis,P004,Shampoing,Droguerie,2025-02-27,2025-02-28,1,904,6481.4,XPO Logistics,1007.77,Livré,Casse
LIV00318,Inter-entrepôts,E07,Bordeaux-Centre,E04,Lille-Nord,P001,Lait demi-écrémé,Alimentaire,2025-02-21,2025-02-22,1,831,5696.7,FM Logistic,693.46,Annulé,Aucun
LIV00319,Magasin → Magasin,E03,Marseille-Port,E06,Nice-Est,P001,Lait demi-écrémé,Alimentaire,2025-04-02,2025-04-05,3,206,1070.5,XPO Logistics,457.93,En transit,Aucun
LIV00320,Entrepôt → Magasin,E03,Marseille-Port,E02,Lyon-Sud,P001,Lait demi-écrémé,Alimentaire,2025-11-11,2025-11-16,5,622,951.6,Geodis,493.49,Livré,Aucun
LIV00321,Fournisseur → Entrepôt,E01,Paris-Rungis,E04,Lille-Nord,P004,Shampoing,Droguerie,2025-02-09,2025-02-14,5,1078,4776.5,DB Schenker,543.69,Livré,Aucun
LIV00322,Entrepôt → Magasin,E05,Toulouse-Ouest,E06,Nice-Est,P006,T-shirt homme,Textile,2025-03-25,2025-03-30,5,606,3859.6,DHL Supply Chain,730.76,En transit,Aucun
LIV00323,Magasin → Magasin,E08,Nantes-Atlantique,E01,Paris-Rungis,P001,Lait demi-écrémé,Alimentaire,2025-10-14,2025-10-16,2,58,571.9,FM Logistic,299.71,En transit,Aucun
LIV00324,Inter-entrepôts,E06,Nice-Est,E03,Marseille-Port,P001,Lait demi-écrémé,Alimentaire,2025-02-13,2025-02-17,4,344,2337.6,XPO Logistics,581.26,Livré,Casse
LIV00325,Inter-entrepôts,E01,Paris-Rungis,E02,Lyon-Sud,P009,TV 4K,Électronique,2025-05-01,2025-05-03,2,32,179.4,DHL Supply Chain,102.42,En transit,Aucun
LIV00326,Inter-entrepôts,E07,Bordeaux-Centre,E05,Toulouse-Ouest,P001,Lait demi-écrémé,Alimentaire,2025-02-07,2025-02-12,5,1231,1084.8,DHL Supply Chain,187.94,Livré,Aucun
LIV00327,Fournisseur → Entrepôt,E08,Nantes-Atlantique,E07,Bordeaux-Centre,P002,Riz 1kg,Alimentaire,2025-02-15,2025-02-19,4,110,1113.6,DHL Supply Chain,269.18,En transit,Aucun
LIV00328,Magasin → Magasin,E04,Lille-Nord,E07,Bordeaux-Centre,P002,Riz 1kg,Alimentaire,2025-03-25,2025-03-28,3,124,853.5,Geodis,239.86,Livré,Aucun
LIV00329,Inter-entrepôts,E02,Lyon-Sud,E06,Nice-Est,P001,Lait demi-écrémé,Alimentaire,2025-03-05,2025-03-06,1,571,7062.1,DHL Supply Chain,1096.75,En transit,Aucun
LIV00330,Magasin → Magasin,E02,Lyon-Sud,E06,Nice-Est,P006,T-shirt homme,Textile,2025-03-08,2025-03-11,3,1166,7190.6,DHL Supply Chain,582.62,Livré,Aucun
LIV00331,Magasin → Magasin,E05,Toulouse-Ouest,E03,Marseille-Port,P002,Riz 1kg,Alimentaire,2025-09-05,2025-09-09,4,92,202.0,DB Schenker,119.21,Livré,Aucun
LIV00332,Inter-entrepôts,E05,Toulouse-Ouest,E04,Lille-Nord,P009,TV 4K,Électronique,2025-03-25,2025-03-29,4,952,9481.6,DB Schenker,1336.16,Livré,Aucun
LIV00333,Inter-entrepôts,E05,Toulouse-Ouest,E06,Nice-Est,P010,Casque audio,Électronique,2025-10-12,2025-10-16,4,492,2756.8,FM Logistic,577.5,Livré,Aucun
LIV00334,Inter-entrepôts,E04,Lille-Nord,E07,Bordeaux-Centre,P006,T-shirt homme,Textile,2025-12-25,2025-12-29,4,1411,13428.7,XPO Logistics,1495.31,Livré,Retard transporteur
LIV00335,Magasin → Magasin,E07,Bordeaux-Centre,E02,Lyon-Sud,P010,Casque audio,Électronique,2025-09-28,2025-10-01,3,796,3587.5,XPO Logistics,519.71,Livré,Aucun
LIV00336,Fournisseur → Entrepôt,E07,Bordeaux-Centre,E08,Nantes-Atlantique,P006,T-shirt homme,Textile,2025-03-09,2025-03-11,2,1244,1789.3,XPO Logistics,571.45,Livré,Aucun
LIV00337,Magasin → Magasin,E04,Lille-Nord,E03,Marseille-Port,P004,Shampoing,Droguerie,2025-05-01,2025-05-04,3,16,225.7,XPO Logistics,111.01,Livré,Aucun
LIV00338,Fournisseur → Entrepôt,E01,Paris-Rungis,E02,Lyon-Sud,P005,Lessive,Droguerie,2025-12-20,2025-12-22,2,198,1149.1,DHL Supply Chain,369.45,Livré,Aucun
LIV00339,Inter-entrepôts,E07,Bordeaux-Centre,E02,Lyon-Sud,P009,TV 4K,Électronique,2025-10-12,2025-10-16,4,382,5094.9,DB Schenker,667.91,Livré,Aucun
LIV00340,Entrepôt → Magasin,E05,Toulouse-Ouest,E02,Lyon-Sud,P005,Lessive,Droguerie,2025-05-29,2025-05-31,2,182,261.9,FM Logistic,159.97,Livré,Aucun
LIV00341,Fournisseur → Entrepôt,E08,Nantes-Atlantique,E06,Nice-Est,P005,Lessive,Droguerie,2025-03-27,2025-03-28,1,1303,11006.4,XPO Logistics,2622.51,Livré,Aucun
LIV00342,Entrepôt → Magasin,E06,Nice-Est,E01,Paris-Rungis,P003,Pâtes 500g,Alimentaire,2025-11-16,2025-11-17,1,261,3833.3,DB Schenker,820.65,Livré,Aucun
LIV00343,Magasin → Magasin,E05,Toulouse-Ouest,E02,Lyon-Sud,P010,Casque audio,Électronique,2025-11-02,2025-11-07,5,915,2608.6,FM Logistic,519.05,Livré,Casse
LIV00344,Magasin → Magasin,E06,Nice-Est,E08,Nantes-Atlantique,P010,Casque audio,Électronique,2025-03-02,2025-03-05,3,501,6440.2,Geodis,549.49,Livré,Aucun
LIV00345,Inter-entrepôts,E05,Toulouse-Ouest,E04,Lille-Nord,P010,Casque audio,Électronique,2025-04-01,2025-04-03,2,109,576.8,XPO Logistics,368.13,Livré,Aucun
LIV00346,Entrepôt → Magasin,E01,Paris-Rungis,E07,Bordeaux-Centre,P009,TV 4K,Électronique,2025-02-16,2025-02-18,2,524,3273.0,DHL Supply Chain,696.55,Livré,Aucun
LIV00347,Inter-entrepôts,E05,Toulouse-Ouest,E02,Lyon-Sud,P001,Lait demi-écrémé,Alimentaire,2025-11-22,2025-11-23,1,560,5369.8,Geodis,441.45,Livré,Aucun
LIV00348,Magasin → Magasin,E07,Bordeaux-Centre,E02,Lyon-Sud,P008,Smartphone,Électronique,2025-06-08,2025-06-13,5,219,2901.7,FM Logistic,516.32,Livré,Casse
LIV00349,Entrepôt → Magasin,E07,Bordeaux-Centre,E03,Marseille-Port,P001,Lait demi-écrémé,Alimentaire,2025-08-06,2025-08-07,1,555,3738.1,Geodis,566.23,Livré,Aucun
LIV00350,Inter-entrepôts,E04,Lille-Nord,E01,Paris-Rungis,P007,Jeans,Textile,2025-01-23,2025-01-24,1,530,6092.2,FM Logistic,885.51,Livré,Casse
LIV00351,Magasin → Magasin,E04,Lille-Nord,E07,Bordeaux-Centre,P003,Pâtes 500g,Alimentaire,2025-02-27,2025-03-01,2,133,1123.4,XPO Logistics,421.79,Livré,Aucun
LIV00352,Fournisseur → Entrepôt,E01,Paris-Rungis,E08,Nantes-Atlantique,P008,Smartphone,Électronique,2025-11-13,2025-11-17,4,789,7403.1,XPO Logistics,2115.57,Livré,Retard transporteur
LIV00353,Entrepôt → Magasin,E01,Paris-Rungis,E07,Bordeaux-Centre,P002,Riz 1kg,Alimentaire,2025-05-27,2025-05-28,1,579,7307.4,DHL Supply Chain,762.64,Livré,Aucun
LIV00354,Inter-entrepôts,E04,Lille-Nord,E07,Bordeaux-Centre,P009,TV 4K,Électronique,2025-08-05,2025-08-06,1,1481,21774.3,FM Logistic,4331.95,Livré,Retard transporteur
LIV00355,Fournisseur → Entrepôt,E08,Nantes-Atlantique,E03,Marseille-Port,P008,Smartphone,Électronique,2025-12-24,2025-12-28,4,446,6004.2,XPO Logistics,1873.24,Livré,Aucun
LIV00356,Entrepôt → Magasin,E06,Nice-Est,E03,Marseille-Port,P008,Smartphone,Électronique,2025-09-02,2025-09-07,5,970,9703.0,DHL Supply Chain,2126.25,En transit,Aucun
LIV00357,Entrepôt → Magasin,E08,Nantes-Atlantique,E03,Marseille-Port,P002,Riz 1kg,Alimentaire,2025-01-21,2025-01-24,3,1211,4251.5,DB Schenker,720.47,Livré,Aucun
LIV00358,Inter-entrepôts,E01,Paris-Rungis,E03,Marseille-Port,P006,T-shirt homme,Textile,2025-08-11,2025-08-12,1,283,2292.8,DHL Supply Chain,762.74,Livré,Erreur quantité
LIV00359,Entrepôt → Magasin,E07,Bordeaux-Centre,E02,Lyon-Sud,P006,T-shirt homme,Textile,2025-06-07,2025-06-11,4,814,448.7,Geodis,338.29,En transit,Aucun
LIV00360,Fournisseur → Entrepôt,E03,Marseille-Port,E05,Toulouse-Ouest,P003,Pâtes 500g,Alimentaire,2025-12-06,2025-12-08,2,787,3831.7,XPO Logistics,1098.13,Livré,Retard transporteur
LIV00361,Fournisseur → Entrepôt,E06,Nice-Est,E05,Toulouse-Ouest,P005,Lessive,Droguerie,2025-02-01,2025-02-06,5,724,10675.5,XPO Logistics,2261.1,Livré,Aucun
LIV00362,Fournisseur → Entrepôt,E04,Lille-Nord,E05,Toulouse-Ouest,P008,Smartphone,Électronique,2025-10-30,2025-11-02,3,87,1078.6,DB Schenker,403.15,Livré,Aucun
LIV00363,Magasin → Magasin,E04,Lille-Nord,E05,Toulouse-Ouest,P005,Lessive,Droguerie,2025-10-14,2025-10-17,3,1499,20732.9,FM Logistic,1907.55,Livré,Aucun
LIV00364,Fournisseur → Entrepôt,E07,Bordeaux-Centre,E04,Lille-Nord,P010,Casque audio,Électronique,2025-11-24,2025-11-25,1,178,1779.5,FM Logistic,690.51,En transit,Retard transporteur
LIV00365,Inter-entrepôts,E05,Toulouse-Ouest,E06,Nice-Est,P007,Jeans,Textile,2025-06-17,2025-06-19,2,438,5195.6,FM Logistic,889.67,En transit,Erreur quantité
LIV00366,Entrepôt → Magasin,E03,Marseille-Port,E01,Paris-Rungis,P004,Shampoing,Droguerie,2025-12-07,2025-12-12,5,705,3001.4,FM Logistic,543.18,Livré,Aucun
LIV00367,Entrepôt → Magasin,E03,Marseille-Port,E04,Lille-Nord,P003,Pâtes 500g,Alimentaire,2025-08-01,2025-08-06,5,665,4791.9,XPO Logistics,882.43,Livré,Aucun
LIV00368,Magasin → Magasin,E07,Bordeaux-Centre,E06,Nice-Est,P004,Shampoing,Droguerie,2025-06-20,2025-06-22,2,1269,5684.5,DB Schenker,466.87,Livré,Aucun
LIV00369,Entrepôt → Magasin,E06,Nice-Est,E02,Lyon-Sud,P001,Lait demi-écrémé,Alimentaire,2025-07-23,2025-07-25,2,428,1786.0,XPO Logistics,338.54,Livré,Aucun
LIV00370,Magasin → Magasin,E03,Marseille-Port,E06,Nice-Est,P003,Pâtes 500g,Alimentaire,2025-11-30,2025-12-04,4,725,10838.8,DB Schenker,3059.13,Livré,Aucun
LIV00371,Entrepôt → Magasin,E02,Lyon-Sud,E05,Toulouse-Ouest,P002,Riz 1kg,Alimentaire,2025-07-16,2025-07-17,1,512,1676.4,DB Schenker,681.79,Livré,Aucun
LIV00372,Fournisseur → Entrepôt,E05,Toulouse-Ouest,E01,Paris-Rungis,P009,TV 4K,Électronique,2025-11-29,2025-12-02,3,521,3370.2,FM Logistic,1003.68,Livré,Aucun
LIV00373,Inter-entrepôts,E02,Lyon-Sud,E03,Marseille-Port,P008,Smartphone,Électronique,2025-10-11,2025-10-16,5,108,1193.2,DHL Supply Chain,330.45,Livré,Casse
LIV00374,Magasin → Magasin,E08,Nantes-Atlantique,E04,Lille-Nord,P008,Smartphone,Électronique,2025-08-21,2025-08-23,2,862,4593.1,FM Logistic,1469.63,Livré,Aucun
LIV00375,Entrepôt → Magasin,E04,Lille-Nord,E03,Marseille-Port,P009,TV 4K,Électronique,2025-02-26,2025-03-03,5,687,8345.0,Geodis,1969.39,En transit,Aucun
LIV00376,Entrepôt → Magasin,E03,Marseille-Port,E05,Toulouse-Ouest,P010,Casque audio,Électronique,2025-04-15,2025-04-20,5,655,3773.1,XPO Logistics,472.69,Livré,Aucun
LIV00377,Inter-entrepôts,E04,Lille-Nord,E07,Bordeaux-Centre,P002,Riz 1kg,Alimentaire,2025-04-16,2025-04-19,3,1400,15756.4,Geodis,1356.35,Livré,Aucun
LIV00378,Magasin → Magasin,E01,Paris-Rungis,E03,Marseille-Port,P007,Jeans,Textile,2025-05-09,2025-05-10,1,895,2092.2,DB Schenker,574.32,Livré,Aucun
LIV00379,Entrepôt → Magasin,E05,Toulouse-Ouest,E03,Marseille-Port,P009,TV 4K,Électronique,2025-09-02,2025-09-06,4,331,621.7,XPO Logistics,471.25,Retardé,Aucun
LIV00380,Fournisseur → Entrepôt,E03,Marseille-Port,E05,Toulouse-Ouest,P010,Casque audio,Électronique,2025-08-21,2025-08-23,2,121,346.3,XPO Logistics,200.91,Livré,Aucun
LIV00381,Fournisseur → Entrepôt,E03,Marseille-Port,E07,Bordeaux-Centre,P001,Lait demi-écrémé,Alimentaire,2025-03-22,2025-03-24,2,749,5809.6,XPO Logistics,755.55,Livré,Aucun
LIV00382,Fournisseur → Entrepôt,E02,Lyon-Sud,E06,Nice-Est,P010,Casque audio,Électronique,2025-06-03,2025-06-08,5,743,10617.4,FM Logistic,1781.69,Livré,Aucun
LIV00383,Fournisseur → Entrepôt,E06,Nice-Est,E08,Nantes-Atlantique,P007,Jeans,Textile,2025-12-03,2025-12-06,3,621,4135.0,DB Schenker,1086.2,En transit,Aucun
LIV00384,Entrepôt → Magasin,E06,Nice-Est,E02,Lyon-Sud,P005,Lessive,Droguerie,2025-03-21,2025-03-26,5,779,5908.0,FM Logistic,949.12,En transit,Aucun
LIV00385,Magasin → Magasin,E08,Nantes-Atlantique,E05,Toulouse-Ouest,P006,T-shirt homme,Textile,2025-01-24,2025-01-25,1,1412,6676.7,XPO Logistics,1148.22,Retardé,Aucun
LIV00386,Magasin → Magasin,E08,Nantes-Atlantique,E02,Lyon-Sud,P006,T-shirt homme,Textile,2025-01-23,2025-01-25,2,1041,10988.7,Geodis,929.63,Livré,Aucun
LIV00387,Magasin → Magasin,E04,Lille-Nord,E03,Marseille-Port,P007,Jeans,Textile,2025-01-22,2025-01-24,2,226,1441.9,XPO Logistics,276.48,Livré,Aucun
LIV00388,Entrepôt → Magasin,E07,Bordeaux-Centre,E03,Marseille-Port,P006,T-shirt homme,Textile,2025-09-04,2025-09-07,3,373,2786.5,XPO Logistics,435.15,Livré,Casse
LIV00389,Inter-entrepôts,E07,Bordeaux-Centre,E04,Lille-Nord,P009,TV 4K,Électronique,2025-06-23,2025-06-24,1,737,7588.7,DB Schenker,1452.89,Livré,Aucun
LIV00390,Fournisseur → Entrepôt,E08,Nantes-Atlantique,E01,Paris-Rungis,P006,T-shirt homme,Textile,2025-07-06,2025-07-10,4,1397,8970.3,Geodis,2529.89,Annulé,Retard transporteur
LIV00391,Inter-entrepôts,E07,Bordeaux-Centre,E06,Nice-Est,P004,Shampoing,Droguerie,2025-07-18,2025-07-21,3,844,8184.0,Geodis,1378.84,Livré,Aucun
LIV00392,Entrepôt → Magasin,E04,Lille-Nord,E02,Lyon-Sud,P010,Casque audio,Électronique,2025-06-21,2025-06-25,4,394,1203.4,DHL Supply Chain,281.49,Livré,Aucun
LIV00393,Magasin → Magasin,E02,Lyon-Sud,E06,Nice-Est,P003,Pâtes 500g,Alimentaire,2025-02-11,2025-02-13,2,1323,14186.0,DHL Supply Chain,4076.47,Livré,Aucun
LIV00394,Magasin → Magasin,E05,Toulouse-Ouest,E06,Nice-Est,P008,Smartphone,Électronique,2025-10-20,2025-10-25,5,1295,11934.5,Geodis,1914.64,Livré,Casse
LIV00395,Fournisseur → Entrepôt,E03,Marseille-Port,E05,Toulouse-Ouest,P001,Lait demi-écrémé,Alimentaire,2025-05-14,2025-05-16,2,806,7003.6,Geodis,1900.59,En transit,Retard transporteur
LIV00396,Magasin → Magasin,E05,Toulouse-Ouest,E02,Lyon-Sud,P004,Shampoing,Droguerie,2025-01-03,2025-01-04,1,284,2100.3,DHL Supply Chain,597.04,En transit,Aucun
LIV00397,Inter-entrepôts,E02,Lyon-Sud,E08,Nantes-Atlantique,P010,Casque audio,Électronique,2025-02-16,2025-02-21,5,1038,13468.3,DB Schenker,1793.08,Livré,Retard transporteur
LIV00398,Fournisseur → Entrepôt,E04,Lille-Nord,E08,Nantes-Atlantique,P007,Jeans,Textile,2025-01-03,2025-01-07,4,317,904.9,DB Schenker,145.12,Livré,Aucun
LIV00399,Magasin → Magasin,E08,Nantes-Atlantique,E03,Marseille-Port,P007,Jeans,Textile,2025-11-14,2025-11-17,3,350,4047.9,Geodis,979.57,Livré,Aucun
LIV00400,Entrepôt → Magasin,E04,Lille-Nord,E08,Nantes-Atlantique,P003,Pâtes 500g,Alimentaire,2025-08-29,2025-08-31,2,47,164.7,DHL Supply Chain,255.23,Livré,Aucun
LIV00401,Inter-entrepôts,E06,Nice-Est,E02,Lyon-Sud,P004,Shampoing,Droguerie,2025-06-24,2025-06-28,4,175,350.7,FM Logistic,300.87,Livré,Aucun
LIV00402,Entrepôt → Magasin,E07,Bordeaux-Centre,E08,Nantes-Atlantique,P010,Casque audio,Électronique,2025-06-18,2025-06-23,5,1374,20306.4,Geodis,6137.61,Livré,Aucun
LIV00403,Entrepôt → Magasin,E02,Lyon-Sud,E07,Bordeaux-Centre,P003,Pâtes 500g,Alimentaire,2025-09-15,2025-09-16,1,965,7161.3,DHL Supply Chain,1689.83,Livré,Aucun
LIV00404,Magasin → Magasin,E04,Lille-Nord,E05,Toulouse-Ouest,P010,Casque audio,Électronique,2025-06-05,2025-06-09,4,368,2853.7,FM Logistic,696.03,Retardé,Aucun
LIV00405,Fournisseur → Entrepôt,E06,Nice-Est,E01,Paris-Rungis,P004,Shampoing,Droguerie,2025-04-13,2025-04-17,4,1261,1291.2,XPO Logistics,336.42,Livré,Erreur quantité
LIV00406,Magasin → Magasin,E06,Nice-Est,E02,Lyon-Sud,P006,T-shirt homme,Textile,2025-11-21,2025-11-23,2,1374,15404.3,DHL Supply Chain,3401.33,Livré,Aucun
LIV00407,Fournisseur → Entrepôt,E07,Bordeaux-Centre,E04,Lille-Nord,P002,Riz 1kg,Alimentaire,2025-10-26,2025-10-29,3,107,1311.3,DHL Supply Chain,570.01,Livré,Aucun
LIV00408,Entrepôt → Magasin,E08,Nantes-Atlantique,E07,Bordeaux-Centre,P002,Riz 1kg,Alimentaire,2025-03-06,2025-03-10,4,685,1733.7,FM Logistic,660.4,En transit,Aucun
LIV00409,Fournisseur → Entrepôt,E03,Marseille-Port,E08,Nantes-Atlantique,P010,Casque audio,Électronique,2025-09-16,2025-09-18,2,1049,8067.8,DB Schenker,795.75,Livré,Aucun
LIV00410,Magasin → Magasin,E08,Nantes-Atlantique,E04,Lille-Nord,P007,Jeans,Textile,2025-05-18,2025-05-23,5,192,752.2,DB Schenker,326.16,Livré,Aucun
LIV00411,Inter-entrepôts,E03,Marseille-Port,E02,Lyon-Sud,P007,Jeans,Textile,2025-02-25,2025-03-02,5,1352,6920.2,XPO Logistics,1093.45,Livré,Aucun
LIV00412,Fournisseur → Entrepôt,E05,Toulouse-Ouest,E06,Nice-Est,P005,Lessive,Droguerie,2025-04-08,2025-04-11,3,665,4676.9,XPO Logistics,1505.26,En transit,Aucun
LIV00413,Magasin → Magasin,E06,Nice-Est,E07,Bordeaux-Centre,P006,T-shirt homme,Textile,2025-01-09,2025-01-10,1,1458,19615.1,DHL Supply Chain,5377.32,Livré,Aucun
LIV00414,Inter-entrepôts,E03,Marseille-Port,E02,Lyon-Sud,P010,Casque audio,Électronique,2025-12-23,2025-12-26,3,1220,13935.1,Geodis,2087.03,Livré,Aucun
LIV00415,Inter-entrepôts,E08,Nantes-Atlantique,E01,Paris-Rungis,P007,Jeans,Textile,2025-07-16,2025-07-17,1,1160,13563.3,Geodis,3107.05,Livré,Aucun
LIV00416,Magasin → Magasin,E03,Marseille-Port,E01,Paris-Rungis,P003,Pâtes 500g,Alimentaire,2025-01-15,2025-01-17,2,1308,14081.6,FM Logistic,2829.63,Retardé,Aucun
LIV00417,Magasin → Magasin,E07,Bordeaux-Centre,E08,Nantes-Atlantique,P008,Smartphone,Électronique,2025-08-08,2025-08-10,2,917,2484.3,FM Logistic,346.77,Livré,Aucun
LIV00418,Inter-entrepôts,E07,Bordeaux-Centre,E03,Marseille-Port,P007,Jeans,Textile,2025-09-05,2025-09-06,1,952,9250.4,DB Schenker,2026.35,Livré,Aucun
LIV00419,Magasin → Magasin,E05,Toulouse-Ouest,E08,Nantes-Atlantique,P004,Shampoing,Droguerie,2025-10-29,2025-11-02,4,1011,7411.9,Geodis,1106.96,Livré,Aucun
LIV00420,Magasin → Magasin,E05,Toulouse-Ouest,E07,Bordeaux-Centre,P010,Casque audio,Électronique,2025-01-03,2025-01-08,5,709,3032.4,XPO Logistics,661.79,Livré,Aucun
LIV00421,Entrepôt → Magasin,E06,Nice-Est,E05,Toulouse-Ouest,P009,TV 4K,Électronique,2025-08-08,2025-08-13,5,265,306.0,XPO Logistics,130.69,Livré,Erreur quantité
LIV00422,Magasin → Magasin,E07,Bordeaux-Centre,E02,Lyon-Sud,P006,T-shirt homme,Textile,2025-05-20,2025-05-24,4,1051,14136.4,Geodis,3323.59,Livré,Aucun
LIV00423,Fournisseur → Entrepôt,E07,Bordeaux-Centre,E01,Paris-Rungis,P006,T-shirt homme,Textile,2025-11-08,2025-11-12,4,36,32.4,Geodis,197.17,Livré,Retard transporteur
LIV00424,Magasin → Magasin,E04,Lille-Nord,E06,Nice-Est,P009,TV 4K,Électronique,2025-06-13,2025-06-16,3,813,5514.7,XPO Logistics,1429.1,Livré,Aucun
LIV00425,Magasin → Magasin,E04,Lille-Nord,E08,Nantes-Atlantique,P010,Casque audio,Électronique,2025-11-22,2025-11-23,1,1145,10516.2,DHL Supply Chain,877.73,Livré,Casse
LIV00426,Magasin → Magasin,E02,Lyon-Sud,E06,Nice-Est,P004,Shampoing,Droguerie,2025-03-15,2025-03-16,1,421,6061.6,XPO Logistics,915.16,Livré,Aucun
LIV00427,Fournisseur → Entrepôt,E02,Lyon-Sud,E01,Paris-Rungis,P002,Riz 1kg,Alimentaire,2025-10-26,2025-10-27,1,412,4700.4,FM Logistic,1206.4,Livré,Aucun
LIV00428,Fournisseur → Entrepôt,E02,Lyon-Sud,E08,Nantes-Atlantique,P003,Pâtes 500g,Alimentaire,2025-06-10,2025-06-15,5,928,8755.9,XPO Logistics,2251.39,Livré,Aucun
LIV00429,Inter-entrepôts,E08,Nantes-Atlantique,E06,Nice-Est,P007,Jeans,Textile,2025-08-28,2025-09-01,4,891,742.4,DB Schenker,412.41,En transit,Aucun
LIV00430,Entrepôt → Magasin,E04,Lille-Nord,E08,Nantes-Atlantique,P005,Lessive,Droguerie,2025-01-09,2025-01-11,2,1165,10828.5,XPO Logistics,3365.08,Livré,Aucun
LIV00431,Entrepôt → Magasin,E02,Lyon-Sud,E06,Nice-Est,P004,Shampoing,Droguerie,2025-07-28,2025-07-30,2,339,3543.1,DHL Supply Chain,781.83,Livré,Aucun
LIV00432,Entrepôt → Magasin,E03,Marseille-Port,E05,Toulouse-Ouest,P007,Jeans,Textile,2025-05-05,2025-05-10,5,351,4632.7,DB Schenker,915.27,Livré,Aucun
LIV00433,Entrepôt → Magasin,E04,Lille-Nord,E02,Lyon-Sud,P002,Riz 1kg,Alimentaire,2025-02-09,2025-02-13,4,1053,6739.1,Geodis,1168.97,Livré,Aucun
LIV00434,Inter-entrepôts,E03,Marseille-Port,E08,Nantes-Atlantique,P001,Lait demi-écrémé,Alimentaire,2025-04-27,2025-04-28,1,329,2665.2,DB Schenker,948.92,En transit,Aucun
LIV00435,Inter-entrepôts,E04,Lille-Nord,E07,Bordeaux-Centre,P001,Lait demi-écrémé,Alimentaire,2025-04-18,2025-04-22,4,36,210.9,DB Schenker,206.86,Livré,Aucun
LIV00436,Magasin → Magasin,E03,Marseille-Port,E05,Toulouse-Ouest,P006,T-shirt homme,Textile,2025-06-24,2025-06-28,4,141,434.8,DB Schenker,259.8,Livré,Casse
LIV00437,Entrepôt → Magasin,E05,Toulouse-Ouest,E03,Marseille-Port,P004,Shampoing,Droguerie,2025-08-20,2025-08-23,3,373,2060.8,FM Logistic,766.7,Livré,Retard transporteur
LIV00438,Inter-entrepôts,E06,Nice-Est,E02,Lyon-Sud,P007,Jeans,Textile,2025-12-02,2025-12-07,5,1184,17188.1,Geodis,4152.34,Livré,Aucun
LIV00439,Entrepôt → Magasin,E06,Nice-Est,E07,Bordeaux-Centre,P007,Jeans,Textile,2025-09-01,2025-09-03,2,485,4020.0,DHL Supply Chain,676.98,Livré,Aucun
LIV00440,Entrepôt → Magasin,E06,Nice-Est,E01,Paris-Rungis,P007,Jeans,Textile,2025-09-30,2025-10-01,1,1256,10431.8,DB Schenker,1938.39,Livré,Aucun
LIV00441,Magasin → Magasin,E06,Nice-Est,E07,Bordeaux-Centre,P001,Lait demi-écrémé,Alimentaire,2025-04-01,2025-04-05,4,665,5176.7,DB Schenker,925.32,Livré,Aucun
LIV00442,Magasin → Magasin,E04,Lille-Nord,E07,Bordeaux-Centre,P004,Shampoing,Droguerie,2025-04-16,2025-04-21,5,1193,3001.3,DB Schenker,668.54,Livré,Aucun
LIV00443,Magasin → Magasin,E01,Paris-Rungis,E04,Lille-Nord,P002,Riz 1kg,Alimentaire,2025-06-12,2025-06-15,3,1489,10745.3,FM Logistic,2250.44,Livré,Aucun
LIV00444,Entrepôt → Magasin,E04,Lille-Nord,E08,Nantes-Atlantique,P003,Pâtes 500g,Alimentaire,2025-05-18,2025-05-20,2,960,1539.4,FM Logistic,300.68,Livré,Aucun
LIV00445,Magasin → Magasin,E08,Nantes-Atlantique,E06,Nice-Est,P005,Lessive,Droguerie,2025-09-04,2025-09-08,4,1491,18100.5,FM Logistic,5515.41,Livré,Aucun
LIV00446,Fournisseur → Entrepôt,E05,Toulouse-Ouest,E04,Lille-Nord,P009,TV 4K,Électronique,2025-08-16,2025-08-18,2,856,6883.2,XPO Logistics,1593.34,Retardé,Aucun
LIV00447,Inter-entrepôts,E05,Toulouse-Ouest,E01,Paris-Rungis,P003,Pâtes 500g,Alimentaire,2025-12-26,2025-12-28,2,295,2302.0,XPO Logistics,783.1,En transit,Retard transporteur
LIV00448,Fournisseur → Entrepôt,E04,Lille-Nord,E07,Bordeaux-Centre,P010,Casque audio,Électronique,2025-05-09,2025-05-10,1,1037,5807.0,DB Schenker,906.0,En transit,Aucun
LIV00449,Inter-entrepôts,E02,Lyon-Sud,E04,Lille-Nord,P001,Lait demi-écrémé,Alimentaire,2025-01-27,2025-01-29,2,720,4474.3,DHL Supply Chain,531.17,Livré,Aucun
LIV00450,Inter-entrepôts,E06,Nice-Est,E07,Bordeaux-Centre,P005,Lessive,Droguerie,2025-11-10,2025-11-11,1,641,9462.9,Geodis,2083.01,Retardé,Aucun
LIV00451,Magasin → Magasin,E07,Bordeaux-Centre,E06,Nice-Est,P003,Pâtes 500g,Alimentaire,2025-02-17,2025-02-19,2,312,3668.5,DHL Supply Chain,976.32,Livré,Retard transporteur
LIV00452,Fournisseur → Entrepôt,E07,Bordeaux-Centre,E03,Marseille-Port,P004,Shampoing,Droguerie,2025-06-02,2025-06-06,4,801,835.4,Geodis,439.81,Retardé,Aucun
LIV00453,Inter-entrepôts,E06,Nice-Est,E05,Toulouse-Ouest,P008,Smartphone,Électronique,2025-04-01,2025-04-06,5,1234,14726.5,DHL Supply Chain,3240.85,Retardé,Aucun
LIV00454,Inter-entrepôts,E02,Lyon-Sud,E05,Toulouse-Ouest,P004,Shampoing,Droguerie,2025-05-05,2025-05-06,1,1144,5279.2,XPO Logistics,486.51,Livré,Erreur quantité
LIV00455,Entrepôt → Magasin,E04,Lille-Nord,E02,Lyon-Sud,P007,Jeans,Textile,2025-06-09,2025-06-14,5,110,866.7,Geodis,464.55,Livré,Aucun
LIV00456,Entrepôt → Magasin,E07,Bordeaux-Centre,E08,Nantes-Atlantique,P004,Shampoing,Droguerie,2025-05-11,2025-05-13,2,1402,1133.1,DHL Supply Chain,388.99,Retardé,Aucun
LIV00457,Inter-entrepôts,E07,Bordeaux-Centre,E04,Lille-Nord,P003,Pâtes 500g,Alimentaire,2025-03-15,2025-03-20,5,571,3216.8,DB Schenker,484.79,En transit,Aucun
LIV00458,Magasin → Magasin,E07,Bordeaux-Centre,E02,Lyon-Sud,P003,Pâtes 500g,Alimentaire,2025-10-22,2025-10-25,3,165,1902.1,Geodis,195.06,Livré,Aucun
LIV00459,Magasin → Magasin,E07,Bordeaux-Centre,E06,Nice-Est,P001,Lait demi-écrémé,Alimentaire,2025-12-04,2025-12-05,1,384,5005.3,DHL Supply Chain,1489.26,Livré,Aucun
LIV00460,Fournisseur → Entrepôt,E06,Nice-Est,E02,Lyon-Sud,P009,TV 4K,Électronique,2025-11-21,2025-11-26,5,226,3087.7,Geodis,982.24,Livré,Aucun
LIV00461,Entrepôt → Magasin,E07,Bordeaux-Centre,E04,Lille-Nord,P008,Smartphone,Électronique,2025-10-07,2025-10-12,5,599,2992.5,Geodis,784.2,En transit,Aucun
LIV00462,Magasin → Magasin,E06,Nice-Est,E01,Paris-Rungis,P003,Pâtes 500g,Alimentaire,2025-12-16,2025-12-19,3,323,4355.5,Geodis,1253.83,Livré,Aucun
LIV00463,Magasin → Magasin,E02,Lyon-Sud,E08,Nantes-Atlantique,P002,Riz 1kg,Alimentaire,2025-11-25,2025-11-26,1,1417,10091.3,Geodis,1116.27,Livré,Aucun
LIV00464,Fournisseur → Entrepôt,E01,Paris-Rungis,E08,Nantes-Atlantique,P007,Jeans,Textile,2025-08-11,2025-08-15,4,203,814.6,DHL Supply Chain,392.46,Livré,Aucun
LIV00465,Entrepôt → Magasin,E05,Toulouse-Ouest,E04,Lille-Nord,P010,Casque audio,Électronique,2025-06-12,2025-06-15,3,533,5922.9,XPO Logistics,584.58,En transit,Aucun
LIV00466,Fournisseur → Entrepôt,E03,Marseille-Port,E02,Lyon-Sud,P001,Lait demi-écrémé,Alimentaire,2025-04-03,2025-04-08,5,1385,18748.6,DB Schenker,1522.49,Livré,Aucun
LIV00467,Inter-entrepôts,E02,Lyon-Sud,E08,Nantes-Atlantique,P008,Smartphone,Électronique,2025-07-20,2025-07-25,5,17,35.1,Geodis,163.17,Livré,Aucun
LIV00468,Fournisseur → Entrepôt,E01,Paris-Rungis,E05,Toulouse-Ouest,P004,Shampoing,Droguerie,2025-12-31,2026-01-02,2,580,6567.1,XPO Logistics,1421.58,Livré,Aucun
LIV00469,Inter-entrepôts,E06,Nice-Est,E01,Paris-Rungis,P003,Pâtes 500g,Alimentaire,2025-09-07,2025-09-10,3,1239,7610.3,DB Schenker,962.92,Livré,Aucun
LIV00470,Fournisseur → Entrepôt,E01,Paris-Rungis,E08,Nantes-Atlantique,P004,Shampoing,Droguerie,2025-09-04,2025-09-08,4,736,3000.2,DB Schenker,795.1,Livré,Aucun
LIV00471,Entrepôt → Magasin,E04,Lille-Nord,E02,Lyon-Sud,P001,Lait demi-écrémé,Alimentaire,2025-09-25,2025-09-29,4,1321,5341.5,FM Logistic,584.47,Livré,Retard transporteur
LIV00472,Entrepôt → Magasin,E06,Nice-Est,E08,Nantes-Atlantique,P001,Lait demi-écrémé,Alimentaire,2025-06-20,2025-06-21,1,567,7982.9,DB Schenker,1593.17,Livré,Aucun
LIV00473,Entrepôt → Magasin,E03,Marseille-Port,E02,Lyon-Sud,P008,Smartphone,Électronique,2025-09-07,2025-09-09,2,224,262.6,XPO Logistics,129.83,Livré,Aucun
LIV00474,Entrepôt → Magasin,E02,Lyon-Sud,E05,Toulouse-Ouest,P002,Riz 1kg,Alimentaire,2025-09-06,2025-09-09,3,1472,655.5,FM Logistic,179.67,Livré,Aucun
LIV00475,Fournisseur → Entrepôt,E07,Bordeaux-Centre,E03,Marseille-Port,P008,Smartphone,Électronique,2025-04-17,2025-04-21,4,611,7195.6,XPO Logistics,1588.31,Retardé,Aucun
LIV00476,Magasin → Magasin,E07,Bordeaux-Centre,E06,Nice-Est,P001,Lait demi-écrémé,Alimentaire,2025-05-30,2025-06-03,4,549,1000.3,FM Logistic,128.09,Livré,Aucun
LIV00477,Inter-entrepôts,E03,Marseille-Port,E04,Lille-Nord,P003,Pâtes 500g,Alimentaire,2025-10-01,2025-10-06,5,1290,5735.3,Geodis,920.93,En transit,Aucun
LIV00478,Inter-entrepôts,E07,Bordeaux-Centre,E05,Toulouse-Ouest,P006,T-shirt homme,Textile,2025-09-05,2025-09-09,4,774,1738.6,Geodis,640.64,Livré,Aucun
LIV00479,Inter-entrepôts,E02,Lyon-Sud,E05,Toulouse-Ouest,P004,Shampoing,Droguerie,2025-07-24,2025-07-28,4,1081,1428.7,DB Schenker,299.39,Livré,Aucun
LIV00480,Inter-entrepôts,E08,Nantes-Atlantique,E04,Lille-Nord,P005,Lessive,Droguerie,2025-03-22,2025-03-27,5,1065,3920.9,DB Schenker,850.05,Retardé,Aucun
LIV00481,Inter-entrepôts,E06,Nice-Est,E02,Lyon-Sud,P007,Jeans,Textile,2025-01-22,2025-01-27,5,1348,11051.3,XPO Logistics,1602.96,En transit,Retard transporteur
LIV00482,Fournisseur → Entrepôt,E01,Paris-Rungis,E02,Lyon-Sud,P002,Riz 1kg,Alimentaire,2025-05-11,2025-05-16,5,1243,9304.9,XPO Logistics,2303.5,Livré,Aucun
LIV00483,Magasin → Magasin,E08,Nantes-Atlantique,E01,Paris-Rungis,P005,Lessive,Droguerie,2025-10-29,2025-11-03,5,91,797.7,DHL Supply Chain,306.55,Livré,Aucun
LIV00484,Fournisseur → Entrepôt,E08,Nantes-Atlantique,E04,Lille-Nord,P004,Shampoing,Droguerie,2025-11-09,2025-11-13,4,202,2376.1,DHL Supply Chain,237.55,Livré,Aucun
LIV00485,Inter-entrepôts,E07,Bordeaux-Centre,E05,Toulouse-Ouest,P010,Casque audio,Électronique,2025-02-19,2025-02-20,1,1072,13956.4,DB Schenker,1020.81,Livré,Aucun
LIV00486,Magasin → Magasin,E05,Toulouse-Ouest,E02,Lyon-Sud,P001,Lait demi-écrémé,Alimentaire,2025-08-31,2025-09-02,2,223,3010.1,Geodis,777.17,Livré,Aucun
LIV00487,Magasin → Magasin,E02,Lyon-Sud,E05,Toulouse-Ouest,P006,T-shirt homme,Textile,2025-09-17,2025-09-21,4,380,1407.7,DB Schenker,398.2,Livré,Aucun
LIV00488,Magasin → Magasin,E07,Bordeaux-Centre,E04,Lille-Nord,P002,Riz 1kg,Alimentaire,2025-03-16,2025-03-20,4,681,8305.1,FM Logistic,2043.99,Livré,Erreur quantité
LIV00489,Entrepôt → Magasin,E03,Marseille-Port,E08,Nantes-Atlantique,P008,Smartphone,Électronique,2025-10-15,2025-10-20,5,1323,16886.3,FM Logistic,3270.59,Livré,Aucun
LIV00490,Entrepôt → Magasin,E07,Bordeaux-Centre,E01,Paris-Rungis,P009,TV 4K,Électronique,2025-05-30,2025-05-31,1,1482,15600.5,DHL Supply Chain,3611.98,Livré,Aucun
LIV00491,Inter-entrepôts,E01,Paris-Rungis,E07,Bordeaux-Centre,P005,Lessive,Droguerie,2025-04-20,2025-04-24,4,862,2833.5,DHL Supply Chain,658.94,Livré,Aucun
LIV00492,Entrepôt → Magasin,E07,Bordeaux-Centre,E08,Nantes-Atlantique,P010,Casque audio,Électronique,2025-05-11,2025-05-14,3,1131,12143.3,DB Schenker,3297.45,Livré,Aucun
LIV00493,Entrepôt → Magasin,E08,Nantes-Atlantique,E03,Marseille-Port,P007,Jeans,Textile,2025-01-24,2025-01-26,2,498,5817.2,Geodis,1800.4,Livré,Erreur quantité
LIV00494,Magasin → Magasin,E08,Nantes-Atlantique,E02,Lyon-Sud,P010,Casque audio,Électronique,2025-07-30,2025-08-04,5,340,984.0,XPO Logistics,402.84,Livré,Aucun
LIV00495,Magasin → Magasin,E04,Lille-Nord,E07,Bordeaux-Centre,P005,Lessive,Droguerie,2025-05-13,2025-05-18,5,1466,10900.8,FM Logistic,2987.23,En transit,Aucun
LIV00496,Magasin → Magasin,E04,Lille-Nord,E08,Nantes-Atlantique,P007,Jeans,Textile,2025-07-28,2025-07-31,3,574,3930.0,XPO Logistics,1296.89,En transit,Retard transporteur
LIV00497,Magasin → Magasin,E02,Lyon-Sud,E01,Paris-Rungis,P006,T-shirt homme,Textile,2025-04-07,2025-04-12,5,1435,3444.4,DHL Supply Chain,927.36,En transit,Aucun
LIV00498,Magasin → Magasin,E02,Lyon-Sud,E06,Nice-Est,P006,T-shirt homme,Textile,2025-04-10,2025-04-14,4,14,162.2,Geodis,134.81,Livré,Aucun
LIV00499,Inter-entrepôts,E06,Nice-Est,E04,Lille-Nord,P001,Lait demi-écrémé,Alimentaire,2025-01-24,2025-01-27,3,257,836.4,XPO Logistics,283.17,En transit,Aucun
LIV00500,Magasin → Magasin,E01,Paris-Rungis,E05,Toulouse-Ouest,P002,Riz 1kg,Alimentaire,2025-03-21,2025-03-25,4,1188,17695.7,DB Schenker,4303.47,Livré,Aucun
LIV00501,Entrepôt → Magasin,E07,Bordeaux-Centre,E08,Nantes-Atlantique,P005,Lessive,Droguerie,2025-04-02,2025-04-06,4,332,2878.8,Geodis,637.03,Livré,Aucun
LIV00502,Magasin → Magasin,E07,Bordeaux-Centre,E04,Lille-Nord,P007,Jeans,Textile,2025-03-11,2025-03-13,2,907,734.0,XPO Logistics,300.17,Retardé,Aucun
LIV00503,Entrepôt → Magasin,E06,Nice-Est,E05,Toulouse-Ouest,P005,Lessive,Droguerie,2025-08-04,2025-08-07,3,998,2149.5,FM Logistic,588.93,Livré,Aucun
LIV00504,Inter-entrepôts,E01,Paris-Rungis,E07,Bordeaux-Centre,P004,Shampoing,Droguerie,2025-08-12,2025-08-17,5,53,320.4,XPO Logistics,218.82,En transit,Aucun
LIV00505,Magasin → Magasin,E02,Lyon-Sud,E03,Marseille-Port,P005,Lessive,Droguerie,2025-01-16,2025-01-21,5,975,3537.9,DHL Supply Chain,1030.77,En transit,Aucun
LIV00506,Magasin → Magasin,E08,Nantes-Atlantique,E04,Lille-Nord,P007,Jeans,Textile,2025-06-15,2025-06-18,3,1353,490.5,Geodis,261.99,Livré,Aucun
LIV00507,Magasin → Magasin,E05,Toulouse-Ouest,E02,Lyon-Sud,P006,T-shirt homme,Textile,2025-04-25,2025-04-27,2,1035,11651.6,Geodis,3410.07,Livré,Aucun
LIV00508,Inter-entrepôts,E01,Paris-Rungis,E04,Lille-Nord,P008,Smartphone,Électronique,2025-04-25,2025-04-27,2,247,885.9,FM Logistic,377.0,Livré,Casse
LIV00509,Magasin → Magasin,E05,Toulouse-Ouest,E03,Marseille-Port,P006,T-shirt homme,Textile,2025-07-10,2025-07-12,2,847,1626.4,DB Schenker,289.88,Annulé,Aucun
LIV00510,Magasin → Magasin,E01,Paris-Rungis,E04,Lille-Nord,P003,Pâtes 500g,Alimentaire,2025-11-15,2025-11-18,3,83,710.8,XPO Logistics,402.38,Livré,Aucun
LIV00511,Fournisseur → Entrepôt,E07,Bordeaux-Centre,E06,Nice-Est,P003,Pâtes 500g,Alimentaire,2025-06-12,2025-06-17,5,823,7465.9,XPO Logistics,2116.7,Livré,Aucun
LIV00512,Fournisseur → Entrepôt,E06,Nice-Est,E01,Paris-Rungis,P006,T-shirt homme,Textile,2025-02-14,2025-02-18,4,1212,15909.4,DHL Supply Chain,2860.33,Livré,Aucun
LIV00513,Fournisseur → Entrepôt,E06,Nice-Est,E02,Lyon-Sud,P002,Riz 1kg,Alimentaire,2025-03-30,2025-04-03,4,415,1754.1,Geodis,720.29,Livré,Aucun
LIV00514,Magasin → Magasin,E07,Bordeaux-Centre,E06,Nice-Est,P003,Pâtes 500g,Alimentaire,2025-02-27,2025-03-01,2,560,3599.7,DHL Supply Chain,379.55,Livré,Aucun
LIV00515,Fournisseur → Entrepôt,E04,Lille-Nord,E02,Lyon-Sud,P003,Pâtes 500g,Alimentaire,2025-03-07,2025-03-10,3,930,813.9,FM Logistic,252.04,Annulé,Aucun
LIV00516,Entrepôt → Magasin,E03,Marseille-Port,E06,Nice-Est,P008,Smartphone,Électronique,2025-02-07,2025-02-12,5,1153,9417.8,DB Schenker,833.47,Livré,Erreur quantité
LIV00517,Inter-entrepôts,E08,Nantes-Atlantique,E07,Bordeaux-Centre,P005,Lessive,Droguerie,2025-10-11,2025-10-12,1,288,3872.3,Geodis,864.37,Retardé,Aucun
LIV00518,Entrepôt → Magasin,E06,Nice-Est,E05,Toulouse-Ouest,P009,TV 4K,Électronique,2025-10-31,2025-11-05,5,34,175.0,Geodis,334.69,Livré,Aucun
LIV00519,Inter-entrepôts,E04,Lille-Nord,E03,Marseille-Port,P001,Lait demi-écrémé,Alimentaire,2025-06-24,2025-06-25,1,1142,14424.7,XPO Logistics,1356.66,Livré,Aucun
LIV00520,Fournisseur → Entrepôt,E07,Bordeaux-Centre,E08,Nantes-Atlantique,P010,Casque audio,Électronique,2025-10-30,2025-10-31,1,1309,3940.6,DHL Supply Chain,410.1,Livré,Aucun
LIV00521,Fournisseur → Entrepôt,E07,Bordeaux-Centre,E01,Paris-Rungis,P003,Pâtes 500g,Alimentaire,2025-11-22,2025-11-23,1,339,4649.4,DB Schenker,1531.88,Retardé,Retard transporteur
LIV00522,Inter-entrepôts,E02,Lyon-Sud,E03,Marseille-Port,P006,T-shirt homme,Textile,2025-10-17,2025-10-22,5,399,2445.5,FM Logistic,383.55,En transit,Aucun
LIV00523,Fournisseur → Entrepôt,E06,Nice-Est,E05,Toulouse-Ouest,P002,Riz 1kg,Alimentaire,2025-03-30,2025-04-03,4,19,246.5,DHL Supply Chain,132.66,Livré,Retard transporteur
LIV00524,Fournisseur → Entrepôt,E07,Bordeaux-Centre,E06,Nice-Est,P006,T-shirt homme,Textile,2025-09-11,2025-09-12,1,869,5252.2,Geodis,1172.43,Livré,Aucun
LIV00525,Fournisseur → Entrepôt,E06,Nice-Est,E08,Nantes-Atlantique,P001,Lait demi-écrémé,Alimentaire,2025-06-05,2025-06-07,2,1036,8988.5,Geodis,2265.99,Livré,Aucun
LIV00526,Magasin → Magasin,E03,Marseille-Port,E07,Bordeaux-Centre,P010,Casque audio,Électronique,2025-06-15,2025-06-17,2,276,3202.2,FM Logistic,893.93,Annulé,Erreur quantité
LIV00527,Magasin → Magasin,E07,Bordeaux-Centre,E03,Marseille-Port,P002,Riz 1kg,Alimentaire,2025-04-06,2025-04-10,4,212,2845.3,DB Schenker,810.63,En transit,Casse
LIV00528,Magasin → Magasin,E05,Toulouse-Ouest,E03,Marseille-Port,P009,TV 4K,Électronique,2025-07-23,2025-07-24,1,1042,11737.4,Geodis,2869.01,Livré,Aucun
LIV00529,Inter-entrepôts,E06,Nice-Est,E03,Marseille-Port,P005,Lessive,Droguerie,2025-03-14,2025-03-18,4,1064,8615.1,DHL Supply Chain,1928.74,Livré,Aucun
LIV00530,Magasin → Magasin,E06,Nice-Est,E04,Lille-Nord,P010,Casque audio,Électronique,2025-04-11,2025-04-13,2,768,7730.1,XPO Logistics,1794.52,Retardé,Aucun
LIV00531,Inter-entrepôts,E04,Lille-Nord,E05,Toulouse-Ouest,P009,TV 4K,Électronique,2025-05-01,2025-05-02,1,366,2638.6,FM Logistic,397.69,Livré,Aucun
LIV00532,Fournisseur → Entrepôt,E06,Nice-Est,E07,Bordeaux-Centre,P008,Smartphone,Électronique,2025-10-15,2025-10-16,1,339,4612.0,Geodis,1389.36,En transit,Retard transporteur
LIV00533,Entrepôt → Magasin,E08,Nantes-Atlantique,E04,Lille-Nord,P002,Riz 1kg,Alimentaire,2025-12-14,2025-12-15,1,871,1925.1,FM Logistic,505.7,Livré,Aucun
LIV00534,Fournisseur → Entrepôt,E05,Toulouse-Ouest,E04,Lille-Nord,P004,Shampoing,Droguerie,2025-07-06,2025-07-08,2,578,984.7,Geodis,476.56,Livré,Aucun
LIV00535,Inter-entrepôts,E03,Marseille-Port,E02,Lyon-Sud,P002,Riz 1kg,Alimentaire,2025-09-28,2025-10-02,4,1367,15449.4,DHL Supply Chain,4768.97,Livré,Retard transporteur
LIV00536,Magasin → Magasin,E05,Toulouse-Ouest,E04,Lille-Nord,P008,Smartphone,Électronique,2025-11-27,2025-11-29,2,115,1238.9,XPO Logistics,307.64,Livré,Aucun
LIV00537,Fournisseur → Entrepôt,E04,Lille-Nord,E07,Bordeaux-Centre,P008,Smartphone,Électronique,2025-10-13,2025-10-15,2,817,459.4,FM Logistic,219.29,Livré,Aucun
LIV00538,Fournisseur → Entrepôt,E04,Lille-Nord,E02,Lyon-Sud,P005,Lessive,Droguerie,2025-03-14,2025-03-16,2,674,2300.1,DHL Supply Chain,448.94,Livré,Aucun
LIV00539,Magasin → Magasin,E08,Nantes-Atlantique,E07,Bordeaux-Centre,P003,Pâtes 500g,Alimentaire,2025-08-22,2025-08-26,4,526,2957.7,FM Logistic,708.57,Annulé,Aucun
LIV00540,Fournisseur → Entrepôt,E03,Marseille-Port,E01,Paris-Rungis,P002,Riz 1kg,Alimentaire,2025-05-25,2025-05-30,5,642,4269.3,DHL Supply Chain,478.4,Livré,Aucun
LIV00541,Magasin → Magasin,E05,Toulouse-Ouest,E02,Lyon-Sud,P001,Lait demi-écrémé,Alimentaire,2025-12-08,2025-12-11,3,956,4941.6,DB Schenker,1320.1,Livré,Aucun
LIV00542,Fournisseur → Entrepôt,E08,Nantes-Atlantique,E07,Bordeaux-Centre,P008,Smartphone,Électronique,2025-01-29,2025-02-02,4,1190,12629.4,XPO Logistics,3023.03,Livré,Aucun
LIV00543,Inter-entrepôts,E01,Paris-Rungis,E03,Marseille-Port,P006,T-shirt homme,Textile,2025-06-08,2025-06-12,4,176,2257.5,DHL Supply Chain,741.12,Livré,Erreur quantité
LIV00544,Magasin → Magasin,E08,Nantes-Atlantique,E05,Toulouse-Ouest,P002,Riz 1kg,Alimentaire,2025-09-24,2025-09-29,5,1068,12682.2,FM Logistic,1470.13,Retardé,Retard transporteur
LIV00545,Fournisseur → Entrepôt,E05,Toulouse-Ouest,E08,Nantes-Atlantique,P006,T-shirt homme,Textile,2025-10-27,2025-10-29,2,1452,21190.1,DB Schenker,1857.55,Livré,Aucun
LIV00546,Entrepôt → Magasin,E02,Lyon-Sud,E06,Nice-Est,P005,Lessive,Droguerie,2025-08-24,2025-08-26,2,1022,7629.2,FM Logistic,1337.59,Livré,Casse
LIV00547,Magasin → Magasin,E06,Nice-Est,E03,Marseille-Port,P010,Casque audio,Électronique,2025-11-15,2025-11-19,4,1400,9984.9,XPO Logistics,883.33,Livré,Aucun
LIV00548,Entrepôt → Magasin,E01,Paris-Rungis,E06,Nice-Est,P002,Riz 1kg,Alimentaire,2025-01-12,2025-01-13,1,209,2343.4,DHL Supply Chain,475.65,Livré,Aucun
LIV00549,Inter-entrepôts,E06,Nice-Est,E01,Paris-Rungis,P006,T-shirt homme,Textile,2025-09-08,2025-09-11,3,1210,6414.0,DHL Supply Chain,922.63,En transit,Aucun
LIV00550,Magasin → Magasin,E02,Lyon-Sud,E07,Bordeaux-Centre,P001,Lait demi-écrémé,Alimentaire,2025-12-06,2025-12-11,5,26,8.4,XPO Logistics,285.99,Livré,Aucun
LIV00551,Fournisseur → Entrepôt,E03,Marseille-Port,E07,Bordeaux-Centre,P003,Pâtes 500g,Alimentaire,2025-09-05,2025-09-08,3,1485,15557.3,DB Schenker,4662.07,Livré,Aucun
LIV00552,Inter-entrepôts,E01,Paris-Rungis,E04,Lille-Nord,P002,Riz 1kg,Alimentaire,2025-08-22,2025-08-23,1,1210,8629.5,DB Schenker,2100.27,Livré,Retard transporteur
LIV00553,Inter-entrepôts,E04,Lille-Nord,E03,Marseille-Port,P004,Shampoing,Droguerie,2025-08-10,2025-08-14,4,774,7918.1,XPO Logistics,1916.1,Livré,Casse
LIV00554,Magasin → Magasin,E06,Nice-Est,E05,Toulouse-Ouest,P008,Smartphone,Électronique,2025-06-15,2025-06-16,1,433,4366.6,DB Schenker,455.45,Livré,Aucun
LIV00555,Entrepôt → Magasin,E08,Nantes-Atlantique,E04,Lille-Nord,P002,Riz 1kg,Alimentaire,2025-11-19,2025-11-21,2,1054,778.6,Geodis,263.74,Livré,Aucun
LIV00556,Magasin → Magasin,E05,Toulouse-Ouest,E04,Lille-Nord,P007,Jeans,Textile,2025-12-29,2026-01-02,4,1247,14359.6,Geodis,3824.9,Livré,Retard transporteur
LIV00557,Magasin → Magasin,E02,Lyon-Sud,E08,Nantes-Atlantique,P003,Pâtes 500g,Alimentaire,2025-05-29,2025-05-31,2,764,4609.8,XPO Logistics,1059.65,En transit,Aucun
LIV00558,Inter-entrepôts,E06,Nice-Est,E08,Nantes-Atlantique,P004,Shampoing,Droguerie,2025-07-18,2025-07-23,5,771,8336.4,DHL Supply Chain,2389.76,Livré,Aucun
LIV00559,Magasin → Magasin,E04,Lille-Nord,E03,Marseille-Port,P001,Lait demi-écrémé,Alimentaire,2025-08-31,2025-09-05,5,201,2264.9,DB Schenker,581.59,Livré,Aucun
LIV00560,Magasin → Magasin,E07,Bordeaux-Centre,E03,Marseille-Port,P007,Jeans,Textile,2025-12-14,2025-12-15,1,385,3963.2,DHL Supply Chain,487.86,Livré,Aucun
LIV00561,Inter-entrepôts,E02,Lyon-Sud,E08,Nantes-Atlantique,P010,Casque audio,Électronique,2025-07-22,2025-07-24,2,913,4753.1,FM Logistic,1181.03,Livré,Aucun
LIV00562,Fournisseur → Entrepôt,E02,Lyon-Sud,E07,Bordeaux-Centre,P010,Casque audio,Électronique,2025-06-22,2025-06-26,4,831,2908.8,Geodis,370.43,Livré,Aucun
LIV00563,Entrepôt → Magasin,E06,Nice-Est,E07,Bordeaux-Centre,P002,Riz 1kg,Alimentaire,2025-07-19,2025-07-22,3,125,855.8,Geodis,376.95,Retardé,Aucun
LIV00564,Fournisseur → Entrepôt,E02,Lyon-Sud,E01,Paris-Rungis,P004,Shampoing,Droguerie,2025-12-01,2025-12-04,3,410,5388.5,XPO Logistics,1365.12,Livré,Aucun
LIV00565,Magasin → Magasin,E06,Nice-Est,E02,Lyon-Sud,P008,Smartphone,Électronique,2025-11-18,2025-11-20,2,1229,6094.0,DB Schenker,1594.4,Livré,Aucun
LIV00566,Fournisseur → Entrepôt,E05,Toulouse-Ouest,E06,Nice-Est,P010,Casque audio,Électronique,2025-10-27,2025-10-28,1,981,1580.2,FM Logistic,347.92,Livré,Aucun
LIV00567,Entrepôt → Magasin,E06,Nice-Est,E03,Marseille-Port,P009,TV 4K,Électronique,2025-04-04,2025-04-08,4,29,29.9,XPO Logistics,114.27,En transit,Retard transporteur
LIV00568,Inter-entrepôts,E07,Bordeaux-Centre,E05,Toulouse-Ouest,P010,Casque audio,Électronique,2025-04-10,2025-04-14,4,546,3540.4,DB Schenker,428.06,En transit,Retard transporteur
LIV00569,Entrepôt → Magasin,E06,Nice-Est,E04,Lille-Nord,P008,Smartphone,Électronique,2025-02-12,2025-02-14,2,1254,18640.9,FM Logistic,3477.92,Livré,Aucun
LIV00570,Fournisseur → Entrepôt,E07,Bordeaux-Centre,E08,Nantes-Atlantique,P002,Riz 1kg,Alimentaire,2025-08-31,2025-09-04,4,1374,20361.5,DB Schenker,3063.46,Livré,Aucun
LIV00571,Fournisseur → Entrepôt,E03,Marseille-Port,E07,Bordeaux-Centre,P009,TV 4K,Électronique,2025-06-15,2025-06-20,5,1014,10264.0,XPO Logistics,3019.22,Livré,Aucun
LIV00572,Inter-entrepôts,E03,Marseille-Port,E06,Nice-Est,P004,Shampoing,Droguerie,2025-05-01,2025-05-04,3,304,2518.5,XPO Logistics,605.34,Livré,Aucun
LIV00573,Fournisseur → Entrepôt,E07,Bordeaux-Centre,E03,Marseille-Port,P008,Smartphone,Électronique,2025-03-22,2025-03-26,4,1087,10939.1,DB Schenker,3047.57,Livré,Aucun
LIV00574,Entrepôt → Magasin,E08,Nantes-Atlantique,E06,Nice-Est,P003,Pâtes 500g,Alimentaire,2025-09-24,2025-09-26,2,220,2518.0,Geodis,787.84,Livré,Aucun
LIV00575,Entrepôt → Magasin,E08,Nantes-Atlantique,E03,Marseille-Port,P007,Jeans,Textile,2025-06-08,2025-06-11,3,62,699.6,Geodis,171.95,Livré,Aucun
LIV00576,Entrepôt → Magasin,E07,Bordeaux-Centre,E04,Lille-Nord,P010,Casque audio,Électronique,2025-09-09,2025-09-12,3,529,4043.3,FM Logistic,385.44,Livré,Aucun
LIV00577,Magasin → Magasin,E07,Bordeaux-Centre,E02,Lyon-Sud,P007,Jeans,Textile,2025-11-21,2025-11-24,3,805,9268.0,DB Schenker,1129.48,Livré,Aucun
LIV00578,Magasin → Magasin,E04,Lille-Nord,E02,Lyon-Sud,P008,Smartphone,Électronique,2025-10-23,2025-10-25,2,329,3934.9,FM Logistic,1270.54,En transit,Aucun
LIV00579,Entrepôt → Magasin,E06,Nice-Est,E01,Paris-Rungis,P003,Pâtes 500g,Alimentaire,2025-04-22,2025-04-26,4,604,2016.8,DB Schenker,722.28,Livré,Aucun
LIV00580,Inter-entrepôts,E02,Lyon-Sud,E06,Nice-Est,P005,Lessive,Droguerie,2025-01-05,2025-01-08,3,1307,467.1,FM Logistic,316.5,Livré,Aucun
LIV00581,Magasin → Magasin,E03,Marseille-Port,E06,Nice-Est,P002,Riz 1kg,Alimentaire,2025-05-19,2025-05-22,3,1213,9044.3,DB Schenker,1278.94,Livré,Aucun
LIV00582,Entrepôt → Magasin,E02,Lyon-Sud,E05,Toulouse-Ouest,P005,Lessive,Droguerie,2025-09-06,2025-09-08,2,806,5405.7,DHL Supply Chain,707.61,Livré,Aucun
LIV00583,Fournisseur → Entrepôt,E06,Nice-Est,E07,Bordeaux-Centre,P006,T-shirt homme,Textile,2025-08-20,2025-08-21,1,511,1003.9,FM Logistic,392.55,Retardé,Aucun
LIV00584,Magasin → Magasin,E02,Lyon-Sud,E05,Toulouse-Ouest,P004,Shampoing,Droguerie,2025-10-17,2025-10-20,3,380,2007.4,XPO Logistics,395.5,Livré,Aucun
LIV00585,Entrepôt → Magasin,E03,Marseille-Port,E02,Lyon-Sud,P009,TV 4K,Électronique,2025-05-21,2025-05-26,5,942,6436.0,Geodis,1192.54,En transit,Casse
LIV00586,Magasin → Magasin,E06,Nice-Est,E03,Marseille-Port,P008,Smartphone,Électronique,2025-10-31,2025-11-05,5,462,1000.0,Geodis,295.51,Livré,Aucun
LIV00587,Fournisseur → Entrepôt,E01,Paris-Rungis,E04,Lille-Nord,P005,Lessive,Droguerie,2025-06-29,2025-06-30,1,907,3340.2,Geodis,577.05,Livré,Aucun
LIV00588,Inter-entrepôts,E05,Toulouse-Ouest,E03,Marseille-Port,P003,Pâtes 500g,Alimentaire,2025-05-29,2025-06-02,4,267,3454.4,XPO Logistics,978.59,Annulé,Aucun
LIV00589,Inter-entrepôts,E01,Paris-Rungis,E08,Nantes-Atlantique,P007,Jeans,Textile,2025-06-22,2025-06-24,2,424,2444.9,DB Schenker,875.18,Livré,Casse
LIV00590,Entrepôt → Magasin,E07,Bordeaux-Centre,E08,Nantes-Atlantique,P003,Pâtes 500g,Alimentaire,2025-09-15,2025-09-17,2,1451,2995.7,DB Schenker,501.88,Livré,Aucun
LIV00591,Magasin → Magasin,E03,Marseille-Port,E08,Nantes-Atlantique,P008,Smartphone,Électronique,2025-04-08,2025-04-12,4,880,3466.3,FM Logistic,850.07,Livré,Aucun
LIV00592,Inter-entrepôts,E07,Bordeaux-Centre,E08,Nantes-Atlantique,P007,Jeans,Textile,2025-07-30,2025-07-31,1,1175,8980.4,Geodis,1901.99,En transit,Casse
LIV00593,Entrepôt → Magasin,E05,Toulouse-Ouest,E03,Marseille-Port,P006,T-shirt homme,Textile,2025-12-05,2025-12-06,1,918,9779.1,Geodis,2046.56,Livré,Erreur quantité
LIV00594,Entrepôt → Magasin,E01,Paris-Rungis,E05,Toulouse-Ouest,P010,Casque audio,Électronique,2025-04-29,2025-05-01,2,1422,20275.9,DHL Supply Chain,3152.45,Livré,Aucun
LIV00595,Inter-entrepôts,E01,Paris-Rungis,E04,Lille-Nord,P010,Casque audio,Électronique,2025-06-05,2025-06-06,1,729,4776.9,DHL Supply Chain,548.13,Livré,Aucun
LIV00596,Inter-entrepôts,E05,Toulouse-Ouest,E08,Nantes-Atlantique,P006,T-shirt homme,Textile,2025-10-11,2025-10-12,1,1477,19533.7,FM Logistic,5079.48,Livré,Aucun
LIV00597,Fournisseur → Entrepôt,E01,Paris-Rungis,E05,Toulouse-Ouest,P006,T-shirt homme,Textile,2025-12-31,2026-01-03,3,420,4390.3,DHL Supply Chain,1245.76,Livré,Aucun
LIV00598,Inter-entrepôts,E07,Bordeaux-Centre,E05,Toulouse-Ouest,P004,Shampoing,Droguerie,2025-11-14,2025-11-17,3,78,905.6,Geodis,506.42,Livré,Aucun
LIV00599,Magasin → Magasin,E07,Bordeaux-Centre,E04,Lille-Nord,P003,Pâtes 500g,Alimentaire,2025-02-03,2025-02-05,2,1105,2065.6,XPO Logistics,414.29,Livré,Aucun
LIV00600,Magasin → Magasin,E06,Nice-Est,E02,Lyon-Sud,P008,Smartphone,Électronique,2025-10-19,2025-10-24,5,328,636.7,DHL Supply Chain,418.85,Livré,Aucun
LIV00601,Entrepôt → Magasin,E08,Nantes-Atlantique,E02,Lyon-Sud,P001,Lait demi-écrémé,Alimentaire,2025-08-07,2025-08-09,2,1169,958.0,DB Schenker,420.19,Livré,Aucun
LIV00602,Inter-entrepôts,E07,Bordeaux-Centre,E08,Nantes-Atlantique,P009,TV 4K,Électronique,2025-03-05,2025-03-09,4,917,2457.3,DHL Supply Chain,608.37,Livré,Aucun
LIV00603,Magasin → Magasin,E08,Nantes-Atlantique,E03,Marseille-Port,P006,T-shirt homme,Textile,2025-10-16,2025-10-19,3,929,10994.3,Geodis,2808.3,Livré,Aucun
LIV00604,Fournisseur → Entrepôt,E08,Nantes-Atlantique,E04,Lille-Nord,P003,Pâtes 500g,Alimentaire,2025-07-01,2025-07-02,1,611,534.5,FM Logistic,326.85,Livré,Aucun
LIV00605,Entrepôt → Magasin,E01,Paris-Rungis,E07,Bordeaux-Centre,P009,TV 4K,Électronique,2025-06-13,2025-06-16,3,1092,7511.9,DHL Supply Chain,943.39,Livré,Aucun
LIV00606,Inter-entrepôts,E01,Paris-Rungis,E06,Nice-Est,P001,Lait demi-écrémé,Alimentaire,2025-03-20,2025-03-23,3,243,131.5,DB Schenker,158.45,En transit,Aucun
LIV00607,Inter-entrepôts,E02,Lyon-Sud,E05,Toulouse-Ouest,P007,Jeans,Textile,2025-01-08,2025-01-13,5,1384,2833.8,DHL Supply Chain,940.27,Livré,Aucun
LIV00608,Magasin → Magasin,E02,Lyon-Sud,E03,Marseille-Port,P005,Lessive,Droguerie,2025-01-09,2025-01-12,3,912,9169.6,FM Logistic,1335.77,En transit,Aucun
LIV00609,Fournisseur → Entrepôt,E01,Paris-Rungis,E07,Bordeaux-Centre,P009,TV 4K,Électronique,2025-10-28,2025-10-30,2,276,2623.4,DHL Supply Chain,414.86,Livré,Aucun
LIV00610,Fournisseur → Entrepôt,E05,Toulouse-Ouest,E06,Nice-Est,P004,Shampoing,Droguerie,2025-06-20,2025-06-24,4,1339,7257.1,XPO Logistics,1899.52,En transit,Casse
LIV00611,Magasin → Magasin,E04,Lille-Nord,E06,Nice-Est,P004,Shampoing,Droguerie,2025-07-26,2025-07-29,3,1007,2376.1,Geodis,357.37,En transit,Casse
LIV00612,Magasin → Magasin,E01,Paris-Rungis,E06,Nice-Est,P004,Shampoing,Droguerie,2025-05-01,2025-05-04,3,142,1675.7,FM Logistic,675.32,Livré,Aucun
LIV00613,Magasin → Magasin,E07,Bordeaux-Centre,E06,Nice-Est,P004,Shampoing,Droguerie,2025-12-10,2025-12-15,5,82,953.3,FM Logistic,336.52,Livré,Casse
LIV00614,Entrepôt → Magasin,E05,Toulouse-Ouest,E07,Bordeaux-Centre,P009,TV 4K,Électronique,2025-10-06,2025-10-10,4,1025,9829.7,Geodis,2637.17,Livré,Aucun
LIV00615,Magasin → Magasin,E01,Paris-Rungis,E06,Nice-Est,P010,Casque audio,Électronique,2025-09-15,2025-09-19,4,441,608.9,DHL Supply Chain,444.08,Livré,Aucun
LIV00616,Magasin → Magasin,E02,Lyon-Sud,E03,Marseille-Port,P001,Lait demi-écrémé,Alimentaire,2025-04-28,2025-05-03,5,612,3599.8,DHL Supply Chain,372.87,Livré,Aucun
LIV00617,Fournisseur → Entrepôt,E06,Nice-Est,E03,Marseille-Port,P007,Jeans,Textile,2025-07-17,2025-07-19,2,767,5182.0,DHL Supply Chain,670.33,Livré,Aucun
LIV00618,Magasin → Magasin,E08,Nantes-Atlantique,E04,Lille-Nord,P003,Pâtes 500g,Alimentaire,2025-03-24,2025-03-29,5,736,10259.7,DB Schenker,2753.56,Retardé,Aucun
LIV00619,Entrepôt → Magasin,E01,Paris-Rungis,E07,Bordeaux-Centre,P010,Casque audio,Électronique,2025-11-28,2025-12-03,5,1273,15046.3,DB Schenker,1478.64,Livré,Aucun
LIV00620,Magasin → Magasin,E02,Lyon-Sud,E05,Toulouse-Ouest,P001,Lait demi-écrémé,Alimentaire,2025-05-23,2025-05-25,2,793,11170.2,Geodis,2984.15,Retardé,Aucun
LIV00621,Magasin → Magasin,E06,Nice-Est,E01,Paris-Rungis,P005,Lessive,Droguerie,2025-05-15,2025-05-16,1,767,2320.0,XPO Logistics,559.65,Livré,Aucun
LIV00622,Magasin → Magasin,E05,Toulouse-Ouest,E07,Bordeaux-Centre,P006,T-shirt homme,Textile,2025-05-12,2025-05-13,1,1361,13876.2,DHL Supply Chain,2953.68,En transit,Casse
LIV00623,Entrepôt → Magasin,E05,Toulouse-Ouest,E06,Nice-Est,P009,TV 4K,Électronique,2025-09-06,2025-09-10,4,286,173.7,DHL Supply Chain,203.8,Livré,Aucun
LIV00624,Fournisseur → Entrepôt,E03,Marseille-Port,E04,Lille-Nord,P003,Pâtes 500g,Alimentaire,2025-09-01,2025-09-05,4,14,149.3,DB Schenker,240.57,Livré,Aucun
LIV00625,Entrepôt → Magasin,E03,Marseille-Port,E05,Toulouse-Ouest,P002,Riz 1kg,Alimentaire,2025-04-08,2025-04-11,3,401,1785.1,DHL Supply Chain,369.91,Livré,Aucun
LIV00626,Inter-entrepôts,E02,Lyon-Sud,E03,Marseille-Port,P009,TV 4K,Électronique,2025-05-11,2025-05-12,1,1418,7931.2,XPO Logistics,592.33,Livré,Aucun
LIV00627,Fournisseur → Entrepôt,E03,Marseille-Port,E08,Nantes-Atlantique,P008,Smartphone,Électronique,2025-06-23,2025-06-24,1,763,4737.4,FM Logistic,1087.45,Livré,Aucun
LIV00628,Inter-entrepôts,E01,Paris-Rungis,E05,Toulouse-Ouest,P003,Pâtes 500g,Alimentaire,2025-08-30,2025-08-31,1,319,1930.6,XPO Logistics,253.88,Livré,Aucun
LIV00629,Magasin → Magasin,E02,Lyon-Sud,E07,Bordeaux-Centre,P004,Shampoing,Droguerie,2025-03-19,2025-03-23,4,972,2554.3,DHL Supply Chain,374.4,Livré,Aucun
LIV00630,Magasin → Magasin,E05,Toulouse-Ouest,E04,Lille-Nord,P010,Casque audio,Électronique,2025-06-21,2025-06-26,5,1051,13600.8,DHL Supply Chain,2915.44,En transit,Aucun
LIV00631,Magasin → Magasin,E05,Toulouse-Ouest,E06,Nice-Est,P003,Pâtes 500g,Alimentaire,2025-10-22,2025-10-25,3,559,5156.4,DHL Supply Chain,575.98,Livré,Aucun
LIV00632,Inter-entrepôts,E07,Bordeaux-Centre,E04,Lille-Nord,P009,TV 4K,Électronique,2025-05-14,2025-05-19,5,19,259.8,FM Logistic,185.53,Livré,Aucun
LIV00633,Inter-entrepôts,E03,Marseille-Port,E01,Paris-Rungis,P004,Shampoing,Droguerie,2025-02-08,2025-02-12,4,262,3552.3,Geodis,910.85,Livré,Aucun
LIV00634,Fournisseur → Entrepôt,E04,Lille-Nord,E03,Marseille-Port,P001,Lait demi-écrémé,Alimentaire,2025-04-17,2025-04-22,5,1403,11434.4,Geodis,1188.62,Livré,Erreur quantité
LIV00635,Entrepôt → Magasin,E02,Lyon-Sud,E05,Toulouse-Ouest,P007,Jeans,Textile,2025-05-24,2025-05-29,5,33,86.3,XPO Logistics,197.89,En transit,Retard transporteur
LIV00636,Fournisseur → Entrepôt,E04,Lille-Nord,E01,Paris-Rungis,P002,Riz 1kg,Alimentaire,2025-07-01,2025-07-04,3,1378,18524.7,DB Schenker,3721.33,Livré,Aucun
LIV00637,Entrepôt → Magasin,E06,Nice-Est,E05,Toulouse-Ouest,P002,Riz 1kg,Alimentaire,2025-01-12,2025-01-16,4,883,424.7,DB Schenker,161.69,Livré,Aucun
LIV00638,Magasin → Magasin,E01,Paris-Rungis,E03,Marseille-Port,P007,Jeans,Textile,2025-12-01,2025-12-03,2,303,1475.9,DB Schenker,613.07,Livré,Aucun
LIV00639,Entrepôt → Magasin,E03,Marseille-Port,E08,Nantes-Atlantique,P007,Jeans,Textile,2025-11-25,2025-11-26,1,511,2687.4,Geodis,857.64,Livré,Aucun
LIV00640,Fournisseur → Entrepôt,E08,Nantes-Atlantique,E07,Bordeaux-Centre,P010,Casque audio,Électronique,2025-10-25,2025-10-29,4,1344,752.1,FM Logistic,266.95,Livré,Aucun
LIV00641,Magasin → Magasin,E06,Nice-Est,E02,Lyon-Sud,P007,Jeans,Textile,2025-09-29,2025-10-03,4,866,12134.3,DHL Supply Chain,940.58,Livré,Aucun
LIV00642,Inter-entrepôts,E02,Lyon-Sud,E04,Lille-Nord,P001,Lait demi-écrémé,Alimentaire,2025-08-15,2025-08-17,2,974,14404.4,XPO Logistics,1135.86,Livré,Casse
LIV00643,Entrepôt → Magasin,E04,Lille-Nord,E06,Nice-Est,P001,Lait demi-écrémé,Alimentaire,2025-11-05,2025-11-07,2,63,864.8,Geodis,364.64,Livré,Aucun
LIV00644,Magasin → Magasin,E01,Paris-Rungis,E07,Bordeaux-Centre,P003,Pâtes 500g,Alimentaire,2025-11-30,2025-12-03,3,1018,4576.5,FM Logistic,1446.3,Livré,Aucun
LIV00645,Inter-entrepôts,E02,Lyon-Sud,E03,Marseille-Port,P003,Pâtes 500g,Alimentaire,2025-08-25,2025-08-27,2,1101,2227.2,XPO Logistics,388.73,Livré,Retard transporteur
LIV00646,Inter-entrepôts,E08,Nantes-Atlantique,E06,Nice-Est,P003,Pâtes 500g,Alimentaire,2025-06-17,2025-06-20,3,86,167.6,DB Schenker,296.59,Livré,Aucun
LIV00647,Magasin → Magasin,E06,Nice-Est,E03,Marseille-Port,P004,Shampoing,Droguerie,2025-11-25,2025-11-26,1,1046,8570.9,Geodis,2256.0,Livré,Aucun
LIV00648,Magasin → Magasin,E03,Marseille-Port,E07,Bordeaux-Centre,P005,Lessive,Droguerie,2025-08-08,2025-08-10,2,828,5252.0,DB Schenker,1229.44,Livré,Aucun
LIV00649,Entrepôt → Magasin,E05,Toulouse-Ouest,E08,Nantes-Atlantique,P006,T-shirt homme,Textile,2025-10-06,2025-10-08,2,1115,8412.4,Geodis,770.62,Livré,Aucun
LIV00650,Entrepôt → Magasin,E04,Lille-Nord,E01,Paris-Rungis,P008,Smartphone,Électronique,2025-03-16,2025-03-17,1,1300,17184.1,Geodis,4510.0,Annulé,Aucun
LIV00651,Fournisseur → Entrepôt,E04,Lille-Nord,E02,Lyon-Sud,P004,Shampoing,Droguerie,2025-02-26,2025-03-01,3,1388,8998.5,Geodis,1450.54,Livré,Aucun
LIV00652,Entrepôt → Magasin,E04,Lille-Nord,E02,Lyon-Sud,P006,T-shirt homme,Textile,2025-04-06,2025-04-07,1,900,2471.2,Geodis,524.09,Livré,Aucun
LIV00653,Magasin → Magasin,E05,Toulouse-Ouest,E02,Lyon-Sud,P007,Jeans,Textile,2025-07-24,2025-07-26,2,483,975.4,Geodis,134.93,Livré,Aucun
LIV00654,Entrepôt → Magasin,E02,Lyon-Sud,E05,Toulouse-Ouest,P002,Riz 1kg,Alimentaire,2025-12-20,2025-12-24,4,257,2351.6,DB Schenker,588.9,Retardé,Aucun
LIV00655,Entrepôt → Magasin,E06,Nice-Est,E01,Paris-Rungis,P009,TV 4K,Électronique,2025-02-07,2025-02-12,5,1463,688.7,XPO Logistics,418.59,Livré,Aucun
LIV00656,Fournisseur → Entrepôt,E03,Marseille-Port,E08,Nantes-Atlantique,P007,Jeans,Textile,2025-04-26,2025-04-29,3,1234,7065.2,XPO Logistics,1344.73,Livré,Aucun
LIV00657,Entrepôt → Magasin,E03,Marseille-Port,E07,Bordeaux-Centre,P003,Pâtes 500g,Alimentaire,2025-09-27,2025-10-01,4,990,14766.3,DB Schenker,1092.4,Livré,Aucun
LIV00658,Inter-entrepôts,E04,Lille-Nord,E03,Marseille-Port,P008,Smartphone,Électronique,2025-08-14,2025-08-18,4,598,892.8,XPO Logistics,172.79,Livré,Aucun
LIV00659,Inter-entrepôts,E03,Marseille-Port,E07,Bordeaux-Centre,P008,Smartphone,Électronique,2025-12-16,2025-12-21,5,1275,16258.1,Geodis,3065.63,En transit,Aucun
LIV00660,Fournisseur → Entrepôt,E08,Nantes-Atlantique,E05,Toulouse-Ouest,P010,Casque audio,Électronique,2025-12-27,2026-01-01,5,1228,14939.9,DHL Supply Chain,1431.73,Livré,Aucun
LIV00661,Entrepôt → Magasin,E06,Nice-Est,E08,Nantes-Atlantique,P002,Riz 1kg,Alimentaire,2025-02-17,2025-02-18,1,538,1446.4,DB Schenker,256.76,Livré,Aucun
LIV00662,Fournisseur → Entrepôt,E07,Bordeaux-Centre,E04,Lille-Nord,P004,Shampoing,Droguerie,2025-02-08,2025-02-10,2,918,1278.8,FM Logistic,574.79,En transit,Aucun
LIV00663,Entrepôt → Magasin,E07,Bordeaux-Centre,E04,Lille-Nord,P010,Casque audio,Électronique,2025-06-14,2025-06-17,3,660,6549.5,Geodis,1385.05,En transit,Aucun
LIV00664,Entrepôt → Magasin,E02,Lyon-Sud,E05,Toulouse-Ouest,P007,Jeans,Textile,2025-02-15,2025-02-19,4,69,413.2,DHL Supply Chain,311.18,Livré,Aucun
LIV00665,Inter-entrepôts,E04,Lille-Nord,E08,Nantes-Atlantique,P002,Riz 1kg,Alimentaire,2025-12-07,2025-12-12,5,1303,16255.3,DHL Supply Chain,1260.35,Retardé,Erreur quantité
LIV00666,Magasin → Magasin,E06,Nice-Est,E08,Nantes-Atlantique,P007,Jeans,Textile,2025-05-13,2025-05-14,1,72,89.0,DB Schenker,249.52,Livré,Aucun
LIV00667,Fournisseur → Entrepôt,E03,Marseille-Port,E08,Nantes-Atlantique,P007,Jeans,Textile,2025-01-30,2025-02-03,4,1142,14106.7,XPO Logistics,1351.96,Livré,Retard transporteur
LIV00668,Fournisseur → Entrepôt,E03,Marseille-Port,E04,Lille-Nord,P002,Riz 1kg,Alimentaire,2025-03-04,2025-03-07,3,978,4852.3,FM Logistic,745.34,Livré,Aucun
LIV00669,Inter-entrepôts,E03,Marseille-Port,E02,Lyon-Sud,P001,Lait demi-écrémé,Alimentaire,2025-11-26,2025-11-30,4,611,1317.7,Geodis,159.84,Retardé,Aucun
LIV00670,Inter-entrepôts,E06,Nice-Est,E01,Paris-Rungis,P006,T-shirt homme,Textile,2025-11-11,2025-11-13,2,497,2188.0,DHL Supply Chain,634.25,Livré,Retard transporteur
LIV00671,Fournisseur → Entrepôt,E07,Bordeaux-Centre,E03,Marseille-Port,P006,T-shirt homme,Textile,2025-04-07,2025-04-09,2,211,2999.3,Geodis,831.46,En transit,Aucun
LIV00672,Fournisseur → Entrepôt,E05,Toulouse-Ouest,E01,Paris-Rungis,P002,Riz 1kg,Alimentaire,2025-12-20,2025-12-22,2,984,14476.5,DHL Supply Chain,4160.06,Livré,Aucun
LIV00673,Inter-entrepôts,E02,Lyon-Sud,E08,Nantes-Atlantique,P001,Lait demi-écrémé,Alimentaire,2025-09-12,2025-09-17,5,1235,15762.4,DB Schenker,1138.35,Livré,Retard transporteur
LIV00674,Magasin → Magasin,E07,Bordeaux-Centre,E01,Paris-Rungis,P002,Riz 1kg,Alimentaire,2025-10-13,2025-10-18,5,475,7012.8,DB Schenker,1055.4,Livré,Retard transporteur
LIV00675,Fournisseur → Entrepôt,E08,Nantes-Atlantique,E03,Marseille-Port,P008,Smartphone,Électronique,2025-05-04,2025-05-06,2,557,5916.1,XPO Logistics,1058.3,Livré,Aucun
LIV00676,Magasin → Magasin,E08,Nantes-Atlantique,E01,Paris-Rungis,P002,Riz 1kg,Alimentaire,2025-12-07,2025-12-11,4,1038,12087.5,DHL Supply Chain,1364.29,En transit,Aucun
LIV00677,Fournisseur → Entrepôt,E01,Paris-Rungis,E04,Lille-Nord,P001,Lait demi-écrémé,Alimentaire,2025-10-16,2025-10-18,2,980,561.1,FM Logistic,234.87,Livré,Aucun
LIV00678,Magasin → Magasin,E05,Toulouse-Ouest,E07,Bordeaux-Centre,P001,Lait demi-écrémé,Alimentaire,2025-11-14,2025-11-17,3,356,3061.8,DB Schenker,650.77,Retardé,Aucun
LIV00679,Magasin → Magasin,E03,Marseille-Port,E06,Nice-Est,P002,Riz 1kg,Alimentaire,2025-09-29,2025-10-02,3,925,10202.6,FM Logistic,1682.67,Livré,Aucun
LIV00680,Inter-entrepôts,E05,Toulouse-Ouest,E01,Paris-Rungis,P007,Jeans,Textile,2025-11-22,2025-11-23,1,195,1769.3,DHL Supply Chain,528.48,Livré,Aucun
LIV00681,Inter-entrepôts,E08,Nantes-Atlantique,E05,Toulouse-Ouest,P010,Casque audio,Électronique,2025-01-14,2025-01-19,5,1101,16464.7,Geodis,3953.79,Livré,Aucun
LIV00682,Inter-entrepôts,E02,Lyon-Sud,E05,Toulouse-Ouest,P010,Casque audio,Électronique,2025-06-20,2025-06-25,5,295,3896.8,Geodis,596.03,Livré,Aucun
LIV00683,Inter-entrepôts,E06,Nice-Est,E04,Lille-Nord,P008,Smartphone,Électronique,2025-09-13,2025-09-15,2,719,240.1,DHL Supply Chain,311.74,Livré,Aucun
LIV00684,Entrepôt → Magasin,E07,Bordeaux-Centre,E02,Lyon-Sud,P008,Smartphone,Électronique,2025-12-25,2025-12-26,1,544,898.3,XPO Logistics,201.25,Livré,Aucun
LIV00685,Inter-entrepôts,E06,Nice-Est,E07,Bordeaux-Centre,P008,Smartphone,Électronique,2025-04-30,2025-05-04,4,530,1560.6,FM Logistic,603.11,Livré,Aucun
LIV00686,Fournisseur → Entrepôt,E03,Marseille-Port,E01,Paris-Rungis,P008,Smartphone,Électronique,2025-11-01,2025-11-03,2,995,4114.6,DB Schenker,762.98,Livré,Aucun
LIV00687,Inter-entrepôts,E06,Nice-Est,E01,Paris-Rungis,P006,T-shirt homme,Textile,2025-10-18,2025-10-20,2,1368,19700.6,Geodis,5000.13,En transit,Aucun
LIV00688,Fournisseur → Entrepôt,E06,Nice-Est,E07,Bordeaux-Centre,P009,TV 4K,Électronique,2025-09-09,2025-09-13,4,1254,15136.6,DHL Supply Chain,3534.88,Livré,Aucun
LIV00689,Inter-entrepôts,E08,Nantes-Atlantique,E05,Toulouse-Ouest,P006,T-shirt homme,Textile,2025-08-21,2025-08-23,2,465,3697.9,XPO Logistics,919.96,Livré,Casse
LIV00690,Inter-entrepôts,E02,Lyon-Sud,E03,Marseille-Port,P006,T-shirt homme,Textile,2025-02-23,2025-02-24,1,1361,18177.2,DB Schenker,1457.46,Livré,Aucun
LIV00691,Inter-entrepôts,E06,Nice-Est,E08,Nantes-Atlantique,P001,Lait demi-écrémé,Alimentaire,2025-04-02,2025-04-05,3,839,12268.6,Geodis,1650.24,En transit,Aucun
LIV00692,Inter-entrepôts,E04,Lille-Nord,E02,Lyon-Sud,P003,Pâtes 500g,Alimentaire,2025-04-03,2025-04-05,2,358,4877.2,DHL Supply Chain,1170.22,Livré,Aucun
LIV00693,Entrepôt → Magasin,E05,Toulouse-Ouest,E02,Lyon-Sud,P010,Casque audio,Électronique,2025-02-23,2025-02-25,2,993,472.2,XPO Logistics,224.11,En transit,Erreur quantité
LIV00694,Magasin → Magasin,E03,Marseille-Port,E01,Paris-Rungis,P004,Shampoing,Droguerie,2025-02-27,2025-03-03,4,1144,3467.8,FM Logistic,562.7,Livré,Erreur quantité
LIV00695,Inter-entrepôts,E08,Nantes-Atlantique,E01,Paris-Rungis,P006,T-shirt homme,Textile,2025-02-24,2025-03-01,5,484,675.3,FM Logistic,295.46,Livré,Aucun
LIV00696,Inter-entrepôts,E01,Paris-Rungis,E03,Marseille-Port,P008,Smartphone,Électronique,2025-11-23,2025-11-26,3,1341,9030.0,XPO Logistics,2230.85,Livré,Aucun
LIV00697,Magasin → Magasin,E01,Paris-Rungis,E07,Bordeaux-Centre,P005,Lessive,Droguerie,2025-10-22,2025-10-25,3,820,2283.7,Geodis,723.37,Livré,Retard transporteur
LIV00698,Entrepôt → Magasin,E06,Nice-Est,E02,Lyon-Sud,P006,T-shirt homme,Textile,2025-06-14,2025-06-19,5,1072,2372.8,FM Logistic,355.88,Livré,Aucun
LIV00699,Entrepôt → Magasin,E03,Marseille-Port,E06,Nice-Est,P004,Shampoing,Droguerie,2025-09-22,2025-09-25,3,128,1554.9,FM Logistic,408.4,Livré,Aucun
LIV00700,Inter-entrepôts,E06,Nice-Est,E05,Toulouse-Ouest,P008,Smartphone,Électronique,2025-07-01,2025-07-03,2,961,1279.3,XPO Logistics,425.19,Livré,Retard transporteur
LIV00701,Inter-entrepôts,E01,Paris-Rungis,E05,Toulouse-Ouest,P001,Lait demi-écrémé,Alimentaire,2025-07-15,2025-07-19,4,862,8888.6,XPO Logistics,1752.04,Livré,Aucun
LIV00702,Entrepôt → Magasin,E02,Lyon-Sud,E06,Nice-Est,P002,Riz 1kg,Alimentaire,2025-08-09,2025-08-10,1,223,3309.6,DHL Supply Chain,788.12,Livré,Aucun
LIV00703,Inter-entrepôts,E02,Lyon-Sud,E08,Nantes-Atlantique,P004,Shampoing,Droguerie,2025-05-11,2025-05-12,1,481,3592.4,DHL Supply Chain,1032.06,Livré,Casse
LIV00704,Inter-entrepôts,E01,Paris-Rungis,E05,Toulouse-Ouest,P002,Riz 1kg,Alimentaire,2025-10-03,2025-10-08,5,290,3834.7,Geodis,1172.56,Retardé,Aucun
LIV00705,Magasin → Magasin,E03,Marseille-Port,E08,Nantes-Atlantique,P002,Riz 1kg,Alimentaire,2025-07-20,2025-07-22,2,563,3882.9,DHL Supply Chain,948.38,Livré,Aucun
LIV00706,Inter-entrepôts,E03,Marseille-Port,E04,Lille-Nord,P006,T-shirt homme,Textile,2025-02-01,2025-02-05,4,682,8570.6,DHL Supply Chain,1863.17,Livré,Retard transporteur
LIV00707,Magasin → Magasin,E02,Lyon-Sud,E03,Marseille-Port,P001,Lait demi-écrémé,Alimentaire,2025-08-19,2025-08-21,2,80,754.8,XPO Logistics,380.87,Retardé,Aucun
LIV00708,Fournisseur → Entrepôt,E06,Nice-Est,E01,Paris-Rungis,P009,TV 4K,Électronique,2025-02-20,2025-02-25,5,1247,14187.0,DB Schenker,3772.42,Livré,Retard transporteur
LIV00709,Fournisseur → Entrepôt,E06,Nice-Est,E04,Lille-Nord,P006,T-shirt homme,Textile,2025-12-27,2025-12-31,4,1437,15625.0,XPO Logistics,4083.4,Livré,Aucun
LIV00710,Entrepôt → Magasin,E06,Nice-Est,E03,Marseille-Port,P001,Lait demi-écrémé,Alimentaire,2025-11-22,2025-11-25,3,183,2674.4,DB Schenker,1030.46,Livré,Aucun
LIV00711,Entrepôt → Magasin,E03,Marseille-Port,E01,Paris-Rungis,P002,Riz 1kg,Alimentaire,2025-07-21,2025-07-25,4,657,6005.5,XPO Logistics,1306.91,Retardé,Aucun
LIV00712,Fournisseur → Entrepôt,E02,Lyon-Sud,E04,Lille-Nord,P001,Lait demi-écrémé,Alimentaire,2025-06-28,2025-07-03,5,116,695.7,DB Schenker,310.78,En transit,Aucun
LIV00713,Magasin → Magasin,E06,Nice-Est,E03,Marseille-Port,P009,TV 4K,Électronique,2025-05-12,2025-05-13,1,110,54.9,DB Schenker,74.31,Livré,Aucun
LIV00714,Fournisseur → Entrepôt,E08,Nantes-Atlantique,E04,Lille-Nord,P009,TV 4K,Électronique,2025-04-19,2025-04-22,3,1106,13496.5,FM Logistic,1999.49,Livré,Erreur quantité
LIV00715,Inter-entrepôts,E05,Toulouse-Ouest,E04,Lille-Nord,P007,Jeans,Textile,2025-03-10,2025-03-13,3,918,5970.8,DB Schenker,520.77,Livré,Aucun
LIV00716,Entrepôt → Magasin,E02,Lyon-Sud,E06,Nice-Est,P002,Riz 1kg,Alimentaire,2025-03-29,2025-03-30,1,796,4368.2,FM Logistic,1105.6,Livré,Aucun
LIV00717,Fournisseur → Entrepôt,E01,Paris-Rungis,E04,Lille-Nord,P004,Shampoing,Droguerie,2025-02-25,2025-02-28,3,54,364.8,DHL Supply Chain,357.26,En transit,Aucun
LIV00718,Fournisseur → Entrepôt,E08,Nantes-Atlantique,E07,Bordeaux-Centre,P008,Smartphone,Électronique,2025-12-05,2025-12-09,4,396,4883.8,XPO Logistics,1336.81,Livré,Erreur quantité
LIV00719,Inter-entrepôts,E04,Lille-Nord,E01,Paris-Rungis,P010,Casque audio,Électronique,2025-08-23,2025-08-27,4,976,1123.7,DB Schenker,448.79,Livré,Aucun
LIV00720,Fournisseur → Entrepôt,E07,Bordeaux-Centre,E05,Toulouse-Ouest,P007,Jeans,Textile,2025-05-25,2025-05-28,3,1328,10258.3,FM Logistic,2922.61,Livré,Aucun
LIV00721,Inter-entrepôts,E03,Marseille-Port,E06,Nice-Est,P002,Riz 1kg,Alimentaire,2025-02-15,2025-02-17,2,919,8823.2,FM Logistic,1277.29,Livré,Aucun
LIV00722,Inter-entrepôts,E08,Nantes-Atlantique,E06,Nice-Est,P006,T-shirt homme,Textile,2025-10-22,2025-10-23,1,1479,19123.7,DB Schenker,5457.71,Livré,Casse
LIV00723,Entrepôt → Magasin,E01,Paris-Rungis,E06,Nice-Est,P005,Lessive,Droguerie,2025-07-16,2025-07-19,3,1124,4551.6,DB Schenker,959.12,En transit,Aucun
LIV00724,Magasin → Magasin,E01,Paris-Rungis,E07,Bordeaux-Centre,P008,Smartphone,Électronique,2025-05-05,2025-05-09,4,823,8305.2,DHL Supply Chain,1983.14,En transit,Retard transporteur
LIV00725,Inter-entrepôts,E08,Nantes-Atlantique,E05,Toulouse-Ouest,P001,Lait demi-écrémé,Alimentaire,2025-06-14,2025-06-16,2,571,7360.2,DHL Supply Chain,1203.88,En transit,Aucun
LIV00726,Inter-entrepôts,E08,Nantes-Atlantique,E03,Marseille-Port,P008,Smartphone,Électronique,2025-08-11,2025-08-15,4,895,5861.4,Geodis,1924.12,Livré,Aucun
LIV00727,Inter-entrepôts,E06,Nice-Est,E02,Lyon-Sud,P007,Jeans,Textile,2025-05-10,2025-05-12,2,711,6242.5,DHL Supply Chain,1427.06,Livré,Retard transporteur
LIV00728,Entrepôt → Magasin,E06,Nice-Est,E04,Lille-Nord,P008,Smartphone,Électronique,2025-06-13,2025-06-18,5,249,170.4,FM Logistic,237.64,Livré,Aucun
LIV00729,Magasin → Magasin,E08,Nantes-Atlantique,E01,Paris-Rungis,P005,Lessive,Droguerie,2025-05-23,2025-05-27,4,987,14311.3,DHL Supply Chain,4293.95,Livré,Aucun
LIV00730,Magasin → Magasin,E01,Paris-Rungis,E03,Marseille-Port,P006,T-shirt homme,Textile,2025-01-10,2025-01-11,1,747,4270.9,FM Logistic,719.17,Livré,Retard transporteur
LIV00731,Fournisseur → Entrepôt,E08,Nantes-Atlantique,E07,Bordeaux-Centre,P006,T-shirt homme,Textile,2025-03-09,2025-03-12,3,807,12026.2,FM Logistic,1366.72,Retardé,Casse
LIV00732,Fournisseur → Entrepôt,E06,Nice-Est,E03,Marseille-Port,P006,T-shirt homme,Textile,2025-12-30,2026-01-03,4,809,11448.0,DB Schenker,3479.6,Livré,Retard transporteur
LIV00733,Inter-entrepôts,E01,Paris-Rungis,E07,Bordeaux-Centre,P006,T-shirt homme,Textile,2025-01-14,2025-01-19,5,709,10134.9,DHL Supply Chain,2705.39,Livré,Casse
LIV00734,Inter-entrepôts,E03,Marseille-Port,E05,Toulouse-Ouest,P007,Jeans,Textile,2025-10-20,2025-10-23,3,1386,10755.9,DB Schenker,2098.75,Livré,Aucun
LIV00735,Inter-entrepôts,E07,Bordeaux-Centre,E08,Nantes-Atlantique,P007,Jeans,Textile,2025-01-12,2025-01-14,2,849,11800.5,DHL Supply Chain,3167.52,En transit,Aucun
LIV00736,Magasin → Magasin,E05,Toulouse-Ouest,E03,Marseille-Port,P009,TV 4K,Électronique,2025-03-30,2025-04-04,5,594,1894.4,Geodis,329.54,Livré,Retard transporteur
LIV00737,Magasin → Magasin,E06,Nice-Est,E02,Lyon-Sud,P008,Smartphone,Électronique,2025-09-11,2025-09-15,4,1404,11267.0,Geodis,1129.22,Livré,Aucun
LIV00738,Entrepôt → Magasin,E07,Bordeaux-Centre,E02,Lyon-Sud,P007,Jeans,Textile,2025-10-25,2025-10-28,3,54,694.5,Geodis,404.64,Livré,Aucun
LIV00739,Entrepôt → Magasin,E07,Bordeaux-Centre,E05,Toulouse-Ouest,P002,Riz 1kg,Alimentaire,2025-06-28,2025-07-02,4,1265,9239.0,Geodis,811.33,Livré,Aucun
LIV00740,Entrepôt → Magasin,E02,Lyon-Sud,E03,Marseille-Port,P004,Shampoing,Droguerie,2025-06-07,2025-06-12,5,47,111.8,DHL Supply Chain,202.14,Livré,Retard transporteur
LIV00741,Inter-entrepôts,E05,Toulouse-Ouest,E06,Nice-Est,P005,Lessive,Droguerie,2025-02-20,2025-02-25,5,17,27.7,Geodis,198.32,Livré,Aucun
LIV00742,Entrepôt → Magasin,E03,Marseille-Port,E06,Nice-Est,P005,Lessive,Droguerie,2025-08-04,2025-08-07,3,90,354.1,Geodis,291.03,Livré,Erreur quantité
LIV00743,Fournisseur → Entrepôt,E07,Bordeaux-Centre,E03,Marseille-Port,P010,Casque audio,Électronique,2025-06-28,2025-06-29,1,178,1763.4,Geodis,197.43,Livré,Retard transporteur
LIV00744,Fournisseur → Entrepôt,E07,Bordeaux-Centre,E04,Lille-Nord,P007,Jeans,Textile,2025-11-27,2025-12-02,5,529,1357.7,XPO Logistics,544.5,En transit,Aucun
LIV00745,Magasin → Magasin,E06,Nice-Est,E08,Nantes-Atlantique,P005,Lessive,Droguerie,2025-03-23,2025-03-28,5,1035,4873.5,DB Schenker,768.81,Livré,Aucun
LIV00746,Entrepôt → Magasin,E04,Lille-Nord,E01,Paris-Rungis,P003,Pâtes 500g,Alimentaire,2025-08-18,2025-08-22,4,289,2991.6,XPO Logistics,372.39,Livré,Aucun
LIV00747,Fournisseur → Entrepôt,E01,Paris-Rungis,E08,Nantes-Atlantique,P006,T-shirt homme,Textile,2025-06-30,2025-07-02,2,333,2178.0,DB Schenker,531.49,En transit,Aucun
LIV00748,Inter-entrepôts,E08,Nantes-Atlantique,E02,Lyon-Sud,P007,Jeans,Textile,2025-10-13,2025-10-17,4,1458,10884.0,DB Schenker,3185.88,En transit,Aucun
LIV00749,Entrepôt → Magasin,E03,Marseille-Port,E08,Nantes-Atlantique,P009,TV 4K,Électronique,2025-08-12,2025-08-16,4,349,2702.8,Geodis,634.03,Livré,Casse
LIV00750,Entrepôt → Magasin,E05,Toulouse-Ouest,E01,Paris-Rungis,P008,Smartphone,Électronique,2025-07-14,2025-07-16,2,1232,7200.0,DB Schenker,1725.37,Livré,Retard transporteur
LIV00751,Entrepôt → Magasin,E06,Nice-Est,E04,Lille-Nord,P004,Shampoing,Droguerie,2025-02-08,2025-02-13,5,112,265.3,Geodis,148.18,Livré,Aucun
LIV00752,Entrepôt → Magasin,E03,Marseille-Port,E06,Nice-Est,P005,Lessive,Droguerie,2025-05-08,2025-05-10,2,944,1063.5,DB Schenker,454.93,Livré,Casse
LIV00753,Magasin → Magasin,E04,Lille-Nord,E08,Nantes-Atlantique,P006,T-shirt homme,Textile,2025-06-12,2025-06-13,1,171,1515.4,Geodis,491.62,Livré,Aucun
LIV00754,Fournisseur → Entrepôt,E05,Toulouse-Ouest,E03,Marseille-Port,P007,Jeans,Textile,2025-08-15,2025-08-17,2,197,2412.3,DHL Supply Chain,631.97,Livré,Aucun
LIV00755,Fournisseur → Entrepôt,E04,Lille-Nord,E01,Paris-Rungis,P008,Smartphone,Électronique,2025-07-04,2025-07-08,4,66,797.8,DHL Supply Chain,290.83,Retardé,Aucun
LIV00756,Inter-entrepôts,E08,Nantes-Atlantique,E02,Lyon-Sud,P004,Shampoing,Droguerie,2025-11-01,2025-11-05,4,1307,13052.7,DB Schenker,1196.28,Livré,Aucun
LIV00757,Inter-entrepôts,E07,Bordeaux-Centre,E02,Lyon-Sud,P002,Riz 1kg,Alimentaire,2025-10-10,2025-10-15,5,333,4600.2,Geodis,644.7,En transit,Aucun
LIV00758,Magasin → Magasin,E02,Lyon-Sud,E03,Marseille-Port,P009,TV 4K,Électronique,2025-07-15,2025-07-18,3,562,7161.7,DB Schenker,1702.45,Livré,Casse
LIV00759,Entrepôt → Magasin,E05,Toulouse-Ouest,E02,Lyon-Sud,P006,T-shirt homme,Textile,2025-10-05,2025-10-06,1,576,7189.3,Geodis,766.98,Livré,Aucun
LIV00760,Fournisseur → Entrepôt,E06,Nice-Est,E01,Paris-Rungis,P002,Riz 1kg,Alimentaire,2025-06-11,2025-06-13,2,153,1637.7,DHL Supply Chain,448.14,Retardé,Retard transporteur
LIV00761,Entrepôt → Magasin,E03,Marseille-Port,E05,Toulouse-Ouest,P007,Jeans,Textile,2025-11-04,2025-11-06,2,1449,18804.2,DHL Supply Chain,4980.79,Livré,Aucun
LIV00762,Magasin → Magasin,E01,Paris-Rungis,E08,Nantes-Atlantique,P006,T-shirt homme,Textile,2025-05-12,2025-05-17,5,690,4021.0,DB Schenker,657.02,En transit,Aucun
LIV00763,Magasin → Magasin,E05,Toulouse-Ouest,E08,Nantes-Atlantique,P001,Lait demi-écrémé,Alimentaire,2025-07-18,2025-07-23,5,549,5514.7,DHL Supply Chain,1383.88,Livré,Aucun
LIV00764,Fournisseur → Entrepôt,E05,Toulouse-Ouest,E01,Paris-Rungis,P009,TV 4K,Électronique,2025-03-23,2025-03-27,4,1031,1966.9,Geodis,345.73,En transit,Aucun
LIV00765,Fournisseur → Entrepôt,E01,Paris-Rungis,E02,Lyon-Sud,P010,Casque audio,Électronique,2025-09-13,2025-09-16,3,735,10057.9,DB Schenker,701.2,Livré,Aucun
LIV00766,Entrepôt → Magasin,E05,Toulouse-Ouest,E03,Marseille-Port,P005,Lessive,Droguerie,2025-02-16,2025-02-19,3,581,6550.8,DHL Supply Chain,1630.77,En transit,Aucun
LIV00767,Entrepôt → Magasin,E01,Paris-Rungis,E07,Bordeaux-Centre,P006,T-shirt homme,Textile,2025-01-23,2025-01-24,1,682,8416.8,XPO Logistics,1116.46,Livré,Erreur quantité
LIV00768,Magasin → Magasin,E05,Toulouse-Ouest,E06,Nice-Est,P008,Smartphone,Électronique,2025-01-23,2025-01-26,3,302,1221.7,Geodis,377.47,Livré,Aucun
LIV00769,Magasin → Magasin,E07,Bordeaux-Centre,E06,Nice-Est,P009,TV 4K,Électronique,2025-02-10,2025-02-14,4,1348,614.6,FM Logistic,166.12,Livré,Aucun
LIV00770,Magasin → Magasin,E03,Marseille-Port,E07,Bordeaux-Centre,P004,Shampoing,Droguerie,2025-11-02,2025-11-06,4,811,5144.5,Geodis,453.82,Livré,Retard transporteur
LIV00771,Fournisseur → Entrepôt,E01,Paris-Rungis,E02,Lyon-Sud,P008,Smartphone,Électronique,2025-08-10,2025-08-11,1,174,1811.5,FM Logistic,621.86,Retardé,Aucun
LIV00772,Entrepôt → Magasin,E01,Paris-Rungis,E05,Toulouse-Ouest,P008,Smartphone,Électronique,2025-10-11,2025-10-14,3,376,2914.6,DHL Supply Chain,996.02,Livré,Aucun
LIV00773,Magasin → Magasin,E08,Nantes-Atlantique,E07,Bordeaux-Centre,P001,Lait demi-écrémé,Alimentaire,2025-08-10,2025-08-14,4,1009,2249.1,XPO Logistics,395.91,En transit,Aucun
LIV00774,Fournisseur → Entrepôt,E02,Lyon-Sud,E04,Lille-Nord,P004,Shampoing,Droguerie,2025-01-06,2025-01-11,5,319,615.0,FM Logistic,343.12,Livré,Aucun
LIV00775,Inter-entrepôts,E04,Lille-Nord,E05,Toulouse-Ouest,P008,Smartphone,Électronique,2025-05-24,2025-05-25,1,1082,11106.4,DB Schenker,1060.99,Livré,Aucun
LIV00776,Fournisseur → Entrepôt,E08,Nantes-Atlantique,E06,Nice-Est,P007,Jeans,Textile,2025-10-30,2025-11-04,5,1114,813.3,XPO Logistics,320.08,Livré,Aucun
LIV00777,Entrepôt → Magasin,E04,Lille-Nord,E05,Toulouse-Ouest,P002,Riz 1kg,Alimentaire,2025-01-08,2025-01-13,5,1115,962.3,DHL Supply Chain,390.11,Livré,Aucun
LIV00778,Inter-entrepôts,E01,Paris-Rungis,E07,Bordeaux-Centre,P007,Jeans,Textile,2025-05-04,2025-05-08,4,137,497.2,Geodis,205.32,Livré,Retard transporteur
LIV00779,Fournisseur → Entrepôt,E02,Lyon-Sud,E05,Toulouse-Ouest,P008,Smartphone,Électronique,2025-07-13,2025-07-14,1,902,9622.2,FM Logistic,1039.1,En transit,Erreur quantité
LIV00780,Magasin → Magasin,E04,Lille-Nord,E05,Toulouse-Ouest,P001,Lait demi-écrémé,Alimentaire,2025-03-09,2025-03-12,3,508,7476.8,FM Logistic,1248.17,Retardé,Retard transporteur
LIV00781,Inter-entrepôts,E03,Marseille-Port,E04,Lille-Nord,P005,Lessive,Droguerie,2025-07-04,2025-07-05,1,1135,16927.7,FM Logistic,4859.93,Livré,Aucun
LIV00782,Magasin → Magasin,E04,Lille-Nord,E08,Nantes-Atlantique,P009,TV 4K,Électronique,2025-09-12,2025-09-13,1,1107,15218.0,Geodis,3302.44,Livré,Aucun
LIV00783,Entrepôt → Magasin,E07,Bordeaux-Centre,E04,Lille-Nord,P006,T-shirt homme,Textile,2025-10-04,2025-10-07,3,1065,4815.7,FM Logistic,1687.3,En transit,Aucun
LIV00784,Inter-entrepôts,E01,Paris-Rungis,E08,Nantes-Atlantique,P001,Lait demi-écrémé,Alimentaire,2025-05-22,2025-05-26,4,136,490.9,FM Logistic,383.32,Livré,Aucun
LIV00785,Magasin → Magasin,E01,Paris-Rungis,E05,Toulouse-Ouest,P005,Lessive,Droguerie,2025-10-17,2025-10-19,2,973,5626.4,Geodis,1523.26,Livré,Aucun
LIV00786,Fournisseur → Entrepôt,E04,Lille-Nord,E01,Paris-Rungis,P005,Lessive,Droguerie,2025-08-29,2025-08-30,1,269,2012.7,DB Schenker,423.1,En transit,Aucun
LIV00787,Entrepôt → Magasin,E04,Lille-Nord,E01,Paris-Rungis,P001,Lait demi-écrémé,Alimentaire,2025-06-14,2025-06-15,1,252,3391.1,DHL Supply Chain,919.67,Retardé,Aucun
LIV00788,Inter-entrepôts,E01,Paris-Rungis,E06,Nice-Est,P005,Lessive,Droguerie,2025-04-03,2025-04-07,4,639,420.5,XPO Logistics,128.99,Livré,Aucun
LIV00789,Fournisseur → Entrepôt,E06,Nice-Est,E02,Lyon-Sud,P003,Pâtes 500g,Alimentaire,2025-01-07,2025-01-10,3,1430,3372.7,Geodis,689.02,En transit,Retard transporteur
LIV00790,Inter-entrepôts,E06,Nice-Est,E02,Lyon-Sud,P005,Lessive,Droguerie,2025-08-28,2025-08-29,1,198,2390.7,Geodis,618.46,En transit,Aucun
LIV00791,Fournisseur → Entrepôt,E02,Lyon-Sud,E03,Marseille-Port,P010,Casque audio,Électronique,2025-12-21,2025-12-22,1,1096,10561.1,Geodis,815.98,Livré,Retard transporteur
LIV00792,Inter-entrepôts,E01,Paris-Rungis,E07,Bordeaux-Centre,P001,Lait demi-écrémé,Alimentaire,2025-09-10,2025-09-13,3,1304,18122.9,FM Logistic,5568.83,Livré,Aucun
LIV00793,Inter-entrepôts,E04,Lille-Nord,E08,Nantes-Atlantique,P003,Pâtes 500g,Alimentaire,2025-08-31,2025-09-04,4,1443,13689.8,DB Schenker,3515.39,Livré,Casse
LIV00794,Magasin → Magasin,E04,Lille-Nord,E06,Nice-Est,P008,Smartphone,Électronique,2025-11-10,2025-11-12,2,96,829.4,DHL Supply Chain,215.16,En transit,Aucun
LIV00795,Entrepôt → Magasin,E06,Nice-Est,E04,Lille-Nord,P004,Shampoing,Droguerie,2025-07-30,2025-07-31,1,908,1352.9,FM Logistic,422.93,Livré,Aucun
LIV00796,Fournisseur → Entrepôt,E02,Lyon-Sud,E03,Marseille-Port,P006,T-shirt homme,Textile,2025-10-02,2025-10-03,1,1172,4173.3,XPO Logistics,852.21,En transit,Aucun
LIV00797,Magasin → Magasin,E06,Nice-Est,E07,Bordeaux-Centre,P004,Shampoing,Droguerie,2025-02-13,2025-02-16,3,655,6868.9,Geodis,1615.27,Livré,Aucun
LIV00798,Fournisseur → Entrepôt,E01,Paris-Rungis,E08,Nantes-Atlantique,P009,TV 4K,Électronique,2025-10-26,2025-10-29,3,232,3194.0,FM Logistic,572.48,Livré,Erreur quantité
LIV00799,Magasin → Magasin,E08,Nantes-Atlantique,E04,Lille-Nord,P004,Shampoing,Droguerie,2025-05-03,2025-05-04,1,273,878.4,FM Logistic,358.28,Livré,Retard transporteur
LIV00800,Inter-entrepôts,E02,Lyon-Sud,E07,Bordeaux-Centre,P010,Casque audio,Électronique,2025-07-17,2025-07-18,1,307,1556.1,Geodis,543.76,Livré,Aucun
LIV00801,Entrepôt → Magasin,E05,Toulouse-Ouest,E02,Lyon-Sud,P009,TV 4K,Électronique,2025-08-11,2025-08-15,4,888,6990.3,XPO Logistics,1419.11,Livré,Aucun
LIV00802,Magasin → Magasin,E06,Nice-Est,E04,Lille-Nord,P009,TV 4K,Électronique,2025-11-07,2025-11-11,4,883,2893.9,FM Logistic,648.17,Retardé,Aucun
LIV00803,Entrepôt → Magasin,E03,Marseille-Port,E02,Lyon-Sud,P004,Shampoing,Droguerie,2025-01-23,2025-01-28,5,952,699.0,DHL Supply Chain,439.61,Livré,Aucun
LIV00804,Entrepôt → Magasin,E08,Nantes-Atlantique,E03,Marseille-Port,P002,Riz 1kg,Alimentaire,2025-09-26,2025-09-30,4,293,537.2,DHL Supply Chain,317.59,En transit,Aucun
LIV00805,Inter-entrepôts,E07,Bordeaux-Centre,E04,Lille-Nord,P009,TV 4K,Électronique,2025-12-18,2025-12-20,2,1045,10281.8,Geodis,844.84,Retardé,Aucun
LIV00806,Magasin → Magasin,E07,Bordeaux-Centre,E08,Nantes-Atlantique,P009,TV 4K,Électronique,2025-12-15,2025-12-20,5,139,1830.1,DB Schenker,361.54,Livré,Retard transporteur
LIV00807,Inter-entrepôts,E05,Toulouse-Ouest,E04,Lille-Nord,P006,T-shirt homme,Textile,2025-09-15,2025-09-16,1,874,7276.2,Geodis,662.78,Livré,Aucun
LIV00808,Magasin → Magasin,E08,Nantes-Atlantique,E01,Paris-Rungis,P004,Shampoing,Droguerie,2025-03-05,2025-03-06,1,1151,1399.2,DB Schenker,333.85,Livré,Aucun
LIV00809,Fournisseur → Entrepôt,E05,Toulouse-Ouest,E06,Nice-Est,P008,Smartphone,Électronique,2025-10-10,2025-10-15,5,101,1432.0,DB Schenker,475.34,Retardé,Aucun
LIV00810,Magasin → Magasin,E06,Nice-Est,E05,Toulouse-Ouest,P007,Jeans,Textile,2025-12-21,2025-12-25,4,1309,3000.0,Geodis,269.9,Livré,Erreur quantité
LIV00811,Magasin → Magasin,E07,Bordeaux-Centre,E06,Nice-Est,P007,Jeans,Textile,2025-06-02,2025-06-03,1,665,9211.5,Geodis,2050.24,Livré,Aucun
LIV00812,Magasin → Magasin,E01,Paris-Rungis,E08,Nantes-Atlantique,P004,Shampoing,Droguerie,2025-08-16,2025-08-21,5,364,5044.5,Geodis,1196.0,Retardé,Aucun
LIV00813,Inter-entrepôts,E07,Bordeaux-Centre,E06,Nice-Est,P009,TV 4K,Électronique,2025-09-28,2025-10-02,4,57,257.9,Geodis,204.03,Retardé,Aucun
LIV00814,Inter-entrepôts,E08,Nantes-Atlantique,E02,Lyon-Sud,P002,Riz 1kg,Alimentaire,2025-05-26,2025-05-28,2,254,3215.3,FM Logistic,845.17,Livré,Aucun
LIV00815,Fournisseur → Entrepôt,E05,Toulouse-Ouest,E02,Lyon-Sud,P004,Shampoing,Droguerie,2025-02-26,2025-03-02,4,1125,2967.8,DHL Supply Chain,567.89,Livré,Retard transporteur
LIV00816,Magasin → Magasin,E07,Bordeaux-Centre,E02,Lyon-Sud,P001,Lait demi-écrémé,Alimentaire,2025-09-28,2025-10-01,3,38,526.2,Geodis,202.82,Retardé,Aucun
LIV00817,Entrepôt → Magasin,E06,Nice-Est,E04,Lille-Nord,P008,Smartphone,Électronique,2025-05-31,2025-06-04,4,800,1873.6,DHL Supply Chain,599.17,Livré,Aucun
LIV00818,Fournisseur → Entrepôt,E03,Marseille-Port,E04,Lille-Nord,P006,T-shirt homme,Textile,2025-12-06,2025-12-09,3,316,1316.8,FM Logistic,406.4,Livré,Aucun
LIV00819,Entrepôt → Magasin,E08,Nantes-Atlantique,E02,Lyon-Sud,P003,Pâtes 500g,Alimentaire,2025-08-04,2025-08-08,4,1271,5450.3,Geodis,919.0,Livré,Aucun
LIV00820,Inter-entrepôts,E03,Marseille-Port,E05,Toulouse-Ouest,P004,Shampoing,Droguerie,2025-10-13,2025-10-17,4,1384,11351.5,FM Logistic,1297.17,Livré,Aucun
LIV00821,Magasin → Magasin,E03,Marseille-Port,E02,Lyon-Sud,P006,T-shirt homme,Textile,2025-11-28,2025-12-01,3,876,8622.5,Geodis,2122.19,Livré,Aucun
LIV00822,Entrepôt → Magasin,E04,Lille-Nord,E03,Marseille-Port,P007,Jeans,Textile,2025-07-10,2025-07-14,4,560,5448.2,Geodis,621.45,Livré,Aucun
LIV00823,Fournisseur → Entrepôt,E03,Marseille-Port,E05,Toulouse-Ouest,P003,Pâtes 500g,Alimentaire,2025-09-04,2025-09-06,2,1293,7337.5,DHL Supply Chain,1612.55,Livré,Aucun
LIV00824,Magasin → Magasin,E05,Toulouse-Ouest,E08,Nantes-Atlantique,P007,Jeans,Textile,2025-11-22,2025-11-23,1,1209,14569.5,Geodis,1204.58,Livré,Casse
LIV00825,Entrepôt → Magasin,E01,Paris-Rungis,E06,Nice-Est,P002,Riz 1kg,Alimentaire,2025-08-09,2025-08-13,4,738,9274.9,XPO Logistics,1969.23,Livré,Aucun
LIV00826,Entrepôt → Magasin,E01,Paris-Rungis,E02,Lyon-Sud,P008,Smartphone,Électronique,2025-09-23,2025-09-26,3,829,1836.5,XPO Logistics,602.1,Livré,Aucun
LIV00827,Entrepôt → Magasin,E06,Nice-Est,E02,Lyon-Sud,P003,Pâtes 500g,Alimentaire,2025-06-24,2025-06-29,5,1178,9123.3,XPO Logistics,2714.38,En transit,Aucun
LIV00828,Inter-entrepôts,E02,Lyon-Sud,E05,Toulouse-Ouest,P007,Jeans,Textile,2025-07-11,2025-07-15,4,1176,15680.1,DHL Supply Chain,1125.59,Livré,Aucun
LIV00829,Entrepôt → Magasin,E02,Lyon-Sud,E08,Nantes-Atlantique,P008,Smartphone,Électronique,2025-02-17,2025-02-19,2,1380,18932.2,DB Schenker,1037.71,Livré,Aucun
LIV00830,Inter-entrepôts,E03,Marseille-Port,E05,Toulouse-Ouest,P007,Jeans,Textile,2025-05-12,2025-05-14,2,645,8082.6,DHL Supply Chain,1950.89,Livré,Aucun
LIV00831,Fournisseur → Entrepôt,E01,Paris-Rungis,E08,Nantes-Atlantique,P006,T-shirt homme,Textile,2025-04-09,2025-04-12,3,1032,13792.5,XPO Logistics,3122.3,Livré,Aucun
LIV00832,Fournisseur → Entrepôt,E06,Nice-Est,E02,Lyon-Sud,P009,TV 4K,Électronique,2025-10-03,2025-10-07,4,713,3978.2,XPO Logistics,1024.98,Retardé,Aucun
LIV00833,Entrepôt → Magasin,E05,Toulouse-Ouest,E07,Bordeaux-Centre,P002,Riz 1kg,Alimentaire,2025-12-11,2025-12-14,3,671,1815.5,XPO Logistics,631.4,En transit,Casse
LIV00834,Entrepôt → Magasin,E02,Lyon-Sud,E05,Toulouse-Ouest,P005,Lessive,Droguerie,2025-04-29,2025-04-30,1,1359,5324.1,DB Schenker,1635.71,Retardé,Aucun
LIV00835,Fournisseur → Entrepôt,E05,Toulouse-Ouest,E02,Lyon-Sud,P004,Shampoing,Droguerie,2025-03-16,2025-03-21,5,1448,7013.4,DB Schenker,1722.7,Retardé,Casse
LIV00836,Entrepôt → Magasin,E05,Toulouse-Ouest,E08,Nantes-Atlantique,P008,Smartphone,Électronique,2025-08-21,2025-08-23,2,546,5270.8,FM Logistic,1500.79,Retardé,Aucun
LIV00837,Inter-entrepôts,E05,Toulouse-Ouest,E01,Paris-Rungis,P010,Casque audio,Électronique,2025-01-06,2025-01-10,4,932,8881.0,DHL Supply Chain,2470.59,Livré,Aucun
LIV00838,Fournisseur → Entrepôt,E05,Toulouse-Ouest,E02,Lyon-Sud,P010,Casque audio,Électronique,2025-09-18,2025-09-20,2,1195,10370.0,XPO Logistics,898.69,Livré,Aucun
LIV00839,Magasin → Magasin,E06,Nice-Est,E05,Toulouse-Ouest,P006,T-shirt homme,Textile,2025-11-06,2025-11-10,4,113,1641.0,DB Schenker,532.57,Livré,Aucun
LIV00840,Fournisseur → Entrepôt,E08,Nantes-Atlantique,E05,Toulouse-Ouest,P010,Casque audio,Électronique,2025-10-18,2025-10-19,1,750,8681.4,DB Schenker,2469.24,Livré,Aucun
LIV00841,Magasin → Magasin,E06,Nice-Est,E01,Paris-Rungis,P003,Pâtes 500g,Alimentaire,2025-04-25,2025-04-28,3,428,5911.2,Geodis,931.48,Livré,Aucun
LIV00842,Magasin → Magasin,E04,Lille-Nord,E01,Paris-Rungis,P004,Shampoing,Droguerie,2025-10-30,2025-11-02,3,1259,12379.1,DB Schenker,1640.76,Livré,Aucun
LIV00843,Fournisseur → Entrepôt,E01,Paris-Rungis,E07,Bordeaux-Centre,P008,Smartphone,Électronique,2025-04-18,2025-04-19,1,329,2628.3,XPO Logistics,254.78,Livré,Aucun
LIV00844,Entrepôt → Magasin,E02,Lyon-Sud,E04,Lille-Nord,P005,Lessive,Droguerie,2025-05-15,2025-05-19,4,1143,8831.7,Geodis,1087.71,Retardé,Aucun
LIV00845,Fournisseur → Entrepôt,E01,Paris-Rungis,E05,Toulouse-Ouest,P001,Lait demi-écrémé,Alimentaire,2025-11-15,2025-11-18,3,1331,14516.6,DHL Supply Chain,3326.06,Livré,Aucun
LIV00846,Magasin → Magasin,E03,Marseille-Port,E04,Lille-Nord,P004,Shampoing,Droguerie,2025-03-08,2025-03-12,4,695,4836.6,DHL Supply Chain,488.09,Livré,Aucun
LIV00847,Entrepôt → Magasin,E08,Nantes-Atlantique,E05,Toulouse-Ouest,P010,Casque audio,Électronique,2025-11-25,2025-11-27,2,913,8383.8,XPO Logistics,1676.69,Livré,Aucun
LIV00848,Magasin → Magasin,E04,Lille-Nord,E05,Toulouse-Ouest,P010,Casque audio,Électronique,2025-02-25,2025-03-02,5,625,3512.9,XPO Logistics,677.34,En transit,Aucun
LIV00849,Fournisseur → Entrepôt,E08,Nantes-Atlantique,E06,Nice-Est,P010,Casque audio,Électronique,2025-03-20,2025-03-25,5,349,2155.6,DB Schenker,388.07,Livré,Retard transporteur
LIV00850,Entrepôt → Magasin,E06,Nice-Est,E05,Toulouse-Ouest,P010,Casque audio,Électronique,2025-06-10,2025-06-12,2,996,13893.4,Geodis,2495.18,En transit,Erreur quantité
LIV00851,Fournisseur → Entrepôt,E06,Nice-Est,E07,Bordeaux-Centre,P004,Shampoing,Droguerie,2025-04-09,2025-04-11,2,154,2255.7,XPO Logistics,649.47,Livré,Aucun
LIV00852,Fournisseur → Entrepôt,E08,Nantes-Atlantique,E03,Marseille-Port,P007,Jeans,Textile,2025-02-02,2025-02-07,5,876,9913.5,Geodis,2770.38,Livré,Aucun
LIV00853,Entrepôt → Magasin,E01,Paris-Rungis,E03,Marseille-Port,P008,Smartphone,Électronique,2025-09-28,2025-10-02,4,640,6428.7,DHL Supply Chain,1699.94,En transit,Aucun
LIV00854,Entrepôt → Magasin,E01,Paris-Rungis,E04,Lille-Nord,P002,Riz 1kg,Alimentaire,2025-11-22,2025-11-24,2,676,2461.6,Geodis,738.74,Livré,Aucun
LIV00855,Entrepôt → Magasin,E06,Nice-Est,E02,Lyon-Sud,P008,Smartphone,Électronique,2025-07-16,2025-07-21,5,436,1224.2,DHL Supply Chain,439.89,Retardé,Aucun
LIV00856,Fournisseur → Entrepôt,E07,Bordeaux-Centre,E08,Nantes-Atlantique,P003,Pâtes 500g,Alimentaire,2025-04-02,2025-04-06,4,1065,10907.7,XPO Logistics,1941.27,Livré,Retard transporteur
LIV00857,Fournisseur → Entrepôt,E04,Lille-Nord,E06,Nice-Est,P008,Smartphone,Électronique,2025-03-10,2025-03-11,1,920,4673.6,DB Schenker,1170.97,Livré,Aucun
LIV00858,Fournisseur → Entrepôt,E02,Lyon-Sud,E06,Nice-Est,P010,Casque audio,Électronique,2025-07-12,2025-07-15,3,656,9541.8,DB Schenker,2141.03,En transit,Aucun
LIV00859,Inter-entrepôts,E05,Toulouse-Ouest,E01,Paris-Rungis,P010,Casque audio,Électronique,2025-03-14,2025-03-18,4,924,13062.1,DHL Supply Chain,1034.95,En transit,Aucun
LIV00860,Fournisseur → Entrepôt,E01,Paris-Rungis,E07,Bordeaux-Centre,P008,Smartphone,Électronique,2025-01-31,2025-02-03,3,1390,2660.7,Geodis,630.71,Livré,Aucun
LIV00861,Inter-entrepôts,E02,Lyon-Sud,E07,Bordeaux-Centre,P009,TV 4K,Électronique,2025-08-11,2025-08-15,4,277,4143.7,DB Schenker,895.94,Livré,Retard transporteur
LIV00862,Magasin → Magasin,E07,Bordeaux-Centre,E01,Paris-Rungis,P010,Casque audio,Électronique,2025-07-28,2025-08-01,4,950,9869.1,DB Schenker,2750.06,Livré,Aucun
LIV00863,Inter-entrepôts,E05,Toulouse-Ouest,E01,Paris-Rungis,P002,Riz 1kg,Alimentaire,2025-01-01,2025-01-03,2,813,8060.5,DHL Supply Chain,1237.15,Livré,Aucun
LIV00864,Fournisseur → Entrepôt,E08,Nantes-Atlantique,E02,Lyon-Sud,P003,Pâtes 500g,Alimentaire,2025-10-29,2025-11-02,4,992,14503.1,FM Logistic,1092.89,Livré,Aucun
LIV00865,Entrepôt → Magasin,E03,Marseille-Port,E02,Lyon-Sud,P004,Shampoing,Droguerie,2025-01-28,2025-02-02,5,618,8281.6,Geodis,1522.2,Livré,Aucun
LIV00866,Magasin → Magasin,E02,Lyon-Sud,E08,Nantes-Atlantique,P007,Jeans,Textile,2025-06-21,2025-06-23,2,957,3378.2,DB Schenker,927.57,Livré,Retard transporteur
LIV00867,Inter-entrepôts,E01,Paris-Rungis,E05,Toulouse-Ouest,P009,TV 4K,Électronique,2025-02-05,2025-02-09,4,315,2774.5,Geodis,375.89,Livré,Aucun
LIV00868,Magasin → Magasin,E02,Lyon-Sud,E08,Nantes-Atlantique,P001,Lait demi-écrémé,Alimentaire,2025-08-10,2025-08-14,4,259,1590.4,FM Logistic,259.59,En transit,Aucun
LIV00869,Entrepôt → Magasin,E05,Toulouse-Ouest,E01,Paris-Rungis,P002,Riz 1kg,Alimentaire,2025-08-24,2025-08-29,5,1320,16983.8,FM Logistic,3043.93,Livré,Aucun
LIV00870,Fournisseur → Entrepôt,E07,Bordeaux-Centre,E04,Lille-Nord,P001,Lait demi-écrémé,Alimentaire,2025-10-18,2025-10-23,5,803,8186.2,XPO Logistics,1651.68,Livré,Aucun
LIV00871,Inter-entrepôts,E04,Lille-Nord,E01,Paris-Rungis,P009,TV 4K,Électronique,2025-12-09,2025-12-13,4,1118,8833.3,FM Logistic,2177.4,Livré,Aucun
LIV00872,Inter-entrepôts,E05,Toulouse-Ouest,E08,Nantes-Atlantique,P004,Shampoing,Droguerie,2025-08-22,2025-08-25,3,1283,7990.6,DHL Supply Chain,1608.27,Livré,Erreur quantité
LIV00873,Fournisseur → Entrepôt,E03,Marseille-Port,E07,Bordeaux-Centre,P004,Shampoing,Droguerie,2025-01-07,2025-01-08,1,1177,12689.9,DB Schenker,971.19,Livré,Aucun
LIV00874,Entrepôt → Magasin,E02,Lyon-Sud,E08,Nantes-Atlantique,P004,Shampoing,Droguerie,2025-04-21,2025-04-25,4,936,12084.8,FM Logistic,2872.08,En transit,Aucun
LIV00875,Entrepôt → Magasin,E05,Toulouse-Ouest,E01,Paris-Rungis,P009,TV 4K,Électronique,2025-03-23,2025-03-28,5,383,5449.1,Geodis,1448.78,Retardé,Aucun
LIV00876,Inter-entrepôts,E08,Nantes-Atlantique,E01,Paris-Rungis,P007,Jeans,Textile,2025-06-16,2025-06-17,1,1173,5155.1,DB Schenker,1298.39,En transit,Aucun
LIV00877,Magasin → Magasin,E04,Lille-Nord,E05,Toulouse-Ouest,P009,TV 4K,Électronique,2025-02-13,2025-02-15,2,251,3329.6,XPO Logistics,922.79,Livré,Aucun
LIV00878,Magasin → Magasin,E01,Paris-Rungis,E02,Lyon-Sud,P005,Lessive,Droguerie,2025-08-14,2025-08-19,5,108,514.8,FM Logistic,240.52,Livré,Aucun
LIV00879,Entrepôt → Magasin,E06,Nice-Est,E01,Paris-Rungis,P010,Casque audio,Électronique,2025-04-25,2025-04-30,5,532,7258.8,Geodis,1451.49,Livré,Retard transporteur
LIV00880,Inter-entrepôts,E07,Bordeaux-Centre,E08,Nantes-Atlantique,P009,TV 4K,Électronique,2025-11-02,2025-11-03,1,53,501.8,FM Logistic,287.44,Livré,Aucun
LIV00881,Entrepôt → Magasin,E05,Toulouse-Ouest,E03,Marseille-Port,P002,Riz 1kg,Alimentaire,2025-08-08,2025-08-12,4,1489,8955.5,DB Schenker,917.8,Livré,Retard transporteur
LIV00882,Inter-entrepôts,E01,Paris-Rungis,E05,Toulouse-Ouest,P008,Smartphone,Électronique,2025-01-26,2025-01-31,5,71,378.5,Geodis,362.69,Livré,Aucun
LIV00883,Fournisseur → Entrepôt,E08,Nantes-Atlantique,E04,Lille-Nord,P010,Casque audio,Électronique,2025-12-26,2025-12-29,3,1447,10732.7,DB Schenker,1352.69,Livré,Aucun
LIV00884,Entrepôt → Magasin,E07,Bordeaux-Centre,E01,Paris-Rungis,P008,Smartphone,Électronique,2025-06-27,2025-07-02,5,1153,10665.6,DHL Supply Chain,1096.18,Livré,Aucun
LIV00885,Magasin → Magasin,E05,Toulouse-Ouest,E07,Bordeaux-Centre,P002,Riz 1kg,Alimentaire,2025-11-09,2025-11-12,3,1217,17633.6,Geodis,2584.54,Livré,Erreur quantité
LIV00886,Entrepôt → Magasin,E02,Lyon-Sud,E01,Paris-Rungis,P003,Pâtes 500g,Alimentaire,2025-07-26,2025-07-28,2,444,1845.6,DHL Supply Chain,463.1,Livré,Casse
LIV00887,Magasin → Magasin,E01,Paris-Rungis,E06,Nice-Est,P006,T-shirt homme,Textile,2025-10-23,2025-10-26,3,1400,3824.4,DB Schenker,783.85,Livré,Aucun
LIV00888,Fournisseur → Entrepôt,E04,Lille-Nord,E07,Bordeaux-Centre,P005,Lessive,Droguerie,2025-05-12,2025-05-17,5,382,627.9,DB Schenker,164.47,Livré,Aucun
LIV00889,Magasin → Magasin,E07,Bordeaux-Centre,E05,Toulouse-Ouest,P005,Lessive,Droguerie,2025-02-21,2025-02-24,3,220,747.5,XPO Logistics,412.58,Annulé,Retard transporteur
LIV00890,Inter-entrepôts,E04,Lille-Nord,E05,Toulouse-Ouest,P006,T-shirt homme,Textile,2025-01-08,2025-01-13,5,451,4178.0,XPO Logistics,627.6,En transit,Retard transporteur
LIV00891,Inter-entrepôts,E03,Marseille-Port,E04,Lille-Nord,P004,Shampoing,Droguerie,2025-05-09,2025-05-11,2,206,2298.9,DHL Supply Chain,691.35,Livré,Aucun
LIV00892,Fournisseur → Entrepôt,E07,Bordeaux-Centre,E02,Lyon-Sud,P009,TV 4K,Électronique,2025-01-04,2025-01-08,4,414,5519.1,DB Schenker,844.77,Livré,Retard transporteur
LIV00893,Fournisseur → Entrepôt,E01,Paris-Rungis,E04,Lille-Nord,P009,TV 4K,Électronique,2025-03-29,2025-04-03,5,609,555.7,DB Schenker,332.23,Livré,Aucun
LIV00894,Magasin → Magasin,E03,Marseille-Port,E06,Nice-Est,P004,Shampoing,Droguerie,2025-08-20,2025-08-21,1,886,11683.5,XPO Logistics,1253.36,En transit,Erreur quantité
LIV00895,Magasin → Magasin,E01,Paris-Rungis,E06,Nice-Est,P001,Lait demi-écrémé,Alimentaire,2025-07-08,2025-07-11,3,1112,2507.3,Geodis,703.89,En transit,Casse
LIV00896,Magasin → Magasin,E08,Nantes-Atlantique,E03,Marseille-Port,P001,Lait demi-écrémé,Alimentaire,2025-02-02,2025-02-03,1,767,2462.2,XPO Logistics,491.91,Livré,Erreur quantité
LIV00897,Fournisseur → Entrepôt,E02,Lyon-Sud,E08,Nantes-Atlantique,P005,Lessive,Droguerie,2025-08-16,2025-08-20,4,701,8012.2,DHL Supply Chain,2291.78,Livré,Aucun
LIV00898,Entrepôt → Magasin,E04,Lille-Nord,E05,Toulouse-Ouest,P010,Casque audio,Électronique,2025-10-28,2025-11-02,5,977,406.6,FM Logistic,275.68,Retardé,Aucun
LIV00899,Inter-entrepôts,E02,Lyon-Sud,E08,Nantes-Atlantique,P003,Pâtes 500g,Alimentaire,2025-12-27,2025-12-29,2,1350,15940.1,DB Schenker,1900.42,Livré,Retard transporteur
LIV00900,Magasin → Magasin,E06,Nice-Est,E08,Nantes-Atlantique,P004,Shampoing,Droguerie,2025-11-27,2025-12-01,4,806,3438.8,XPO Logistics,498.1,Livré,Casse
LIV00901,Inter-entrepôts,E03,Marseille-Port,E01,Paris-Rungis,P009,TV 4K,Électronique,2025-12-03,2025-12-05,2,584,6799.3,FM Logistic,1971.88,En transit,Aucun
LIV00902,Magasin → Magasin,E02,Lyon-Sud,E03,Marseille-Port,P009,TV 4K,Électronique,2025-01-30,2025-02-03,4,163,1388.3,FM Logistic,519.69,Retardé,Aucun
LIV00903,Inter-entrepôts,E05,Toulouse-Ouest,E03,Marseille-Port,P002,Riz 1kg,Alimentaire,2025-01-19,2025-01-23,4,1357,17341.1,XPO Logistics,1962.84,Livré,Aucun
LIV00904,Magasin → Magasin,E01,Paris-Rungis,E04,Lille-Nord,P003,Pâtes 500g,Alimentaire,2025-09-06,2025-09-11,5,774,8209.2,XPO Logistics,2118.48,Livré,Aucun
LIV00905,Entrepôt → Magasin,E06,Nice-Est,E04,Lille-Nord,P010,Casque audio,Électronique,2025-06-20,2025-06-24,4,370,1829.6,XPO Logistics,302.61,Livré,Aucun
LIV00906,Fournisseur → Entrepôt,E03,Marseille-Port,E06,Nice-Est,P009,TV 4K,Électronique,2025-10-07,2025-10-12,5,1202,12289.4,FM Logistic,3362.18,Retardé,Retard transporteur
LIV00907,Magasin → Magasin,E01,Paris-Rungis,E06,Nice-Est,P002,Riz 1kg,Alimentaire,2025-02-16,2025-02-17,1,952,1677.5,Geodis,427.36,Retardé,Aucun
LIV00908,Inter-entrepôts,E07,Bordeaux-Centre,E05,Toulouse-Ouest,P001,Lait demi-écrémé,Alimentaire,2025-09-17,2025-09-20,3,1153,11572.1,DHL Supply Chain,1652.11,Livré,Retard transporteur
LIV00909,Inter-entrepôts,E02,Lyon-Sud,E08,Nantes-Atlantique,P004,Shampoing,Droguerie,2025-03-30,2025-04-03,4,1472,15823.1,XPO Logistics,4984.96,Livré,Aucun
LIV00910,Entrepôt → Magasin,E02,Lyon-Sud,E07,Bordeaux-Centre,P009,TV 4K,Électronique,2025-01-29,2025-02-01,3,487,3814.9,FM Logistic,584.21,En transit,Erreur quantité
LIV00911,Magasin → Magasin,E06,Nice-Est,E08,Nantes-Atlantique,P007,Jeans,Textile,2025-09-20,2025-09-23,3,371,750.7,DHL Supply Chain,300.15,Livré,Retard transporteur
LIV00912,Fournisseur → Entrepôt,E08,Nantes-Atlantique,E02,Lyon-Sud,P010,Casque audio,Électronique,2025-02-16,2025-02-18,2,224,472.4,Geodis,276.73,Livré,Aucun
LIV00913,Inter-entrepôts,E01,Paris-Rungis,E03,Marseille-Port,P004,Shampoing,Droguerie,2025-02-24,2025-02-26,2,157,1176.4,XPO Logistics,338.79,Livré,Aucun
LIV00914,Inter-entrepôts,E08,Nantes-Atlantique,E07,Bordeaux-Centre,P006,T-shirt homme,Textile,2025-09-27,2025-10-02,5,1139,1880.3,XPO Logistics,260.68,En transit,Aucun
LIV00915,Entrepôt → Magasin,E05,Toulouse-Ouest,E01,Paris-Rungis,P007,Jeans,Textile,2025-06-26,2025-06-28,2,938,2590.5,DB Schenker,574.45,Livré,Aucun
LIV00916,Inter-entrepôts,E02,Lyon-Sud,E01,Paris-Rungis,P001,Lait demi-écrémé,Alimentaire,2025-02-05,2025-02-09,4,1242,12400.8,XPO Logistics,1311.74,Livré,Retard transporteur
LIV00917,Inter-entrepôts,E04,Lille-Nord,E06,Nice-Est,P001,Lait demi-écrémé,Alimentaire,2025-02-08,2025-02-10,2,1366,9421.4,Geodis,603.89,Livré,Retard transporteur
LIV00918,Fournisseur → Entrepôt,E01,Paris-Rungis,E02,Lyon-Sud,P005,Lessive,Droguerie,2025-07-18,2025-07-23,5,803,1213.1,XPO Logistics,528.31,Livré,Aucun
LIV00919,Magasin → Magasin,E03,Marseille-Port,E01,Paris-Rungis,P005,Lessive,Droguerie,2025-07-06,2025-07-07,1,1435,15471.0,DB Schenker,4522.63,Livré,Retard transporteur
LIV00920,Inter-entrepôts,E04,Lille-Nord,E02,Lyon-Sud,P006,T-shirt homme,Textile,2025-01-14,2025-01-15,1,833,8947.1,FM Logistic,1520.88,Livré,Aucun
LIV00921,Fournisseur → Entrepôt,E07,Bordeaux-Centre,E01,Paris-Rungis,P008,Smartphone,Électronique,2025-05-06,2025-05-07,1,753,7592.9,XPO Logistics,2204.37,Livré,Aucun
LIV00922,Entrepôt → Magasin,E07,Bordeaux-Centre,E04,Lille-Nord,P004,Shampoing,Droguerie,2025-01-29,2025-02-03,5,316,1457.8,FM Logistic,200.28,Livré,Aucun
LIV00923,Magasin → Magasin,E07,Bordeaux-Centre,E03,Marseille-Port,P004,Shampoing,Droguerie,2025-05-02,2025-05-07,5,112,399.6,DHL Supply Chain,273.56,Livré,Erreur quantité
LIV00924,Fournisseur → Entrepôt,E04,Lille-Nord,E02,Lyon-Sud,P010,Casque audio,Électronique,2025-02-21,2025-02-26,5,665,8739.3,DHL Supply Chain,532.34,En transit,Aucun
LIV00925,Inter-entrepôts,E07,Bordeaux-Centre,E04,Lille-Nord,P006,T-shirt homme,Textile,2025-01-23,2025-01-24,1,1470,7141.5,Geodis,1496.7,Livré,Aucun
LIV00926,Inter-entrepôts,E05,Toulouse-Ouest,E08,Nantes-Atlantique,P006,T-shirt homme,Textile,2025-07-04,2025-07-09,5,1477,15109.9,XPO Logistics,3592.45,En transit,Aucun
LIV00927,Entrepôt → Magasin,E02,Lyon-Sud,E06,Nice-Est,P002,Riz 1kg,Alimentaire,2025-11-27,2025-12-02,5,53,125.3,FM Logistic,85.3,Retardé,Aucun
LIV00928,Entrepôt → Magasin,E07,Bordeaux-Centre,E06,Nice-Est,P001,Lait demi-écrémé,Alimentaire,2025-11-01,2025-11-02,1,1006,11624.2,FM Logistic,967.46,Livré,Erreur quantité
LIV00929,Inter-entrepôts,E07,Bordeaux-Centre,E08,Nantes-Atlantique,P008,Smartphone,Électronique,2025-08-31,2025-09-03,3,52,230.1,FM Logistic,164.78,Livré,Aucun
LIV00930,Fournisseur → Entrepôt,E04,Lille-Nord,E07,Bordeaux-Centre,P010,Casque audio,Électronique,2025-12-12,2025-12-16,4,718,4700.9,DHL Supply Chain,1536.56,Livré,Aucun
LIV00931,Inter-entrepôts,E01,Paris-Rungis,E03,Marseille-Port,P001,Lait demi-écrémé,Alimentaire,2025-05-12,2025-05-17,5,1005,1488.3,DB Schenker,192.37,En transit,Aucun
LIV00932,Magasin → Magasin,E07,Bordeaux-Centre,E08,Nantes-Atlantique,P005,Lessive,Droguerie,2025-02-15,2025-02-18,3,606,7176.5,FM Logistic,1882.9,Livré,Aucun
LIV00933,Magasin → Magasin,E05,Toulouse-Ouest,E03,Marseille-Port,P004,Shampoing,Droguerie,2025-02-02,2025-02-05,3,754,6660.0,FM Logistic,1213.59,Retardé,Aucun
LIV00934,Entrepôt → Magasin,E07,Bordeaux-Centre,E06,Nice-Est,P010,Casque audio,Électronique,2025-06-29,2025-07-02,3,973,3092.4,XPO Logistics,676.07,Livré,Retard transporteur
LIV00935,Fournisseur → Entrepôt,E04,Lille-Nord,E05,Toulouse-Ouest,P002,Riz 1kg,Alimentaire,2025-01-20,2025-01-25,5,60,516.8,DB Schenker,262.61,Livré,Aucun
LIV00936,Magasin → Magasin,E05,Toulouse-Ouest,E04,Lille-Nord,P001,Lait demi-écrémé,Alimentaire,2025-03-19,2025-03-21,2,866,336.6,XPO Logistics,214.7,En transit,Aucun
LIV00937,Fournisseur → Entrepôt,E03,Marseille-Port,E04,Lille-Nord,P006,T-shirt homme,Textile,2025-04-14,2025-04-15,1,395,1596.9,FM Logistic,272.41,Annulé,Aucun
LIV00938,Fournisseur → Entrepôt,E05,Toulouse-Ouest,E01,Paris-Rungis,P008,Smartphone,Électronique,2025-07-09,2025-07-12,3,1400,1069.9,FM Logistic,451.74,Livré,Aucun
LIV00939,Fournisseur → Entrepôt,E03,Marseille-Port,E06,Nice-Est,P002,Riz 1kg,Alimentaire,2025-08-17,2025-08-19,2,1266,4179.4,Geodis,1200.73,Livré,Aucun
LIV00940,Entrepôt → Magasin,E03,Marseille-Port,E08,Nantes-Atlantique,P010,Casque audio,Électronique,2025-08-05,2025-08-08,3,898,12839.3,DHL Supply Chain,1145.71,En transit,Aucun
LIV00941,Fournisseur → Entrepôt,E07,Bordeaux-Centre,E08,Nantes-Atlantique,P008,Smartphone,Électronique,2025-07-12,2025-07-15,3,959,8111.8,DB Schenker,1219.13,En transit,Aucun
LIV00942,Entrepôt → Magasin,E02,Lyon-Sud,E07,Bordeaux-Centre,P005,Lessive,Droguerie,2025-05-07,2025-05-12,5,1198,10305.6,XPO Logistics,1703.64,En transit,Aucun
LIV00943,Magasin → Magasin,E02,Lyon-Sud,E01,Paris-Rungis,P003,Pâtes 500g,Alimentaire,2025-09-24,2025-09-27,3,1297,6775.2,DB Schenker,1861.88,Livré,Retard transporteur
LIV00944,Fournisseur → Entrepôt,E03,Marseille-Port,E01,Paris-Rungis,P004,Shampoing,Droguerie,2025-04-06,2025-04-11,5,848,4459.6,FM Logistic,1036.43,Retardé,Retard transporteur
LIV00945,Entrepôt → Magasin,E06,Nice-Est,E02,Lyon-Sud,P009,TV 4K,Électronique,2025-04-16,2025-04-21,5,97,1241.4,Geodis,221.01,Livré,Aucun
LIV00946,Inter-entrepôts,E01,Paris-Rungis,E03,Marseille-Port,P009,TV 4K,Électronique,2025-09-27,2025-09-30,3,48,88.2,Geodis,182.6,En transit,Aucun
LIV00947,Entrepôt → Magasin,E01,Paris-Rungis,E04,Lille-Nord,P001,Lait demi-écrémé,Alimentaire,2025-09-08,2025-09-09,1,1195,8407.4,DB Schenker,1979.99,Livré,Casse
LIV00948,Fournisseur → Entrepôt,E05,Toulouse-Ouest,E01,Paris-Rungis,P007,Jeans,Textile,2025-10-30,2025-10-31,1,643,2529.8,XPO Logistics,572.5,Livré,Aucun
LIV00949,Entrepôt → Magasin,E06,Nice-Est,E07,Bordeaux-Centre,P006,T-shirt homme,Textile,2025-07-31,2025-08-04,4,879,8123.5,DHL Supply Chain,1789.07,Livré,Aucun
LIV00950,Inter-entrepôts,E03,Marseille-Port,E07,Bordeaux-Centre,P008,Smartphone,Électronique,2025-04-22,2025-04-24,2,551,7842.0,Geodis,1411.56,Livré,Aucun
LIV00951,Entrepôt → Magasin,E06,Nice-Est,E04,Lille-Nord,P007,Jeans,Textile,2025-06-14,2025-06-15,1,553,677.1,XPO Logistics,171.19,En transit,Aucun
LIV00952,Inter-entrepôts,E08,Nantes-Atlantique,E04,Lille-Nord,P009,TV 4K,Électronique,2025-02-13,2025-02-17,4,78,1092.7,Geodis,482.82,Livré,Aucun
LIV00953,Inter-entrepôts,E05,Toulouse-Ouest,E02,Lyon-Sud,P004,Shampoing,Droguerie,2025-08-08,2025-08-10,2,914,3637.9,Geodis,949.21,Livré,Aucun
LIV00954,Fournisseur → Entrepôt,E04,Lille-Nord,E03,Marseille-Port,P002,Riz 1kg,Alimentaire,2025-04-07,2025-04-10,3,1390,10256.4,Geodis,978.13,Livré,Aucun
LIV00955,Entrepôt → Magasin,E05,Toulouse-Ouest,E04,Lille-Nord,P007,Jeans,Textile,2025-03-29,2025-03-30,1,921,3051.4,DB Schenker,674.81,En transit,Aucun
LIV00956,Fournisseur → Entrepôt,E02,Lyon-Sud,E04,Lille-Nord,P006,T-shirt homme,Textile,2025-06-28,2025-07-02,4,635,4410.3,FM Logistic,1352.4,Livré,Aucun
LIV00957,Fournisseur → Entrepôt,E03,Marseille-Port,E05,Toulouse-Ouest,P007,Jeans,Textile,2025-04-29,2025-05-03,4,1314,14420.4,XPO Logistics,1037.79,Livré,Aucun
LIV00958,Inter-entrepôts,E01,Paris-Rungis,E02,Lyon-Sud,P005,Lessive,Droguerie,2025-10-08,2025-10-11,3,980,7599.3,FM Logistic,2347.07,Livré,Aucun
LIV00959,Entrepôt → Magasin,E05,Toulouse-Ouest,E01,Paris-Rungis,P009,TV 4K,Électronique,2025-12-17,2025-12-22,5,87,986.6,XPO Logistics,335.16,Retardé,Retard transporteur
LIV00960,Inter-entrepôts,E07,Bordeaux-Centre,E01,Paris-Rungis,P008,Smartphone,Électronique,2025-04-16,2025-04-19,3,1428,8353.4,DHL Supply Chain,2607.51,Livré,Aucun
LIV00961,Inter-entrepôts,E02,Lyon-Sud,E04,Lille-Nord,P010,Casque audio,Électronique,2025-04-10,2025-04-11,1,1067,1659.3,FM Logistic,353.65,Livré,Aucun
LIV00962,Entrepôt → Magasin,E05,Toulouse-Ouest,E03,Marseille-Port,P001,Lait demi-écrémé,Alimentaire,2025-11-29,2025-12-01,2,16,187.4,Geodis,286.24,Livré,Aucun
LIV00963,Magasin → Magasin,E05,Toulouse-Ouest,E04,Lille-Nord,P007,Jeans,Textile,2025-05-11,2025-05-16,5,388,4253.5,XPO Logistics,645.39,Livré,Retard transporteur
LIV00964,Inter-entrepôts,E08,Nantes-Atlantique,E06,Nice-Est,P003,Pâtes 500g,Alimentaire,2025-12-24,2025-12-26,2,1311,9786.0,XPO Logistics,2380.66,Livré,Aucun
LIV00965,Inter-entrepôts,E06,Nice-Est,E07,Bordeaux-Centre,P009,TV 4K,Électronique,2025-10-01,2025-10-03,2,79,1106.6,XPO Logistics,229.16,Livré,Aucun
LIV00966,Inter-entrepôts,E05,Toulouse-Ouest,E01,Paris-Rungis,P008,Smartphone,Électronique,2025-09-24,2025-09-28,4,836,414.7,DHL Supply Chain,201.15,Annulé,Aucun
LIV00967,Fournisseur → Entrepôt,E02,Lyon-Sud,E01,Paris-Rungis,P006,T-shirt homme,Textile,2025-12-22,2025-12-23,1,518,4630.2,XPO Logistics,898.98,Livré,Aucun
LIV00968,Magasin → Magasin,E04,Lille-Nord,E06,Nice-Est,P009,TV 4K,Électronique,2025-06-18,2025-06-23,5,467,6605.2,XPO Logistics,2218.47,En transit,Erreur quantité
LIV00969,Magasin → Magasin,E02,Lyon-Sud,E04,Lille-Nord,P007,Jeans,Textile,2025-10-20,2025-10-23,3,521,4702.2,XPO Logistics,766.72,Livré,Aucun
LIV00970,Inter-entrepôts,E01,Paris-Rungis,E05,Toulouse-Ouest,P003,Pâtes 500g,Alimentaire,2025-11-20,2025-11-23,3,1057,6754.8,XPO Logistics,1861.08,Livré,Retard transporteur
LIV00971,Inter-entrepôts,E01,Paris-Rungis,E08,Nantes-Atlantique,P007,Jeans,Textile,2025-09-13,2025-09-18,5,70,87.4,Geodis,163.38,Livré,Aucun
LIV00972,Inter-entrepôts,E01,Paris-Rungis,E04,Lille-Nord,P005,Lessive,Droguerie,2025-08-13,2025-08-14,1,334,282.6,DB Schenker,293.14,Livré,Aucun
LIV00973,Fournisseur → Entrepôt,E07,Bordeaux-Centre,E02,Lyon-Sud,P004,Shampoing,Droguerie,2025-08-18,2025-08-23,5,1334,19522.9,XPO Logistics,3121.56,Retardé,Retard transporteur
LIV00974,Magasin → Magasin,E08,Nantes-Atlantique,E04,Lille-Nord,P001,Lait demi-écrémé,Alimentaire,2025-12-27,2025-12-31,4,395,3667.6,FM Logistic,912.47,Livré,Aucun
LIV00975,Entrepôt → Magasin,E07,Bordeaux-Centre,E03,Marseille-Port,P008,Smartphone,Électronique,2025-05-30,2025-05-31,1,1439,9165.6,XPO Logistics,1926.86,Retardé,Aucun
LIV00976,Inter-entrepôts,E08,Nantes-Atlantique,E06,Nice-Est,P006,T-shirt homme,Textile,2025-08-02,2025-08-03,1,1048,4510.3,FM Logistic,645.66,Livré,Aucun
LIV00977,Fournisseur → Entrepôt,E03,Marseille-Port,E07,Bordeaux-Centre,P010,Casque audio,Électronique,2025-05-22,2025-05-25,3,1044,3900.0,XPO Logistics,560.11,Retardé,Aucun
LIV00978,Magasin → Magasin,E05,Toulouse-Ouest,E03,Marseille-Port,P009,TV 4K,Électronique,2025-10-17,2025-10-19,2,399,4569.0,DB Schenker,1385.6,Livré,Aucun
LIV00979,Entrepôt → Magasin,E03,Marseille-Port,E04,Lille-Nord,P007,Jeans,Textile,2025-09-12,2025-09-13,1,328,679.6,FM Logistic,294.69,Livré,Aucun
LIV00980,Entrepôt → Magasin,E07,Bordeaux-Centre,E08,Nantes-Atlantique,P002,Riz 1kg,Alimentaire,2025-01-02,2025-01-04,2,907,9882.0,FM Logistic,1099.22,Livré,Aucun
LIV00981,Entrepôt → Magasin,E05,Toulouse-Ouest,E02,Lyon-Sud,P008,Smartphone,Électronique,2025-05-11,2025-05-12,1,1290,3359.7,DHL Supply Chain,936.63,Retardé,Aucun
LIV00982,Fournisseur → Entrepôt,E06,Nice-Est,E08,Nantes-Atlantique,P002,Riz 1kg,Alimentaire,2025-01-08,2025-01-13,5,856,10030.2,DHL Supply Chain,1012.84,Livré,Erreur quantité
LIV00983,Inter-entrepôts,E04,Lille-Nord,E07,Bordeaux-Centre,P002,Riz 1kg,Alimentaire,2025-05-01,2025-05-03,2,1284,6123.0,DB Schenker,728.71,Livré,Aucun
LIV00984,Entrepôt → Magasin,E02,Lyon-Sud,E05,Toulouse-Ouest,P006,T-shirt homme,Textile,2025-08-18,2025-08-21,3,757,3780.7,Geodis,618.3,Livré,Aucun
LIV00985,Magasin → Magasin,E01,Paris-Rungis,E08,Nantes-Atlantique,P006,T-shirt homme,Textile,2025-07-21,2025-07-22,1,700,10404.6,DB Schenker,1946.62,Livré,Erreur quantité
LIV00986,Entrepôt → Magasin,E01,Paris-Rungis,E06,Nice-Est,P007,Jeans,Textile,2025-01-04,2025-01-05,1,893,12451.3,Geodis,3352.14,Retardé,Aucun
LIV00987,Fournisseur → Entrepôt,E04,Lille-Nord,E01,Paris-Rungis,P008,Smartphone,Électronique,2025-07-13,2025-07-17,4,52,630.6,FM Logistic,180.43,Livré,Aucun
LIV00988,Entrepôt → Magasin,E02,Lyon-Sud,E04,Lille-Nord,P004,Shampoing,Droguerie,2025-04-28,2025-05-02,4,1279,18717.1,Geodis,2604.42,En transit,Aucun
LIV00989,Magasin → Magasin,E04,Lille-Nord,E03,Marseille-Port,P003,Pâtes 500g,Alimentaire,2025-08-02,2025-08-03,1,773,2440.4,FM Logistic,840.1,En transit,Aucun
LIV00990,Magasin → Magasin,E07,Bordeaux-Centre,E04,Lille-Nord,P001,Lait demi-écrémé,Alimentaire,2025-10-07,2025-10-08,1,1062,7597.5,Geodis,1177.09,Livré,Aucun
LIV00991,Inter-entrepôts,E07,Bordeaux-Centre,E02,Lyon-Sud,P005,Lessive,Droguerie,2025-09-27,2025-10-01,4,542,2820.9,XPO Logistics,474.23,Livré,Aucun
LIV00992,Magasin → Magasin,E01,Paris-Rungis,E08,Nantes-Atlantique,P003,Pâtes 500g,Alimentaire,2025-03-22,2025-03-27,5,436,5765.6,Geodis,1376.03,Livré,Casse
LIV00993,Inter-entrepôts,E02,Lyon-Sud,E08,Nantes-Atlantique,P004,Shampoing,Droguerie,2025-05-21,2025-05-24,3,686,8589.8,DB Schenker,1931.4,Retardé,Aucun
LIV00994,Magasin → Magasin,E07,Bordeaux-Centre,E08,Nantes-Atlantique,P009,TV 4K,Électronique,2025-09-06,2025-09-08,2,521,595.9,XPO Logistics,410.52,Livré,Retard transporteur
LIV00995,Magasin → Magasin,E02,Lyon-Sud,E07,Bordeaux-Centre,P006,T-shirt homme,Textile,2025-02-25,2025-02-26,1,593,1041.3,FM Logistic,319.78,Retardé,Erreur quantité
LIV00996,Fournisseur → Entrepôt,E04,Lille-Nord,E07,Bordeaux-Centre,P003,Pâtes 500g,Alimentaire,2025-03-09,2025-03-12,3,1241,7359.8,DHL Supply Chain,839.21,Livré,Aucun
LIV00997,Entrepôt → Magasin,E03,Marseille-Port,E01,Paris-Rungis,P010,Casque audio,Électronique,2025-06-06,2025-06-09,3,550,5582.1,DB Schenker,1751.11,Livré,Aucun
LIV00998,Inter-entrepôts,E03,Marseille-Port,E05,Toulouse-Ouest,P010,Casque audio,Électronique,2025-08-17,2025-08-21,4,1180,5190.6,FM Logistic,635.43,Livré,Aucun
LIV00999,Magasin → Magasin,E07,Bordeaux-Centre,E05,Toulouse-Ouest,P001,Lait demi-écrémé,Alimentaire,2025-09-23,2025-09-27,4,1071,6994.7,XPO Logistics,1407.15,Retardé,Aucun
LIV01000,Fournisseur → Entrepôt,E01,Paris-Rungis,E07,Bordeaux-Centre,P010,Casque audio,Électronique,2025-05-27,2025-06-01,5,118,1227.1,DHL Supply Chain,418.8,Livré,Aucun
LIV01001,Inter-entrepôts,E06,Nice-Est,E03,Marseille-Port,P005,Lessive,Droguerie,2025-06-25,2025-06-27,2,993,8482.8,XPO Logistics,759.71,Livré,Retard transporteur
LIV01002,Magasin → Magasin,E05,Toulouse-Ouest,E01,Paris-Rungis,P008,Smartphone,Électronique,2025-06-12,2025-06-13,1,1266,4952.1,FM Logistic,514.14,En transit,Aucun
LIV01003,Inter-entrepôts,E01,Paris-Rungis,E03,Marseille-Port,P006,T-shirt homme,Textile,2025-07-31,2025-08-05,5,1235,11432.2,FM Logistic,1176.73,Livré,Aucun
LIV01004,Magasin → Magasin,E08,Nantes-Atlantique,E04,Lille-Nord,P001,Lait demi-écrémé,Alimentaire,2025-08-29,2025-09-01,3,70,130.4,XPO Logistics,243.38,Livré,Retard transporteur
LIV01005,Fournisseur → Entrepôt,E07,Bordeaux-Centre,E04,Lille-Nord,P010,Casque audio,Électronique,2025-09-02,2025-09-05,3,1395,17026.9,Geodis,4391.33,Annulé,Aucun
LIV01006,Magasin → Magasin,E03,Marseille-Port,E05,Toulouse-Ouest,P007,Jeans,Textile,2025-08-14,2025-08-19,5,852,1132.3,FM Logistic,560.84,En transit,Aucun
LIV01007,Entrepôt → Magasin,E04,Lille-Nord,E01,Paris-Rungis,P004,Shampoing,Droguerie,2025-03-14,2025-03-18,4,275,1307.6,DHL Supply Chain,512.13,Livré,Aucun
LIV01008,Magasin → Magasin,E06,Nice-Est,E08,Nantes-Atlantique,P005,Lessive,Droguerie,2025-10-18,2025-10-22,4,936,697.9,XPO Logistics,238.01,Livré,Erreur quantité
LIV01009,Fournisseur → Entrepôt,E06,Nice-Est,E03,Marseille-Port,P002,Riz 1kg,Alimentaire,2025-03-09,2025-03-10,1,1346,9605.9,XPO Logistics,1165.74,Livré,Retard transporteur
LIV01010,Inter-entrepôts,E05,Toulouse-Ouest,E06,Nice-Est,P003,Pâtes 500g,Alimentaire,2025-09-30,2025-10-01,1,58,690.8,DB Schenker,392.0,Livré,Retard transporteur
LIV01011,Entrepôt → Magasin,E05,Toulouse-Ouest,E07,Bordeaux-Centre,P006,T-shirt homme,Textile,2025-07-24,2025-07-29,5,883,8299.5,XPO Logistics,1716.72,Livré,Aucun
LIV01012,Inter-entrepôts,E02,Lyon-Sud,E08,Nantes-Atlantique,P006,T-shirt homme,Textile,2025-03-10,2025-03-13,3,39,556.1,FM Logistic,232.57,Livré,Aucun
LIV01013,Fournisseur → Entrepôt,E03,Marseille-Port,E05,Toulouse-Ouest,P007,Jeans,Textile,2025-09-22,2025-09-26,4,200,1975.9,FM Logistic,347.29,Retardé,Erreur quantité
LIV01014,Inter-entrepôts,E04,Lille-Nord,E02,Lyon-Sud,P004,Shampoing,Droguerie,2025-06-18,2025-06-22,4,1270,6181.7,DHL Supply Chain,621.56,Livré,Aucun
LIV01015,Magasin → Magasin,E07,Bordeaux-Centre,E01,Paris-Rungis,P007,Jeans,Textile,2025-12-09,2025-12-11,2,1188,15047.4,Geodis,4433.28,Livré,Aucun
LIV01016,Entrepôt → Magasin,E04,Lille-Nord,E01,Paris-Rungis,P009,TV 4K,Électronique,2025-06-07,2025-06-08,1,1313,12951.3,DHL Supply Chain,3662.62,Livré,Aucun
LIV01017,Fournisseur → Entrepôt,E03,Marseille-Port,E02,Lyon-Sud,P005,Lessive,Droguerie,2025-11-21,2025-11-25,4,766,8124.8,Geodis,2349.58,Livré,Aucun
LIV01018,Inter-entrepôts,E05,Toulouse-Ouest,E07,Bordeaux-Centre,P007,Jeans,Textile,2025-08-21,2025-08-23,2,902,3722.1,FM Logistic,883.12,Livré,Retard transporteur
LIV01019,Inter-entrepôts,E02,Lyon-Sud,E04,Lille-Nord,P004,Shampoing,Droguerie,2025-06-20,2025-06-22,2,705,9295.0,DHL Supply Chain,2209.79,Livré,Aucun
LIV01020,Inter-entrepôts,E07,Bordeaux-Centre,E08,Nantes-Atlantique,P001,Lait demi-écrémé,Alimentaire,2025-09-12,2025-09-17,5,183,2303.0,DHL Supply Chain,547.31,Livré,Erreur quantité
LIV01021,Fournisseur → Entrepôt,E02,Lyon-Sud,E03,Marseille-Port,P005,Lessive,Droguerie,2025-01-23,2025-01-27,4,1387,5986.5,FM Logistic,698.7,Livré,Aucun
LIV01022,Inter-entrepôts,E05,Toulouse-Ouest,E01,Paris-Rungis,P006,T-shirt homme,Textile,2025-12-10,2025-12-13,3,561,3612.7,DHL Supply Chain,580.72,Livré,Aucun
LIV01023,Entrepôt → Magasin,E02,Lyon-Sud,E06,Nice-Est,P006,T-shirt homme,Textile,2025-10-31,2025-11-04,4,457,4431.0,FM Logistic,503.44,Livré,Aucun
LIV01024,Fournisseur → Entrepôt,E07,Bordeaux-Centre,E03,Marseille-Port,P004,Shampoing,Droguerie,2025-11-02,2025-11-05,3,565,7578.3,Geodis,2002.62,Livré,Aucun
LIV01025,Entrepôt → Magasin,E03,Marseille-Port,E08,Nantes-Atlantique,P004,Shampoing,Droguerie,2025-02-25,2025-03-02,5,736,10326.9,DB Schenker,807.88,Livré,Aucun
LIV01026,Inter-entrepôts,E01,Paris-Rungis,E08,Nantes-Atlantique,P001,Lait demi-écrémé,Alimentaire,2025-05-03,2025-05-06,3,1308,14450.4,DHL Supply Chain,3293.71,Livré,Aucun
LIV01027,Inter-entrepôts,E01,Paris-Rungis,E04,Lille-Nord,P006,T-shirt homme,Textile,2025-12-30,2026-01-02,3,1457,7851.8,DB Schenker,2513.29,En transit,Retard transporteur
LIV01028,Magasin → Magasin,E06,Nice-Est,E04,Lille-Nord,P006,T-shirt homme,Textile,2025-08-15,2025-08-20,5,1426,5031.9,DB Schenker,1597.06,Livré,Aucun
LIV01029,Inter-entrepôts,E02,Lyon-Sud,E01,Paris-Rungis,P010,Casque audio,Électronique,2025-12-16,2025-12-19,3,172,2506.9,XPO Logistics,579.95,Livré,Aucun
LIV01030,Entrepôt → Magasin,E06,Nice-Est,E04,Lille-Nord,P003,Pâtes 500g,Alimentaire,2025-09-18,2025-09-20,2,1246,8537.3,DHL Supply Chain,1071.22,Livré,Aucun
LIV01031,Fournisseur → Entrepôt,E05,Toulouse-Ouest,E04,Lille-Nord,P001,Lait demi-écrémé,Alimentaire,2025-08-19,2025-08-22,3,709,9270.8,Geodis,958.11,Livré,Aucun
LIV01032,Inter-entrepôts,E03,Marseille-Port,E05,Toulouse-Ouest,P002,Riz 1kg,Alimentaire,2025-10-01,2025-10-06,5,925,5127.5,Geodis,967.83,En transit,Aucun
LIV01033,Inter-entrepôts,E01,Paris-Rungis,E05,Toulouse-Ouest,P006,T-shirt homme,Textile,2025-12-06,2025-12-08,2,103,412.6,DB Schenker,298.8,Livré,Aucun
LIV01034,Inter-entrepôts,E01,Paris-Rungis,E07,Bordeaux-Centre,P007,Jeans,Textile,2025-05-13,2025-05-18,5,524,3854.6,DB Schenker,873.14,Livré,Aucun
LIV01035,Fournisseur → Entrepôt,E01,Paris-Rungis,E07,Bordeaux-Centre,P008,Smartphone,Électronique,2025-05-01,2025-05-02,1,1185,8782.8,Geodis,2648.05,Livré,Aucun
LIV01036,Inter-entrepôts,E01,Paris-Rungis,E08,Nantes-Atlantique,P004,Shampoing,Droguerie,2025-07-23,2025-07-27,4,378,3505.3,DB Schenker,1093.65,Livré,Retard transporteur
LIV01037,Inter-entrepôts,E07,Bordeaux-Centre,E01,Paris-Rungis,P007,Jeans,Textile,2025-08-01,2025-08-05,4,572,4236.4,DHL Supply Chain,1433.58,Livré,Aucun
LIV01038,Fournisseur → Entrepôt,E07,Bordeaux-Centre,E03,Marseille-Port,P003,Pâtes 500g,Alimentaire,2025-12-25,2025-12-26,1,1123,4430.3,Geodis,1553.08,En transit,Aucun
LIV01039,Entrepôt → Magasin,E07,Bordeaux-Centre,E01,Paris-Rungis,P009,TV 4K,Électronique,2025-04-24,2025-04-26,2,195,1006.0,DB Schenker,582.8,Livré,Erreur quantité
LIV01040,Entrepôt → Magasin,E07,Bordeaux-Centre,E04,Lille-Nord,P005,Lessive,Droguerie,2025-04-18,2025-04-19,1,1136,6649.6,DHL Supply Chain,1754.23,En transit,Aucun
LIV01041,Magasin → Magasin,E03,Marseille-Port,E02,Lyon-Sud,P003,Pâtes 500g,Alimentaire,2025-06-03,2025-06-07,4,526,7777.8,DHL Supply Chain,1370.47,Livré,Aucun
LIV01042,Magasin → Magasin,E04,Lille-Nord,E05,Toulouse-Ouest,P008,Smartphone,Électronique,2025-09-28,2025-10-03,5,1276,3468.7,FM Logistic,580.96,Livré,Aucun
LIV01043,Entrepôt → Magasin,E05,Toulouse-Ouest,E04,Lille-Nord,P010,Casque audio,Électronique,2025-09-30,2025-10-01,1,1497,2753.8,DHL Supply Chain,268.35,Livré,Aucun
LIV01044,Magasin → Magasin,E06,Nice-Est,E05,Toulouse-Ouest,P006,T-shirt homme,Textile,2025-08-21,2025-08-24,3,931,8389.0,DB Schenker,2529.84,Livré,Aucun
LIV01045,Fournisseur → Entrepôt,E08,Nantes-Atlantique,E05,Toulouse-Ouest,P002,Riz 1kg,Alimentaire,2025-01-11,2025-01-16,5,1275,13804.5,FM Logistic,2912.05,Livré,Casse
LIV01046,Fournisseur → Entrepôt,E07,Bordeaux-Centre,E03,Marseille-Port,P003,Pâtes 500g,Alimentaire,2025-04-22,2025-04-23,1,1111,406.1,DB Schenker,155.87,Livré,Aucun
LIV01047,Inter-entrepôts,E01,Paris-Rungis,E08,Nantes-Atlantique,P008,Smartphone,Électronique,2025-01-17,2025-01-18,1,58,148.6,XPO Logistics,209.99,Livré,Aucun
LIV01048,Magasin → Magasin,E05,Toulouse-Ouest,E08,Nantes-Atlantique,P002,Riz 1kg,Alimentaire,2025-08-06,2025-08-08,2,1093,2569.3,XPO Logistics,348.06,En transit,Retard transporteur
LIV01049,Entrepôt → Magasin,E04,Lille-Nord,E08,Nantes-Atlantique,P006,T-shirt homme,Textile,2025-09-17,2025-09-19,2,193,1404.7,Geodis,702.06,Retardé,Aucun
LIV01050,Entrepôt → Magasin,E05,Toulouse-Ouest,E06,Nice-Est,P001,Lait demi-écrémé,Alimentaire,2025-10-02,2025-10-07,5,1471,9723.0,DB Schenker,2251.47,En transit,Aucun
LIV01051,Fournisseur → Entrepôt,E04,Lille-Nord,E01,Paris-Rungis,P007,Jeans,Textile,2025-06-13,2025-06-17,4,1000,2165.0,Geodis,323.64,Livré,Aucun
LIV01052,Entrepôt → Magasin,E08,Nantes-Atlantique,E04,Lille-Nord,P007,Jeans,Textile,2025-04-30,2025-05-03,3,273,424.0,Geodis,191.89,Livré,Aucun
LIV01053,Entrepôt → Magasin,E01,Paris-Rungis,E05,Toulouse-Ouest,P001,Lait demi-écrémé,Alimentaire,2025-07-22,2025-07-27,5,850,6827.1,DB Schenker,1235.43,Livré,Aucun
LIV01054,Magasin → Magasin,E04,Lille-Nord,E03,Marseille-Port,P010,Casque audio,Électronique,2025-06-09,2025-06-13,4,1134,9829.8,DB Schenker,1128.57,Retardé,Aucun
LIV01055,Magasin → Magasin,E08,Nantes-Atlantique,E04,Lille-Nord,P009,TV 4K,Électronique,2025-10-26,2025-10-31,5,1320,13876.7,DB Schenker,3435.6,Livré,Retard transporteur
LIV01056,Entrepôt → Magasin,E07,Bordeaux-Centre,E06,Nice-Est,P007,Jeans,Textile,2025-01-18,2025-01-20,2,1495,3988.6,Geodis,977.89,Livré,Retard transporteur
LIV01057,Fournisseur → Entrepôt,E01,Paris-Rungis,E06,Nice-Est,P006,T-shirt homme,Textile,2025-12-31,2026-01-01,1,1400,9473.0,FM Logistic,2072.93,Livré,Aucun
LIV01058,Magasin → Magasin,E04,Lille-Nord,E02,Lyon-Sud,P004,Shampoing,Droguerie,2025-01-30,2025-02-02,3,1008,13799.6,DB Schenker,1440.17,Livré,Aucun
LIV01059,Fournisseur → Entrepôt,E04,Lille-Nord,E02,Lyon-Sud,P009,TV 4K,Électronique,2025-05-30,2025-05-31,1,815,1750.5,Geodis,639.55,Livré,Erreur quantité
LIV01060,Magasin → Magasin,E03,Marseille-Port,E06,Nice-Est,P009,TV 4K,Électronique,2025-02-14,2025-02-17,3,1483,15608.8,Geodis,2438.39,En transit,Casse
LIV01061,Entrepôt → Magasin,E06,Nice-Est,E01,Paris-Rungis,P009,TV 4K,Électronique,2025-04-21,2025-04-24,3,419,1814.0,FM Logistic,499.88,Livré,Aucun
LIV01062,Magasin → Magasin,E08,Nantes-Atlantique,E05,Toulouse-Ouest,P004,Shampoing,Droguerie,2025-05-26,2025-05-30,4,306,1417.8,Geodis,392.98,Livré,Aucun
LIV01063,Magasin → Magasin,E05,Toulouse-Ouest,E02,Lyon-Sud,P001,Lait demi-écrémé,Alimentaire,2025-11-13,2025-11-17,4,595,4549.8,DB Schenker,585.98,Livré,Aucun
LIV01064,Magasin → Magasin,E01,Paris-Rungis,E06,Nice-Est,P003,Pâtes 500g,Alimentaire,2025-10-26,2025-10-29,3,223,1445.7,DB Schenker,360.68,Livré,Aucun
LIV01065,Inter-entrepôts,E07,Bordeaux-Centre,E02,Lyon-Sud,P008,Smartphone,Électronique,2025-09-02,2025-09-04,2,467,840.9,FM Logistic,370.84,Livré,Aucun
LIV01066,Magasin → Magasin,E07,Bordeaux-Centre,E04,Lille-Nord,P004,Shampoing,Droguerie,2025-05-17,2025-05-18,1,534,6420.1,DHL Supply Chain,1614.42,Livré,Aucun
LIV01067,Magasin → Magasin,E06,Nice-Est,E07,Bordeaux-Centre,P003,Pâtes 500g,Alimentaire,2025-03-08,2025-03-11,3,831,10569.2,FM Logistic,1837.89,Retardé,Aucun
LIV01068,Inter-entrepôts,E02,Lyon-Sud,E05,Toulouse-Ouest,P006,T-shirt homme,Textile,2025-02-06,2025-02-10,4,223,878.4,DHL Supply Chain,280.83,Livré,Aucun
LIV01069,Entrepôt → Magasin,E06,Nice-Est,E01,Paris-Rungis,P001,Lait demi-écrémé,Alimentaire,2025-07-01,2025-07-05,4,542,5603.9,FM Logistic,1562.55,Livré,Aucun
LIV01070,Magasin → Magasin,E05,Toulouse-Ouest,E01,Paris-Rungis,P004,Shampoing,Droguerie,2025-10-07,2025-10-09,2,253,740.9,FM Logistic,291.6,En transit,Aucun
LIV01071,Fournisseur → Entrepôt,E03,Marseille-Port,E07,Bordeaux-Centre,P003,Pâtes 500g,Alimentaire,2025-05-12,2025-05-15,3,269,1215.3,Geodis,589.69,Livré,Aucun
LIV01072,Inter-entrepôts,E06,Nice-Est,E08,Nantes-Atlantique,P004,Shampoing,Droguerie,2025-06-08,2025-06-09,1,1007,6577.3,Geodis,1821.05,Livré,Aucun
LIV01073,Entrepôt → Magasin,E01,Paris-Rungis,E07,Bordeaux-Centre,P002,Riz 1kg,Alimentaire,2025-05-30,2025-06-03,4,465,4023.2,FM Logistic,1137.14,Livré,Retard transporteur
LIV01074,Inter-entrepôts,E06,Nice-Est,E05,Toulouse-Ouest,P005,Lessive,Droguerie,2025-05-25,2025-05-30,5,1464,615.5,DHL Supply Chain,210.69,Livré,Retard transporteur
LIV01075,Entrepôt → Magasin,E06,Nice-Est,E04,Lille-Nord,P009,TV 4K,Électronique,2025-06-23,2025-06-25,2,1242,454.7,DB Schenker,310.16,Livré,Aucun
LIV01076,Entrepôt → Magasin,E01,Paris-Rungis,E07,Bordeaux-Centre,P004,Shampoing,Droguerie,2025-01-15,2025-01-20,5,1228,13611.5,Geodis,1456.21,En transit,Aucun
LIV01077,Magasin → Magasin,E06,Nice-Est,E05,Toulouse-Ouest,P005,Lessive,Droguerie,2025-01-17,2025-01-19,2,1432,12324.0,DB Schenker,2160.54,Livré,Aucun
LIV01078,Magasin → Magasin,E03,Marseille-Port,E06,Nice-Est,P001,Lait demi-écrémé,Alimentaire,2025-03-28,2025-03-30,2,1136,15012.2,FM Logistic,2047.12,Livré,Erreur quantité
LIV01079,Entrepôt → Magasin,E06,Nice-Est,E05,Toulouse-Ouest,P009,TV 4K,Électronique,2025-01-14,2025-01-15,1,1086,12592.8,XPO Logistics,2291.54,Livré,Aucun
LIV01080,Magasin → Magasin,E03,Marseille-Port,E06,Nice-Est,P007,Jeans,Textile,2025-09-26,2025-09-30,4,1299,3449.8,XPO Logistics,1059.14,Livré,Casse
LIV01081,Entrepôt → Magasin,E08,Nantes-Atlantique,E01,Paris-Rungis,P001,Lait demi-écrémé,Alimentaire,2025-10-05,2025-10-06,1,878,7634.4,DHL Supply Chain,797.86,En transit,Aucun
LIV01082,Magasin → Magasin,E03,Marseille-Port,E01,Paris-Rungis,P006,T-shirt homme,Textile,2025-05-18,2025-05-19,1,723,9263.8,Geodis,2370.88,Annulé,Aucun
LIV01083,Inter-entrepôts,E08,Nantes-Atlantique,E06,Nice-Est,P003,Pâtes 500g,Alimentaire,2025-11-14,2025-11-16,2,1432,12941.0,DB Schenker,3676.44,Livré,Aucun
LIV01084,Inter-entrepôts,E05,Toulouse-Ouest,E06,Nice-Est,P003,Pâtes 500g,Alimentaire,2025-12-27,2025-12-31,4,420,3580.0,DB Schenker,1078.56,Livré,Aucun
LIV01085,Fournisseur → Entrepôt,E06,Nice-Est,E05,Toulouse-Ouest,P002,Riz 1kg,Alimentaire,2025-01-28,2025-02-02,5,298,3467.9,FM Logistic,1105.61,Livré,Retard transporteur
LIV01086,Fournisseur → Entrepôt,E08,Nantes-Atlantique,E07,Bordeaux-Centre,P003,Pâtes 500g,Alimentaire,2025-09-21,2025-09-23,2,547,3380.5,Geodis,530.1,Livré,Retard transporteur
LIV01087,Entrepôt → Magasin,E06,Nice-Est,E03,Marseille-Port,P009,TV 4K,Électronique,2025-09-07,2025-09-10,3,435,249.1,FM Logistic,248.83,Livré,Aucun
LIV01088,Entrepôt → Magasin,E05,Toulouse-Ouest,E01,Paris-Rungis,P007,Jeans,Textile,2025-08-28,2025-09-02,5,681,6483.2,FM Logistic,638.88,Livré,Aucun
LIV01089,Entrepôt → Magasin,E05,Toulouse-Ouest,E03,Marseille-Port,P005,Lessive,Droguerie,2025-10-05,2025-10-06,1,155,1328.0,DB Schenker,351.15,Livré,Aucun
LIV01090,Fournisseur → Entrepôt,E08,Nantes-Atlantique,E03,Marseille-Port,P010,Casque audio,Électronique,2025-05-12,2025-05-13,1,100,877.2,DHL Supply Chain,178.05,Retardé,Aucun
LIV01091,Fournisseur → Entrepôt,E01,Paris-Rungis,E05,Toulouse-Ouest,P003,Pâtes 500g,Alimentaire,2025-01-11,2025-01-12,1,1151,11135.6,DHL Supply Chain,783.64,Livré,Aucun
LIV01092,Fournisseur → Entrepôt,E04,Lille-Nord,E08,Nantes-Atlantique,P006,T-shirt homme,Textile,2025-08-17,2025-08-20,3,1414,3476.8,DB Schenker,1044.97,Livré,Retard transporteur
LIV01093,Magasin → Magasin,E01,Paris-Rungis,E07,Bordeaux-Centre,P009,TV 4K,Électronique,2025-05-18,2025-05-22,4,1238,13636.7,XPO Logistics,821.6,Livré,Aucun
LIV01094,Magasin → Magasin,E03,Marseille-Port,E04,Lille-Nord,P003,Pâtes 500g,Alimentaire,2025-05-31,2025-06-05,5,1332,19612.4,DB Schenker,2551.05,Livré,Aucun
LIV01095,Entrepôt → Magasin,E01,Paris-Rungis,E05,Toulouse-Ouest,P008,Smartphone,Électronique,2025-03-13,2025-03-16,3,1432,6098.8,DHL Supply Chain,1158.26,Livré,Erreur quantité
LIV01096,Inter-entrepôts,E05,Toulouse-Ouest,E06,Nice-Est,P008,Smartphone,Électronique,2025-09-06,2025-09-09,3,948,5668.3,DB Schenker,1922.65,Retardé,Aucun
LIV01097,Magasin → Magasin,E03,Marseille-Port,E07,Bordeaux-Centre,P009,TV 4K,Électronique,2025-11-05,2025-11-06,1,1275,2153.5,XPO Logistics,594.17,Livré,Retard transporteur
LIV01098,Fournisseur → Entrepôt,E08,Nantes-Atlantique,E03,Marseille-Port,P002,Riz 1kg,Alimentaire,2025-09-16,2025-09-17,1,550,7355.6,FM Logistic,834.81,Livré,Aucun
LIV01099,Magasin → Magasin,E06,Nice-Est,E04,Lille-Nord,P004,Shampoing,Droguerie,2025-04-20,2025-04-24,4,1147,13405.1,DHL Supply Chain,3469.44,En transit,Aucun
LIV01100,Fournisseur → Entrepôt,E06,Nice-Est,E03,Marseille-Port,P003,Pâtes 500g,Alimentaire,2025-06-19,2025-06-24,5,857,7279.8,DHL Supply Chain,2345.27,Livré,Aucun
LIV01101,Magasin → Magasin,E05,Toulouse-Ouest,E06,Nice-Est,P008,Smartphone,Électronique,2025-09-26,2025-09-28,2,1357,8403.3,Geodis,2435.49,Livré,Aucun
LIV01102,Inter-entrepôts,E06,Nice-Est,E03,Marseille-Port,P005,Lessive,Droguerie,2025-07-27,2025-07-30,3,707,9030.6,DB Schenker,1151.54,Livré,Aucun
LIV01103,Fournisseur → Entrepôt,E05,Toulouse-Ouest,E04,Lille-Nord,P001,Lait demi-écrémé,Alimentaire,2025-05-27,2025-05-28,1,1421,15030.6,XPO Logistics,2281.15,Livré,Aucun
LIV01104,Magasin → Magasin,E01,Paris-Rungis,E05,Toulouse-Ouest,P010,Casque audio,Électronique,2025-06-21,2025-06-22,1,144,1149.4,DB Schenker,439.24,Livré,Aucun
LIV01105,Fournisseur → Entrepôt,E06,Nice-Est,E05,Toulouse-Ouest,P005,Lessive,Droguerie,2025-03-25,2025-03-27,2,1187,9507.9,DB Schenker,818.42,En transit,Aucun
LIV01106,Entrepôt → Magasin,E08,Nantes-Atlantique,E07,Bordeaux-Centre,P008,Smartphone,Électronique,2025-02-14,2025-02-15,1,1074,413.9,DB Schenker,255.25,Livré,Aucun
LIV01107,Inter-entrepôts,E07,Bordeaux-Centre,E01,Paris-Rungis,P005,Lessive,Droguerie,2025-10-07,2025-10-12,5,15,195.5,XPO Logistics,236.08,Livré,Erreur quantité
LIV01108,Magasin → Magasin,E05,Toulouse-Ouest,E04,Lille-Nord,P005,Lessive,Droguerie,2025-11-06,2025-11-08,2,1312,6290.7,FM Logistic,1293.67,Livré,Aucun
LIV01109,Magasin → Magasin,E02,Lyon-Sud,E05,Toulouse-Ouest,P002,Riz 1kg,Alimentaire,2025-12-25,2025-12-30,5,1372,10102.8,Geodis,1792.24,Livré,Aucun
LIV01110,Fournisseur → Entrepôt,E04,Lille-Nord,E01,Paris-Rungis,P010,Casque audio,Électronique,2025-08-01,2025-08-04,3,342,3750.7,Geodis,1198.06,Livré,Aucun
LIV01111,Fournisseur → Entrepôt,E04,Lille-Nord,E07,Bordeaux-Centre,P002,Riz 1kg,Alimentaire,2025-03-10,2025-03-14,4,50,287.3,FM Logistic,236.94,Livré,Casse
LIV01112,Fournisseur → Entrepôt,E06,Nice-Est,E05,Toulouse-Ouest,P006,T-shirt homme,Textile,2025-10-03,2025-10-07,4,877,7653.1,FM Logistic,1366.59,Livré,Aucun
LIV01113,Entrepôt → Magasin,E04,Lille-Nord,E01,Paris-Rungis,P008,Smartphone,Électronique,2025-09-23,2025-09-25,2,933,12168.4,DB Schenker,1120.66,Livré,Aucun
LIV01114,Entrepôt → Magasin,E03,Marseille-Port,E07,Bordeaux-Centre,P004,Shampoing,Droguerie,2025-05-14,2025-05-17,3,1203,13036.9,XPO Logistics,1562.35,Livré,Aucun
LIV01115,Fournisseur → Entrepôt,E06,Nice-Est,E03,Marseille-Port,P008,Smartphone,Électronique,2025-02-09,2025-02-10,1,794,11837.8,DB Schenker,3158.19,En transit,Aucun
LIV01116,Inter-entrepôts,E07,Bordeaux-Centre,E02,Lyon-Sud,P003,Pâtes 500g,Alimentaire,2025-09-11,2025-09-12,1,325,1079.4,Geodis,387.85,Retardé,Aucun
LIV01117,Entrepôt → Magasin,E07,Bordeaux-Centre,E01,Paris-Rungis,P008,Smartphone,Électronique,2025-07-18,2025-07-20,2,617,2668.4,DHL Supply Chain,491.86,Livré,Aucun
LIV01118,Inter-entrepôts,E04,Lille-Nord,E07,Bordeaux-Centre,P006,T-shirt homme,Textile,2025-07-23,2025-07-26,3,161,1729.5,Geodis,560.57,Livré,Casse
LIV01119,Inter-entrepôts,E06,Nice-Est,E02,Lyon-Sud,P002,Riz 1kg,Alimentaire,2025-07-04,2025-07-05,1,560,5749.4,DHL Supply Chain,1769.34,Livré,Retard transporteur
LIV01120,Inter-entrepôts,E04,Lille-Nord,E07,Bordeaux-Centre,P007,Jeans,Textile,2025-09-17,2025-09-20,3,99,412.8,Geodis,312.24,Livré,Aucun
LIV01121,Inter-entrepôts,E04,Lille-Nord,E03,Marseille-Port,P005,Lessive,Droguerie,2025-12-02,2025-12-06,4,324,4275.3,XPO Logistics,760.78,Retardé,Casse
LIV01122,Entrepôt → Magasin,E07,Bordeaux-Centre,E01,Paris-Rungis,P002,Riz 1kg,Alimentaire,2025-04-26,2025-05-01,5,44,16.0,XPO Logistics,184.97,Livré,Aucun
LIV01123,Inter-entrepôts,E05,Toulouse-Ouest,E01,Paris-Rungis,P009,TV 4K,Électronique,2025-09-09,2025-09-10,1,776,5010.5,DB Schenker,1541.05,Livré,Aucun
LIV01124,Fournisseur → Entrepôt,E07,Bordeaux-Centre,E02,Lyon-Sud,P009,TV 4K,Électronique,2025-07-09,2025-07-14,5,1146,1410.3,DHL Supply Chain,531.18,En transit,Aucun
LIV01125,Fournisseur → Entrepôt,E07,Bordeaux-Centre,E05,Toulouse-Ouest,P009,TV 4K,Électronique,2025-01-22,2025-01-23,1,717,7767.7,FM Logistic,1626.44,En transit,Retard transporteur
LIV01126,Entrepôt → Magasin,E08,Nantes-Atlantique,E05,Toulouse-Ouest,P003,Pâtes 500g,Alimentaire,2025-07-27,2025-07-31,4,11,96.8,Geodis,137.83,Livré,Casse
LIV01127,Entrepôt → Magasin,E08,Nantes-Atlantique,E07,Bordeaux-Centre,P006,T-shirt homme,Textile,2025-01-08,2025-01-11,3,854,8785.3,Geodis,1544.96,Livré,Aucun
LIV01128,Magasin → Magasin,E06,Nice-Est,E05,Toulouse-Ouest,P007,Jeans,Textile,2025-10-30,2025-11-03,4,1467,15806.7,Geodis,1529.95,Livré,Aucun
LIV01129,Entrepôt → Magasin,E07,Bordeaux-Centre,E02,Lyon-Sud,P002,Riz 1kg,Alimentaire,2025-10-21,2025-10-22,1,86,1070.8,XPO Logistics,449.11,En transit,Aucun
LIV01130,Magasin → Magasin,E04,Lille-Nord,E03,Marseille-Port,P010,Casque audio,Électronique,2025-02-10,2025-02-11,1,626,9224.8,Geodis,862.57,En transit,Aucun
LIV01131,Inter-entrepôts,E03,Marseille-Port,E02,Lyon-Sud,P003,Pâtes 500g,Alimentaire,2025-10-11,2025-10-15,4,1401,18054.5,DB Schenker,5369.46,Livré,Aucun
LIV01132,Fournisseur → Entrepôt,E05,Toulouse-Ouest,E02,Lyon-Sud,P003,Pâtes 500g,Alimentaire,2025-05-14,2025-05-19,5,329,924.8,Geodis,188.86,Livré,Aucun
LIV01133,Entrepôt → Magasin,E01,Paris-Rungis,E02,Lyon-Sud,P004,Shampoing,Droguerie,2025-03-08,2025-03-12,4,1088,15332.3,DB Schenker,1638.04,Livré,Aucun
LIV01134,Entrepôt → Magasin,E08,Nantes-Atlantique,E05,Toulouse-Ouest,P002,Riz 1kg,Alimentaire,2025-04-30,2025-05-03,3,481,5510.5,DHL Supply Chain,1401.13,Livré,Casse
LIV01135,Inter-entrepôts,E05,Toulouse-Ouest,E07,Bordeaux-Centre,P009,TV 4K,Électronique,2025-05-21,2025-05-25,4,1009,12166.3,FM Logistic,1752.73,Livré,Erreur quantité
LIV01136,Magasin → Magasin,E08,Nantes-Atlantique,E05,Toulouse-Ouest,P006,T-shirt homme,Textile,2025-04-21,2025-04-25,4,151,2054.4,Geodis,201.81,Livré,Aucun
LIV01137,Magasin → Magasin,E04,Lille-Nord,E02,Lyon-Sud,P007,Jeans,Textile,2025-01-29,2025-01-31,2,1003,14284.4,XPO Logistics,4193.88,Livré,Aucun
LIV01138,Magasin → Magasin,E02,Lyon-Sud,E05,Toulouse-Ouest,P004,Shampoing,Droguerie,2025-08-08,2025-08-10,2,1213,2959.8,DHL Supply Chain,585.25,Livré,Aucun
LIV01139,Magasin → Magasin,E04,Lille-Nord,E06,Nice-Est,P003,Pâtes 500g,Alimentaire,2025-12-20,2025-12-23,3,407,5784.0,XPO Logistics,634.91,Livré,Aucun
LIV01140,Inter-entrepôts,E04,Lille-Nord,E02,Lyon-Sud,P009,TV 4K,Électronique,2025-02-12,2025-02-14,2,1034,14579.9,Geodis,2145.65,Livré,Aucun
LIV01141,Magasin → Magasin,E03,Marseille-Port,E05,Toulouse-Ouest,P001,Lait demi-écrémé,Alimentaire,2025-10-25,2025-10-28,3,96,1267.1,DB Schenker,580.79,Livré,Aucun
LIV01142,Inter-entrepôts,E03,Marseille-Port,E06,Nice-Est,P003,Pâtes 500g,Alimentaire,2025-05-09,2025-05-12,3,804,5474.3,XPO Logistics,526.02,Livré,Aucun
LIV01143,Fournisseur → Entrepôt,E01,Paris-Rungis,E04,Lille-Nord,P007,Jeans,Textile,2025-03-22,2025-03-27,5,1426,4393.3,DB Schenker,1090.35,Livré,Casse
LIV01144,Inter-entrepôts,E04,Lille-Nord,E07,Bordeaux-Centre,P009,TV 4K,Électronique,2025-08-17,2025-08-22,5,1328,18812.6,FM Logistic,2864.31,Livré,Retard transporteur
LIV01145,Entrepôt → Magasin,E06,Nice-Est,E02,Lyon-Sud,P001,Lait demi-écrémé,Alimentaire,2025-10-24,2025-10-27,3,706,6038.0,DB Schenker,983.84,Livré,Erreur quantité
LIV01146,Magasin → Magasin,E03,Marseille-Port,E02,Lyon-Sud,P003,Pâtes 500g,Alimentaire,2025-12-24,2025-12-26,2,38,14.6,FM Logistic,156.09,En transit,Aucun
LIV01147,Fournisseur → Entrepôt,E05,Toulouse-Ouest,E04,Lille-Nord,P008,Smartphone,Électronique,2025-05-26,2025-05-30,4,1482,14171.7,DB Schenker,2184.69,Livré,Aucun
LIV01148,Magasin → Magasin,E06,Nice-Est,E01,Paris-Rungis,P009,TV 4K,Électronique,2025-11-23,2025-11-27,4,1180,2719.6,Geodis,870.51,Retardé,Casse
LIV01149,Inter-entrepôts,E06,Nice-Est,E08,Nantes-Atlantique,P003,Pâtes 500g,Alimentaire,2025-12-13,2025-12-16,3,1310,13256.5,Geodis,1744.83,En transit,Aucun
LIV01150,Fournisseur → Entrepôt,E06,Nice-Est,E07,Bordeaux-Centre,P007,Jeans,Textile,2025-04-02,2025-04-05,3,156,374.3,FM Logistic,241.87,En transit,Aucun
LIV01151,Fournisseur → Entrepôt,E01,Paris-Rungis,E07,Bordeaux-Centre,P006,T-shirt homme,Textile,2025-10-19,2025-10-23,4,628,4655.3,DB Schenker,677.88,Livré,Retard transporteur
LIV01152,Inter-entrepôts,E03,Marseille-Port,E01,Paris-Rungis,P007,Jeans,Textile,2025-06-13,2025-06-16,3,1497,16568.5,DB Schenker,1561.28,Livré,Erreur quantité
LIV01153,Entrepôt → Magasin,E04,Lille-Nord,E05,Toulouse-Ouest,P002,Riz 1kg,Alimentaire,2025-06-26,2025-06-28,2,1466,6182.7,DHL Supply Chain,1598.52,Livré,Aucun
LIV01154,Inter-entrepôts,E01,Paris-Rungis,E06,Nice-Est,P006,T-shirt homme,Textile,2025-05-04,2025-05-05,1,391,1057.2,DHL Supply Chain,383.33,En transit,Aucun
LIV01155,Fournisseur → Entrepôt,E08,Nantes-Atlantique,E05,Toulouse-Ouest,P008,Smartphone,Électronique,2025-02-01,2025-02-05,4,907,8945.5,XPO Logistics,2063.76,Livré,Aucun
LIV01156,Entrepôt → Magasin,E08,Nantes-Atlantique,E06,Nice-Est,P001,Lait demi-écrémé,Alimentaire,2025-08-24,2025-08-29,5,172,1908.8,DB Schenker,677.92,Livré,Aucun
LIV01157,Entrepôt → Magasin,E06,Nice-Est,E04,Lille-Nord,P010,Casque audio,Électronique,2025-11-24,2025-11-27,3,273,502.4,Geodis,288.52,Livré,Aucun
LIV01158,Fournisseur → Entrepôt,E05,Toulouse-Ouest,E06,Nice-Est,P002,Riz 1kg,Alimentaire,2025-01-28,2025-01-29,1,909,2538.3,FM Logistic,316.82,En transit,Aucun
LIV01159,Inter-entrepôts,E01,Paris-Rungis,E04,Lille-Nord,P010,Casque audio,Électronique,2025-11-04,2025-11-06,2,43,463.6,Geodis,135.34,Livré,Aucun
LIV01160,Magasin → Magasin,E01,Paris-Rungis,E07,Bordeaux-Centre,P005,Lessive,Droguerie,2025-12-17,2025-12-19,2,163,118.9,FM Logistic,262.75,Livré,Aucun
LIV01161,Magasin → Magasin,E06,Nice-Est,E01,Paris-Rungis,P007,Jeans,Textile,2025-08-01,2025-08-02,1,891,6094.1,XPO Logistics,1750.41,Livré,Aucun
LIV01162,Fournisseur → Entrepôt,E02,Lyon-Sud,E04,Lille-Nord,P007,Jeans,Textile,2025-01-11,2025-01-16,5,729,1509.4,Geodis,629.76,Livré,Aucun
LIV01163,Fournisseur → Entrepôt,E04,Lille-Nord,E06,Nice-Est,P007,Jeans,Textile,2025-02-28,2025-03-01,1,695,1456.6,Geodis,329.04,Livré,Aucun
LIV01164,Fournisseur → Entrepôt,E04,Lille-Nord,E08,Nantes-Atlantique,P006,T-shirt homme,Textile,2025-11-12,2025-11-14,2,549,1067.5,DB Schenker,370.02,Livré,Aucun
LIV01165,Magasin → Magasin,E03,Marseille-Port,E04,Lille-Nord,P006,T-shirt homme,Textile,2025-04-21,2025-04-22,1,1441,1195.6,XPO Logistics,393.75,Livré,Aucun
LIV01166,Fournisseur → Entrepôt,E01,Paris-Rungis,E06,Nice-Est,P005,Lessive,Droguerie,2025-06-14,2025-06-16,2,625,8698.8,DHL Supply Chain,1787.64,En transit,Aucun
LIV01167,Inter-entrepôts,E06,Nice-Est,E08,Nantes-Atlantique,P004,Shampoing,Droguerie,2025-05-01,2025-05-05,4,89,156.4,XPO Logistics,291.07,Livré,Aucun
LIV01168,Entrepôt → Magasin,E02,Lyon-Sud,E08,Nantes-Atlantique,P005,Lessive,Droguerie,2025-01-31,2025-02-01,1,1228,11400.8,Geodis,2100.77,Livré,Aucun
LIV01169,Inter-entrepôts,E03,Marseille-Port,E06,Nice-Est,P009,TV 4K,Électronique,2025-08-18,2025-08-21,3,167,873.5,DB Schenker,448.73,Livré,Retard transporteur
LIV01170,Inter-entrepôts,E05,Toulouse-Ouest,E07,Bordeaux-Centre,P006,T-shirt homme,Textile,2025-01-23,2025-01-25,2,839,5510.3,FM Logistic,1333.54,Livré,Aucun
LIV01171,Magasin → Magasin,E07,Bordeaux-Centre,E03,Marseille-Port,P009,TV 4K,Électronique,2025-02-02,2025-02-03,1,86,448.4,DHL Supply Chain,221.93,Livré,Aucun
LIV01172,Inter-entrepôts,E05,Toulouse-Ouest,E02,Lyon-Sud,P001,Lait demi-écrémé,Alimentaire,2025-08-07,2025-08-11,4,974,7418.0,Geodis,1544.84,Livré,Aucun
LIV01173,Magasin → Magasin,E01,Paris-Rungis,E06,Nice-Est,P003,Pâtes 500g,Alimentaire,2025-05-09,2025-05-10,1,1040,9632.8,XPO Logistics,1158.5,Livré,Retard transporteur
LIV01174,Inter-entrepôts,E02,Lyon-Sud,E04,Lille-Nord,P008,Smartphone,Électronique,2025-10-23,2025-10-25,2,122,1044.4,DHL Supply Chain,475.5,Livré,Retard transporteur
LIV01175,Inter-entrepôts,E01,Paris-Rungis,E02,Lyon-Sud,P008,Smartphone,Électronique,2025-03-19,2025-03-24,5,676,7491.7,FM Logistic,1792.03,En transit,Aucun
LIV01176,Magasin → Magasin,E07,Bordeaux-Centre,E08,Nantes-Atlantique,P002,Riz 1kg,Alimentaire,2025-02-14,2025-02-15,1,1145,4902.6,DHL Supply Chain,1276.69,Livré,Aucun
LIV01177,Magasin → Magasin,E08,Nantes-Atlantique,E02,Lyon-Sud,P007,Jeans,Textile,2025-01-11,2025-01-16,5,864,3161.7,DB Schenker,898.46,Livré,Aucun
LIV01178,Entrepôt → Magasin,E07,Bordeaux-Centre,E04,Lille-Nord,P007,Jeans,Textile,2025-11-26,2025-11-30,4,886,377.6,Geodis,225.03,Livré,Aucun
LIV01179,Fournisseur → Entrepôt,E01,Paris-Rungis,E07,Bordeaux-Centre,P010,Casque audio,Électronique,2025-01-28,2025-02-02,5,456,425.4,FM Logistic,184.52,Livré,Aucun
LIV01180,Entrepôt → Magasin,E06,Nice-Est,E03,Marseille-Port,P007,Jeans,Textile,2025-06-01,2025-06-04,3,169,1504.1,DHL Supply Chain,600.48,En transit,Aucun
LIV01181,Entrepôt → Magasin,E07,Bordeaux-Centre,E01,Paris-Rungis,P006,T-shirt homme,Textile,2025-01-07,2025-01-09,2,1231,11872.6,FM Logistic,3623.38,Livré,Aucun
LIV01182,Entrepôt → Magasin,E02,Lyon-Sud,E07,Bordeaux-Centre,P005,Lessive,Droguerie,2025-11-09,2025-11-14,5,441,2810.0,Geodis,709.6,Livré,Retard transporteur
LIV01183,Magasin → Magasin,E08,Nantes-Atlantique,E03,Marseille-Port,P010,Casque audio,Électronique,2025-12-23,2025-12-24,1,253,2927.8,Geodis,598.33,Livré,Aucun
LIV01184,Fournisseur → Entrepôt,E04,Lille-Nord,E08,Nantes-Atlantique,P008,Smartphone,Électronique,2025-06-23,2025-06-25,2,225,1166.9,XPO Logistics,399.54,Livré,Aucun
LIV01185,Fournisseur → Entrepôt,E01,Paris-Rungis,E07,Bordeaux-Centre,P009,TV 4K,Électronique,2025-05-07,2025-05-12,5,816,674.0,FM Logistic,262.84,Livré,Aucun
LIV01186,Magasin → Magasin,E08,Nantes-Atlantique,E07,Bordeaux-Centre,P006,T-shirt homme,Textile,2025-07-22,2025-07-26,4,762,9788.2,DB Schenker,2509.83,Livré,Aucun
LIV01187,Magasin → Magasin,E05,Toulouse-Ouest,E02,Lyon-Sud,P010,Casque audio,Électronique,2025-03-11,2025-03-15,4,12,95.0,Geodis,173.35,Livré,Retard transporteur
LIV01188,Inter-entrepôts,E08,Nantes-Atlantique,E05,Toulouse-Ouest,P002,Riz 1kg,Alimentaire,2025-01-02,2025-01-03,1,16,63.4,DB Schenker,271.8,Livré,Retard transporteur
LIV01189,Entrepôt → Magasin,E07,Bordeaux-Centre,E01,Paris-Rungis,P010,Casque audio,Électronique,2025-12-17,2025-12-22,5,60,526.7,Geodis,298.17,Livré,Aucun
LIV01190,Magasin → Magasin,E07,Bordeaux-Centre,E01,Paris-Rungis,P010,Casque audio,Électronique,2025-01-10,2025-01-14,4,821,3393.0,DB Schenker,594.97,Livré,Aucun
LIV01191,Magasin → Magasin,E02,Lyon-Sud,E05,Toulouse-Ouest,P003,Pâtes 500g,Alimentaire,2025-03-06,2025-03-08,2,964,10064.5,Geodis,2804.36,Livré,Aucun
LIV01192,Inter-entrepôts,E07,Bordeaux-Centre,E01,Paris-Rungis,P003,Pâtes 500g,Alimentaire,2025-09-25,2025-09-28,3,854,4721.6,DB Schenker,712.43,Livré,Aucun
LIV01193,Magasin → Magasin,E07,Bordeaux-Centre,E03,Marseille-Port,P010,Casque audio,Électronique,2025-10-22,2025-10-24,2,403,4082.2,Geodis,781.75,Livré,Aucun
LIV01194,Entrepôt → Magasin,E03,Marseille-Port,E02,Lyon-Sud,P009,TV 4K,Électronique,2025-05-31,2025-06-05,5,912,5778.5,XPO Logistics,1548.74,Livré,Aucun
LIV01195,Magasin → Magasin,E04,Lille-Nord,E05,Toulouse-Ouest,P001,Lait demi-écrémé,Alimentaire,2025-11-14,2025-11-15,1,1058,5438.7,DHL Supply Chain,977.96,Livré,Aucun
LIV01196,Inter-entrepôts,E02,Lyon-Sud,E06,Nice-Est,P004,Shampoing,Droguerie,2025-12-01,2025-12-04,3,378,4061.3,DHL Supply Chain,308.96,Retardé,Aucun
LIV01197,Fournisseur → Entrepôt,E03,Marseille-Port,E08,Nantes-Atlantique,P004,Shampoing,Droguerie,2025-06-01,2025-06-05,4,1493,21308.8,Geodis,1550.56,Retardé,Erreur quantité
LIV01198,Magasin → Magasin,E08,Nantes-Atlantique,E04,Lille-Nord,P001,Lait demi-écrémé,Alimentaire,2025-09-25,2025-09-30,5,847,804.7,FM Logistic,330.56,Livré,Aucun
LIV01199,Magasin → Magasin,E03,Marseille-Port,E07,Bordeaux-Centre,P005,Lessive,Droguerie,2025-03-08,2025-03-11,3,873,4888.7,Geodis,598.45,Livré,Aucun
LIV01200,Fournisseur → Entrepôt,E05,Toulouse-Ouest,E07,Bordeaux-Centre,P006,T-shirt homme,Textile,2025-01-10,2025-01-12,2,1186,9953.9,DHL Supply Chain,1250.45,Livré,Aucun
LIV01201,Entrepôt → Magasin,E02,Lyon-Sud,E04,Lille-Nord,P005,Lessive,Droguerie,2025-11-07,2025-11-12,5,811,12122.5,XPO Logistics,1250.46,En transit,Erreur quantité
LIV01202,Inter-entrepôts,E02,Lyon-Sud,E04,Lille-Nord,P004,Shampoing,Droguerie,2025-01-12,2025-01-16,4,44,314.8,FM Logistic,360.66,Livré,Aucun
LIV01203,Magasin → Magasin,E07,Bordeaux-Centre,E01,Paris-Rungis,P002,Riz 1kg,Alimentaire,2025-07-03,2025-07-04,1,1065,11447.2,DB Schenker,2502.59,Retardé,Casse
LIV01204,Fournisseur → Entrepôt,E02,Lyon-Sud,E03,Marseille-Port,P010,Casque audio,Électronique,2025-09-28,2025-09-30,2,1244,18509.8,XPO Logistics,4504.47,En transit,Aucun
LIV01205,Magasin → Magasin,E02,Lyon-Sud,E04,Lille-Nord,P008,Smartphone,Électronique,2025-12-29,2026-01-01,3,306,4066.2,XPO Logistics,478.03,Livré,Aucun
LIV01206,Entrepôt → Magasin,E04,Lille-Nord,E06,Nice-Est,P006,T-shirt homme,Textile,2025-12-11,2025-12-12,1,1341,14417.8,DB Schenker,1098.04,Livré,Retard transporteur
LIV01207,Entrepôt → Magasin,E01,Paris-Rungis,E08,Nantes-Atlantique,P006,T-shirt homme,Textile,2025-04-08,2025-04-11,3,1001,12004.8,XPO Logistics,3360.22,En transit,Aucun
LIV01208,Magasin → Magasin,E08,Nantes-Atlantique,E02,Lyon-Sud,P004,Shampoing,Droguerie,2025-07-19,2025-07-20,1,561,1659.0,Geodis,308.18,Annulé,Aucun
LIV01209,Magasin → Magasin,E04,Lille-Nord,E02,Lyon-Sud,P010,Casque audio,Électronique,2025-06-11,2025-06-15,4,861,9229.2,XPO Logistics,2118.13,En transit,Aucun
LIV01210,Fournisseur → Entrepôt,E04,Lille-Nord,E05,Toulouse-Ouest,P005,Lessive,Droguerie,2025-10-07,2025-10-10,3,163,1111.8,XPO Logistics,263.01,Livré,Aucun
LIV01211,Entrepôt → Magasin,E07,Bordeaux-Centre,E01,Paris-Rungis,P005,Lessive,Droguerie,2025-07-20,2025-07-21,1,173,1304.6,Geodis,219.86,Livré,Aucun
LIV01212,Entrepôt → Magasin,E03,Marseille-Port,E04,Lille-Nord,P007,Jeans,Textile,2025-12-13,2025-12-18,5,424,5767.4,XPO Logistics,1546.1,Livré,Aucun
LIV01213,Magasin → Magasin,E04,Lille-Nord,E07,Bordeaux-Centre,P009,TV 4K,Électronique,2025-08-31,2025-09-04,4,990,5862.4,Geodis,758.73,Livré,Erreur quantité
LIV01214,Fournisseur → Entrepôt,E06,Nice-Est,E01,Paris-Rungis,P004,Shampoing,Droguerie,2025-08-20,2025-08-23,3,1359,17949.2,DB Schenker,4578.48,En transit,Aucun
LIV01215,Magasin → Magasin,E06,Nice-Est,E02,Lyon-Sud,P010,Casque audio,Électronique,2025-04-25,2025-04-29,4,990,5564.4,DB Schenker,669.33,Livré,Aucun
LIV01216,Entrepôt → Magasin,E04,Lille-Nord,E08,Nantes-Atlantique,P005,Lessive,Droguerie,2025-10-27,2025-11-01,5,1182,4642.9,DB Schenker,958.29,Livré,Aucun
LIV01217,Inter-entrepôts,E03,Marseille-Port,E07,Bordeaux-Centre,P001,Lait demi-écrémé,Alimentaire,2025-10-24,2025-10-27,3,907,720.4,XPO Logistics,197.3,En transit,Aucun
LIV01218,Entrepôt → Magasin,E02,Lyon-Sud,E06,Nice-Est,P008,Smartphone,Électronique,2025-07-17,2025-07-22,5,346,4349.9,XPO Logistics,549.8,Livré,Aucun
LIV01219,Magasin → Magasin,E02,Lyon-Sud,E08,Nantes-Atlantique,P006,T-shirt homme,Textile,2025-12-20,2025-12-25,5,487,2089.2,FM Logistic,856.91,Livré,Aucun
LIV01220,Magasin → Magasin,E04,Lille-Nord,E06,Nice-Est,P006,T-shirt homme,Textile,2025-06-09,2025-06-12,3,371,4491.3,FM Logistic,496.53,Annulé,Aucun
LIV01221,Entrepôt → Magasin,E05,Toulouse-Ouest,E07,Bordeaux-Centre,P007,Jeans,Textile,2025-09-21,2025-09-26,5,798,8481.4,Geodis,2515.95,Retardé,Aucun
LIV01222,Magasin → Magasin,E07,Bordeaux-Centre,E02,Lyon-Sud,P005,Lessive,Droguerie,2025-12-03,2025-12-05,2,1008,2755.6,DHL Supply Chain,606.68,Livré,Aucun
LIV01223,Inter-entrepôts,E08,Nantes-Atlantique,E07,Bordeaux-Centre,P009,TV 4K,Électronique,2025-02-13,2025-02-16,3,842,1770.0,DHL Supply Chain,568.55,Livré,Aucun
LIV01224,Entrepôt → Magasin,E04,Lille-Nord,E07,Bordeaux-Centre,P009,TV 4K,Électronique,2025-09-11,2025-09-13,2,139,637.9,Geodis,438.66,Retardé,Aucun
LIV01225,Magasin → Magasin,E07,Bordeaux-Centre,E04,Lille-Nord,P002,Riz 1kg,Alimentaire,2025-08-06,2025-08-08,2,646,7284.9,DHL Supply Chain,1772.41,Livré,Aucun
LIV01226,Magasin → Magasin,E07,Bordeaux-Centre,E02,Lyon-Sud,P002,Riz 1kg,Alimentaire,2025-09-15,2025-09-17,2,378,1847.2,DHL Supply Chain,562.65,Livré,Aucun
LIV01227,Magasin → Magasin,E08,Nantes-Atlantique,E01,Paris-Rungis,P008,Smartphone,Électronique,2025-02-22,2025-02-26,4,917,1515.3,DB Schenker,393.56,Livré,Aucun
LIV01228,Magasin → Magasin,E06,Nice-Est,E07,Bordeaux-Centre,P003,Pâtes 500g,Alimentaire,2025-04-09,2025-04-12,3,319,2898.3,Geodis,484.28,En transit,Aucun
LIV01229,Inter-entrepôts,E08,Nantes-Atlantique,E02,Lyon-Sud,P005,Lessive,Droguerie,2025-06-24,2025-06-27,3,273,4077.5,DB Schenker,959.47,En transit,Erreur quantité
LIV01230,Fournisseur → Entrepôt,E03,Marseille-Port,E08,Nantes-Atlantique,P003,Pâtes 500g,Alimentaire,2025-02-03,2025-02-08,5,241,3000.9,DHL Supply Chain,561.21,En transit,Erreur quantité
LIV01231,Entrepôt → Magasin,E07,Bordeaux-Centre,E04,Lille-Nord,P008,Smartphone,Électronique,2025-12-01,2025-12-05,4,1376,12664.9,DB Schenker,3330.03,Livré,Retard transporteur
LIV01232,Fournisseur → Entrepôt,E04,Lille-Nord,E06,Nice-Est,P004,Shampoing,Droguerie,2025-04-09,2025-04-13,4,616,1645.9,XPO Logistics,266.98,Livré,Aucun
LIV01233,Inter-entrepôts,E02,Lyon-Sud,E01,Paris-Rungis,P002,Riz 1kg,Alimentaire,2025-03-24,2025-03-27,3,624,6590.8,FM Logistic,1315.22,Livré,Aucun
LIV01234,Fournisseur → Entrepôt,E08,Nantes-Atlantique,E04,Lille-Nord,P001,Lait demi-écrémé,Alimentaire,2025-04-30,2025-05-01,1,1449,17575.0,FM Logistic,1044.08,Livré,Aucun
LIV01235,Inter-entrepôts,E03,Marseille-Port,E01,Paris-Rungis,P002,Riz 1kg,Alimentaire,2025-05-17,2025-05-19,2,685,3293.0,DHL Supply Chain,762.97,Livré,Aucun
LIV01236,Inter-entrepôts,E07,Bordeaux-Centre,E05,Toulouse-Ouest,P007,Jeans,Textile,2025-05-01,2025-05-05,4,1305,16730.5,FM Logistic,2309.83,Livré,Retard transporteur
LIV01237,Entrepôt → Magasin,E01,Paris-Rungis,E07,Bordeaux-Centre,P007,Jeans,Textile,2025-04-10,2025-04-12,2,854,11045.4,Geodis,2845.78,Livré,Aucun
LIV01238,Fournisseur → Entrepôt,E03,Marseille-Port,E08,Nantes-Atlantique,P010,Casque audio,Électronique,2025-05-31,2025-06-02,2,1271,11775.1,DHL Supply Chain,1070.38,Livré,Aucun
LIV01239,Fournisseur → Entrepôt,E04,Lille-Nord,E07,Bordeaux-Centre,P006,T-shirt homme,Textile,2025-01-26,2025-01-30,4,1243,12500.1,FM Logistic,2409.56,Livré,Aucun
LIV01240,Magasin → Magasin,E03,Marseille-Port,E08,Nantes-Atlantique,P002,Riz 1kg,Alimentaire,2025-02-18,2025-02-20,2,47,163.0,FM Logistic,212.32,Livré,Aucun
LIV01241,Entrepôt → Magasin,E02,Lyon-Sud,E04,Lille-Nord,P001,Lait demi-écrémé,Alimentaire,2025-12-08,2025-12-11,3,1283,6974.2,Geodis,1164.47,Livré,Aucun
LIV01242,Magasin → Magasin,E01,Paris-Rungis,E03,Marseille-Port,P001,Lait demi-écrémé,Alimentaire,2025-06-08,2025-06-09,1,22,286.2,Geodis,333.43,Livré,Aucun
LIV01243,Entrepôt → Magasin,E04,Lille-Nord,E01,Paris-Rungis,P005,Lessive,Droguerie,2025-04-19,2025-04-21,2,862,270.9,Geodis,153.27,Livré,Aucun
LIV01244,Entrepôt → Magasin,E06,Nice-Est,E03,Marseille-Port,P010,Casque audio,Électronique,2025-06-20,2025-06-25,5,1303,14548.5,FM Logistic,3161.79,Livré,Aucun
LIV01245,Entrepôt → Magasin,E07,Bordeaux-Centre,E08,Nantes-Atlantique,P010,Casque audio,Électronique,2025-12-03,2025-12-04,1,1243,16165.2,FM Logistic,1880.93,Livré,Aucun
LIV01246,Inter-entrepôts,E01,Paris-Rungis,E08,Nantes-Atlantique,P006,T-shirt homme,Textile,2025-10-21,2025-10-24,3,1120,10782.1,Geodis,2714.53,Livré,Aucun
LIV01247,Magasin → Magasin,E01,Paris-Rungis,E02,Lyon-Sud,P002,Riz 1kg,Alimentaire,2025-06-24,2025-06-26,2,862,487.2,XPO Logistics,173.81,Livré,Aucun
LIV01248,Fournisseur → Entrepôt,E08,Nantes-Atlantique,E02,Lyon-Sud,P003,Pâtes 500g,Alimentaire,2025-01-31,2025-02-01,1,1204,7689.4,Geodis,2345.76,Livré,Retard transporteur
LIV01249,Fournisseur → Entrepôt,E04,Lille-Nord,E02,Lyon-Sud,P006,T-shirt homme,Textile,2025-08-10,2025-08-12,2,641,6573.0,FM Logistic,2154.58,En transit,Aucun
LIV01250,Entrepôt → Magasin,E05,Toulouse-Ouest,E06,Nice-Est,P008,Smartphone,Électronique,2025-01-23,2025-01-26,3,853,3720.1,DHL Supply Chain,1140.27,Livré,Erreur quantité
LIV01251,Inter-entrepôts,E03,Marseille-Port,E07,Bordeaux-Centre,P005,Lessive,Droguerie,2025-01-17,2025-01-20,3,1317,17676.4,FM Logistic,4445.89,En transit,Aucun
LIV01252,Inter-entrepôts,E06,Nice-Est,E02,Lyon-Sud,P010,Casque audio,Électronique,2025-02-20,2025-02-21,1,490,3842.8,DHL Supply Chain,1006.14,Livré,Aucun
LIV01253,Magasin → Magasin,E01,Paris-Rungis,E06,Nice-Est,P006,T-shirt homme,Textile,2025-03-21,2025-03-22,1,1049,14406.8,Geodis,2093.15,Retardé,Aucun
LIV01254,Fournisseur → Entrepôt,E04,Lille-Nord,E06,Nice-Est,P005,Lessive,Droguerie,2025-03-15,2025-03-20,5,38,29.7,DB Schenker,226.6,Livré,Erreur quantité
LIV01255,Fournisseur → Entrepôt,E08,Nantes-Atlantique,E05,Toulouse-Ouest,P004,Shampoing,Droguerie,2025-11-08,2025-11-13,5,102,318.1,Geodis,180.84,Livré,Aucun
LIV01256,Fournisseur → Entrepôt,E07,Bordeaux-Centre,E05,Toulouse-Ouest,P005,Lessive,Droguerie,2025-09-23,2025-09-26,3,430,4502.5,XPO Logistics,919.56,Retardé,Aucun
LIV01257,Fournisseur → Entrepôt,E01,Paris-Rungis,E07,Bordeaux-Centre,P010,Casque audio,Électronique,2025-06-28,2025-06-29,1,570,290.5,DHL Supply Chain,86.66,Livré,Aucun
LIV01258,Entrepôt → Magasin,E08,Nantes-Atlantique,E01,Paris-Rungis,P001,Lait demi-écrémé,Alimentaire,2025-01-20,2025-01-23,3,1064,13140.8,XPO Logistics,1871.41,Livré,Aucun
LIV01259,Inter-entrepôts,E05,Toulouse-Ouest,E06,Nice-Est,P002,Riz 1kg,Alimentaire,2025-01-05,2025-01-10,5,592,6081.2,XPO Logistics,687.25,Livré,Aucun
LIV01260,Fournisseur → Entrepôt,E06,Nice-Est,E04,Lille-Nord,P002,Riz 1kg,Alimentaire,2025-05-20,2025-05-23,3,217,3053.3,FM Logistic,888.0,Livré,Aucun
LIV01261,Magasin → Magasin,E01,Paris-Rungis,E02,Lyon-Sud,P001,Lait demi-écrémé,Alimentaire,2025-11-10,2025-11-12,2,1364,2999.8,Geodis,597.17,Livré,Retard transporteur
LIV01262,Entrepôt → Magasin,E02,Lyon-Sud,E08,Nantes-Atlantique,P005,Lessive,Droguerie,2025-09-21,2025-09-23,2,332,1322.1,XPO Logistics,498.33,Livré,Casse
LIV01263,Magasin → Magasin,E02,Lyon-Sud,E03,Marseille-Port,P002,Riz 1kg,Alimentaire,2025-07-18,2025-07-22,4,1472,12636.5,Geodis,2541.99,En transit,Aucun
LIV01264,Entrepôt → Magasin,E03,Marseille-Port,E07,Bordeaux-Centre,P004,Shampoing,Droguerie,2025-04-23,2025-04-24,1,261,1688.8,DHL Supply Chain,474.58,Annulé,Aucun
LIV01265,Magasin → Magasin,E04,Lille-Nord,E02,Lyon-Sud,P004,Shampoing,Droguerie,2025-10-08,2025-10-10,2,805,6216.7,XPO Logistics,575.59,Livré,Retard transporteur
LIV01266,Entrepôt → Magasin,E08,Nantes-Atlantique,E03,Marseille-Port,P010,Casque audio,Électronique,2025-11-26,2025-11-27,1,652,9601.8,Geodis,2009.12,Livré,Aucun
LIV01267,Fournisseur → Entrepôt,E06,Nice-Est,E01,Paris-Rungis,P010,Casque audio,Électronique,2025-05-19,2025-05-21,2,1084,10540.6,DHL Supply Chain,1783.8,Livré,Erreur quantité
LIV01268,Inter-entrepôts,E02,Lyon-Sud,E01,Paris-Rungis,P009,TV 4K,Électronique,2025-09-09,2025-09-11,2,966,4360.8,Geodis,1514.1,En transit,Aucun
LIV01269,Fournisseur → Entrepôt,E08,Nantes-Atlantique,E07,Bordeaux-Centre,P010,Casque audio,Électronique,2025-09-18,2025-09-19,1,774,4095.8,DB Schenker,426.04,Livré,Erreur quantité
LIV01270,Inter-entrepôts,E07,Bordeaux-Centre,E03,Marseille-Port,P004,Shampoing,Droguerie,2025-11-17,2025-11-20,3,297,690.4,FM Logistic,200.1,Livré,Aucun
LIV01271,Magasin → Magasin,E03,Marseille-Port,E06,Nice-Est,P009,TV 4K,Électronique,2025-01-31,2025-02-02,2,56,750.4,DB Schenker,364.2,Livré,Aucun
LIV01272,Entrepôt → Magasin,E04,Lille-Nord,E07,Bordeaux-Centre,P005,Lessive,Droguerie,2025-03-16,2025-03-17,1,649,6158.5,Geodis,1781.69,Livré,Erreur quantité
LIV01273,Fournisseur → Entrepôt,E06,Nice-Est,E08,Nantes-Atlantique,P007,Jeans,Textile,2025-03-12,2025-03-15,3,475,565.3,Geodis,121.43,En transit,Aucun
LIV01274,Entrepôt → Magasin,E02,Lyon-Sud,E03,Marseille-Port,P002,Riz 1kg,Alimentaire,2025-05-25,2025-05-29,4,629,7889.4,Geodis,879.68,Livré,Aucun
LIV01275,Fournisseur → Entrepôt,E06,Nice-Est,E07,Bordeaux-Centre,P010,Casque audio,Électronique,2025-03-12,2025-03-14,2,989,14337.5,FM Logistic,1016.39,Livré,Aucun
LIV01276,Magasin → Magasin,E07,Bordeaux-Centre,E05,Toulouse-Ouest,P008,Smartphone,Électronique,2025-11-10,2025-11-15,5,1071,15065.8,DB Schenker,3511.99,Livré,Aucun
LIV01277,Entrepôt → Magasin,E02,Lyon-Sud,E03,Marseille-Port,P006,T-shirt homme,Textile,2025-01-08,2025-01-12,4,1425,9528.4,DHL Supply Chain,1372.77,Livré,Aucun
LIV01278,Inter-entrepôts,E04,Lille-Nord,E06,Nice-Est,P007,Jeans,Textile,2025-09-17,2025-09-18,1,92,626.6,DB Schenker,377.99,Livré,Aucun
LIV01279,Inter-entrepôts,E03,Marseille-Port,E01,Paris-Rungis,P002,Riz 1kg,Alimentaire,2025-02-03,2025-02-05,2,1000,12274.0,DB Schenker,3832.52,Livré,Erreur quantité
LIV01280,Inter-entrepôts,E04,Lille-Nord,E07,Bordeaux-Centre,P003,Pâtes 500g,Alimentaire,2025-04-18,2025-04-23,5,185,2253.4,DHL Supply Chain,321.46,En transit,Casse
LIV01281,Magasin → Magasin,E08,Nantes-Atlantique,E03,Marseille-Port,P005,Lessive,Droguerie,2025-07-31,2025-08-05,5,1006,888.4,DB Schenker,270.75,Livré,Aucun
LIV01282,Entrepôt → Magasin,E02,Lyon-Sud,E01,Paris-Rungis,P006,T-shirt homme,Textile,2025-09-10,2025-09-15,5,939,2053.8,DB Schenker,680.35,Livré,Aucun
LIV01283,Magasin → Magasin,E01,Paris-Rungis,E03,Marseille-Port,P007,Jeans,Textile,2025-06-04,2025-06-06,2,440,2739.9,DB Schenker,518.88,Livré,Aucun
LIV01284,Magasin → Magasin,E04,Lille-Nord,E05,Toulouse-Ouest,P002,Riz 1kg,Alimentaire,2025-05-24,2025-05-28,4,1334,11213.5,DHL Supply Chain,1588.21,Livré,Aucun
LIV01285,Entrepôt → Magasin,E02,Lyon-Sud,E08,Nantes-Atlantique,P008,Smartphone,Électronique,2025-09-28,2025-10-01,3,1304,6272.4,FM Logistic,479.62,Livré,Aucun
LIV01286,Fournisseur → Entrepôt,E03,Marseille-Port,E04,Lille-Nord,P005,Lessive,Droguerie,2025-04-29,2025-05-03,4,1254,15598.1,DHL Supply Chain,2520.11,Livré,Aucun
LIV01287,Magasin → Magasin,E02,Lyon-Sud,E01,Paris-Rungis,P009,TV 4K,Électronique,2025-09-26,2025-09-27,1,843,1093.7,DHL Supply Chain,273.28,Livré,Aucun
LIV01288,Magasin → Magasin,E05,Toulouse-Ouest,E06,Nice-Est,P007,Jeans,Textile,2025-08-13,2025-08-18,5,607,3527.3,Geodis,560.96,Livré,Aucun
LIV01289,Entrepôt → Magasin,E06,Nice-Est,E04,Lille-Nord,P008,Smartphone,Électronique,2025-06-17,2025-06-20,3,257,3173.0,DB Schenker,905.54,En transit,Aucun
LIV01290,Magasin → Magasin,E08,Nantes-Atlantique,E06,Nice-Est,P001,Lait demi-écrémé,Alimentaire,2025-08-24,2025-08-29,5,1482,1774.1,DB Schenker,695.45,En transit,Aucun
LIV01291,Fournisseur → Entrepôt,E04,Lille-Nord,E01,Paris-Rungis,P001,Lait demi-écrémé,Alimentaire,2025-02-06,2025-02-10,4,411,750.9,FM Logistic,287.86,Livré,Erreur quantité
LIV01292,Inter-entrepôts,E02,Lyon-Sud,E07,Bordeaux-Centre,P003,Pâtes 500g,Alimentaire,2025-10-22,2025-10-27,5,741,4382.2,XPO Logistics,1090.34,Livré,Aucun
LIV01293,Fournisseur → Entrepôt,E02,Lyon-Sud,E05,Toulouse-Ouest,P008,Smartphone,Électronique,2025-05-28,2025-06-02,5,737,4891.3,DB Schenker,647.86,Livré,Aucun
LIV01294,Inter-entrepôts,E08,Nantes-Atlantique,E03,Marseille-Port,P003,Pâtes 500g,Alimentaire,2025-09-16,2025-09-18,2,325,210.6,FM Logistic,136.03,Livré,Aucun
LIV01295,Magasin → Magasin,E01,Paris-Rungis,E05,Toulouse-Ouest,P003,Pâtes 500g,Alimentaire,2025-07-12,2025-07-15,3,330,3563.0,DHL Supply Chain,1296.93,Livré,Aucun
LIV01296,Magasin → Magasin,E01,Paris-Rungis,E06,Nice-Est,P007,Jeans,Textile,2025-08-20,2025-08-22,2,909,2547.5,FM Logistic,342.14,Annulé,Erreur quantité
LIV01297,Fournisseur → Entrepôt,E07,Bordeaux-Centre,E06,Nice-Est,P010,Casque audio,Électronique,2025-04-10,2025-04-12,2,131,760.4,DHL Supply Chain,270.3,Livré,Retard transporteur
LIV01298,Entrepôt → Magasin,E06,Nice-Est,E05,Toulouse-Ouest,P009,TV 4K,Électronique,2025-05-10,2025-05-13,3,1381,7544.7,Geodis,899.84,Retardé,Aucun
LIV01299,Entrepôt → Magasin,E03,Marseille-Port,E01,Paris-Rungis,P009,TV 4K,Électronique,2025-10-19,2025-10-23,4,1016,6337.3,XPO Logistics,435.5,En transit,Aucun
LIV01300,Entrepôt → Magasin,E06,Nice-Est,E01,Paris-Rungis,P008,Smartphone,Électronique,2025-06-11,2025-06-12,1,1243,7248.8,FM Logistic,1526.78,Livré,Aucun
LIV01301,Magasin → Magasin,E06,Nice-Est,E02,Lyon-Sud,P002,Riz 1kg,Alimentaire,2025-05-19,2025-05-21,2,563,7607.7,Geodis,895.59,Livré,Aucun
LIV01302,Entrepôt → Magasin,E08,Nantes-Atlantique,E04,Lille-Nord,P003,Pâtes 500g,Alimentaire,2025-03-26,2025-03-28,2,1159,8300.4,FM Logistic,1984.55,En transit,Casse
LIV01303,Inter-entrepôts,E07,Bordeaux-Centre,E04,Lille-Nord,P005,Lessive,Droguerie,2025-03-26,2025-03-31,5,1500,9215.0,DHL Supply Chain,893.19,Annulé,Aucun
LIV01304,Magasin → Magasin,E04,Lille-Nord,E06,Nice-Est,P009,TV 4K,Électronique,2025-01-30,2025-01-31,1,222,274.6,XPO Logistics,241.14,Livré,Casse
LIV01305,Inter-entrepôts,E04,Lille-Nord,E03,Marseille-Port,P003,Pâtes 500g,Alimentaire,2025-03-17,2025-03-19,2,963,7279.1,XPO Logistics,566.09,Livré,Aucun
LIV01306,Inter-entrepôts,E05,Toulouse-Ouest,E03,Marseille-Port,P009,TV 4K,Électronique,2025-12-15,2025-12-20,5,827,6920.9,XPO Logistics,1174.71,Livré,Casse
LIV01307,Magasin → Magasin,E02,Lyon-Sud,E05,Toulouse-Ouest,P006,T-shirt homme,Textile,2025-06-16,2025-06-19,3,275,1970.7,Geodis,435.21,Livré,Aucun
LIV01308,Fournisseur → Entrepôt,E07,Bordeaux-Centre,E01,Paris-Rungis,P007,Jeans,Textile,2025-11-10,2025-11-11,1,648,4705.5,DB Schenker,744.98,Retardé,Retard transporteur
LIV01309,Fournisseur → Entrepôt,E05,Toulouse-Ouest,E01,Paris-Rungis,P010,Casque audio,Électronique,2025-01-23,2025-01-26,3,416,3116.9,Geodis,923.07,Livré,Aucun
LIV01310,Fournisseur → Entrepôt,E01,Paris-Rungis,E03,Marseille-Port,P006,T-shirt homme,Textile,2025-07-31,2025-08-02,2,496,7070.5,DB Schenker,2093.69,Livré,Aucun
LIV01311,Magasin → Magasin,E01,Paris-Rungis,E04,Lille-Nord,P009,TV 4K,Électronique,2025-07-02,2025-07-03,1,184,1637.9,XPO Logistics,245.89,En transit,Aucun
LIV01312,Inter-entrepôts,E07,Bordeaux-Centre,E04,Lille-Nord,P010,Casque audio,Électronique,2025-02-06,2025-02-07,1,167,2048.9,DHL Supply Chain,441.52,Livré,Aucun
LIV01313,Inter-entrepôts,E02,Lyon-Sud,E05,Toulouse-Ouest,P010,Casque audio,Électronique,2025-05-30,2025-06-01,2,308,684.3,Geodis,264.81,Livré,Aucun
LIV01314,Magasin → Magasin,E06,Nice-Est,E08,Nantes-Atlantique,P008,Smartphone,Électronique,2025-07-19,2025-07-20,1,1013,6338.0,DB Schenker,1484.23,Livré,Retard transporteur
LIV01315,Inter-entrepôts,E07,Bordeaux-Centre,E04,Lille-Nord,P001,Lait demi-écrémé,Alimentaire,2025-09-13,2025-09-18,5,1156,4022.2,XPO Logistics,1324.38,Livré,Aucun
LIV01316,Magasin → Magasin,E04,Lille-Nord,E05,Toulouse-Ouest,P002,Riz 1kg,Alimentaire,2025-06-30,2025-07-05,5,383,4911.2,Geodis,906.12,Livré,Aucun
LIV01317,Magasin → Magasin,E06,Nice-Est,E04,Lille-Nord,P006,T-shirt homme,Textile,2025-05-03,2025-05-04,1,61,62.7,DHL Supply Chain,186.99,Livré,Aucun
LIV01318,Entrepôt → Magasin,E05,Toulouse-Ouest,E04,Lille-Nord,P001,Lait demi-écrémé,Alimentaire,2025-11-13,2025-11-15,2,1157,953.5,Geodis,424.12,Livré,Aucun
LIV01319,Inter-entrepôts,E08,Nantes-Atlantique,E03,Marseille-Port,P008,Smartphone,Électronique,2025-04-01,2025-04-05,4,1174,4281.3,FM Logistic,487.8,Livré,Aucun
LIV01320,Fournisseur → Entrepôt,E06,Nice-Est,E03,Marseille-Port,P003,Pâtes 500g,Alimentaire,2025-09-13,2025-09-17,4,267,2477.2,FM Logistic,815.5,Retardé,Aucun
LIV01321,Inter-entrepôts,E03,Marseille-Port,E08,Nantes-Atlantique,P005,Lessive,Droguerie,2025-01-16,2025-01-20,4,366,4404.3,FM Logistic,1032.83,Livré,Aucun
LIV01322,Entrepôt → Magasin,E07,Bordeaux-Centre,E01,Paris-Rungis,P009,TV 4K,Électronique,2025-01-14,2025-01-19,5,1046,12904.7,FM Logistic,928.2,Livré,Aucun
LIV01323,Inter-entrepôts,E04,Lille-Nord,E05,Toulouse-Ouest,P003,Pâtes 500g,Alimentaire,2025-08-13,2025-08-15,2,560,6570.1,XPO Logistics,951.16,Livré,Aucun
LIV01324,Magasin → Magasin,E08,Nantes-Atlantique,E02,Lyon-Sud,P003,Pâtes 500g,Alimentaire,2025-12-20,2025-12-24,4,377,1140.4,DB Schenker,349.25,Annulé,Aucun
LIV01325,Entrepôt → Magasin,E02,Lyon-Sud,E05,Toulouse-Ouest,P010,Casque audio,Électronique,2025-10-24,2025-10-26,2,390,3365.9,DHL Supply Chain,1045.42,Livré,Aucun
LIV01326,Fournisseur → Entrepôt,E02,Lyon-Sud,E05,Toulouse-Ouest,P001,Lait demi-écrémé,Alimentaire,2025-10-07,2025-10-11,4,365,4267.3,XPO Logistics,727.55,Livré,Aucun
LIV01327,Magasin → Magasin,E07,Bordeaux-Centre,E08,Nantes-Atlantique,P001,Lait demi-écrémé,Alimentaire,2025-06-24,2025-06-28,4,672,8537.3,DHL Supply Chain,1947.36,Livré,Casse
LIV01328,Entrepôt → Magasin,E02,Lyon-Sud,E06,Nice-Est,P002,Riz 1kg,Alimentaire,2025-04-19,2025-04-21,2,1358,483.6,FM Logistic,277.13,Livré,Aucun
LIV01329,Fournisseur → Entrepôt,E07,Bordeaux-Centre,E03,Marseille-Port,P006,T-shirt homme,Textile,2025-01-28,2025-02-01,4,455,3030.2,Geodis,942.48,Livré,Casse
LIV01330,Magasin → Magasin,E08,Nantes-Atlantique,E06,Nice-Est,P007,Jeans,Textile,2025-11-29,2025-12-02,3,737,6938.7,DHL Supply Chain,2170.96,Retardé,Aucun
LIV01331,Magasin → Magasin,E07,Bordeaux-Centre,E01,Paris-Rungis,P003,Pâtes 500g,Alimentaire,2025-03-12,2025-03-14,2,784,3401.5,Geodis,657.9,En transit,Aucun
LIV01332,Fournisseur → Entrepôt,E04,Lille-Nord,E05,Toulouse-Ouest,P001,Lait demi-écrémé,Alimentaire,2025-05-18,2025-05-20,2,1402,5613.0,XPO Logistics,700.04,En transit,Aucun
LIV01333,Entrepôt → Magasin,E08,Nantes-Atlantique,E04,Lille-Nord,P008,Smartphone,Électronique,2025-05-20,2025-05-23,3,312,924.2,Geodis,165.51,Livré,Erreur quantité
LIV01334,Magasin → Magasin,E04,Lille-Nord,E06,Nice-Est,P002,Riz 1kg,Alimentaire,2025-12-09,2025-12-14,5,67,923.0,XPO Logistics,206.54,Livré,Aucun
LIV01335,Fournisseur → Entrepôt,E04,Lille-Nord,E07,Bordeaux-Centre,P009,TV 4K,Électronique,2025-06-17,2025-06-18,1,1046,11623.6,DB Schenker,1432.99,Livré,Aucun
LIV01336,Entrepôt → Magasin,E04,Lille-Nord,E03,Marseille-Port,P007,Jeans,Textile,2025-04-14,2025-04-17,3,471,594.4,Geodis,164.49,Livré,Aucun
LIV01337,Magasin → Magasin,E04,Lille-Nord,E08,Nantes-Atlantique,P004,Shampoing,Droguerie,2025-06-28,2025-07-01,3,923,8800.6,FM Logistic,2251.51,En transit,Aucun
LIV01338,Inter-entrepôts,E06,Nice-Est,E03,Marseille-Port,P002,Riz 1kg,Alimentaire,2025-09-06,2025-09-10,4,1125,9787.8,XPO Logistics,1052.29,Livré,Casse
LIV01339,Fournisseur → Entrepôt,E06,Nice-Est,E08,Nantes-Atlantique,P009,TV 4K,Électronique,2025-12-19,2025-12-20,1,365,5095.4,FM Logistic,1577.61,Livré,Aucun
LIV01340,Entrepôt → Magasin,E02,Lyon-Sud,E05,Toulouse-Ouest,P003,Pâtes 500g,Alimentaire,2025-07-09,2025-07-12,3,1232,11327.2,Geodis,994.34,Livré,Aucun
LIV01341,Inter-entrepôts,E04,Lille-Nord,E06,Nice-Est,P007,Jeans,Textile,2025-02-26,2025-02-28,2,858,6134.2,Geodis,899.15,Livré,Aucun
LIV01342,Fournisseur → Entrepôt,E05,Toulouse-Ouest,E02,Lyon-Sud,P004,Shampoing,Droguerie,2025-08-20,2025-08-21,1,1001,11370.8,DHL Supply Chain,3081.42,Livré,Aucun
LIV01343,Fournisseur → Entrepôt,E08,Nantes-Atlantique,E01,Paris-Rungis,P007,Jeans,Textile,2025-11-07,2025-11-10,3,500,6063.7,DB Schenker,730.43,Livré,Aucun
LIV01344,Entrepôt → Magasin,E07,Bordeaux-Centre,E05,Toulouse-Ouest,P008,Smartphone,Électronique,2025-03-13,2025-03-18,5,882,6051.1,FM Logistic,578.72,Livré,Aucun
LIV01345,Inter-entrepôts,E02,Lyon-Sud,E06,Nice-Est,P002,Riz 1kg,Alimentaire,2025-11-27,2025-12-01,4,918,7723.8,DHL Supply Chain,2258.79,Livré,Casse
LIV01346,Fournisseur → Entrepôt,E08,Nantes-Atlantique,E03,Marseille-Port,P001,Lait demi-écrémé,Alimentaire,2025-03-01,2025-03-06,5,304,2943.1,Geodis,669.9,Livré,Aucun
LIV01347,Fournisseur → Entrepôt,E07,Bordeaux-Centre,E08,Nantes-Atlantique,P002,Riz 1kg,Alimentaire,2025-08-11,2025-08-12,1,614,6556.4,FM Logistic,1448.69,Retardé,Aucun
LIV01348,Magasin → Magasin,E03,Marseille-Port,E08,Nantes-Atlantique,P007,Jeans,Textile,2025-09-02,2025-09-05,3,586,3153.7,DB Schenker,684.62,Livré,Aucun
LIV01349,Inter-entrepôts,E06,Nice-Est,E07,Bordeaux-Centre,P001,Lait demi-écrémé,Alimentaire,2025-11-12,2025-11-15,3,813,2593.7,XPO Logistics,632.87,Livré,Aucun
LIV01350,Inter-entrepôts,E04,Lille-Nord,E01,Paris-Rungis,P004,Shampoing,Droguerie,2025-03-18,2025-03-23,5,1279,19029.2,DB Schenker,3368.47,En transit,Aucun
LIV01351,Fournisseur → Entrepôt,E02,Lyon-Sud,E08,Nantes-Atlantique,P010,Casque audio,Électronique,2025-08-26,2025-08-30,4,848,3336.3,XPO Logistics,751.52,Livré,Aucun
LIV01352,Inter-entrepôts,E06,Nice-Est,E07,Bordeaux-Centre,P005,Lessive,Droguerie,2025-04-27,2025-05-01,4,1427,8965.4,Geodis,1485.89,Livré,Aucun
LIV01353,Magasin → Magasin,E06,Nice-Est,E08,Nantes-Atlantique,P004,Shampoing,Droguerie,2025-11-23,2025-11-26,3,1232,14086.1,Geodis,2025.43,Livré,Aucun
LIV01354,Magasin → Magasin,E06,Nice-Est,E05,Toulouse-Ouest,P003,Pâtes 500g,Alimentaire,2025-11-07,2025-11-10,3,1112,7084.8,XPO Logistics,1804.24,Livré,Aucun
LIV01355,Fournisseur → Entrepôt,E06,Nice-Est,E07,Bordeaux-Centre,P005,Lessive,Droguerie,2025-03-04,2025-03-08,4,1198,3958.6,FM Logistic,1226.16,Retardé,Aucun
LIV01356,Entrepôt → Magasin,E05,Toulouse-Ouest,E02,Lyon-Sud,P002,Riz 1kg,Alimentaire,2025-07-02,2025-07-05,3,644,7030.2,XPO Logistics,2130.08,Livré,Retard transporteur
LIV01357,Fournisseur → Entrepôt,E03,Marseille-Port,E06,Nice-Est,P006,T-shirt homme,Textile,2025-09-11,2025-09-14,3,77,373.1,DHL Supply Chain,249.64,Livré,Aucun
LIV01358,Entrepôt → Magasin,E04,Lille-Nord,E03,Marseille-Port,P005,Lessive,Droguerie,2025-08-25,2025-08-29,4,788,11054.6,DHL Supply Chain,2871.18,Retardé,Aucun
LIV01359,Magasin → Magasin,E06,Nice-Est,E01,Paris-Rungis,P001,Lait demi-écrémé,Alimentaire,2025-10-26,2025-10-27,1,819,8721.3,DB Schenker,1461.35,Retardé,Aucun
LIV01360,Entrepôt → Magasin,E08,Nantes-Atlantique,E02,Lyon-Sud,P004,Shampoing,Droguerie,2025-05-24,2025-05-28,4,220,1238.5,FM Logistic,154.44,Livré,Aucun
LIV01361,Inter-entrepôts,E03,Marseille-Port,E02,Lyon-Sud,P001,Lait demi-écrémé,Alimentaire,2025-10-28,2025-10-30,2,660,1052.2,DB Schenker,441.29,Livré,Aucun
LIV01362,Entrepôt → Magasin,E02,Lyon-Sud,E08,Nantes-Atlantique,P002,Riz 1kg,Alimentaire,2025-06-05,2025-06-09,4,535,7261.2,DB Schenker,2029.33,Livré,Aucun
LIV01363,Fournisseur → Entrepôt,E06,Nice-Est,E02,Lyon-Sud,P004,Shampoing,Droguerie,2025-09-04,2025-09-09,5,394,4139.0,DB Schenker,439.13,Retardé,Aucun
LIV01364,Fournisseur → Entrepôt,E07,Bordeaux-Centre,E05,Toulouse-Ouest,P005,Lessive,Droguerie,2025-05-26,2025-05-28,2,792,2937.4,FM Logistic,587.5,En transit,Retard transporteur
LIV01365,Fournisseur → Entrepôt,E07,Bordeaux-Centre,E03,Marseille-Port,P002,Riz 1kg,Alimentaire,2025-10-20,2025-10-21,1,434,4678.6,XPO Logistics,1138.63,Livré,Aucun
LIV01366,Entrepôt → Magasin,E02,Lyon-Sud,E05,Toulouse-Ouest,P001,Lait demi-écrémé,Alimentaire,2025-07-27,2025-07-30,3,1364,17606.8,FM Logistic,2233.16,Livré,Aucun
LIV01367,Inter-entrepôts,E05,Toulouse-Ouest,E01,Paris-Rungis,P008,Smartphone,Électronique,2025-12-16,2025-12-20,4,1290,18985.7,Geodis,2146.61,Livré,Casse
LIV01368,Magasin → Magasin,E02,Lyon-Sud,E06,Nice-Est,P003,Pâtes 500g,Alimentaire,2025-02-21,2025-02-26,5,336,555.3,XPO Logistics,135.14,Livré,Aucun
LIV01369,Inter-entrepôts,E02,Lyon-Sud,E06,Nice-Est,P007,Jeans,Textile,2025-08-25,2025-08-30,5,242,2474.4,Geodis,788.88,Livré,Casse
LIV01370,Inter-entrepôts,E04,Lille-Nord,E06,Nice-Est,P009,TV 4K,Électronique,2025-05-04,2025-05-08,4,1192,12271.5,DB Schenker,3647.42,Livré,Retard transporteur
LIV01371,Magasin → Magasin,E06,Nice-Est,E02,Lyon-Sud,P006,T-shirt homme,Textile,2025-08-05,2025-08-08,3,563,5625.8,DHL Supply Chain,1753.47,Livré,Aucun
LIV01372,Inter-entrepôts,E07,Bordeaux-Centre,E02,Lyon-Sud,P010,Casque audio,Électronique,2025-10-17,2025-10-21,4,342,1641.8,FM Logistic,178.13,Livré,Aucun
LIV01373,Inter-entrepôts,E01,Paris-Rungis,E03,Marseille-Port,P002,Riz 1kg,Alimentaire,2025-09-01,2025-09-04,3,1285,1807.9,XPO Logistics,437.18,Livré,Aucun
LIV01374,Fournisseur → Entrepôt,E08,Nantes-Atlantique,E02,Lyon-Sud,P009,TV 4K,Électronique,2025-07-12,2025-07-17,5,504,4706.6,Geodis,800.19,En transit,Retard transporteur
LIV01375,Entrepôt → Magasin,E07,Bordeaux-Centre,E08,Nantes-Atlantique,P008,Smartphone,Électronique,2025-04-26,2025-04-28,2,446,6163.4,DB Schenker,738.17,Annulé,Retard transporteur
LIV01376,Entrepôt → Magasin,E03,Marseille-Port,E07,Bordeaux-Centre,P005,Lessive,Droguerie,2025-10-23,2025-10-27,4,811,6456.1,DB Schenker,1343.41,Retardé,Aucun
LIV01377,Fournisseur → Entrepôt,E03,Marseille-Port,E01,Paris-Rungis,P002,Riz 1kg,Alimentaire,2025-01-01,2025-01-02,1,1309,13850.2,DB Schenker,4101.99,Livré,Aucun
LIV01378,Fournisseur → Entrepôt,E05,Toulouse-Ouest,E04,Lille-Nord,P010,Casque audio,Électronique,2025-03-14,2025-03-15,1,924,3958.5,DHL Supply Chain,810.2,En transit,Aucun
LIV01379,Entrepôt → Magasin,E04,Lille-Nord,E07,Bordeaux-Centre,P003,Pâtes 500g,Alimentaire,2025-03-29,2025-03-30,1,1489,14711.7,DB Schenker,2617.52,Livré,Aucun
LIV01380,Inter-entrepôts,E02,Lyon-Sud,E01,Paris-Rungis,P004,Shampoing,Droguerie,2025-04-01,2025-04-02,1,1425,6173.5,Geodis,1532.09,Livré,Aucun
LIV01381,Entrepôt → Magasin,E03,Marseille-Port,E08,Nantes-Atlantique,P010,Casque audio,Électronique,2025-08-21,2025-08-23,2,1229,6539.5,XPO Logistics,1819.87,Livré,Erreur quantité
LIV01382,Magasin → Magasin,E04,Lille-Nord,E05,Toulouse-Ouest,P001,Lait demi-écrémé,Alimentaire,2025-11-26,2025-11-27,1,1021,11752.4,Geodis,2122.01,Livré,Aucun
LIV01383,Inter-entrepôts,E03,Marseille-Port,E04,Lille-Nord,P002,Riz 1kg,Alimentaire,2025-08-28,2025-09-01,4,889,5976.3,DB Schenker,1297.25,Livré,Aucun
LIV01384,Magasin → Magasin,E03,Marseille-Port,E01,Paris-Rungis,P004,Shampoing,Droguerie,2025-04-20,2025-04-23,3,756,6640.3,DHL Supply Chain,1712.78,Livré,Casse
LIV01385,Fournisseur → Entrepôt,E07,Bordeaux-Centre,E02,Lyon-Sud,P002,Riz 1kg,Alimentaire,2025-10-24,2025-10-26,2,1234,17331.1,DB Schenker,2479.34,Livré,Aucun
LIV01386,Fournisseur → Entrepôt,E02,Lyon-Sud,E08,Nantes-Atlantique,P005,Lessive,Droguerie,2025-09-13,2025-09-16,3,436,5008.2,XPO Logistics,884.77,Livré,Aucun
LIV01387,Fournisseur → Entrepôt,E07,Bordeaux-Centre,E03,Marseille-Port,P009,TV 4K,Électronique,2025-07-01,2025-07-06,5,887,12128.2,DB Schenker,3782.98,Livré,Retard transporteur
LIV01388,Magasin → Magasin,E08,Nantes-Atlantique,E06,Nice-Est,P001,Lait demi-écrémé,Alimentaire,2025-06-14,2025-06-15,1,1158,7272.8,FM Logistic,1285.84,Livré,Aucun
LIV01389,Magasin → Magasin,E05,Toulouse-Ouest,E08,Nantes-Atlantique,P006,T-shirt homme,Textile,2025-02-04,2025-02-05,1,776,6916.3,DHL Supply Chain,558.95,En transit,Retard transporteur
LIV01390,Magasin → Magasin,E01,Paris-Rungis,E04,Lille-Nord,P003,Pâtes 500g,Alimentaire,2025-08-06,2025-08-09,3,783,11255.0,DB Schenker,2107.55,En transit,Aucun
LIV01391,Magasin → Magasin,E07,Bordeaux-Centre,E08,Nantes-Atlantique,P001,Lait demi-écrémé,Alimentaire,2025-12-21,2025-12-25,4,461,3575.6,DB Schenker,1135.17,Livré,Aucun
LIV01392,Entrepôt → Magasin,E07,Bordeaux-Centre,E02,Lyon-Sud,P008,Smartphone,Électronique,2025-06-19,2025-06-20,1,1299,12595.8,XPO Logistics,920.35,Livré,Aucun
LIV01393,Inter-entrepôts,E01,Paris-Rungis,E03,Marseille-Port,P010,Casque audio,Électronique,2025-12-11,2025-12-14,3,553,5855.8,DHL Supply Chain,1149.19,En transit,Retard transporteur
LIV01394,Inter-entrepôts,E06,Nice-Est,E07,Bordeaux-Centre,P002,Riz 1kg,Alimentaire,2025-05-31,2025-06-05,5,960,4007.3,FM Logistic,1262.43,Livré,Aucun
LIV01395,Fournisseur → Entrepôt,E05,Toulouse-Ouest,E03,Marseille-Port,P009,TV 4K,Électronique,2025-11-03,2025-11-05,2,1128,5530.9,DB Schenker,1815.11,Livré,Aucun
LIV01396,Entrepôt → Magasin,E07,Bordeaux-Centre,E05,Toulouse-Ouest,P006,T-shirt homme,Textile,2025-04-25,2025-04-28,3,1331,13072.8,DB Schenker,3067.39,Livré,Aucun
LIV01397,Entrepôt → Magasin,E03,Marseille-Port,E01,Paris-Rungis,P010,Casque audio,Électronique,2025-12-21,2025-12-22,1,144,1203.6,Geodis,335.07,Livré,Aucun
LIV01398,Entrepôt → Magasin,E02,Lyon-Sud,E04,Lille-Nord,P010,Casque audio,Électronique,2025-08-05,2025-08-07,2,439,2865.5,Geodis,347.21,Livré,Casse
LIV01399,Fournisseur → Entrepôt,E01,Paris-Rungis,E04,Lille-Nord,P006,T-shirt homme,Textile,2025-11-06,2025-11-10,4,1310,16753.8,Geodis,3591.11,Livré,Aucun
LIV01400,Fournisseur → Entrepôt,E08,Nantes-Atlantique,E03,Marseille-Port,P009,TV 4K,Électronique,2025-04-17,2025-04-20,3,1387,20643.3,DB Schenker,3111.58,Livré,Aucun
LIV01401,Inter-entrepôts,E01,Paris-Rungis,E07,Bordeaux-Centre,P009,TV 4K,Électronique,2025-05-31,2025-06-01,1,1062,3237.4,DHL Supply Chain,956.79,Livré,Aucun
LIV01402,Magasin → Magasin,E03,Marseille-Port,E04,Lille-Nord,P006,T-shirt homme,Textile,2025-01-18,2025-01-21,3,646,1327.9,DB Schenker,476.13,Livré,Aucun
LIV01403,Magasin → Magasin,E08,Nantes-Atlantique,E01,Paris-Rungis,P008,Smartphone,Électronique,2025-10-24,2025-10-28,4,1356,18400.4,FM Logistic,5680.53,Livré,Aucun
LIV01404,Fournisseur → Entrepôt,E02,Lyon-Sud,E03,Marseille-Port,P006,T-shirt homme,Textile,2025-02-21,2025-02-23,2,1119,4654.5,DB Schenker,1337.31,En transit,Aucun
LIV01405,Fournisseur → Entrepôt,E03,Marseille-Port,E05,Toulouse-Ouest,P008,Smartphone,Électronique,2025-02-01,2025-02-05,4,1204,11323.5,DB Schenker,1022.27,Livré,Aucun
LIV01406,Magasin → Magasin,E05,Toulouse-Ouest,E06,Nice-Est,P001,Lait demi-écrémé,Alimentaire,2025-08-11,2025-08-12,1,1082,10583.6,DB Schenker,1926.17,Livré,Aucun
LIV01407,Entrepôt → Magasin,E03,Marseille-Port,E01,Paris-Rungis,P010,Casque audio,Électronique,2025-05-13,2025-05-16,3,1210,12964.6,DB Schenker,1969.41,Retardé,Aucun
LIV01408,Fournisseur → Entrepôt,E04,Lille-Nord,E06,Nice-Est,P006,T-shirt homme,Textile,2025-11-22,2025-11-26,4,420,1388.7,Geodis,460.55,Livré,Aucun
LIV01409,Inter-entrepôts,E08,Nantes-Atlantique,E06,Nice-Est,P009,TV 4K,Électronique,2025-09-12,2025-09-13,1,241,2060.3,Geodis,394.5,Livré,Aucun
LIV01410,Entrepôt → Magasin,E04,Lille-Nord,E02,Lyon-Sud,P008,Smartphone,Électronique,2025-11-09,2025-11-12,3,1379,19392.3,DHL Supply Chain,2053.7,Livré,Aucun
LIV01411,Entrepôt → Magasin,E08,Nantes-Atlantique,E07,Bordeaux-Centre,P002,Riz 1kg,Alimentaire,2025-03-16,2025-03-20,4,1040,7729.1,FM Logistic,1659.09,Livré,Aucun
LIV01412,Entrepôt → Magasin,E02,Lyon-Sud,E03,Marseille-Port,P003,Pâtes 500g,Alimentaire,2025-03-30,2025-03-31,1,1049,14782.6,XPO Logistics,1471.77,Livré,Aucun
LIV01413,Fournisseur → Entrepôt,E02,Lyon-Sud,E06,Nice-Est,P008,Smartphone,Électronique,2025-09-21,2025-09-26,5,210,1345.3,DB Schenker,291.48,Livré,Aucun
LIV01414,Inter-entrepôts,E06,Nice-Est,E05,Toulouse-Ouest,P010,Casque audio,Électronique,2025-01-09,2025-01-10,1,1450,17097.8,Geodis,3734.13,Livré,Aucun
LIV01415,Magasin → Magasin,E01,Paris-Rungis,E07,Bordeaux-Centre,P002,Riz 1kg,Alimentaire,2025-10-04,2025-10-06,2,1293,15313.5,XPO Logistics,1852.01,Livré,Aucun
LIV01416,Entrepôt → Magasin,E06,Nice-Est,E07,Bordeaux-Centre,P008,Smartphone,Électronique,2025-10-21,2025-10-23,2,690,7380.2,FM Logistic,1722.72,Livré,Casse
LIV01417,Entrepôt → Magasin,E04,Lille-Nord,E05,Toulouse-Ouest,P009,TV 4K,Électronique,2025-03-25,2025-03-27,2,106,159.1,DHL Supply Chain,307.07,Livré,Casse
LIV01418,Magasin → Magasin,E06,Nice-Est,E03,Marseille-Port,P007,Jeans,Textile,2025-03-31,2025-04-01,1,199,1187.0,XPO Logistics,401.86,Livré,Aucun
LIV01419,Entrepôt → Magasin,E03,Marseille-Port,E04,Lille-Nord,P001,Lait demi-écrémé,Alimentaire,2025-08-23,2025-08-27,4,896,4015.7,FM Logistic,974.46,En transit,Aucun
LIV01420,Inter-entrepôts,E02,Lyon-Sud,E08,Nantes-Atlantique,P004,Shampoing,Droguerie,2025-06-20,2025-06-21,1,1306,16780.9,FM Logistic,1396.73,Retardé,Aucun
LIV01421,Fournisseur → Entrepôt,E01,Paris-Rungis,E06,Nice-Est,P003,Pâtes 500g,Alimentaire,2025-10-16,2025-10-17,1,1088,4889.4,FM Logistic,1676.69,Livré,Aucun
LIV01422,Fournisseur → Entrepôt,E08,Nantes-Atlantique,E02,Lyon-Sud,P006,T-shirt homme,Textile,2025-05-31,2025-06-04,4,310,3094.8,XPO Logistics,867.71,Livré,Retard transporteur
LIV01423,Entrepôt → Magasin,E08,Nantes-Atlantique,E07,Bordeaux-Centre,P006,T-shirt homme,Textile,2025-07-30,2025-08-01,2,1175,4793.8,DB Schenker,357.68,Livré,Aucun
LIV01424,Fournisseur → Entrepôt,E05,Toulouse-Ouest,E03,Marseille-Port,P007,Jeans,Textile,2025-12-22,2025-12-25,3,1003,4863.6,FM Logistic,449.23,Livré,Aucun
LIV01425,Magasin → Magasin,E05,Toulouse-Ouest,E04,Lille-Nord,P006,T-shirt homme,Textile,2025-01-09,2025-01-14,5,1260,4625.8,DB Schenker,369.63,Livré,Casse
LIV01426,Inter-entrepôts,E02,Lyon-Sud,E03,Marseille-Port,P010,Casque audio,Électronique,2025-02-20,2025-02-22,2,904,9612.0,XPO Logistics,2139.15,Livré,Aucun
LIV01427,Magasin → Magasin,E08,Nantes-Atlantique,E04,Lille-Nord,P003,Pâtes 500g,Alimentaire,2025-08-14,2025-08-15,1,751,3000.2,Geodis,378.07,Livré,Aucun
LIV01428,Inter-entrepôts,E04,Lille-Nord,E03,Marseille-Port,P002,Riz 1kg,Alimentaire,2025-04-06,2025-04-09,3,982,2278.7,DHL Supply Chain,510.96,Livré,Aucun
LIV01429,Fournisseur → Entrepôt,E02,Lyon-Sud,E06,Nice-Est,P008,Smartphone,Électronique,2025-06-26,2025-06-28,2,987,1011.3,FM Logistic,485.14,Livré,Aucun
LIV01430,Magasin → Magasin,E08,Nantes-Atlantique,E02,Lyon-Sud,P004,Shampoing,Droguerie,2025-07-10,2025-07-12,2,208,3096.2,DB Schenker,844.83,Livré,Aucun
LIV01431,Fournisseur → Entrepôt,E03,Marseille-Port,E05,Toulouse-Ouest,P004,Shampoing,Droguerie,2025-03-23,2025-03-24,1,1090,9998.8,Geodis,2742.68,Livré,Aucun
LIV01432,Fournisseur → Entrepôt,E02,Lyon-Sud,E06,Nice-Est,P002,Riz 1kg,Alimentaire,2025-02-21,2025-02-26,5,1280,5469.4,DB Schenker,1215.28,En transit,Aucun
LIV01433,Inter-entrepôts,E01,Paris-Rungis,E05,Toulouse-Ouest,P005,Lessive,Droguerie,2025-04-08,2025-04-10,2,1357,18724.0,DB Schenker,4697.81,Livré,Aucun
LIV01434,Inter-entrepôts,E04,Lille-Nord,E03,Marseille-Port,P010,Casque audio,Électronique,2025-12-13,2025-12-17,4,1468,2572.3,FM Logistic,593.66,Livré,Aucun
LIV01435,Inter-entrepôts,E03,Marseille-Port,E04,Lille-Nord,P003,Pâtes 500g,Alimentaire,2025-05-22,2025-05-24,2,1293,18846.6,DHL Supply Chain,4940.96,Livré,Aucun
LIV01436,Inter-entrepôts,E02,Lyon-Sud,E05,Toulouse-Ouest,P004,Shampoing,Droguerie,2025-04-24,2025-04-26,2,610,5993.1,XPO Logistics,484.29,En transit,Aucun
LIV01437,Fournisseur → Entrepôt,E05,Toulouse-Ouest,E04,Lille-Nord,P009,TV 4K,Électronique,2025-05-03,2025-05-08,5,68,942.8,DHL Supply Chain,158.99,Retardé,Aucun
LIV01438,Magasin → Magasin,E02,Lyon-Sud,E01,Paris-Rungis,P003,Pâtes 500g,Alimentaire,2025-06-05,2025-06-06,1,1175,17439.5,DB Schenker,4731.83,Livré,Aucun
LIV01439,Fournisseur → Entrepôt,E06,Nice-Est,E02,Lyon-Sud,P001,Lait demi-écrémé,Alimentaire,2025-08-14,2025-08-18,4,1178,10447.4,Geodis,2789.02,En transit,Aucun
LIV01440,Entrepôt → Magasin,E08,Nantes-Atlantique,E04,Lille-Nord,P009,TV 4K,Électronique,2025-10-23,2025-10-26,3,228,1496.9,Geodis,487.46,Retardé,Retard transporteur
LIV01441,Entrepôt → Magasin,E06,Nice-Est,E03,Marseille-Port,P005,Lessive,Droguerie,2025-01-11,2025-01-13,2,965,6496.8,XPO Logistics,637.17,Livré,Aucun
LIV01442,Fournisseur → Entrepôt,E08,Nantes-Atlantique,E03,Marseille-Port,P002,Riz 1kg,Alimentaire,2025-01-13,2025-01-14,1,49,170.0,XPO Logistics,282.66,Livré,Retard transporteur
LIV01443,Magasin → Magasin,E04,Lille-Nord,E06,Nice-Est,P005,Lessive,Droguerie,2025-08-19,2025-08-20,1,1429,11914.6,Geodis,3125.92,Livré,Aucun
LIV01444,Inter-entrepôts,E02,Lyon-Sud,E03,Marseille-Port,P010,Casque audio,Électronique,2025-02-09,2025-02-14,5,335,1046.0,Geodis,366.27,Retardé,Aucun
LIV01445,Entrepôt → Magasin,E03,Marseille-Port,E06,Nice-Est,P009,TV 4K,Électronique,2025-01-17,2025-01-19,2,1484,2330.7,DHL Supply Chain,294.62,Livré,Aucun
LIV01446,Magasin → Magasin,E05,Toulouse-Ouest,E06,Nice-Est,P003,Pâtes 500g,Alimentaire,2025-12-13,2025-12-16,3,337,4380.1,DHL Supply Chain,475.83,Livré,Retard transporteur
LIV01447,Fournisseur → Entrepôt,E05,Toulouse-Ouest,E04,Lille-Nord,P007,Jeans,Textile,2025-04-24,2025-04-25,1,895,8187.5,XPO Logistics,1155.56,Livré,Retard transporteur
LIV01448,Magasin → Magasin,E06,Nice-Est,E02,Lyon-Sud,P006,T-shirt homme,Textile,2025-05-25,2025-05-27,2,427,2896.0,XPO Logistics,974.14,Livré,Retard transporteur
LIV01449,Inter-entrepôts,E07,Bordeaux-Centre,E06,Nice-Est,P008,Smartphone,Électronique,2025-07-19,2025-07-20,1,1019,4861.4,DB Schenker,831.05,En transit,Erreur quantité
LIV01450,Inter-entrepôts,E03,Marseille-Port,E04,Lille-Nord,P003,Pâtes 500g,Alimentaire,2025-12-21,2025-12-22,1,747,6783.8,DHL Supply Chain,1355.5,Livré,Aucun
LIV01451,Entrepôt → Magasin,E07,Bordeaux-Centre,E03,Marseille-Port,P004,Shampoing,Droguerie,2025-09-04,2025-09-05,1,1274,16150.3,DB Schenker,4964.66,Livré,Aucun
LIV01452,Magasin → Magasin,E04,Lille-Nord,E01,Paris-Rungis,P002,Riz 1kg,Alimentaire,2025-08-08,2025-08-09,1,261,1413.4,XPO Logistics,478.2,En transit,Aucun
LIV01453,Entrepôt → Magasin,E02,Lyon-Sud,E08,Nantes-Atlantique,P006,T-shirt homme,Textile,2025-05-24,2025-05-26,2,532,197.4,DHL Supply Chain,246.16,Livré,Retard transporteur
LIV01454,Entrepôt → Magasin,E07,Bordeaux-Centre,E08,Nantes-Atlantique,P009,TV 4K,Électronique,2025-01-14,2025-01-19,5,1058,4065.0,XPO Logistics,976.21,En transit,Erreur quantité
LIV01455,Magasin → Magasin,E05,Toulouse-Ouest,E03,Marseille-Port,P005,Lessive,Droguerie,2025-11-21,2025-11-26,5,928,5367.5,DB Schenker,1284.46,En transit,Aucun
LIV01456,Inter-entrepôts,E06,Nice-Est,E07,Bordeaux-Centre,P005,Lessive,Droguerie,2025-03-24,2025-03-29,5,1337,19730.9,DHL Supply Chain,4855.48,Livré,Aucun
LIV01457,Fournisseur → Entrepôt,E07,Bordeaux-Centre,E05,Toulouse-Ouest,P005,Lessive,Droguerie,2025-10-27,2025-10-31,4,1386,11173.4,DHL Supply Chain,954.3,Retardé,Aucun
LIV01458,Magasin → Magasin,E03,Marseille-Port,E08,Nantes-Atlantique,P006,T-shirt homme,Textile,2025-04-30,2025-05-01,1,1057,1979.5,FM Logistic,547.06,Livré,Aucun
LIV01459,Fournisseur → Entrepôt,E06,Nice-Est,E01,Paris-Rungis,P002,Riz 1kg,Alimentaire,2025-11-05,2025-11-07,2,1401,19070.9,FM Logistic,1831.26,Livré,Aucun
LIV01460,Inter-entrepôts,E08,Nantes-Atlantique,E03,Marseille-Port,P003,Pâtes 500g,Alimentaire,2025-04-21,2025-04-25,4,226,135.1,DB Schenker,93.76,En transit,Erreur quantité
LIV01461,Magasin → Magasin,E04,Lille-Nord,E03,Marseille-Port,P002,Riz 1kg,Alimentaire,2025-10-14,2025-10-18,4,728,5059.8,DHL Supply Chain,969.92,Livré,Aucun
LIV01462,Entrepôt → Magasin,E04,Lille-Nord,E07,Bordeaux-Centre,P001,Lait demi-écrémé,Alimentaire,2025-02-03,2025-02-06,3,648,7881.5,FM Logistic,1224.44,Livré,Aucun
LIV01463,Fournisseur → Entrepôt,E02,Lyon-Sud,E07,Bordeaux-Centre,P001,Lait demi-écrémé,Alimentaire,2025-04-19,2025-04-23,4,1019,5220.5,FM Logistic,1651.66,En transit,Aucun
LIV01464,Fournisseur → Entrepôt,E01,Paris-Rungis,E02,Lyon-Sud,P002,Riz 1kg,Alimentaire,2025-08-22,2025-08-23,1,398,5295.1,Geodis,1545.55,Livré,Aucun
LIV01465,Fournisseur → Entrepôt,E07,Bordeaux-Centre,E08,Nantes-Atlantique,P008,Smartphone,Électronique,2025-10-30,2025-10-31,1,1140,8138.8,DHL Supply Chain,2142.59,Livré,Aucun
LIV01466,Inter-entrepôts,E08,Nantes-Atlantique,E03,Marseille-Port,P010,Casque audio,Électronique,2025-03-28,2025-04-01,4,643,4104.0,DHL Supply Chain,314.52,Retardé,Aucun
LIV01467,Magasin → Magasin,E05,Toulouse-Ouest,E01,Paris-Rungis,P001,Lait demi-écrémé,Alimentaire,2025-11-01,2025-11-05,4,122,149.6,DHL Supply Chain,158.13,Livré,Aucun
LIV01468,Entrepôt → Magasin,E01,Paris-Rungis,E05,Toulouse-Ouest,P002,Riz 1kg,Alimentaire,2025-01-02,2025-01-07,5,703,8338.1,Geodis,2167.23,Livré,Retard transporteur
LIV01469,Entrepôt → Magasin,E03,Marseille-Port,E08,Nantes-Atlantique,P003,Pâtes 500g,Alimentaire,2025-03-09,2025-03-10,1,356,3781.7,DB Schenker,822.69,Retardé,Aucun
LIV01470,Entrepôt → Magasin,E01,Paris-Rungis,E02,Lyon-Sud,P002,Riz 1kg,Alimentaire,2025-10-07,2025-10-08,1,785,6770.2,DHL Supply Chain,1906.7,Livré,Aucun
LIV01471,Magasin → Magasin,E08,Nantes-Atlantique,E07,Bordeaux-Centre,P002,Riz 1kg,Alimentaire,2025-01-21,2025-01-22,1,586,5463.8,XPO Logistics,629.46,Retardé,Erreur quantité
LIV01472,Inter-entrepôts,E03,Marseille-Port,E07,Bordeaux-Centre,P003,Pâtes 500g,Alimentaire,2025-07-05,2025-07-06,1,1172,6917.9,FM Logistic,1960.82,Retardé,Casse
LIV01473,Magasin → Magasin,E02,Lyon-Sud,E05,Toulouse-Ouest,P008,Smartphone,Électronique,2025-03-16,2025-03-17,1,138,1863.6,DB Schenker,585.9,Livré,Aucun
LIV01474,Magasin → Magasin,E06,Nice-Est,E03,Marseille-Port,P001,Lait demi-écrémé,Alimentaire,2025-03-22,2025-03-25,3,330,4470.0,DB Schenker,496.52,Retardé,Aucun
LIV01475,Fournisseur → Entrepôt,E01,Paris-Rungis,E04,Lille-Nord,P008,Smartphone,Électronique,2025-06-26,2025-07-01,5,683,224.7,XPO Logistics,184.28,Retardé,Aucun
LIV01476,Magasin → Magasin,E04,Lille-Nord,E02,Lyon-Sud,P006,T-shirt homme,Textile,2025-04-02,2025-04-04,2,246,2458.6,XPO Logistics,631.63,Livré,Casse
LIV01477,Inter-entrepôts,E01,Paris-Rungis,E03,Marseille-Port,P001,Lait demi-écrémé,Alimentaire,2025-07-25,2025-07-26,1,1423,4743.5,DHL Supply Chain,1270.79,Livré,Aucun
LIV01478,Magasin → Magasin,E07,Bordeaux-Centre,E08,Nantes-Atlantique,P008,Smartphone,Électronique,2025-05-24,2025-05-27,3,1070,14232.0,XPO Logistics,1580.91,Livré,Aucun
LIV01479,Entrepôt → Magasin,E01,Paris-Rungis,E08,Nantes-Atlantique,P005,Lessive,Droguerie,2025-11-10,2025-11-14,4,481,365.5,DHL Supply Chain,217.82,Livré,Aucun
LIV01480,Inter-entrepôts,E07,Bordeaux-Centre,E01,Paris-Rungis,P003,Pâtes 500g,Alimentaire,2025-12-30,2026-01-04,5,899,12764.4,Geodis,1835.97,Livré,Erreur quantité
LIV01481,Fournisseur → Entrepôt,E08,Nantes-Atlantique,E01,Paris-Rungis,P007,Jeans,Textile,2025-06-02,2025-06-07,5,681,8862.7,DB Schenker,2923.48,Livré,Retard transporteur
LIV01482,Magasin → Magasin,E06,Nice-Est,E04,Lille-Nord,P008,Smartphone,Électronique,2025-03-02,2025-03-04,2,1418,17418.4,FM Logistic,3706.42,Livré,Aucun
LIV01483,Inter-entrepôts,E03,Marseille-Port,E06,Nice-Est,P008,Smartphone,Électronique,2025-04-21,2025-04-23,2,365,4433.1,FM Logistic,1228.83,Livré,Aucun
LIV01484,Fournisseur → Entrepôt,E03,Marseille-Port,E05,Toulouse-Ouest,P005,Lessive,Droguerie,2025-11-01,2025-11-04,3,887,9244.6,Geodis,1373.19,Livré,Retard transporteur
LIV01485,Entrepôt → Magasin,E03,Marseille-Port,E07,Bordeaux-Centre,P002,Riz 1kg,Alimentaire,2025-06-03,2025-06-05,2,797,5109.6,XPO Logistics,1495.35,Livré,Aucun
LIV01486,Inter-entrepôts,E04,Lille-Nord,E02,Lyon-Sud,P004,Shampoing,Droguerie,2025-06-06,2025-06-09,3,1491,5810.5,FM Logistic,951.96,En transit,Erreur quantité
LIV01487,Magasin → Magasin,E06,Nice-Est,E08,Nantes-Atlantique,P008,Smartphone,Électronique,2025-12-10,2025-12-13,3,631,5799.2,FM Logistic,1425.84,Retardé,Erreur quantité
LIV01488,Entrepôt → Magasin,E02,Lyon-Sud,E03,Marseille-Port,P004,Shampoing,Droguerie,2025-11-22,2025-11-26,4,1318,8081.7,Geodis,2074.44,Livré,Aucun
LIV01489,Entrepôt → Magasin,E05,Toulouse-Ouest,E01,Paris-Rungis,P002,Riz 1kg,Alimentaire,2025-02-10,2025-02-13,3,1092,2060.5,DB Schenker,387.44,Livré,Aucun
LIV01490,Inter-entrepôts,E02,Lyon-Sud,E01,Paris-Rungis,P006,T-shirt homme,Textile,2025-10-07,2025-10-11,4,1489,20572.0,FM Logistic,2960.52,Livré,Aucun
LIV01491,Magasin → Magasin,E06,Nice-Est,E01,Paris-Rungis,P006,T-shirt homme,Textile,2025-08-13,2025-08-18,5,290,601.8,Geodis,216.91,Livré,Aucun
LIV01492,Entrepôt → Magasin,E01,Paris-Rungis,E07,Bordeaux-Centre,P010,Casque audio,Électronique,2025-05-16,2025-05-19,3,462,241.4,DHL Supply Chain,192.5,Livré,Aucun
LIV01493,Fournisseur → Entrepôt,E07,Bordeaux-Centre,E05,Toulouse-Ouest,P005,Lessive,Droguerie,2025-03-16,2025-03-20,4,1327,8455.7,XPO Logistics,873.81,Livré,Aucun
LIV01494,Inter-entrepôts,E07,Bordeaux-Centre,E08,Nantes-Atlantique,P008,Smartphone,Électronique,2025-08-02,2025-08-04,2,1433,13939.9,XPO Logistics,1114.31,Livré,Aucun
LIV01495,Magasin → Magasin,E02,Lyon-Sud,E04,Lille-Nord,P002,Riz 1kg,Alimentaire,2025-05-17,2025-05-19,2,894,9746.2,DB Schenker,1396.37,Livré,Aucun
LIV01496,Magasin → Magasin,E02,Lyon-Sud,E04,Lille-Nord,P004,Shampoing,Droguerie,2025-09-17,2025-09-19,2,1500,11613.0,FM Logistic,2899.68,Livré,Aucun
LIV01497,Fournisseur → Entrepôt,E05,Toulouse-Ouest,E08,Nantes-Atlantique,P001,Lait demi-écrémé,Alimentaire,2025-07-02,2025-07-07,5,592,5891.9,DB Schenker,866.34,Livré,Aucun
LIV01498,Inter-entrepôts,E08,Nantes-Atlantique,E07,Bordeaux-Centre,P003,Pâtes 500g,Alimentaire,2025-11-30,2025-12-03,3,693,8529.1,XPO Logistics,1594.55,Retardé,Aucun
LIV01499,Fournisseur → Entrepôt,E06,Nice-Est,E03,Marseille-Port,P005,Lessive,Droguerie,2025-01-14,2025-01-17,3,320,670.4,Geodis,160.15,Livré,Aucun
LIV01500,Magasin → Magasin,E08,Nantes-Atlantique,E05,Toulouse-Ouest,P006,T-shirt homme,Textile,2025-05-24,2025-05-27,3,437,3766.2,FM Logistic,1033.49,Livré,Aucun
LIV01501,Magasin → Magasin,E07,Bordeaux-Centre,E02,Lyon-Sud,P007,Jeans,Textile,2025-11-01,2025-11-03,2,450,1702.2,Geodis,339.43,Retardé,Retard transporteur
LIV01502,Inter-entrepôts,E06,Nice-Est,E07,Bordeaux-Centre,P006,T-shirt homme,Textile,2025-04-11,2025-04-16,5,695,9001.4,DHL Supply Chain,1072.46,Livré,Aucun
LIV01503,Inter-entrepôts,E02,Lyon-Sud,E03,Marseille-Port,P006,T-shirt homme,Textile,2025-03-22,2025-03-25,3,751,6085.6,Geodis,1834.34,Livré,Erreur quantité
LIV01504,Entrepôt → Magasin,E08,Nantes-Atlantique,E03,Marseille-Port,P002,Riz 1kg,Alimentaire,2025-09-09,2025-09-11,2,1376,4584.4,XPO Logistics,1020.62,En transit,Retard transporteur
LIV01505,Entrepôt → Magasin,E06,Nice-Est,E01,Paris-Rungis,P006,T-shirt homme,Textile,2025-08-08,2025-08-13,5,642,3132.0,Geodis,861.23,Livré,Aucun
LIV01506,Inter-entrepôts,E06,Nice-Est,E07,Bordeaux-Centre,P010,Casque audio,Électronique,2025-04-21,2025-04-24,3,1436,14553.9,DB Schenker,3275.93,Livré,Aucun
LIV01507,Inter-entrepôts,E06,Nice-Est,E04,Lille-Nord,P003,Pâtes 500g,Alimentaire,2025-09-05,2025-09-07,2,1261,8247.7,Geodis,1209.33,Livré,Aucun
LIV01508,Inter-entrepôts,E01,Paris-Rungis,E07,Bordeaux-Centre,P010,Casque audio,Électronique,2025-11-12,2025-11-14,2,1135,7359.6,DHL Supply Chain,1580.21,Livré,Aucun
LIV01509,Magasin → Magasin,E06,Nice-Est,E01,Paris-Rungis,P006,T-shirt homme,Textile,2025-04-24,2025-04-28,4,1356,9172.2,DB Schenker,995.48,Livré,Casse
LIV01510,Entrepôt → Magasin,E07,Bordeaux-Centre,E04,Lille-Nord,P010,Casque audio,Électronique,2025-10-31,2025-11-01,1,1410,19766.1,DHL Supply Chain,1856.16,Livré,Retard transporteur
LIV01511,Fournisseur → Entrepôt,E05,Toulouse-Ouest,E03,Marseille-Port,P002,Riz 1kg,Alimentaire,2025-08-04,2025-08-07,3,1181,4461.4,FM Logistic,610.19,Livré,Aucun
LIV01512,Fournisseur → Entrepôt,E05,Toulouse-Ouest,E01,Paris-Rungis,P003,Pâtes 500g,Alimentaire,2025-07-18,2025-07-20,2,213,1685.5,DHL Supply Chain,473.25,En transit,Aucun
LIV01513,Inter-entrepôts,E03,Marseille-Port,E02,Lyon-Sud,P006,T-shirt homme,Textile,2025-03-04,2025-03-09,5,676,8818.0,Geodis,974.5,Livré,Aucun
LIV01514,Inter-entrepôts,E01,Paris-Rungis,E08,Nantes-Atlantique,P008,Smartphone,Électronique,2025-05-04,2025-05-09,5,1065,15266.7,DB Schenker,1280.61,Livré,Aucun
LIV01515,Fournisseur → Entrepôt,E04,Lille-Nord,E01,Paris-Rungis,P001,Lait demi-écrémé,Alimentaire,2025-08-26,2025-08-29,3,700,8595.1,DB Schenker,2361.65,Livré,Aucun
LIV01516,Entrepôt → Magasin,E05,Toulouse-Ouest,E04,Lille-Nord,P006,T-shirt homme,Textile,2025-02-21,2025-02-26,5,440,760.0,XPO Logistics,323.89,En transit,Aucun
LIV01517,Magasin → Magasin,E04,Lille-Nord,E01,Paris-Rungis,P006,T-shirt homme,Textile,2025-08-22,2025-08-25,3,958,9969.2,XPO Logistics,2677.24,Livré,Erreur quantité
LIV01518,Fournisseur → Entrepôt,E01,Paris-Rungis,E05,Toulouse-Ouest,P007,Jeans,Textile,2025-08-07,2025-08-11,4,101,1420.5,XPO Logistics,493.87,Livré,Casse
LIV01519,Magasin → Magasin,E02,Lyon-Sud,E01,Paris-Rungis,P007,Jeans,Textile,2025-09-20,2025-09-25,5,849,4903.0,DB Schenker,1532.51,Livré,Aucun
LIV01520,Magasin → Magasin,E05,Toulouse-Ouest,E08,Nantes-Atlantique,P002,Riz 1kg,Alimentaire,2025-11-29,2025-12-02,3,141,416.7,DHL Supply Chain,267.77,En transit,Aucun
LIV01521,Fournisseur → Entrepôt,E04,Lille-Nord,E03,Marseille-Port,P010,Casque audio,Électronique,2025-07-18,2025-07-19,1,24,9.1,DHL Supply Chain,215.63,Livré,Casse
LIV01522,Entrepôt → Magasin,E07,Bordeaux-Centre,E06,Nice-Est,P004,Shampoing,Droguerie,2025-09-29,2025-10-04,5,259,2333.2,FM Logistic,726.77,Livré,Aucun
LIV01523,Entrepôt → Magasin,E04,Lille-Nord,E06,Nice-Est,P002,Riz 1kg,Alimentaire,2025-11-09,2025-11-14,5,988,13008.2,Geodis,1221.87,Livré,Retard transporteur
LIV01524,Magasin → Magasin,E06,Nice-Est,E04,Lille-Nord,P007,Jeans,Textile,2025-01-05,2025-01-06,1,1057,814.1,XPO Logistics,374.72,Livré,Aucun
LIV01525,Inter-entrepôts,E07,Bordeaux-Centre,E02,Lyon-Sud,P005,Lessive,Droguerie,2025-11-02,2025-11-03,1,693,1518.9,DHL Supply Chain,378.98,Livré,Casse
LIV01526,Magasin → Magasin,E06,Nice-Est,E08,Nantes-Atlantique,P002,Riz 1kg,Alimentaire,2025-09-07,2025-09-11,4,421,607.1,FM Logistic,246.59,En transit,Casse
LIV01527,Inter-entrepôts,E02,Lyon-Sud,E03,Marseille-Port,P006,T-shirt homme,Textile,2025-03-12,2025-03-16,4,1395,19903.4,DHL Supply Chain,5222.23,Livré,Aucun
LIV01528,Magasin → Magasin,E06,Nice-Est,E01,Paris-Rungis,P002,Riz 1kg,Alimentaire,2025-09-23,2025-09-25,2,666,4481.0,FM Logistic,1413.52,Livré,Aucun
LIV01529,Entrepôt → Magasin,E08,Nantes-Atlantique,E02,Lyon-Sud,P008,Smartphone,Électronique,2025-02-18,2025-02-21,3,525,4284.8,XPO Logistics,515.41,Livré,Aucun
LIV01530,Fournisseur → Entrepôt,E02,Lyon-Sud,E03,Marseille-Port,P006,T-shirt homme,Textile,2025-01-13,2025-01-15,2,423,1888.2,FM Logistic,268.6,Annulé,Aucun
LIV01531,Magasin → Magasin,E06,Nice-Est,E04,Lille-Nord,P005,Lessive,Droguerie,2025-11-27,2025-11-30,3,886,9380.7,DHL Supply Chain,1296.53,Livré,Aucun
LIV01532,Inter-entrepôts,E03,Marseille-Port,E01,Paris-Rungis,P003,Pâtes 500g,Alimentaire,2025-06-18,2025-06-21,3,1054,8734.0,DB Schenker,1673.53,En transit,Retard transporteur
LIV01533,Entrepôt → Magasin,E04,Lille-Nord,E08,Nantes-Atlantique,P002,Riz 1kg,Alimentaire,2025-06-24,2025-06-25,1,435,2115.0,DB Schenker,600.9,Livré,Aucun
LIV01534,Magasin → Magasin,E07,Bordeaux-Centre,E06,Nice-Est,P004,Shampoing,Droguerie,2025-10-07,2025-10-11,4,555,2558.2,XPO Logistics,763.2,Livré,Aucun
LIV01535,Inter-entrepôts,E05,Toulouse-Ouest,E08,Nantes-Atlantique,P002,Riz 1kg,Alimentaire,2025-01-14,2025-01-18,4,764,8950.3,FM Logistic,2381.85,Livré,Erreur quantité
LIV01536,Magasin → Magasin,E07,Bordeaux-Centre,E08,Nantes-Atlantique,P007,Jeans,Textile,2025-07-07,2025-07-11,4,331,4718.0,XPO Logistics,1417.21,En transit,Aucun
LIV01537,Inter-entrepôts,E04,Lille-Nord,E05,Toulouse-Ouest,P008,Smartphone,Électronique,2025-12-15,2025-12-19,4,940,3818.3,FM Logistic,1057.71,Livré,Erreur quantité
LIV01538,Fournisseur → Entrepôt,E04,Lille-Nord,E06,Nice-Est,P008,Smartphone,Électronique,2025-03-04,2025-03-05,1,1074,3258.9,DB Schenker,1012.54,Livré,Casse
LIV01539,Entrepôt → Magasin,E04,Lille-Nord,E03,Marseille-Port,P009,TV 4K,Électronique,2025-04-04,2025-04-08,4,1411,2774.4,Geodis,850.53,Livré,Aucun
LIV01540,Inter-entrepôts,E02,Lyon-Sud,E07,Bordeaux-Centre,P001,Lait demi-écrémé,Alimentaire,2025-08-12,2025-08-16,4,818,3629.6,DB Schenker,716.64,En transit,Aucun
LIV01541,Magasin → Magasin,E08,Nantes-Atlantique,E06,Nice-Est,P010,Casque audio,Électronique,2025-08-28,2025-09-02,5,1134,8875.0,FM Logistic,1382.88,Livré,Aucun
LIV01542,Fournisseur → Entrepôt,E08,Nantes-Atlantique,E06,Nice-Est,P010,Casque audio,Électronique,2025-09-02,2025-09-03,1,212,974.4,DHL Supply Chain,359.11,Retardé,Retard transporteur
LIV01543,Entrepôt → Magasin,E01,Paris-Rungis,E05,Toulouse-Ouest,P010,Casque audio,Électronique,2025-12-29,2025-12-31,2,471,4562.9,XPO Logistics,1018.17,Livré,Retard transporteur
LIV01544,Inter-entrepôts,E08,Nantes-Atlantique,E06,Nice-Est,P009,TV 4K,Électronique,2025-07-23,2025-07-27,4,1075,13859.6,XPO Logistics,2786.02,Livré,Aucun
LIV01545,Entrepôt → Magasin,E01,Paris-Rungis,E03,Marseille-Port,P003,Pâtes 500g,Alimentaire,2025-07-17,2025-07-20,3,133,1294.1,Geodis,656.51,Retardé,Aucun
LIV01546,Fournisseur → Entrepôt,E03,Marseille-Port,E01,Paris-Rungis,P008,Smartphone,Électronique,2025-07-28,2025-07-31,3,204,3055.4,DB Schenker,457.4,En transit,Aucun
LIV01547,Magasin → Magasin,E07,Bordeaux-Centre,E01,Paris-Rungis,P004,Shampoing,Droguerie,2025-12-31,2026-01-05,5,865,11231.5,FM Logistic,817.54,Livré,Erreur quantité
LIV01548,Inter-entrepôts,E08,Nantes-Atlantique,E01,Paris-Rungis,P005,Lessive,Droguerie,2025-06-12,2025-06-14,2,1078,15487.2,DHL Supply Chain,3025.37,Livré,Aucun
LIV01549,Magasin → Magasin,E08,Nantes-Atlantique,E04,Lille-Nord,P003,Pâtes 500g,Alimentaire,2025-02-28,2025-03-02,2,696,3278.4,Geodis,664.56,Annulé,Aucun
LIV01550,Fournisseur → Entrepôt,E04,Lille-Nord,E07,Bordeaux-Centre,P009,TV 4K,Électronique,2025-11-17,2025-11-19,2,1410,18650.3,DB Schenker,3795.17,Livré,Aucun
LIV01551,Inter-entrepôts,E02,Lyon-Sud,E03,Marseille-Port,P001,Lait demi-écrémé,Alimentaire,2025-01-17,2025-01-22,5,689,6050.5,DB Schenker,428.81,En transit,Retard transporteur
LIV01552,Entrepôt → Magasin,E08,Nantes-Atlantique,E01,Paris-Rungis,P004,Shampoing,Droguerie,2025-07-27,2025-07-30,3,385,5121.1,XPO Logistics,1508.7,Livré,Aucun
LIV01553,Fournisseur → Entrepôt,E02,Lyon-Sud,E04,Lille-Nord,P008,Smartphone,Électronique,2025-03-05,2025-03-10,5,1182,15968.2,DHL Supply Chain,4424.35,En transit,Aucun
LIV01554,Fournisseur → Entrepôt,E03,Marseille-Port,E07,Bordeaux-Centre,P010,Casque audio,Électronique,2025-04-01,2025-04-02,1,81,995.5,Geodis,346.9,Livré,Aucun
LIV01555,Fournisseur → Entrepôt,E02,Lyon-Sud,E05,Toulouse-Ouest,P006,T-shirt homme,Textile,2025-01-11,2025-01-15,4,1410,12184.2,DB Schenker,1434.13,Livré,Aucun
LIV01556,Magasin → Magasin,E02,Lyon-Sud,E06,Nice-Est,P007,Jeans,Textile,2025-12-24,2025-12-27,3,198,1835.8,DHL Supply Chain,442.13,Livré,Aucun
LIV01557,Fournisseur → Entrepôt,E07,Bordeaux-Centre,E08,Nantes-Atlantique,P009,TV 4K,Électronique,2025-08-12,2025-08-14,2,448,3043.3,DHL Supply Chain,672.91,Livré,Aucun
LIV01558,Entrepôt → Magasin,E03,Marseille-Port,E01,Paris-Rungis,P010,Casque audio,Électronique,2025-10-30,2025-11-04,5,409,5258.8,DHL Supply Chain,1326.29,Livré,Aucun
LIV01559,Entrepôt → Magasin,E08,Nantes-Atlantique,E06,Nice-Est,P001,Lait demi-écrémé,Alimentaire,2025-01-01,2025-01-03,2,360,3530.2,DB Schenker,842.09,Livré,Aucun
LIV01560,Inter-entrepôts,E08,Nantes-Atlantique,E05,Toulouse-Ouest,P005,Lessive,Droguerie,2025-04-11,2025-04-12,1,1442,20980.4,DHL Supply Chain,2386.14,Livré,Aucun
LIV01561,Fournisseur → Entrepôt,E07,Bordeaux-Centre,E03,Marseille-Port,P010,Casque audio,Électronique,2025-06-07,2025-06-12,5,189,1886.7,DB Schenker,651.43,Livré,Retard transporteur
LIV01562,Magasin → Magasin,E05,Toulouse-Ouest,E06,Nice-Est,P004,Shampoing,Droguerie,2025-12-24,2025-12-26,2,25,84.5,FM Logistic,108.22,Livré,Casse
LIV01563,Magasin → Magasin,E01,Paris-Rungis,E07,Bordeaux-Centre,P004,Shampoing,Droguerie,2025-08-29,2025-09-01,3,772,11240.8,DB Schenker,2808.44,Livré,Retard transporteur
LIV01564,Magasin → Magasin,E07,Bordeaux-Centre,E03,Marseille-Port,P004,Shampoing,Droguerie,2025-01-03,2025-01-08,5,303,1251.9,XPO Logistics,482.93,Livré,Aucun
LIV01565,Inter-entrepôts,E03,Marseille-Port,E02,Lyon-Sud,P006,T-shirt homme,Textile,2025-08-24,2025-08-27,3,49,201.0,DB Schenker,172.38,Livré,Aucun
LIV01566,Entrepôt → Magasin,E05,Toulouse-Ouest,E08,Nantes-Atlantique,P006,T-shirt homme,Textile,2025-07-09,2025-07-13,4,485,844.5,XPO Logistics,292.48,Retardé,Aucun
LIV01567,Fournisseur → Entrepôt,E08,Nantes-Atlantique,E04,Lille-Nord,P007,Jeans,Textile,2025-01-02,2025-01-04,2,1147,2910.7,Geodis,816.19,Livré,Aucun
LIV01568,Inter-entrepôts,E05,Toulouse-Ouest,E03,Marseille-Port,P009,TV 4K,Électronique,2025-09-28,2025-10-02,4,568,1115.6,FM Logistic,380.91,Livré,Retard transporteur
LIV01569,Magasin → Magasin,E04,Lille-Nord,E07,Bordeaux-Centre,P004,Shampoing,Droguerie,2025-11-10,2025-11-12,2,513,3965.7,XPO Logistics,1098.27,En transit,Aucun
LIV01570,Magasin → Magasin,E03,Marseille-Port,E04,Lille-Nord,P009,TV 4K,Électronique,2025-03-04,2025-03-08,4,440,3736.5,DB Schenker,1151.01,Livré,Erreur quantité
LIV01571,Inter-entrepôts,E03,Marseille-Port,E02,Lyon-Sud,P006,T-shirt homme,Textile,2025-01-20,2025-01-24,4,1310,12009.0,XPO Logistics,2938.49,Livré,Erreur quantité
LIV01572,Fournisseur → Entrepôt,E03,Marseille-Port,E01,Paris-Rungis,P010,Casque audio,Électronique,2025-11-06,2025-11-11,5,61,356.3,XPO Logistics,344.71,Livré,Aucun
LIV01573,Inter-entrepôts,E05,Toulouse-Ouest,E02,Lyon-Sud,P010,Casque audio,Électronique,2025-11-12,2025-11-15,3,127,1048.4,DHL Supply Chain,473.35,Livré,Aucun
LIV01574,Inter-entrepôts,E02,Lyon-Sud,E01,Paris-Rungis,P008,Smartphone,Électronique,2025-07-26,2025-07-30,4,945,10577.1,XPO Logistics,1947.09,En transit,Erreur quantité
LIV01575,Magasin → Magasin,E02,Lyon-Sud,E06,Nice-Est,P002,Riz 1kg,Alimentaire,2025-11-08,2025-11-09,1,744,7354.7,FM Logistic,1449.64,Livré,Aucun
LIV01576,Inter-entrepôts,E04,Lille-Nord,E01,Paris-Rungis,P006,T-shirt homme,Textile,2025-04-21,2025-04-25,4,584,543.5,XPO Logistics,378.49,Livré,Aucun
LIV01577,Inter-entrepôts,E03,Marseille-Port,E04,Lille-Nord,P009,TV 4K,Électronique,2025-12-21,2025-12-25,4,1030,3152.6,FM Logistic,615.67,Livré,Aucun
LIV01578,Magasin → Magasin,E07,Bordeaux-Centre,E01,Paris-Rungis,P004,Shampoing,Droguerie,2025-03-14,2025-03-19,5,626,385.1,DHL Supply Chain,183.27,Livré,Aucun
LIV01579,Inter-entrepôts,E06,Nice-Est,E04,Lille-Nord,P003,Pâtes 500g,Alimentaire,2025-07-23,2025-07-28,5,671,541.8,XPO Logistics,278.27,Livré,Aucun
LIV01580,Fournisseur → Entrepôt,E01,Paris-Rungis,E02,Lyon-Sud,P010,Casque audio,Électronique,2025-11-15,2025-11-20,5,1056,6972.1,DB Schenker,2199.45,Livré,Aucun
LIV01581,Fournisseur → Entrepôt,E01,Paris-Rungis,E04,Lille-Nord,P002,Riz 1kg,Alimentaire,2025-05-17,2025-05-22,5,68,330.7,DB Schenker,315.91,Livré,Aucun
LIV01582,Fournisseur → Entrepôt,E04,Lille-Nord,E08,Nantes-Atlantique,P005,Lessive,Droguerie,2025-06-14,2025-06-16,2,791,10014.7,FM Logistic,2197.5,Livré,Aucun
LIV01583,Magasin → Magasin,E08,Nantes-Atlantique,E02,Lyon-Sud,P003,Pâtes 500g,Alimentaire,2025-03-24,2025-03-26,2,1438,9505.8,DB Schenker,2688.12,Livré,Aucun
LIV01584,Inter-entrepôts,E04,Lille-Nord,E01,Paris-Rungis,P001,Lait demi-écrémé,Alimentaire,2025-03-17,2025-03-21,4,32,73.5,DHL Supply Chain,253.46,En transit,Aucun
LIV01585,Magasin → Magasin,E07,Bordeaux-Centre,E06,Nice-Est,P010,Casque audio,Électronique,2025-05-05,2025-05-10,5,1426,1239.1,FM Logistic,273.87,Livré,Aucun
LIV01586,Entrepôt → Magasin,E02,Lyon-Sud,E05,Toulouse-Ouest,P009,TV 4K,Électronique,2025-02-06,2025-02-08,2,86,655.3,FM Logistic,239.34,Livré,Retard transporteur
LIV01587,Entrepôt → Magasin,E06,Nice-Est,E03,Marseille-Port,P009,TV 4K,Électronique,2025-06-27,2025-07-02,5,458,5972.0,DB Schenker,1722.09,Livré,Aucun
LIV01588,Fournisseur → Entrepôt,E07,Bordeaux-Centre,E03,Marseille-Port,P003,Pâtes 500g,Alimentaire,2025-04-19,2025-04-21,2,270,461.7,Geodis,292.87,Livré,Aucun
LIV01589,Inter-entrepôts,E06,Nice-Est,E07,Bordeaux-Centre,P002,Riz 1kg,Alimentaire,2025-08-17,2025-08-21,4,1165,10619.6,FM Logistic,1147.77,Livré,Aucun
LIV01590,Fournisseur → Entrepôt,E01,Paris-Rungis,E05,Toulouse-Ouest,P001,Lait demi-écrémé,Alimentaire,2025-06-28,2025-07-02,4,1234,7069.8,Geodis,728.54,En transit,Aucun
LIV01591,Entrepôt → Magasin,E03,Marseille-Port,E06,Nice-Est,P008,Smartphone,Électronique,2025-05-30,2025-05-31,1,1453,17671.0,DHL Supply Chain,3812.78,En transit,Erreur quantité
LIV01592,Inter-entrepôts,E03,Marseille-Port,E01,Paris-Rungis,P005,Lessive,Droguerie,2025-06-10,2025-06-12,2,1126,7634.1,FM Logistic,2468.53,Livré,Aucun
LIV01593,Magasin → Magasin,E03,Marseille-Port,E06,Nice-Est,P010,Casque audio,Électronique,2025-05-01,2025-05-02,1,1324,4038.6,DB Schenker,631.75,Livré,Aucun
LIV01594,Magasin → Magasin,E01,Paris-Rungis,E06,Nice-Est,P004,Shampoing,Droguerie,2025-02-24,2025-03-01,5,206,515.3,FM Logistic,194.04,Livré,Aucun
LIV01595,Magasin → Magasin,E06,Nice-Est,E03,Marseille-Port,P010,Casque audio,Électronique,2025-10-10,2025-10-11,1,1132,16535.3,DHL Supply Chain,2006.43,En transit,Aucun
LIV01596,Fournisseur → Entrepôt,E05,Toulouse-Ouest,E04,Lille-Nord,P002,Riz 1kg,Alimentaire,2025-11-15,2025-11-17,2,1033,10050.6,DB Schenker,3091.56,Livré,Aucun
LIV01597,Magasin → Magasin,E01,Paris-Rungis,E04,Lille-Nord,P007,Jeans,Textile,2025-07-14,2025-07-16,2,470,330.6,Geodis,313.17,En transit,Aucun
LIV01598,Fournisseur → Entrepôt,E05,Toulouse-Ouest,E07,Bordeaux-Centre,P007,Jeans,Textile,2025-02-25,2025-02-28,3,31,400.8,XPO Logistics,306.31,En transit,Aucun
LIV01599,Fournisseur → Entrepôt,E01,Paris-Rungis,E05,Toulouse-Ouest,P007,Jeans,Textile,2025-11-18,2025-11-21,3,780,5196.1,FM Logistic,627.97,Livré,Erreur quantité
LIV01600,Entrepôt → Magasin,E06,Nice-Est,E07,Bordeaux-Centre,P006,T-shirt homme,Textile,2025-12-23,2025-12-27,4,886,4561.6,XPO Logistics,1035.04,En transit,Aucun
LIV01601,Entrepôt → Magasin,E05,Toulouse-Ouest,E04,Lille-Nord,P005,Lessive,Droguerie,2025-04-26,2025-04-30,4,321,4231.5,Geodis,1164.13,Livré,Retard transporteur
LIV01602,Magasin → Magasin,E01,Paris-Rungis,E06,Nice-Est,P002,Riz 1kg,Alimentaire,2025-01-14,2025-01-16,2,943,6140.8,DB Schenker,1681.42,Retardé,Aucun
LIV01603,Inter-entrepôts,E05,Toulouse-Ouest,E07,Bordeaux-Centre,P004,Shampoing,Droguerie,2025-03-28,2025-03-29,1,216,300.6,XPO Logistics,124.85,Livré,Aucun
LIV01604,Inter-entrepôts,E08,Nantes-Atlantique,E04,Lille-Nord,P004,Shampoing,Droguerie,2025-11-20,2025-11-25,5,233,2751.0,FM Logistic,1037.01,Livré,Casse
LIV01605,Inter-entrepôts,E02,Lyon-Sud,E04,Lille-Nord,P006,T-shirt homme,Textile,2025-03-25,2025-03-27,2,1015,8272.2,XPO Logistics,2055.67,Livré,Aucun
LIV01606,Inter-entrepôts,E08,Nantes-Atlantique,E03,Marseille-Port,P003,Pâtes 500g,Alimentaire,2025-07-06,2025-07-10,4,665,4143.0,DB Schenker,1326.28,Livré,Aucun
LIV01607,Entrepôt → Magasin,E01,Paris-Rungis,E02,Lyon-Sud,P006,T-shirt homme,Textile,2025-10-12,2025-10-17,5,1356,7376.9,DB Schenker,2231.11,Livré,Aucun
LIV01608,Entrepôt → Magasin,E02,Lyon-Sud,E08,Nantes-Atlantique,P006,T-shirt homme,Textile,2025-05-19,2025-05-21,2,1412,11704.7,FM Logistic,2850.44,Livré,Aucun
LIV01609,Entrepôt → Magasin,E08,Nantes-Atlantique,E04,Lille-Nord,P010,Casque audio,Électronique,2025-12-31,2026-01-03,3,1278,17787.3,Geodis,5229.09,En transit,Erreur quantité
LIV01610,Fournisseur → Entrepôt,E02,Lyon-Sud,E04,Lille-Nord,P005,Lessive,Droguerie,2025-08-07,2025-08-11,4,199,2659.1,Geodis,705.54,Livré,Aucun
LIV01611,Magasin → Magasin,E06,Nice-Est,E04,Lille-Nord,P003,Pâtes 500g,Alimentaire,2025-07-22,2025-07-26,4,886,7251.1,DHL Supply Chain,1283.01,Livré,Aucun
LIV01612,Inter-entrepôts,E08,Nantes-Atlantique,E07,Bordeaux-Centre,P008,Smartphone,Électronique,2025-08-06,2025-08-10,4,748,6871.1,DB Schenker,2076.0,Livré,Aucun
LIV01613,Fournisseur → Entrepôt,E03,Marseille-Port,E02,Lyon-Sud,P009,TV 4K,Électronique,2025-02-22,2025-02-26,4,380,1144.9,Geodis,297.39,En transit,Aucun
LIV01614,Magasin → Magasin,E02,Lyon-Sud,E04,Lille-Nord,P007,Jeans,Textile,2025-03-24,2025-03-29,5,1068,3989.3,XPO Logistics,550.59,Retardé,Aucun
LIV01615,Inter-entrepôts,E02,Lyon-Sud,E07,Bordeaux-Centre,P006,T-shirt homme,Textile,2025-02-12,2025-02-14,2,168,1723.7,Geodis,328.81,En transit,Casse
LIV01616,Inter-entrepôts,E08,Nantes-Atlantique,E05,Toulouse-Ouest,P005,Lessive,Droguerie,2025-09-01,2025-09-03,2,618,2971.8,XPO Logistics,1069.63,Livré,Aucun
LIV01617,Inter-entrepôts,E02,Lyon-Sud,E05,Toulouse-Ouest,P007,Jeans,Textile,2025-02-08,2025-02-13,5,1441,21022.8,DB Schenker,3281.99,Livré,Aucun
LIV01618,Fournisseur → Entrepôt,E04,Lille-Nord,E01,Paris-Rungis,P004,Shampoing,Droguerie,2025-11-21,2025-11-24,3,1435,14806.0,Geodis,2628.46,Livré,Aucun
LIV01619,Magasin → Magasin,E04,Lille-Nord,E06,Nice-Est,P008,Smartphone,Électronique,2025-03-19,2025-03-24,5,1297,8394.3,FM Logistic,2121.75,Livré,Aucun
LIV01620,Entrepôt → Magasin,E07,Bordeaux-Centre,E01,Paris-Rungis,P009,TV 4K,Électronique,2025-05-05,2025-05-08,3,547,1364.9,DB Schenker,287.18,Livré,Aucun
LIV01621,Entrepôt → Magasin,E03,Marseille-Port,E04,Lille-Nord,P002,Riz 1kg,Alimentaire,2025-07-08,2025-07-10,2,1062,15277.3,Geodis,1855.43,Livré,Erreur quantité
LIV01622,Magasin → Magasin,E01,Paris-Rungis,E08,Nantes-Atlantique,P007,Jeans,Textile,2025-05-09,2025-05-14,5,250,1193.3,XPO Logistics,456.58,Livré,Erreur quantité
LIV01623,Entrepôt → Magasin,E02,Lyon-Sud,E08,Nantes-Atlantique,P006,T-shirt homme,Textile,2025-07-15,2025-07-20,5,205,893.5,Geodis,332.12,Livré,Aucun
LIV01624,Fournisseur → Entrepôt,E08,Nantes-Atlantique,E02,Lyon-Sud,P004,Shampoing,Droguerie,2025-09-01,2025-09-05,4,1070,4569.9,FM Logistic,1127.61,Livré,Aucun
LIV01625,Entrepôt → Magasin,E01,Paris-Rungis,E06,Nice-Est,P001,Lait demi-écrémé,Alimentaire,2025-09-07,2025-09-08,1,1185,6876.3,DB Schenker,1662.32,Livré,Aucun
LIV01626,Fournisseur → Entrepôt,E02,Lyon-Sud,E04,Lille-Nord,P010,Casque audio,Électronique,2025-12-20,2025-12-23,3,679,5515.9,DHL Supply Chain,708.59,Livré,Aucun
LIV01627,Inter-entrepôts,E07,Bordeaux-Centre,E04,Lille-Nord,P002,Riz 1kg,Alimentaire,2025-09-22,2025-09-23,1,1105,4510.0,DB Schenker,1414.03,Livré,Retard transporteur
LIV01628,Inter-entrepôts,E08,Nantes-Atlantique,E06,Nice-Est,P003,Pâtes 500g,Alimentaire,2025-04-11,2025-04-12,1,1227,11264.9,DB Schenker,1900.9,Livré,Casse
LIV01629,Fournisseur → Entrepôt,E06,Nice-Est,E01,Paris-Rungis,P004,Shampoing,Droguerie,2025-01-12,2025-01-13,1,783,7964.7,Geodis,1147.66,Livré,Aucun
LIV01630,Entrepôt → Magasin,E08,Nantes-Atlantique,E02,Lyon-Sud,P004,Shampoing,Droguerie,2025-01-28,2025-01-29,1,373,2815.0,DHL Supply Chain,830.53,Annulé,Retard transporteur
LIV01631,Inter-entrepôts,E03,Marseille-Port,E02,Lyon-Sud,P008,Smartphone,Électronique,2025-04-24,2025-04-28,4,1265,16317.8,Geodis,1315.39,Livré,Aucun
LIV01632,Fournisseur → Entrepôt,E01,Paris-Rungis,E04,Lille-Nord,P008,Smartphone,Électronique,2025-04-30,2025-05-03,3,441,2254.5,DB Schenker,346.69,En transit,Casse
LIV01633,Inter-entrepôts,E01,Paris-Rungis,E08,Nantes-Atlantique,P006,T-shirt homme,Textile,2025-04-18,2025-04-23,5,968,12935.2,DB Schenker,3393.99,Livré,Aucun
LIV01634,Magasin → Magasin,E05,Toulouse-Ouest,E02,Lyon-Sud,P007,Jeans,Textile,2025-01-31,2025-02-04,4,136,1470.3,Geodis,503.3,Livré,Aucun
LIV01635,Fournisseur → Entrepôt,E02,Lyon-Sud,E04,Lille-Nord,P004,Shampoing,Droguerie,2025-02-28,2025-03-04,4,605,991.9,DB Schenker,270.4,Livré,Aucun
LIV01636,Magasin → Magasin,E05,Toulouse-Ouest,E07,Bordeaux-Centre,P001,Lait demi-écrémé,Alimentaire,2025-11-25,2025-11-27,2,1439,8061.8,XPO Logistics,1241.22,Livré,Aucun
LIV01637,Inter-entrepôts,E03,Marseille-Port,E02,Lyon-Sud,P009,TV 4K,Électronique,2025-05-13,2025-05-15,2,747,9568.2,FM Logistic,2139.69,Livré,Aucun
LIV01638,Fournisseur → Entrepôt,E06,Nice-Est,E05,Toulouse-Ouest,P010,Casque audio,Électronique,2025-03-27,2025-03-29,2,677,838.0,FM Logistic,409.8,Livré,Aucun
LIV01639,Magasin → Magasin,E08,Nantes-Atlantique,E03,Marseille-Port,P007,Jeans,Textile,2025-07-07,2025-07-10,3,219,588.5,DB Schenker,406.46,Livré,Aucun
LIV01640,Magasin → Magasin,E04,Lille-Nord,E06,Nice-Est,P004,Shampoing,Droguerie,2025-08-08,2025-08-12,4,845,5513.0,XPO Logistics,1404.87,Livré,Aucun
LIV01641,Inter-entrepôts,E02,Lyon-Sud,E03,Marseille-Port,P004,Shampoing,Droguerie,2025-11-26,2025-12-01,5,1019,5644.9,DB Schenker,823.17,En transit,Aucun
LIV01642,Fournisseur → Entrepôt,E04,Lille-Nord,E08,Nantes-Atlantique,P006,T-shirt homme,Textile,2025-05-28,2025-05-31,3,939,4264.5,FM Logistic,981.24,Livré,Aucun
LIV01643,Inter-entrepôts,E03,Marseille-Port,E04,Lille-Nord,P003,Pâtes 500g,Alimentaire,2025-07-10,2025-07-13,3,450,372.6,DB Schenker,383.03,Livré,Casse
LIV01644,Inter-entrepôts,E02,Lyon-Sud,E04,Lille-Nord,P002,Riz 1kg,Alimentaire,2025-09-08,2025-09-10,2,1403,20735.5,DHL Supply Chain,5285.75,En transit,Casse
LIV01645,Inter-entrepôts,E05,Toulouse-Ouest,E04,Lille-Nord,P002,Riz 1kg,Alimentaire,2025-07-03,2025-07-07,4,667,4271.3,XPO Logistics,512.5,Livré,Aucun
LIV01646,Entrepôt → Magasin,E03,Marseille-Port,E02,Lyon-Sud,P002,Riz 1kg,Alimentaire,2025-03-13,2025-03-15,2,1202,6337.3,FM Logistic,987.31,En transit,Aucun
LIV01647,Inter-entrepôts,E03,Marseille-Port,E02,Lyon-Sud,P003,Pâtes 500g,Alimentaire,2025-10-12,2025-10-15,3,541,947.4,XPO Logistics,562.45,Livré,Aucun
LIV01648,Magasin → Magasin,E03,Marseille-Port,E01,Paris-Rungis,P005,Lessive,Droguerie,2025-05-16,2025-05-19,3,425,5803.3,FM Logistic,656.04,Livré,Aucun
LIV01649,Magasin → Magasin,E08,Nantes-Atlantique,E05,Toulouse-Ouest,P008,Smartphone,Électronique,2025-09-10,2025-09-15,5,1034,12619.0,FM Logistic,3336.81,Livré,Aucun
LIV01650,Entrepôt → Magasin,E04,Lille-Nord,E02,Lyon-Sud,P007,Jeans,Textile,2025-10-02,2025-10-05,3,391,1242.1,DB Schenker,337.95,Livré,Aucun
LIV01651,Magasin → Magasin,E01,Paris-Rungis,E03,Marseille-Port,P004,Shampoing,Droguerie,2025-07-18,2025-07-23,5,1455,4463.5,DHL Supply Chain,532.02,Livré,Aucun
LIV01652,Inter-entrepôts,E03,Marseille-Port,E02,Lyon-Sud,P009,TV 4K,Électronique,2025-02-21,2025-02-24,3,610,3238.4,DHL Supply Chain,565.11,Retardé,Aucun
LIV01653,Inter-entrepôts,E07,Bordeaux-Centre,E01,Paris-Rungis,P003,Pâtes 500g,Alimentaire,2025-04-21,2025-04-24,3,889,3980.5,FM Logistic,1377.48,Livré,Aucun
LIV01654,Magasin → Magasin,E02,Lyon-Sud,E06,Nice-Est,P006,T-shirt homme,Textile,2025-01-07,2025-01-11,4,1435,12257.8,FM Logistic,2323.4,Livré,Aucun
LIV01655,Inter-entrepôts,E02,Lyon-Sud,E06,Nice-Est,P002,Riz 1kg,Alimentaire,2025-11-18,2025-11-23,5,604,5170.7,XPO Logistics,1536.52,Livré,Aucun
LIV01656,Entrepôt → Magasin,E01,Paris-Rungis,E02,Lyon-Sud,P003,Pâtes 500g,Alimentaire,2025-05-29,2025-05-30,1,751,3944.0,XPO Logistics,962.92,Livré,Aucun
LIV01657,Magasin → Magasin,E04,Lille-Nord,E03,Marseille-Port,P004,Shampoing,Droguerie,2025-04-14,2025-04-16,2,979,786.8,DHL Supply Chain,392.35,Livré,Aucun
LIV01658,Magasin → Magasin,E06,Nice-Est,E08,Nantes-Atlantique,P009,TV 4K,Électronique,2025-05-18,2025-05-20,2,152,244.2,DB Schenker,88.83,Livré,Aucun
LIV01659,Entrepôt → Magasin,E05,Toulouse-Ouest,E07,Bordeaux-Centre,P010,Casque audio,Électronique,2025-05-10,2025-05-14,4,433,5139.6,XPO Logistics,1691.72,Livré,Aucun
LIV01660,Entrepôt → Magasin,E01,Paris-Rungis,E04,Lille-Nord,P006,T-shirt homme,Textile,2025-08-13,2025-08-17,4,145,1456.7,DHL Supply Chain,632.42,Annulé,Aucun
LIV01661,Fournisseur → Entrepôt,E07,Bordeaux-Centre,E01,Paris-Rungis,P009,TV 4K,Électronique,2025-11-19,2025-11-24,5,1194,13755.9,FM Logistic,2774.83,Livré,Erreur quantité
LIV01662,Fournisseur → Entrepôt,E04,Lille-Nord,E03,Marseille-Port,P003,Pâtes 500g,Alimentaire,2025-04-07,2025-04-08,1,546,4717.6,FM Logistic,1234.77,Livré,Aucun
LIV01663,Magasin → Magasin,E01,Paris-Rungis,E05,Toulouse-Ouest,P003,Pâtes 500g,Alimentaire,2025-11-26,2025-11-27,1,1289,17352.6,FM Logistic,1395.05,Livré,Aucun
LIV01664,Entrepôt → Magasin,E06,Nice-Est,E01,Paris-Rungis,P005,Lessive,Droguerie,2025-02-23,2025-02-26,3,14,77.9,DB Schenker,142.22,Livré,Aucun
LIV01665,Magasin → Magasin,E05,Toulouse-Ouest,E07,Bordeaux-Centre,P003,Pâtes 500g,Alimentaire,2025-11-04,2025-11-08,4,458,5413.1,DHL Supply Chain,887.53,Livré,Aucun
LIV01666,Inter-entrepôts,E06,Nice-Est,E07,Bordeaux-Centre,P005,Lessive,Droguerie,2025-12-19,2025-12-21,2,1442,12618.8,DHL Supply Chain,3475.33,Livré,Casse
LIV01667,Entrepôt → Magasin,E05,Toulouse-Ouest,E02,Lyon-Sud,P005,Lessive,Droguerie,2025-01-14,2025-01-19,5,181,1261.1,FM Logistic,405.33,Livré,Aucun
LIV01668,Magasin → Magasin,E06,Nice-Est,E08,Nantes-Atlantique,P003,Pâtes 500g,Alimentaire,2025-08-20,2025-08-24,4,1040,13400.8,XPO Logistics,808.71,Livré,Aucun
LIV01669,Fournisseur → Entrepôt,E07,Bordeaux-Centre,E04,Lille-Nord,P002,Riz 1kg,Alimentaire,2025-05-13,2025-05-15,2,1109,970.5,DHL Supply Chain,294.05,Livré,Aucun
LIV01670,Entrepôt → Magasin,E07,Bordeaux-Centre,E06,Nice-Est,P004,Shampoing,Droguerie,2025-07-03,2025-07-04,1,1415,7042.3,DHL Supply Chain,655.69,Livré,Aucun
LIV01671,Entrepôt → Magasin,E03,Marseille-Port,E07,Bordeaux-Centre,P006,T-shirt homme,Textile,2025-04-15,2025-04-17,2,1031,9380.9,DHL Supply Chain,620.36,Livré,Aucun
LIV01672,Magasin → Magasin,E06,Nice-Est,E05,Toulouse-Ouest,P008,Smartphone,Électronique,2025-04-03,2025-04-06,3,416,2981.7,XPO Logistics,574.96,Livré,Aucun
LIV01673,Entrepôt → Magasin,E01,Paris-Rungis,E03,Marseille-Port,P003,Pâtes 500g,Alimentaire,2025-06-22,2025-06-26,4,1188,16295.9,XPO Logistics,2669.66,Livré,Casse
LIV01674,Inter-entrepôts,E02,Lyon-Sud,E01,Paris-Rungis,P006,T-shirt homme,Textile,2025-02-16,2025-02-21,5,859,6611.2,XPO Logistics,1635.81,En transit,Aucun
LIV01675,Inter-entrepôts,E07,Bordeaux-Centre,E06,Nice-Est,P007,Jeans,Textile,2025-04-12,2025-04-13,1,763,3623.3,XPO Logistics,571.69,En transit,Aucun
LIV01676,Fournisseur → Entrepôt,E02,Lyon-Sud,E03,Marseille-Port,P002,Riz 1kg,Alimentaire,2025-07-02,2025-07-06,4,1321,7049.5,DHL Supply Chain,2093.49,Livré,Aucun
LIV01677,Fournisseur → Entrepôt,E07,Bordeaux-Centre,E06,Nice-Est,P004,Shampoing,Droguerie,2025-06-18,2025-06-19,1,627,3181.9,DB Schenker,543.98,Livré,Aucun
LIV01678,Inter-entrepôts,E05,Toulouse-Ouest,E06,Nice-Est,P006,T-shirt homme,Textile,2025-04-06,2025-04-11,5,925,10642.2,DHL Supply Chain,2271.65,Livré,Aucun
LIV01679,Magasin → Magasin,E06,Nice-Est,E05,Toulouse-Ouest,P004,Shampoing,Droguerie,2025-11-25,2025-11-27,2,719,2078.9,Geodis,625.7,Retardé,Aucun
LIV01680,Magasin → Magasin,E05,Toulouse-Ouest,E01,Paris-Rungis,P003,Pâtes 500g,Alimentaire,2025-04-11,2025-04-12,1,672,2976.3,DHL Supply Chain,379.89,Livré,Aucun
LIV01681,Fournisseur → Entrepôt,E01,Paris-Rungis,E02,Lyon-Sud,P007,Jeans,Textile,2025-04-11,2025-04-13,2,1028,9895.1,Geodis,3078.88,Livré,Aucun
LIV01682,Fournisseur → Entrepôt,E03,Marseille-Port,E05,Toulouse-Ouest,P010,Casque audio,Électronique,2025-11-18,2025-11-22,4,421,5208.0,Geodis,923.06,Livré,Aucun
LIV01683,Inter-entrepôts,E07,Bordeaux-Centre,E03,Marseille-Port,P006,T-shirt homme,Textile,2025-05-26,2025-05-28,2,803,5983.0,DHL Supply Chain,1347.59,Livré,Erreur quantité
LIV01684,Fournisseur → Entrepôt,E07,Bordeaux-Centre,E04,Lille-Nord,P003,Pâtes 500g,Alimentaire,2025-07-17,2025-07-22,5,1062,6693.3,XPO Logistics,933.18,Livré,Aucun
LIV01685,Inter-entrepôts,E08,Nantes-Atlantique,E05,Toulouse-Ouest,P009,TV 4K,Électronique,2025-10-09,2025-10-11,2,203,2537.3,Geodis,337.85,Livré,Retard transporteur
LIV01686,Magasin → Magasin,E02,Lyon-Sud,E04,Lille-Nord,P010,Casque audio,Électronique,2025-05-25,2025-05-30,5,202,2605.7,Geodis,486.53,Livré,Aucun
LIV01687,Magasin → Magasin,E01,Paris-Rungis,E08,Nantes-Atlantique,P004,Shampoing,Droguerie,2025-10-06,2025-10-09,3,1204,17149.4,XPO Logistics,5123.84,Livré,Aucun
LIV01688,Inter-entrepôts,E08,Nantes-Atlantique,E05,Toulouse-Ouest,P006,T-shirt homme,Textile,2025-12-30,2026-01-03,4,156,750.5,DB Schenker,106.1,Retardé,Aucun
LIV01689,Inter-entrepôts,E04,Lille-Nord,E02,Lyon-Sud,P006,T-shirt homme,Textile,2025-08-20,2025-08-25,5,1236,1206.1,Geodis,359.03,En transit,Aucun
LIV01690,Inter-entrepôts,E01,Paris-Rungis,E08,Nantes-Atlantique,P004,Shampoing,Droguerie,2025-05-27,2025-05-31,4,155,225.0,XPO Logistics,181.21,Livré,Retard transporteur
LIV01691,Inter-entrepôts,E06,Nice-Est,E07,Bordeaux-Centre,P010,Casque audio,Électronique,2025-06-19,2025-06-20,1,1431,14882.2,XPO Logistics,3037.2,Retardé,Aucun
LIV01692,Inter-entrepôts,E01,Paris-Rungis,E08,Nantes-Atlantique,P004,Shampoing,Droguerie,2025-05-05,2025-05-08,3,1143,2864.8,Geodis,489.13,Livré,Aucun
LIV01693,Inter-entrepôts,E08,Nantes-Atlantique,E07,Bordeaux-Centre,P008,Smartphone,Électronique,2025-05-05,2025-05-10,5,1364,9587.1,FM Logistic,1044.27,Livré,Erreur quantité
LIV01694,Inter-entrepôts,E04,Lille-Nord,E05,Toulouse-Ouest,P001,Lait demi-écrémé,Alimentaire,2025-11-22,2025-11-27,5,1472,6782.7,DHL Supply Chain,802.57,En transit,Aucun
LIV01695,Fournisseur → Entrepôt,E02,Lyon-Sud,E04,Lille-Nord,P005,Lessive,Droguerie,2025-12-18,2025-12-21,3,1052,6142.6,Geodis,1112.26,En transit,Aucun
LIV01696,Magasin → Magasin,E02,Lyon-Sud,E04,Lille-Nord,P009,TV 4K,Électronique,2025-11-22,2025-11-25,3,1169,10908.8,FM Logistic,1058.31,Livré,Aucun
LIV01697,Entrepôt → Magasin,E02,Lyon-Sud,E03,Marseille-Port,P001,Lait demi-écrémé,Alimentaire,2025-01-03,2025-01-08,5,566,2146.8,FM Logistic,650.77,Annulé,Retard transporteur
LIV01698,Entrepôt → Magasin,E02,Lyon-Sud,E07,Bordeaux-Centre,P008,Smartphone,Électronique,2025-10-30,2025-11-03,4,520,6980.7,DB Schenker,520.34,Livré,Aucun
LIV01699,Fournisseur → Entrepôt,E01,Paris-Rungis,E08,Nantes-Atlantique,P005,Lessive,Droguerie,2025-05-25,2025-05-27,2,359,2435.1,Geodis,822.12,Livré,Retard transporteur
LIV01700,Inter-entrepôts,E05,Toulouse-Ouest,E07,Bordeaux-Centre,P005,Lessive,Droguerie,2025-02-27,2025-03-03,4,187,1909.3,DB Schenker,672.73,Retardé,Retard transporteur
LIV01701,Entrepôt → Magasin,E06,Nice-Est,E08,Nantes-Atlantique,P002,Riz 1kg,Alimentaire,2025-12-02,2025-12-06,4,486,1093.9,DB Schenker,292.01,Livré,Casse
LIV01702,Magasin → Magasin,E05,Toulouse-Ouest,E01,Paris-Rungis,P001,Lait demi-écrémé,Alimentaire,2025-05-05,2025-05-09,4,851,11854.3,DB Schenker,1375.23,Livré,Aucun
LIV01703,Inter-entrepôts,E06,Nice-Est,E08,Nantes-Atlantique,P009,TV 4K,Électronique,2025-04-18,2025-04-23,5,726,1110.7,Geodis,304.1,Livré,Erreur quantité
LIV01704,Magasin → Magasin,E05,Toulouse-Ouest,E08,Nantes-Atlantique,P005,Lessive,Droguerie,2025-08-11,2025-08-15,4,1034,4485.6,Geodis,1017.05,Livré,Casse
LIV01705,Entrepôt → Magasin,E01,Paris-Rungis,E03,Marseille-Port,P010,Casque audio,Électronique,2025-11-29,2025-11-30,1,703,5599.3,Geodis,1746.82,En transit,Aucun
LIV01706,Fournisseur → Entrepôt,E02,Lyon-Sud,E01,Paris-Rungis,P001,Lait demi-écrémé,Alimentaire,2025-02-18,2025-02-21,3,796,772.9,FM Logistic,312.0,Livré,Aucun
LIV01707,Magasin → Magasin,E03,Marseille-Port,E06,Nice-Est,P010,Casque audio,Électronique,2025-01-08,2025-01-09,1,564,8143.7,XPO Logistics,1764.49,Livré,Aucun
LIV01708,Entrepôt → Magasin,E07,Bordeaux-Centre,E04,Lille-Nord,P007,Jeans,Textile,2025-07-22,2025-07-23,1,302,2101.6,FM Logistic,509.44,Livré,Retard transporteur
LIV01709,Fournisseur → Entrepôt,E08,Nantes-Atlantique,E05,Toulouse-Ouest,P008,Smartphone,Électronique,2025-02-15,2025-02-20,5,167,2146.0,DHL Supply Chain,502.52,Livré,Aucun
LIV01710,Entrepôt → Magasin,E06,Nice-Est,E01,Paris-Rungis,P001,Lait demi-écrémé,Alimentaire,2025-11-28,2025-12-01,3,981,3648.5,XPO Logistics,390.72,Livré,Erreur quantité
LIV01711,Entrepôt → Magasin,E04,Lille-Nord,E01,Paris-Rungis,P002,Riz 1kg,Alimentaire,2025-12-23,2025-12-26,3,1056,2997.6,XPO Logistics,885.24,En transit,Aucun
LIV01712,Entrepôt → Magasin,E05,Toulouse-Ouest,E08,Nantes-Atlantique,P005,Lessive,Droguerie,2025-06-08,2025-06-12,4,1171,8346.1,XPO Logistics,1849.27,En transit,Aucun
LIV01713,Fournisseur → Entrepôt,E01,Paris-Rungis,E08,Nantes-Atlantique,P001,Lait demi-écrémé,Alimentaire,2025-02-16,2025-02-21,5,934,6043.9,Geodis,1592.51,Livré,Aucun
LIV01714,Fournisseur → Entrepôt,E02,Lyon-Sud,E06,Nice-Est,P006,T-shirt homme,Textile,2025-02-15,2025-02-16,1,415,3965.5,DHL Supply Chain,571.73,Livré,Aucun
LIV01715,Entrepôt → Magasin,E07,Bordeaux-Centre,E06,Nice-Est,P002,Riz 1kg,Alimentaire,2025-07-18,2025-07-22,4,1149,12737.4,XPO Logistics,3486.57,Livré,Aucun
LIV01716,Entrepôt → Magasin,E08,Nantes-Atlantique,E02,Lyon-Sud,P009,TV 4K,Électronique,2025-06-08,2025-06-13,5,155,1212.8,DB Schenker,416.24,Livré,Aucun
LIV01717,Fournisseur → Entrepôt,E05,Toulouse-Ouest,E01,Paris-Rungis,P006,T-shirt homme,Textile,2025-07-09,2025-07-13,4,301,3854.1,FM Logistic,729.53,Livré,Aucun
LIV01718,Magasin → Magasin,E04,Lille-Nord,E07,Bordeaux-Centre,P007,Jeans,Textile,2025-03-20,2025-03-21,1,1458,21269.6,DB Schenker,1510.89,Livré,Aucun
LIV01719,Entrepôt → Magasin,E08,Nantes-Atlantique,E06,Nice-Est,P003,Pâtes 500g,Alimentaire,2025-04-10,2025-04-11,1,1288,927.5,FM Logistic,372.83,Livré,Erreur quantité
LIV01720,Magasin → Magasin,E04,Lille-Nord,E08,Nantes-Atlantique,P008,Smartphone,Électronique,2025-03-10,2025-03-11,1,1438,11963.5,DB Schenker,1872.61,Livré,Aucun
LIV01721,Entrepôt → Magasin,E05,Toulouse-Ouest,E04,Lille-Nord,P001,Lait demi-écrémé,Alimentaire,2025-07-07,2025-07-11,4,190,2366.7,DHL Supply Chain,851.98,Livré,Erreur quantité
LIV01722,Fournisseur → Entrepôt,E02,Lyon-Sud,E07,Bordeaux-Centre,P007,Jeans,Textile,2025-06-11,2025-06-15,4,808,5226.2,Geodis,550.2,En transit,Aucun
LIV01723,Entrepôt → Magasin,E03,Marseille-Port,E01,Paris-Rungis,P008,Smartphone,Électronique,2025-01-10,2025-01-11,1,1079,11248.4,DB Schenker,746.57,Livré,Aucun
LIV01724,Magasin → Magasin,E08,Nantes-Atlantique,E06,Nice-Est,P010,Casque audio,Électronique,2025-04-06,2025-04-10,4,383,2150.4,Geodis,660.3,Livré,Aucun
LIV01725,Inter-entrepôts,E04,Lille-Nord,E03,Marseille-Port,P010,Casque audio,Électronique,2025-11-18,2025-11-23,5,1332,5454.4,FM Logistic,515.97,Livré,Aucun
LIV01726,Inter-entrepôts,E01,Paris-Rungis,E08,Nantes-Atlantique,P005,Lessive,Droguerie,2025-04-15,2025-04-18,3,307,818.9,XPO Logistics,380.74,Livré,Aucun
LIV01727,Entrepôt → Magasin,E01,Paris-Rungis,E02,Lyon-Sud,P004,Shampoing,Droguerie,2025-04-23,2025-04-28,5,1124,9676.5,DHL Supply Chain,1200.56,Livré,Aucun
LIV01728,Magasin → Magasin,E06,Nice-Est,E05,Toulouse-Ouest,P005,Lessive,Droguerie,2025-12-03,2025-12-08,5,1364,17107.7,Geodis,1434.9,En transit,Aucun
LIV01729,Inter-entrepôts,E06,Nice-Est,E04,Lille-Nord,P009,TV 4K,Électronique,2025-09-08,2025-09-09,1,1387,15490.3,DHL Supply Chain,3937.55,Livré,Aucun
LIV01730,Entrepôt → Magasin,E05,Toulouse-Ouest,E04,Lille-Nord,P004,Shampoing,Droguerie,2025-07-22,2025-07-27,5,149,1748.2,FM Logistic,698.35,Livré,Aucun
LIV01731,Magasin → Magasin,E05,Toulouse-Ouest,E06,Nice-Est,P009,TV 4K,Électronique,2025-04-07,2025-04-11,4,282,1778.3,DHL Supply Chain,646.87,Livré,Aucun
LIV01732,Magasin → Magasin,E02,Lyon-Sud,E05,Toulouse-Ouest,P008,Smartphone,Électronique,2025-06-12,2025-06-14,2,1234,7826.5,XPO Logistics,2389.8,Livré,Aucun
LIV01733,Magasin → Magasin,E02,Lyon-Sud,E04,Lille-Nord,P005,Lessive,Droguerie,2025-12-29,2026-01-03,5,1305,12172.3,Geodis,3609.92,Livré,Aucun
LIV01734,Inter-entrepôts,E05,Toulouse-Ouest,E03,Marseille-Port,P003,Pâtes 500g,Alimentaire,2025-08-16,2025-08-20,4,82,460.5,Geodis,365.43,Livré,Casse
LIV01735,Fournisseur → Entrepôt,E07,Bordeaux-Centre,E02,Lyon-Sud,P005,Lessive,Droguerie,2025-06-01,2025-06-06,5,174,1442.3,FM Logistic,682.78,En transit,Erreur quantité
LIV01736,Magasin → Magasin,E08,Nantes-Atlantique,E05,Toulouse-Ouest,P010,Casque audio,Électronique,2025-07-08,2025-07-09,1,217,785.2,DHL Supply Chain,431.97,Livré,Aucun
LIV01737,Fournisseur → Entrepôt,E02,Lyon-Sud,E04,Lille-Nord,P003,Pâtes 500g,Alimentaire,2025-01-12,2025-01-13,1,503,2195.2,FM Logistic,665.97,Livré,Aucun
LIV01738,Inter-entrepôts,E02,Lyon-Sud,E04,Lille-Nord,P001,Lait demi-écrémé,Alimentaire,2025-05-30,2025-06-03,4,372,1817.5,DHL Supply Chain,554.87,Livré,Aucun
LIV01739,Inter-entrepôts,E04,Lille-Nord,E05,Toulouse-Ouest,P003,Pâtes 500g,Alimentaire,2025-09-04,2025-09-06,2,486,484.6,DB Schenker,157.17,Livré,Aucun
LIV01740,Magasin → Magasin,E05,Toulouse-Ouest,E08,Nantes-Atlantique,P004,Shampoing,Droguerie,2025-04-02,2025-04-03,1,96,1249.9,Geodis,372.04,Livré,Aucun
LIV01741,Magasin → Magasin,E08,Nantes-Atlantique,E07,Bordeaux-Centre,P004,Shampoing,Droguerie,2025-01-30,2025-02-03,4,1169,16365.8,FM Logistic,3231.26,En transit,Aucun
LIV01742,Fournisseur → Entrepôt,E07,Bordeaux-Centre,E04,Lille-Nord,P007,Jeans,Textile,2025-02-04,2025-02-08,4,49,444.5,DB Schenker,136.76,Livré,Aucun
LIV01743,Magasin → Magasin,E03,Marseille-Port,E04,Lille-Nord,P008,Smartphone,Électronique,2025-12-21,2025-12-25,4,282,370.5,Geodis,340.79,Livré,Aucun
LIV01744,Fournisseur → Entrepôt,E08,Nantes-Atlantique,E07,Bordeaux-Centre,P010,Casque audio,Électronique,2025-12-26,2025-12-29,3,775,498.0,DHL Supply Chain,366.31,Livré,Aucun
LIV01745,Magasin → Magasin,E04,Lille-Nord,E01,Paris-Rungis,P006,T-shirt homme,Textile,2025-08-18,2025-08-20,2,1027,5938.6,Geodis,797.76,En transit,Aucun
LIV01746,Magasin → Magasin,E06,Nice-Est,E05,Toulouse-Ouest,P010,Casque audio,Électronique,2025-04-02,2025-04-07,5,444,3817.3,DHL Supply Chain,310.22,Livré,Aucun
LIV01747,Magasin → Magasin,E01,Paris-Rungis,E07,Bordeaux-Centre,P008,Smartphone,Électronique,2025-04-05,2025-04-06,1,1385,17384.1,XPO Logistics,1765.62,Livré,Aucun
LIV01748,Inter-entrepôts,E08,Nantes-Atlantique,E04,Lille-Nord,P006,T-shirt homme,Textile,2025-08-04,2025-08-08,4,984,9138.0,XPO Logistics,1219.92,En transit,Aucun
LIV01749,Fournisseur → Entrepôt,E02,Lyon-Sud,E08,Nantes-Atlantique,P005,Lessive,Droguerie,2025-09-16,2025-09-19,3,329,2123.0,DHL Supply Chain,825.78,Retardé,Aucun
LIV01750,Magasin → Magasin,E06,Nice-Est,E04,Lille-Nord,P005,Lessive,Droguerie,2025-08-12,2025-08-15,3,1094,5776.1,Geodis,1558.85,Livré,Aucun
LIV01751,Inter-entrepôts,E05,Toulouse-Ouest,E02,Lyon-Sud,P008,Smartphone,Électronique,2025-10-18,2025-10-20,2,553,3303.1,DB Schenker,989.72,Livré,Aucun
LIV01752,Entrepôt → Magasin,E07,Bordeaux-Centre,E03,Marseille-Port,P003,Pâtes 500g,Alimentaire,2025-04-04,2025-04-09,5,1014,14842.7,DHL Supply Chain,1590.18,Livré,Aucun
LIV01753,Inter-entrepôts,E05,Toulouse-Ouest,E07,Bordeaux-Centre,P002,Riz 1kg,Alimentaire,2025-05-21,2025-05-24,3,1156,15679.5,XPO Logistics,3551.56,Livré,Aucun
LIV01754,Magasin → Magasin,E02,Lyon-Sud,E01,Paris-Rungis,P004,Shampoing,Droguerie,2025-02-04,2025-02-09,5,1109,7486.8,FM Logistic,2126.77,En transit,Aucun
LIV01755,Magasin → Magasin,E01,Paris-Rungis,E08,Nantes-Atlantique,P007,Jeans,Textile,2025-12-08,2025-12-13,5,1045,12519.4,XPO Logistics,2882.11,Livré,Aucun
LIV01756,Entrepôt → Magasin,E06,Nice-Est,E07,Bordeaux-Centre,P001,Lait demi-écrémé,Alimentaire,2025-12-07,2025-12-10,3,973,7943.9,DB Schenker,1078.96,En transit,Aucun
LIV01757,Magasin → Magasin,E06,Nice-Est,E01,Paris-Rungis,P009,TV 4K,Électronique,2025-07-27,2025-07-30,3,242,1304.0,XPO Logistics,159.12,En transit,Aucun
LIV01758,Inter-entrepôts,E08,Nantes-Atlantique,E05,Toulouse-Ouest,P001,Lait demi-écrémé,Alimentaire,2025-09-30,2025-10-04,4,1363,10607.4,DHL Supply Chain,1442.52,Livré,Aucun
LIV01759,Entrepôt → Magasin,E02,Lyon-Sud,E05,Toulouse-Ouest,P001,Lait demi-écrémé,Alimentaire,2025-06-29,2025-07-04,5,495,4616.9,DB Schenker,842.14,En transit,Aucun
LIV01760,Inter-entrepôts,E03,Marseille-Port,E05,Toulouse-Ouest,P005,Lessive,Droguerie,2025-02-09,2025-02-11,2,548,8178.8,FM Logistic,2508.83,Livré,Aucun
LIV01761,Fournisseur → Entrepôt,E08,Nantes-Atlantique,E05,Toulouse-Ouest,P008,Smartphone,Électronique,2025-04-11,2025-04-14,3,244,1434.0,DHL Supply Chain,208.62,En transit,Aucun
LIV01762,Entrepôt → Magasin,E02,Lyon-Sud,E03,Marseille-Port,P002,Riz 1kg,Alimentaire,2025-09-14,2025-09-15,1,132,317.3,FM Logistic,275.29,Livré,Aucun
LIV01763,Fournisseur → Entrepôt,E08,Nantes-Atlantique,E06,Nice-Est,P006,T-shirt homme,Textile,2025-06-20,2025-06-23,3,924,9573.8,XPO Logistics,1290.58,Livré,Aucun
LIV01764,Entrepôt → Magasin,E04,Lille-Nord,E02,Lyon-Sud,P002,Riz 1kg,Alimentaire,2025-10-09,2025-10-11,2,861,5197.3,FM Logistic,1612.73,Livré,Aucun
LIV01765,Entrepôt → Magasin,E05,Toulouse-Ouest,E04,Lille-Nord,P010,Casque audio,Électronique,2025-09-22,2025-09-26,4,432,1007.3,DB Schenker,460.57,Livré,Aucun
LIV01766,Magasin → Magasin,E03,Marseille-Port,E05,Toulouse-Ouest,P002,Riz 1kg,Alimentaire,2025-11-28,2025-11-30,2,964,1045.0,DB Schenker,368.47,Livré,Aucun
LIV01767,Fournisseur → Entrepôt,E01,Paris-Rungis,E06,Nice-Est,P001,Lait demi-écrémé,Alimentaire,2025-07-14,2025-07-18,4,67,585.1,DHL Supply Chain,197.23,Livré,Aucun
LIV01768,Fournisseur → Entrepôt,E07,Bordeaux-Centre,E06,Nice-Est,P006,T-shirt homme,Textile,2025-09-15,2025-09-20,5,1169,10493.8,XPO Logistics,2132.12,Livré,Aucun
LIV01769,Entrepôt → Magasin,E03,Marseille-Port,E07,Bordeaux-Centre,P009,TV 4K,Électronique,2025-12-17,2025-12-20,3,296,3079.5,FM Logistic,473.7,Livré,Aucun
LIV01770,Entrepôt → Magasin,E02,Lyon-Sud,E07,Bordeaux-Centre,P002,Riz 1kg,Alimentaire,2025-03-15,2025-03-17,2,87,258.4,FM Logistic,196.8,Livré,Aucun
LIV01771,Fournisseur → Entrepôt,E02,Lyon-Sud,E03,Marseille-Port,P007,Jeans,Textile,2025-09-18,2025-09-21,3,75,380.5,XPO Logistics,327.72,Livré,Aucun
LIV01772,Magasin → Magasin,E01,Paris-Rungis,E02,Lyon-Sud,P009,TV 4K,Électronique,2025-08-20,2025-08-24,4,985,5678.8,DHL Supply Chain,1394.06,Livré,Aucun
LIV01773,Entrepôt → Magasin,E08,Nantes-Atlantique,E02,Lyon-Sud,P005,Lessive,Droguerie,2025-08-26,2025-08-31,5,597,2283.9,DB Schenker,646.3,En transit,Aucun
LIV01774,Inter-entrepôts,E02,Lyon-Sud,E08,Nantes-Atlantique,P001,Lait demi-écrémé,Alimentaire,2025-04-17,2025-04-19,2,457,6750.1,DHL Supply Chain,1472.8,Livré,Aucun
LIV01775,Magasin → Magasin,E08,Nantes-Atlantique,E02,Lyon-Sud,P001,Lait demi-écrémé,Alimentaire,2025-07-02,2025-07-07,5,712,5845.2,FM Logistic,560.72,Livré,Aucun
LIV01776,Magasin → Magasin,E03,Marseille-Port,E02,Lyon-Sud,P005,Lessive,Droguerie,2025-04-16,2025-04-17,1,288,2966.7,FM Logistic,887.78,Retardé,Aucun
LIV01777,Inter-entrepôts,E03,Marseille-Port,E07,Bordeaux-Centre,P004,Shampoing,Droguerie,2025-01-11,2025-01-15,4,1122,2307.4,DHL Supply Chain,460.22,En transit,Aucun
LIV01778,Magasin → Magasin,E01,Paris-Rungis,E05,Toulouse-Ouest,P008,Smartphone,Électronique,2025-11-14,2025-11-16,2,624,2514.0,DB Schenker,709.63,Livré,Casse
LIV01779,Magasin → Magasin,E02,Lyon-Sud,E01,Paris-Rungis,P004,Shampoing,Droguerie,2025-02-26,2025-03-01,3,1430,21344.4,XPO Logistics,5596.77,Livré,Aucun
LIV01780,Fournisseur → Entrepôt,E03,Marseille-Port,E05,Toulouse-Ouest,P005,Lessive,Droguerie,2025-06-12,2025-06-17,5,1495,18082.0,DB Schenker,5102.4,Livré,Aucun
LIV01781,Fournisseur → Entrepôt,E04,Lille-Nord,E07,Bordeaux-Centre,P002,Riz 1kg,Alimentaire,2025-01-07,2025-01-12,5,39,122.0,DHL Supply Chain,236.48,Livré,Aucun
LIV01782,Inter-entrepôts,E03,Marseille-Port,E07,Bordeaux-Centre,P008,Smartphone,Électronique,2025-06-29,2025-06-30,1,393,2953.7,Geodis,288.73,Livré,Aucun
LIV01783,Inter-entrepôts,E04,Lille-Nord,E06,Nice-Est,P008,Smartphone,Électronique,2025-03-25,2025-03-30,5,1130,854.1,DB Schenker,389.93,Retardé,Retard transporteur
LIV01784,Magasin → Magasin,E01,Paris-Rungis,E05,Toulouse-Ouest,P010,Casque audio,Électronique,2025-06-10,2025-06-15,5,1464,13792.8,DB Schenker,3421.26,Livré,Retard transporteur
LIV01785,Inter-entrepôts,E04,Lille-Nord,E03,Marseille-Port,P007,Jeans,Textile,2025-03-15,2025-03-17,2,1200,6239.6,FM Logistic,421.79,Livré,Aucun
LIV01786,Magasin → Magasin,E01,Paris-Rungis,E07,Bordeaux-Centre,P001,Lait demi-écrémé,Alimentaire,2025-01-03,2025-01-04,1,1110,14561.7,XPO Logistics,1675.96,Livré,Aucun
LIV01787,Entrepôt → Magasin,E04,Lille-Nord,E06,Nice-Est,P006,T-shirt homme,Textile,2025-07-16,2025-07-17,1,1093,9506.2,Geodis,703.53,Livré,Aucun
LIV01788,Entrepôt → Magasin,E05,Toulouse-Ouest,E04,Lille-Nord,P009,TV 4K,Électronique,2025-04-03,2025-04-06,3,963,11959.8,DHL Supply Chain,3483.22,Livré,Aucun
LIV01789,Inter-entrepôts,E01,Paris-Rungis,E08,Nantes-Atlantique,P007,Jeans,Textile,2025-08-03,2025-08-06,3,129,1434.8,DHL Supply Chain,463.83,Livré,Aucun
LIV01790,Entrepôt → Magasin,E03,Marseille-Port,E05,Toulouse-Ouest,P004,Shampoing,Droguerie,2025-03-04,2025-03-08,4,50,190.4,DB Schenker,119.82,Livré,Retard transporteur
LIV01791,Entrepôt → Magasin,E07,Bordeaux-Centre,E08,Nantes-Atlantique,P004,Shampoing,Droguerie,2025-03-06,2025-03-10,4,134,1878.4,Geodis,557.66,En transit,Aucun
LIV01792,Magasin → Magasin,E05,Toulouse-Ouest,E08,Nantes-Atlantique,P006,T-shirt homme,Textile,2025-08-09,2025-08-12,3,791,6479.7,DB Schenker,1086.91,Livré,Aucun
LIV01793,Magasin → Magasin,E02,Lyon-Sud,E04,Lille-Nord,P003,Pâtes 500g,Alimentaire,2025-09-16,2025-09-19,3,27,15.0,DHL Supply Chain,263.1,En transit,Aucun
LIV01794,Fournisseur → Entrepôt,E04,Lille-Nord,E05,Toulouse-Ouest,P009,TV 4K,Électronique,2025-05-19,2025-05-23,4,209,115.7,XPO Logistics,196.43,Livré,Erreur quantité
LIV01795,Fournisseur → Entrepôt,E04,Lille-Nord,E02,Lyon-Sud,P008,Smartphone,Électronique,2025-08-07,2025-08-09,2,1325,14622.2,Geodis,4017.09,Livré,Aucun
LIV01796,Fournisseur → Entrepôt,E05,Toulouse-Ouest,E01,Paris-Rungis,P008,Smartphone,Électronique,2025-09-10,2025-09-14,4,765,5422.9,Geodis,1925.48,Livré,Aucun
LIV01797,Entrepôt → Magasin,E01,Paris-Rungis,E04,Lille-Nord,P010,Casque audio,Électronique,2025-02-14,2025-02-15,1,1094,14757.0,FM Logistic,1570.95,Livré,Aucun
LIV01798,Inter-entrepôts,E04,Lille-Nord,E03,Marseille-Port,P009,TV 4K,Électronique,2025-12-07,2025-12-12,5,184,826.5,XPO Logistics,360.48,Livré,Aucun
LIV01799,Entrepôt → Magasin,E06,Nice-Est,E07,Bordeaux-Centre,P006,T-shirt homme,Textile,2025-11-21,2025-11-24,3,1394,11190.7,DHL Supply Chain,2549.67,Livré,Aucun
LIV01800,Fournisseur → Entrepôt,E02,Lyon-Sud,E07,Bordeaux-Centre,P004,Shampoing,Droguerie,2025-02-26,2025-03-03,5,467,5188.5,FM Logistic,1259.3,Livré,Aucun
LIV01801,Fournisseur → Entrepôt,E05,Toulouse-Ouest,E03,Marseille-Port,P007,Jeans,Textile,2025-10-02,2025-10-05,3,43,79.5,DB Schenker,193.33,Livré,Aucun
LIV01802,Entrepôt → Magasin,E05,Toulouse-Ouest,E02,Lyon-Sud,P010,Casque audio,Électronique,2025-04-26,2025-04-28,2,835,9331.8,DHL Supply Chain,2941.48,Livré,Retard transporteur
LIV01803,Inter-entrepôts,E04,Lille-Nord,E08,Nantes-Atlantique,P008,Smartphone,Électronique,2025-12-05,2025-12-06,1,146,145.2,FM Logistic,170.78,Livré,Aucun
LIV01804,Magasin → Magasin,E02,Lyon-Sud,E03,Marseille-Port,P008,Smartphone,Électronique,2025-10-23,2025-10-25,2,171,1627.4,DHL Supply Chain,568.23,Livré,Aucun
LIV01805,Fournisseur → Entrepôt,E07,Bordeaux-Centre,E08,Nantes-Atlantique,P010,Casque audio,Électronique,2025-11-07,2025-11-12,5,10,66.8,Geodis,82.67,Livré,Retard transporteur
LIV01806,Fournisseur → Entrepôt,E07,Bordeaux-Centre,E04,Lille-Nord,P002,Riz 1kg,Alimentaire,2025-02-13,2025-02-18,5,392,3290.7,FM Logistic,342.94,Livré,Aucun
LIV01807,Magasin → Magasin,E05,Toulouse-Ouest,E02,Lyon-Sud,P006,T-shirt homme,Textile,2025-10-15,2025-10-17,2,55,489.6,DB Schenker,361.02,Livré,Aucun
LIV01808,Inter-entrepôts,E07,Bordeaux-Centre,E05,Toulouse-Ouest,P002,Riz 1kg,Alimentaire,2025-09-22,2025-09-26,4,255,2547.8,DB Schenker,479.74,Livré,Aucun
LIV01809,Fournisseur → Entrepôt,E07,Bordeaux-Centre,E03,Marseille-Port,P003,Pâtes 500g,Alimentaire,2025-03-30,2025-03-31,1,862,10512.5,DB Schenker,2816.26,Livré,Aucun
LIV01810,Inter-entrepôts,E01,Paris-Rungis,E02,Lyon-Sud,P004,Shampoing,Droguerie,2025-06-29,2025-07-04,5,130,1307.6,XPO Logistics,541.09,Livré,Aucun
LIV01811,Fournisseur → Entrepôt,E05,Toulouse-Ouest,E06,Nice-Est,P002,Riz 1kg,Alimentaire,2025-01-21,2025-01-26,5,1070,5794.5,Geodis,921.8,Retardé,Aucun
LIV01812,Inter-entrepôts,E08,Nantes-Atlantique,E06,Nice-Est,P003,Pâtes 500g,Alimentaire,2025-08-20,2025-08-24,4,1046,12359.5,XPO Logistics,1683.75,En transit,Aucun
LIV01813,Inter-entrepôts,E02,Lyon-Sud,E06,Nice-Est,P002,Riz 1kg,Alimentaire,2025-07-17,2025-07-21,4,186,2512.8,Geodis,650.5,Livré,Aucun
LIV01814,Inter-entrepôts,E01,Paris-Rungis,E05,Toulouse-Ouest,P004,Shampoing,Droguerie,2025-08-12,2025-08-13,1,1030,5016.4,Geodis,1120.04,Livré,Aucun
LIV01815,Fournisseur → Entrepôt,E01,Paris-Rungis,E02,Lyon-Sud,P001,Lait demi-écrémé,Alimentaire,2025-01-15,2025-01-16,1,194,707.4,DB Schenker,305.35,Livré,Aucun
LIV01816,Entrepôt → Magasin,E05,Toulouse-Ouest,E01,Paris-Rungis,P002,Riz 1kg,Alimentaire,2025-02-17,2025-02-19,2,1325,11513.7,Geodis,1104.39,Livré,Aucun
LIV01817,Inter-entrepôts,E08,Nantes-Atlantique,E07,Bordeaux-Centre,P008,Smartphone,Électronique,2025-03-17,2025-03-20,3,601,2387.2,FM Logistic,542.03,Livré,Aucun
LIV01818,Fournisseur → Entrepôt,E07,Bordeaux-Centre,E05,Toulouse-Ouest,P010,Casque audio,Électronique,2025-02-20,2025-02-23,3,1419,13676.9,FM Logistic,3327.96,Retardé,Casse
LIV01819,Magasin → Magasin,E05,Toulouse-Ouest,E04,Lille-Nord,P001,Lait demi-écrémé,Alimentaire,2025-11-19,2025-11-24,5,223,1022.5,FM Logistic,467.93,Livré,Aucun
LIV01820,Entrepôt → Magasin,E04,Lille-Nord,E02,Lyon-Sud,P009,TV 4K,Électronique,2025-03-09,2025-03-13,4,721,4689.6,FM Logistic,1082.39,En transit,Aucun
LIV01821,Entrepôt → Magasin,E03,Marseille-Port,E05,Toulouse-Ouest,P007,Jeans,Textile,2025-07-30,2025-08-04,5,1198,2440.6,DHL Supply Chain,760.75,Livré,Aucun
LIV01822,Magasin → Magasin,E01,Paris-Rungis,E07,Bordeaux-Centre,P009,TV 4K,Électronique,2025-11-21,2025-11-25,4,1435,16984.3,DHL Supply Chain,2637.0,En transit,Casse
LIV01823,Fournisseur → Entrepôt,E08,Nantes-Atlantique,E04,Lille-Nord,P006,T-shirt homme,Textile,2025-11-04,2025-11-08,4,1014,6768.6,Geodis,916.79,En transit,Aucun
LIV01824,Magasin → Magasin,E06,Nice-Est,E01,Paris-Rungis,P007,Jeans,Textile,2025-09-26,2025-09-28,2,403,4005.1,XPO Logistics,617.5,En transit,Aucun
LIV01825,Fournisseur → Entrepôt,E08,Nantes-Atlantique,E07,Bordeaux-Centre,P005,Lessive,Droguerie,2025-12-20,2025-12-21,1,1370,14888.9,Geodis,2550.5,Livré,Aucun
LIV01826,Magasin → Magasin,E04,Lille-Nord,E07,Bordeaux-Centre,P009,TV 4K,Électronique,2025-07-08,2025-07-11,3,834,287.2,XPO Logistics,207.59,Livré,Aucun
LIV01827,Inter-entrepôts,E02,Lyon-Sud,E03,Marseille-Port,P004,Shampoing,Droguerie,2025-01-02,2025-01-05,3,1062,12779.0,Geodis,3008.73,En transit,Aucun
LIV01828,Inter-entrepôts,E03,Marseille-Port,E06,Nice-Est,P006,T-shirt homme,Textile,2025-06-20,2025-06-24,4,825,7748.3,Geodis,987.7,Livré,Aucun
LIV01829,Magasin → Magasin,E02,Lyon-Sud,E08,Nantes-Atlantique,P010,Casque audio,Électronique,2025-01-06,2025-01-10,4,270,828.9,DB Schenker,249.45,Livré,Aucun
LIV01830,Fournisseur → Entrepôt,E02,Lyon-Sud,E06,Nice-Est,P008,Smartphone,Électronique,2025-06-08,2025-06-12,4,16,154.9,Geodis,166.69,Livré,Aucun
LIV01831,Magasin → Magasin,E03,Marseille-Port,E04,Lille-Nord,P010,Casque audio,Électronique,2025-09-28,2025-10-01,3,1209,7065.2,Geodis,961.23,En transit,Erreur quantité
LIV01832,Fournisseur → Entrepôt,E02,Lyon-Sud,E05,Toulouse-Ouest,P003,Pâtes 500g,Alimentaire,2025-11-20,2025-11-24,4,942,2754.4,Geodis,346.9,Livré,Aucun
LIV01833,Entrepôt → Magasin,E04,Lille-Nord,E02,Lyon-Sud,P002,Riz 1kg,Alimentaire,2025-07-10,2025-07-14,4,878,6056.2,DHL Supply Chain,664.67,Livré,Aucun
LIV01834,Entrepôt → Magasin,E01,Paris-Rungis,E04,Lille-Nord,P006,T-shirt homme,Textile,2025-11-09,2025-11-14,5,1235,3251.6,FM Logistic,1055.5,Livré,Aucun
LIV01835,Entrepôt → Magasin,E03,Marseille-Port,E02,Lyon-Sud,P002,Riz 1kg,Alimentaire,2025-05-05,2025-05-06,1,1147,10167.6,Geodis,1647.31,Livré,Aucun
LIV01836,Entrepôt → Magasin,E08,Nantes-Atlantique,E02,Lyon-Sud,P005,Lessive,Droguerie,2025-02-16,2025-02-20,4,1457,5936.4,DB Schenker,579.33,Retardé,Aucun
LIV01837,Entrepôt → Magasin,E03,Marseille-Port,E02,Lyon-Sud,P004,Shampoing,Droguerie,2025-06-24,2025-06-27,3,1212,1699.7,DHL Supply Chain,661.06,Livré,Aucun
LIV01838,Magasin → Magasin,E04,Lille-Nord,E01,Paris-Rungis,P004,Shampoing,Droguerie,2025-07-15,2025-07-17,2,486,3807.4,DB Schenker,1048.17,Livré,Aucun
LIV01839,Fournisseur → Entrepôt,E04,Lille-Nord,E03,Marseille-Port,P003,Pâtes 500g,Alimentaire,2025-06-12,2025-06-13,1,141,2079.0,DHL Supply Chain,290.97,Livré,Aucun
LIV01840,Magasin → Magasin,E07,Bordeaux-Centre,E08,Nantes-Atlantique,P008,Smartphone,Électronique,2025-09-06,2025-09-11,5,1290,2265.9,DB Schenker,708.73,Livré,Aucun
LIV01841,Fournisseur → Entrepôt,E07,Bordeaux-Centre,E03,Marseille-Port,P010,Casque audio,Électronique,2025-02-03,2025-02-06,3,452,2435.2,Geodis,191.01,Livré,Erreur quantité
LIV01842,Fournisseur → Entrepôt,E01,Paris-Rungis,E05,Toulouse-Ouest,P004,Shampoing,Droguerie,2025-11-03,2025-11-05,2,1240,13334.3,XPO Logistics,2941.15,Livré,Casse
LIV01843,Magasin → Magasin,E02,Lyon-Sud,E01,Paris-Rungis,P001,Lait demi-écrémé,Alimentaire,2025-06-03,2025-06-08,5,1352,11989.4,DB Schenker,3351.36,Retardé,Casse
LIV01844,Inter-entrepôts,E05,Toulouse-Ouest,E08,Nantes-Atlantique,P008,Smartphone,Électronique,2025-12-31,2026-01-01,1,1259,10758.7,FM Logistic,2176.37,Livré,Aucun
LIV01845,Entrepôt → Magasin,E07,Bordeaux-Centre,E08,Nantes-Atlantique,P004,Shampoing,Droguerie,2025-05-03,2025-05-08,5,1394,15470.0,DB Schenker,1470.01,Retardé,Aucun
LIV01846,Inter-entrepôts,E03,Marseille-Port,E08,Nantes-Atlantique,P009,TV 4K,Électronique,2025-08-08,2025-08-11,3,1012,11413.1,DB Schenker,1207.85,En transit,Aucun
LIV01847,Entrepôt → Magasin,E03,Marseille-Port,E06,Nice-Est,P004,Shampoing,Droguerie,2025-01-02,2025-01-03,1,885,2518.6,FM Logistic,459.41,Livré,Casse
LIV01848,Inter-entrepôts,E05,Toulouse-Ouest,E03,Marseille-Port,P002,Riz 1kg,Alimentaire,2025-08-01,2025-08-05,4,1178,1899.4,DHL Supply Chain,389.31,Livré,Aucun
LIV01849,Entrepôt → Magasin,E02,Lyon-Sud,E05,Toulouse-Ouest,P003,Pâtes 500g,Alimentaire,2025-11-10,2025-11-12,2,495,1810.4,DB Schenker,666.97,Livré,Aucun
LIV01850,Inter-entrepôts,E02,Lyon-Sud,E04,Lille-Nord,P004,Shampoing,Droguerie,2025-06-30,2025-07-04,4,353,3799.8,DB Schenker,871.3,Livré,Aucun
LIV01851,Entrepôt → Magasin,E05,Toulouse-Ouest,E07,Bordeaux-Centre,P001,Lait demi-écrémé,Alimentaire,2025-10-22,2025-10-25,3,222,936.2,XPO Logistics,325.38,En transit,Aucun
LIV01852,Inter-entrepôts,E02,Lyon-Sud,E06,Nice-Est,P003,Pâtes 500g,Alimentaire,2025-05-29,2025-06-01,3,800,6677.4,DHL Supply Chain,1764.85,Livré,Aucun
LIV01853,Entrepôt → Magasin,E04,Lille-Nord,E06,Nice-Est,P007,Jeans,Textile,2025-11-25,2025-11-28,3,1328,17315.6,XPO Logistics,5297.41,Livré,Aucun
LIV01854,Inter-entrepôts,E03,Marseille-Port,E02,Lyon-Sud,P003,Pâtes 500g,Alimentaire,2025-03-12,2025-03-15,3,335,4316.3,FM Logistic,727.81,Livré,Aucun
LIV01855,Entrepôt → Magasin,E03,Marseille-Port,E04,Lille-Nord,P005,Lessive,Droguerie,2025-02-23,2025-02-26,3,711,10656.7,DHL Supply Chain,3265.28,Retardé,Aucun
LIV01856,Fournisseur → Entrepôt,E01,Paris-Rungis,E04,Lille-Nord,P005,Lessive,Droguerie,2025-08-27,2025-08-30,3,1436,2336.5,DHL Supply Chain,468.35,Livré,Aucun
LIV01857,Fournisseur → Entrepôt,E01,Paris-Rungis,E05,Toulouse-Ouest,P006,T-shirt homme,Textile,2025-04-04,2025-04-07,3,454,1314.7,FM Logistic,228.88,Livré,Aucun
LIV01858,Inter-entrepôts,E05,Toulouse-Ouest,E07,Bordeaux-Centre,P006,T-shirt homme,Textile,2025-03-02,2025-03-07,5,1212,6938.6,DHL Supply Chain,2179.56,Livré,Aucun
LIV01859,Fournisseur → Entrepôt,E05,Toulouse-Ouest,E04,Lille-Nord,P003,Pâtes 500g,Alimentaire,2025-10-06,2025-10-07,1,669,6777.9,Geodis,542.63,Livré,Aucun
LIV01860,Entrepôt → Magasin,E07,Bordeaux-Centre,E02,Lyon-Sud,P003,Pâtes 500g,Alimentaire,2025-01-14,2025-01-17,3,409,4087.1,FM Logistic,959.94,Livré,Retard transporteur
LIV01861,Magasin → Magasin,E03,Marseille-Port,E04,Lille-Nord,P009,TV 4K,Électronique,2025-05-09,2025-05-14,5,274,1812.7,XPO Logistics,529.98,En transit,Aucun
LIV01862,Entrepôt → Magasin,E06,Nice-Est,E08,Nantes-Atlantique,P007,Jeans,Textile,2025-10-09,2025-10-11,2,115,1488.4,FM Logistic,344.44,Livré,Aucun
LIV01863,Entrepôt → Magasin,E03,Marseille-Port,E02,Lyon-Sud,P001,Lait demi-écrémé,Alimentaire,2025-10-25,2025-10-27,2,739,2143.8,XPO Logistics,380.52,En transit,Aucun
LIV01864,Inter-entrepôts,E06,Nice-Est,E07,Bordeaux-Centre,P005,Lessive,Droguerie,2025-09-09,2025-09-14,5,177,603.6,FM Logistic,312.77,En transit,Aucun
LIV01865,Entrepôt → Magasin,E03,Marseille-Port,E04,Lille-Nord,P002,Riz 1kg,Alimentaire,2025-01-12,2025-01-13,1,1387,19044.5,DB Schenker,1958.06,Retardé,Aucun
LIV01866,Magasin → Magasin,E04,Lille-Nord,E03,Marseille-Port,P010,Casque audio,Électronique,2025-12-20,2025-12-23,3,443,1232.4,FM Logistic,412.99,En transit,Aucun
LIV01867,Entrepôt → Magasin,E08,Nantes-Atlantique,E04,Lille-Nord,P001,Lait demi-écrémé,Alimentaire,2025-01-07,2025-01-09,2,995,11593.0,FM Logistic,957.85,Livré,Retard transporteur
LIV01868,Fournisseur → Entrepôt,E03,Marseille-Port,E04,Lille-Nord,P007,Jeans,Textile,2025-01-07,2025-01-12,5,1054,14118.0,Geodis,2886.01,En transit,Aucun
LIV01869,Fournisseur → Entrepôt,E02,Lyon-Sud,E04,Lille-Nord,P002,Riz 1kg,Alimentaire,2025-04-06,2025-04-08,2,1333,17253.9,FM Logistic,2805.69,Livré,Erreur quantité
LIV01870,Magasin → Magasin,E05,Toulouse-Ouest,E06,Nice-Est,P005,Lessive,Droguerie,2025-02-26,2025-02-27,1,915,1753.8,FM Logistic,797.33,Livré,Aucun
LIV01871,Magasin → Magasin,E04,Lille-Nord,E05,Toulouse-Ouest,P003,Pâtes 500g,Alimentaire,2025-12-23,2025-12-26,3,1266,12907.4,FM Logistic,2840.22,Livré,Aucun
LIV01872,Magasin → Magasin,E05,Toulouse-Ouest,E06,Nice-Est,P004,Shampoing,Droguerie,2025-05-18,2025-05-20,2,1440,3296.2,DHL Supply Chain,851.16,Livré,Casse
LIV01873,Magasin → Magasin,E02,Lyon-Sud,E04,Lille-Nord,P005,Lessive,Droguerie,2025-12-03,2025-12-05,2,1171,12226.8,DB Schenker,3572.51,Retardé,Aucun
LIV01874,Magasin → Magasin,E02,Lyon-Sud,E08,Nantes-Atlantique,P010,Casque audio,Électronique,2025-06-04,2025-06-08,4,1385,18118.9,Geodis,3216.9,Annulé,Aucun
LIV01875,Entrepôt → Magasin,E04,Lille-Nord,E03,Marseille-Port,P004,Shampoing,Droguerie,2025-04-23,2025-04-27,4,466,6323.7,DB Schenker,1381.4,Retardé,Aucun
LIV01876,Entrepôt → Magasin,E06,Nice-Est,E08,Nantes-Atlantique,P002,Riz 1kg,Alimentaire,2025-07-10,2025-07-13,3,1101,15904.7,Geodis,4708.21,Livré,Aucun
LIV01877,Fournisseur → Entrepôt,E04,Lille-Nord,E06,Nice-Est,P008,Smartphone,Électronique,2025-01-29,2025-02-02,4,235,292.6,FM Logistic,301.42,Annulé,Aucun
LIV01878,Fournisseur → Entrepôt,E05,Toulouse-Ouest,E06,Nice-Est,P002,Riz 1kg,Alimentaire,2025-11-16,2025-11-18,2,1495,16051.0,DHL Supply Chain,2302.83,Livré,Aucun
LIV01879,Magasin → Magasin,E07,Bordeaux-Centre,E03,Marseille-Port,P009,TV 4K,Électronique,2025-03-03,2025-03-06,3,466,743.9,Geodis,459.25,Livré,Aucun
LIV01880,Entrepôt → Magasin,E01,Paris-Rungis,E02,Lyon-Sud,P002,Riz 1kg,Alimentaire,2025-01-03,2025-01-07,4,517,4374.8,DB Schenker,676.32,Livré,Aucun
LIV01881,Fournisseur → Entrepôt,E02,Lyon-Sud,E07,Bordeaux-Centre,P009,TV 4K,Électronique,2025-11-08,2025-11-13,5,256,2491.8,DHL Supply Chain,641.52,Livré,Aucun
LIV01882,Entrepôt → Magasin,E06,Nice-Est,E03,Marseille-Port,P004,Shampoing,Droguerie,2025-07-25,2025-07-30,5,1152,15637.3,DB Schenker,1151.74,Livré,Aucun
LIV01883,Inter-entrepôts,E01,Paris-Rungis,E04,Lille-Nord,P010,Casque audio,Électronique,2025-05-20,2025-05-21,1,1084,1069.1,DHL Supply Chain,346.6,Livré,Aucun
LIV01884,Entrepôt → Magasin,E04,Lille-Nord,E02,Lyon-Sud,P004,Shampoing,Droguerie,2025-02-13,2025-02-17,4,973,8717.9,XPO Logistics,2235.98,Livré,Aucun
LIV01885,Entrepôt → Magasin,E08,Nantes-Atlantique,E03,Marseille-Port,P001,Lait demi-écrémé,Alimentaire,2025-06-22,2025-06-27,5,1186,10238.9,DHL Supply Chain,2347.45,Livré,Aucun
LIV01886,Magasin → Magasin,E02,Lyon-Sud,E01,Paris-Rungis,P010,Casque audio,Électronique,2025-02-23,2025-02-27,4,1287,7496.7,Geodis,809.54,Annulé,Aucun
LIV01887,Magasin → Magasin,E06,Nice-Est,E02,Lyon-Sud,P008,Smartphone,Électronique,2025-05-29,2025-06-03,5,566,3114.0,DB Schenker,617.16,Livré,Aucun
LIV01888,Magasin → Magasin,E07,Bordeaux-Centre,E06,Nice-Est,P006,T-shirt homme,Textile,2025-05-12,2025-05-17,5,513,2082.6,DHL Supply Chain,522.3,En transit,Aucun
LIV01889,Entrepôt → Magasin,E01,Paris-Rungis,E05,Toulouse-Ouest,P009,TV 4K,Électronique,2025-07-12,2025-07-14,2,370,431.5,FM Logistic,146.06,En transit,Aucun
LIV01890,Entrepôt → Magasin,E08,Nantes-Atlantique,E06,Nice-Est,P007,Jeans,Textile,2025-03-07,2025-03-09,2,1481,4206.3,FM Logistic,745.8,Livré,Aucun
LIV01891,Entrepôt → Magasin,E03,Marseille-Port,E07,Bordeaux-Centre,P008,Smartphone,Électronique,2025-08-26,2025-08-30,4,211,2801.2,DB Schenker,922.6,Livré,Aucun
LIV01892,Fournisseur → Entrepôt,E03,Marseille-Port,E04,Lille-Nord,P007,Jeans,Textile,2025-08-28,2025-09-01,4,1443,17327.6,DB Schenker,1064.05,Livré,Aucun
LIV01893,Magasin → Magasin,E07,Bordeaux-Centre,E03,Marseille-Port,P008,Smartphone,Électronique,2025-02-17,2025-02-19,2,703,2862.9,DB Schenker,955.32,En transit,Aucun
LIV01894,Entrepôt → Magasin,E07,Bordeaux-Centre,E01,Paris-Rungis,P005,Lessive,Droguerie,2025-10-21,2025-10-26,5,46,669.9,FM Logistic,302.14,Livré,Aucun
LIV01895,Entrepôt → Magasin,E06,Nice-Est,E03,Marseille-Port,P005,Lessive,Droguerie,2025-06-09,2025-06-14,5,875,2448.6,XPO Logistics,721.12,En transit,Aucun
LIV01896,Magasin → Magasin,E04,Lille-Nord,E08,Nantes-Atlantique,P010,Casque audio,Électronique,2025-12-11,2025-12-12,1,946,12808.8,DB Schenker,2041.08,Livré,Aucun
LIV01897,Fournisseur → Entrepôt,E03,Marseille-Port,E01,Paris-Rungis,P004,Shampoing,Droguerie,2025-02-23,2025-02-26,3,994,8907.8,Geodis,1696.22,Retardé,Aucun
LIV01898,Entrepôt → Magasin,E03,Marseille-Port,E04,Lille-Nord,P006,T-shirt homme,Textile,2025-01-30,2025-02-03,4,906,7605.6,FM Logistic,1340.28,Livré,Aucun
LIV01899,Entrepôt → Magasin,E02,Lyon-Sud,E06,Nice-Est,P003,Pâtes 500g,Alimentaire,2025-03-16,2025-03-20,4,255,2940.4,XPO Logistics,547.45,En transit,Aucun
LIV01900,Fournisseur → Entrepôt,E03,Marseille-Port,E05,Toulouse-Ouest,P001,Lait demi-écrémé,Alimentaire,2025-02-13,2025-02-17,4,1298,18672.0,XPO Logistics,1897.2,Livré,Aucun
LIV01901,Inter-entrepôts,E07,Bordeaux-Centre,E01,Paris-Rungis,P004,Shampoing,Droguerie,2025-06-21,2025-06-24,3,289,3591.9,FM Logistic,1276.67,Livré,Erreur quantité
LIV01902,Inter-entrepôts,E04,Lille-Nord,E02,Lyon-Sud,P003,Pâtes 500g,Alimentaire,2025-11-26,2025-11-27,1,115,315.2,DHL Supply Chain,304.72,Livré,Retard transporteur
LIV01903,Magasin → Magasin,E05,Toulouse-Ouest,E01,Paris-Rungis,P008,Smartphone,Électronique,2025-02-18,2025-02-23,5,1481,17781.6,FM Logistic,1945.72,Livré,Aucun
LIV01904,Inter-entrepôts,E06,Nice-Est,E08,Nantes-Atlantique,P007,Jeans,Textile,2025-04-01,2025-04-06,5,953,5041.8,XPO Logistics,1361.47,Livré,Casse
LIV01905,Inter-entrepôts,E07,Bordeaux-Centre,E03,Marseille-Port,P010,Casque audio,Électronique,2025-03-19,2025-03-20,1,715,1792.3,FM Logistic,688.55,Livré,Aucun
LIV01906,Magasin → Magasin,E02,Lyon-Sud,E05,Toulouse-Ouest,P007,Jeans,Textile,2025-04-10,2025-04-15,5,438,4758.5,FM Logistic,567.91,Livré,Aucun
LIV01907,Entrepôt → Magasin,E08,Nantes-Atlantique,E01,Paris-Rungis,P002,Riz 1kg,Alimentaire,2025-09-20,2025-09-22,2,181,2267.5,Geodis,849.98,Livré,Aucun
LIV01908,Inter-entrepôts,E06,Nice-Est,E01,Paris-Rungis,P003,Pâtes 500g,Alimentaire,2025-02-23,2025-02-28,5,1128,3496.1,DHL Supply Chain,1049.29,Livré,Aucun
LIV01909,Entrepôt → Magasin,E05,Toulouse-Ouest,E03,Marseille-Port,P006,T-shirt homme,Textile,2025-11-19,2025-11-22,3,979,13181.2,DB Schenker,3369.26,En transit,Aucun
LIV01910,Inter-entrepôts,E07,Bordeaux-Centre,E04,Lille-Nord,P002,Riz 1kg,Alimentaire,2025-02-22,2025-02-26,4,261,2955.1,DB Schenker,305.94,Livré,Erreur quantité
LIV01911,Entrepôt → Magasin,E08,Nantes-Atlantique,E03,Marseille-Port,P007,Jeans,Textile,2025-06-26,2025-07-01,5,1486,21074.5,XPO Logistics,2202.06,Retardé,Aucun
LIV01912,Inter-entrepôts,E04,Lille-Nord,E05,Toulouse-Ouest,P002,Riz 1kg,Alimentaire,2025-07-26,2025-07-30,4,647,2362.5,DB Schenker,478.96,Livré,Retard transporteur
LIV01913,Entrepôt → Magasin,E08,Nantes-Atlantique,E06,Nice-Est,P003,Pâtes 500g,Alimentaire,2025-02-03,2025-02-04,1,150,743.4,FM Logistic,418.72,Livré,Retard transporteur
LIV01914,Inter-entrepôts,E01,Paris-Rungis,E05,Toulouse-Ouest,P008,Smartphone,Électronique,2025-08-08,2025-08-11,3,267,266.4,DHL Supply Chain,301.27,Livré,Aucun
LIV01915,Inter-entrepôts,E02,Lyon-Sud,E01,Paris-Rungis,P002,Riz 1kg,Alimentaire,2025-01-21,2025-01-26,5,244,184.0,XPO Logistics,156.13,Livré,Retard transporteur
LIV01916,Entrepôt → Magasin,E05,Toulouse-Ouest,E06,Nice-Est,P006,T-shirt homme,Textile,2025-07-18,2025-07-22,4,1105,13501.2,DB Schenker,3143.98,Livré,Retard transporteur
LIV01917,Inter-entrepôts,E08,Nantes-Atlantique,E06,Nice-Est,P003,Pâtes 500g,Alimentaire,2025-03-11,2025-03-15,4,1455,17095.1,XPO Logistics,2031.56,Livré,Aucun
LIV01918,Fournisseur → Entrepôt,E04,Lille-Nord,E02,Lyon-Sud,P005,Lessive,Droguerie,2025-05-18,2025-05-23,5,1123,9323.8,DHL Supply Chain,2803.93,Annulé,Aucun
LIV01919,Fournisseur → Entrepôt,E08,Nantes-Atlantique,E04,Lille-Nord,P007,Jeans,Textile,2025-06-11,2025-06-14,3,446,3882.5,DHL Supply Chain,1417.19,Livré,Aucun
LIV01920,Inter-entrepôts,E02,Lyon-Sud,E03,Marseille-Port,P005,Lessive,Droguerie,2025-06-25,2025-06-27,2,540,3762.5,Geodis,955.64,En transit,Aucun
LIV01921,Magasin → Magasin,E01,Paris-Rungis,E07,Bordeaux-Centre,P009,TV 4K,Électronique,2025-05-16,2025-05-20,4,1124,11584.3,DB Schenker,1017.85,Livré,Aucun
LIV01922,Fournisseur → Entrepôt,E05,Toulouse-Ouest,E03,Marseille-Port,P008,Smartphone,Électronique,2025-12-08,2025-12-11,3,1107,5275.3,DB Schenker,948.3,En transit,Aucun
LIV01923,Fournisseur → Entrepôt,E06,Nice-Est,E01,Paris-Rungis,P005,Lessive,Droguerie,2025-04-01,2025-04-02,1,1298,7410.7,Geodis,866.47,Livré,Aucun
LIV01924,Magasin → Magasin,E02,Lyon-Sud,E03,Marseille-Port,P004,Shampoing,Droguerie,2025-10-24,2025-10-25,1,562,2104.3,Geodis,546.87,En transit,Aucun
LIV01925,Inter-entrepôts,E04,Lille-Nord,E07,Bordeaux-Centre,P010,Casque audio,Électronique,2025-06-30,2025-07-03,3,550,3131.5,FM Logistic,1089.19,Livré,Aucun
LIV01926,Entrepôt → Magasin,E04,Lille-Nord,E05,Toulouse-Ouest,P003,Pâtes 500g,Alimentaire,2025-01-06,2025-01-10,4,969,6578.1,DHL Supply Chain,1848.8,Retardé,Erreur quantité
LIV01927,Entrepôt → Magasin,E04,Lille-Nord,E08,Nantes-Atlantique,P010,Casque audio,Électronique,2025-11-10,2025-11-12,2,532,3290.4,XPO Logistics,552.28,Livré,Erreur quantité
LIV01928,Entrepôt → Magasin,E02,Lyon-Sud,E08,Nantes-Atlantique,P010,Casque audio,Électronique,2025-04-08,2025-04-13,5,333,2630.7,DB Schenker,837.21,Livré,Aucun
LIV01929,Entrepôt → Magasin,E08,Nantes-Atlantique,E02,Lyon-Sud,P010,Casque audio,Électronique,2025-09-14,2025-09-17,3,1099,10645.9,DB Schenker,1441.6,Livré,Aucun
LIV01930,Entrepôt → Magasin,E02,Lyon-Sud,E04,Lille-Nord,P007,Jeans,Textile,2025-03-10,2025-03-14,4,1038,5402.7,DHL Supply Chain,1518.21,Livré,Aucun
LIV01931,Inter-entrepôts,E08,Nantes-Atlantique,E06,Nice-Est,P003,Pâtes 500g,Alimentaire,2025-06-08,2025-06-10,2,1045,13035.9,DB Schenker,3901.37,En transit,Aucun
LIV01932,Entrepôt → Magasin,E05,Toulouse-Ouest,E06,Nice-Est,P010,Casque audio,Électronique,2025-08-20,2025-08-23,3,426,4199.4,DB Schenker,398.03,Livré,Aucun
LIV01933,Fournisseur → Entrepôt,E06,Nice-Est,E03,Marseille-Port,P006,T-shirt homme,Textile,2025-01-02,2025-01-03,1,266,2642.7,FM Logistic,501.37,Retardé,Aucun
LIV01934,Fournisseur → Entrepôt,E02,Lyon-Sud,E03,Marseille-Port,P002,Riz 1kg,Alimentaire,2025-03-07,2025-03-08,1,742,9777.4,Geodis,1276.27,Livré,Aucun
LIV01935,Inter-entrepôts,E03,Marseille-Port,E02,Lyon-Sud,P001,Lait demi-écrémé,Alimentaire,2025-03-26,2025-03-29,3,151,1842.0,DHL Supply Chain,567.51,Livré,Aucun
LIV01936,Inter-entrepôts,E03,Marseille-Port,E06,Nice-Est,P003,Pâtes 500g,Alimentaire,2025-07-13,2025-07-17,4,928,4228.0,DHL Supply Chain,988.65,Livré,Casse
LIV01937,Magasin → Magasin,E04,Lille-Nord,E03,Marseille-Port,P005,Lessive,Droguerie,2025-10-25,2025-10-29,4,389,2205.9,Geodis,705.05,Livré,Aucun
LIV01938,Inter-entrepôts,E06,Nice-Est,E03,Marseille-Port,P004,Shampoing,Droguerie,2025-01-27,2025-01-28,1,341,1797.1,DHL Supply Chain,502.26,Livré,Aucun
LIV01939,Inter-entrepôts,E08,Nantes-Atlantique,E01,Paris-Rungis,P007,Jeans,Textile,2025-09-01,2025-09-04,3,900,4218.4,Geodis,442.5,Livré,Aucun
LIV01940,Entrepôt → Magasin,E05,Toulouse-Ouest,E08,Nantes-Atlantique,P006,T-shirt homme,Textile,2025-12-24,2025-12-28,4,379,218.5,DHL Supply Chain,201.7,Annulé,Aucun
LIV01941,Fournisseur → Entrepôt,E06,Nice-Est,E03,Marseille-Port,P001,Lait demi-écrémé,Alimentaire,2025-03-20,2025-03-24,4,1230,5524.6,DHL Supply Chain,921.81,Livré,Aucun
LIV01942,Entrepôt → Magasin,E08,Nantes-Atlantique,E02,Lyon-Sud,P003,Pâtes 500g,Alimentaire,2025-10-14,2025-10-19,5,587,6921.4,FM Logistic,1634.01,Livré,Aucun
LIV01943,Magasin → Magasin,E07,Bordeaux-Centre,E05,Toulouse-Ouest,P010,Casque audio,Électronique,2025-09-28,2025-09-29,1,210,159.1,XPO Logistics,168.24,En transit,Retard transporteur
LIV01944,Fournisseur → Entrepôt,E05,Toulouse-Ouest,E03,Marseille-Port,P004,Shampoing,Droguerie,2025-01-17,2025-01-20,3,367,3672.0,Geodis,1025.48,Retardé,Retard transporteur
LIV01945,Magasin → Magasin,E04,Lille-Nord,E07,Bordeaux-Centre,P008,Smartphone,Électronique,2025-01-10,2025-01-14,4,1316,3526.1,DB Schenker,1206.8,En transit,Aucun
LIV01946,Entrepôt → Magasin,E03,Marseille-Port,E07,Bordeaux-Centre,P010,Casque audio,Électronique,2025-05-31,2025-06-01,1,916,7951.6,FM Logistic,2577.58,Livré,Aucun
LIV01947,Entrepôt → Magasin,E01,Paris-Rungis,E04,Lille-Nord,P009,TV 4K,Électronique,2025-07-09,2025-07-14,5,215,3030.2,DB Schenker,792.74,Livré,Aucun
LIV01948,Magasin → Magasin,E05,Toulouse-Ouest,E07,Bordeaux-Centre,P001,Lait demi-écrémé,Alimentaire,2025-06-07,2025-06-08,1,639,4883.0,FM Logistic,423.25,Livré,Aucun
LIV01949,Magasin → Magasin,E08,Nantes-Atlantique,E07,Bordeaux-Centre,P010,Casque audio,Électronique,2025-06-28,2025-06-29,1,672,7098.0,XPO Logistics,1262.93,Livré,Aucun
LIV01950,Magasin → Magasin,E01,Paris-Rungis,E07,Bordeaux-Centre,P002,Riz 1kg,Alimentaire,2025-07-23,2025-07-28,5,1082,4809.2,XPO Logistics,481.73,En transit,Aucun
LIV01951,Entrepôt → Magasin,E05,Toulouse-Ouest,E04,Lille-Nord,P010,Casque audio,Électronique,2025-02-21,2025-02-24,3,219,2975.2,FM Logistic,888.15,Livré,Erreur quantité
LIV01952,Fournisseur → Entrepôt,E03,Marseille-Port,E05,Toulouse-Ouest,P007,Jeans,Textile,2025-09-09,2025-09-13,4,579,1045.8,DHL Supply Chain,384.82,Livré,Aucun
LIV01953,Magasin → Magasin,E06,Nice-Est,E08,Nantes-Atlantique,P007,Jeans,Textile,2025-04-16,2025-04-20,4,217,1270.6,DHL Supply Chain,205.69,Annulé,Aucun
LIV01954,Fournisseur → Entrepôt,E06,Nice-Est,E02,Lyon-Sud,P005,Lessive,Droguerie,2025-02-06,2025-02-10,4,250,1656.3,XPO Logistics,460.01,Livré,Aucun
LIV01955,Fournisseur → Entrepôt,E04,Lille-Nord,E02,Lyon-Sud,P006,T-shirt homme,Textile,2025-02-14,2025-02-15,1,261,3347.3,XPO Logistics,404.52,En transit,Aucun
LIV01956,Entrepôt → Magasin,E05,Toulouse-Ouest,E06,Nice-Est,P002,Riz 1kg,Alimentaire,2025-05-19,2025-05-20,1,119,184.1,DB Schenker,104.7,Livré,Aucun
LIV01957,Magasin → Magasin,E05,Toulouse-Ouest,E07,Bordeaux-Centre,P009,TV 4K,Électronique,2025-02-17,2025-02-20,3,1416,10313.6,XPO Logistics,1938.87,En transit,Aucun
LIV01958,Inter-entrepôts,E01,Paris-Rungis,E03,Marseille-Port,P002,Riz 1kg,Alimentaire,2025-03-30,2025-04-02,3,669,8104.2,FM Logistic,1612.96,En transit,Aucun
LIV01959,Entrepôt → Magasin,E08,Nantes-Atlantique,E01,Paris-Rungis,P010,Casque audio,Électronique,2025-04-03,2025-04-07,4,1069,10436.9,XPO Logistics,1586.39,Livré,Aucun
LIV01960,Fournisseur → Entrepôt,E05,Toulouse-Ouest,E02,Lyon-Sud,P005,Lessive,Droguerie,2025-12-14,2025-12-18,4,134,1906.2,DB Schenker,548.82,Livré,Retard transporteur
LIV01961,Magasin → Magasin,E07,Bordeaux-Centre,E04,Lille-Nord,P010,Casque audio,Électronique,2025-11-17,2025-11-19,2,13,96.4,XPO Logistics,214.59,Livré,Aucun
LIV01962,Entrepôt → Magasin,E08,Nantes-Atlantique,E01,Paris-Rungis,P009,TV 4K,Électronique,2025-07-30,2025-08-01,2,436,5436.2,DB Schenker,916.24,Livré,Aucun
LIV01963,Entrepôt → Magasin,E03,Marseille-Port,E06,Nice-Est,P001,Lait demi-écrémé,Alimentaire,2025-12-19,2025-12-21,2,1061,11536.9,XPO Logistics,1731.19,Livré,Aucun
LIV01964,Fournisseur → Entrepôt,E05,Toulouse-Ouest,E01,Paris-Rungis,P003,Pâtes 500g,Alimentaire,2025-08-19,2025-08-24,5,419,2712.0,DB Schenker,369.65,Retardé,Aucun
LIV01965,Fournisseur → Entrepôt,E02,Lyon-Sud,E07,Bordeaux-Centre,P005,Lessive,Droguerie,2025-08-23,2025-08-28,5,123,514.2,FM Logistic,154.78,Livré,Aucun
LIV01966,Inter-entrepôts,E07,Bordeaux-Centre,E06,Nice-Est,P001,Lait demi-écrémé,Alimentaire,2025-08-09,2025-08-10,1,1115,12959.7,Geodis,3559.93,Livré,Aucun
LIV01967,Entrepôt → Magasin,E03,Marseille-Port,E06,Nice-Est,P008,Smartphone,Électronique,2025-10-02,2025-10-03,1,872,8438.0,DB Schenker,2151.48,Livré,Aucun
LIV01968,Inter-entrepôts,E01,Paris-Rungis,E06,Nice-Est,P003,Pâtes 500g,Alimentaire,2025-03-18,2025-03-20,2,358,743.9,DB Schenker,208.66,Livré,Aucun
LIV01969,Inter-entrepôts,E03,Marseille-Port,E07,Bordeaux-Centre,P003,Pâtes 500g,Alimentaire,2025-04-27,2025-04-29,2,1023,2466.9,DHL Supply Chain,395.97,Livré,Aucun
LIV01970,Entrepôt → Magasin,E04,Lille-Nord,E06,Nice-Est,P009,TV 4K,Électronique,2025-11-26,2025-11-27,1,530,6060.2,XPO Logistics,1386.68,Livré,Aucun
LIV01971,Inter-entrepôts,E04,Lille-Nord,E02,Lyon-Sud,P003,Pâtes 500g,Alimentaire,2025-09-15,2025-09-18,3,880,10021.9,Geodis,3052.59,Livré,Aucun
LIV01972,Entrepôt → Magasin,E07,Bordeaux-Centre,E02,Lyon-Sud,P003,Pâtes 500g,Alimentaire,2025-02-26,2025-02-28,2,1327,4821.8,XPO Logistics,1593.54,Livré,Aucun
LIV01973,Entrepôt → Magasin,E05,Toulouse-Ouest,E03,Marseille-Port,P006,T-shirt homme,Textile,2025-06-04,2025-06-07,3,924,2059.6,FM Logistic,577.75,En transit,Erreur quantité
LIV01974,Magasin → Magasin,E05,Toulouse-Ouest,E08,Nantes-Atlantique,P005,Lessive,Droguerie,2025-03-26,2025-03-28,2,1356,7248.6,FM Logistic,1763.06,Livré,Aucun
LIV01975,Fournisseur → Entrepôt,E01,Paris-Rungis,E06,Nice-Est,P004,Shampoing,Droguerie,2025-08-13,2025-08-16,3,465,1131.0,Geodis,346.95,Annulé,Aucun
LIV01976,Inter-entrepôts,E01,Paris-Rungis,E07,Bordeaux-Centre,P008,Smartphone,Électronique,2025-09-07,2025-09-09,2,900,10148.4,FM Logistic,1716.28,Retardé,Aucun
LIV01977,Magasin → Magasin,E08,Nantes-Atlantique,E01,Paris-Rungis,P006,T-shirt homme,Textile,2025-08-28,2025-08-30,2,473,1759.3,Geodis,701.34,Livré,Erreur quantité
LIV01978,Inter-entrepôts,E04,Lille-Nord,E06,Nice-Est,P010,Casque audio,Électronique,2025-05-30,2025-05-31,1,678,4557.0,FM Logistic,1280.87,Livré,Aucun
LIV01979,Inter-entrepôts,E08,Nantes-Atlantique,E06,Nice-Est,P009,TV 4K,Électronique,2025-03-03,2025-03-05,2,1395,18904.7,FM Logistic,3333.97,Livré,Aucun
LIV01980,Fournisseur → Entrepôt,E03,Marseille-Port,E02,Lyon-Sud,P005,Lessive,Droguerie,2025-12-03,2025-12-05,2,940,4810.5,XPO Logistics,542.31,Livré,Erreur quantité
LIV01981,Entrepôt → Magasin,E02,Lyon-Sud,E05,Toulouse-Ouest,P001,Lait demi-écrémé,Alimentaire,2025-02-02,2025-02-03,1,923,4634.7,DHL Supply Chain,837.61,Livré,Retard transporteur
LIV01982,Inter-entrepôts,E06,Nice-Est,E01,Paris-Rungis,P001,Lait demi-écrémé,Alimentaire,2025-08-03,2025-08-07,4,1475,7026.7,FM Logistic,1096.15,En transit,Aucun
LIV01983,Entrepôt → Magasin,E08,Nantes-Atlantique,E01,Paris-Rungis,P007,Jeans,Textile,2025-09-07,2025-09-11,4,1073,14457.7,DB Schenker,3571.13,Livré,Retard transporteur
LIV01984,Inter-entrepôts,E04,Lille-Nord,E07,Bordeaux-Centre,P001,Lait demi-écrémé,Alimentaire,2025-01-05,2025-01-10,5,449,1615.5,DB Schenker,312.87,En transit,Aucun
LIV01985,Fournisseur → Entrepôt,E01,Paris-Rungis,E08,Nantes-Atlantique,P004,Shampoing,Droguerie,2025-11-12,2025-11-14,2,122,1430.6,DB Schenker,439.52,Retardé,Aucun
LIV01986,Fournisseur → Entrepôt,E04,Lille-Nord,E01,Paris-Rungis,P004,Shampoing,Droguerie,2025-08-14,2025-08-16,2,233,587.1,DB Schenker,276.03,Livré,Aucun
LIV01987,Entrepôt → Magasin,E08,Nantes-Atlantique,E06,Nice-Est,P006,T-shirt homme,Textile,2025-10-17,2025-10-22,5,957,3498.4,FM Logistic,992.6,Livré,Retard transporteur
LIV01988,Entrepôt → Magasin,E03,Marseille-Port,E06,Nice-Est,P004,Shampoing,Droguerie,2025-12-25,2025-12-30,5,1114,6820.7,DB Schenker,1905.28,Livré,Aucun
LIV01989,Magasin → Magasin,E08,Nantes-Atlantique,E05,Toulouse-Ouest,P007,Jeans,Textile,2025-04-11,2025-04-12,1,465,3850.1,FM Logistic,1206.89,Retardé,Aucun
LIV01990,Magasin → Magasin,E08,Nantes-Atlantique,E01,Paris-Rungis,P008,Smartphone,Électronique,2025-11-29,2025-12-03,4,1440,13393.7,DB Schenker,2622.19,En transit,Aucun
LIV01991,Entrepôt → Magasin,E02,Lyon-Sud,E06,Nice-Est,P006,T-shirt homme,Textile,2025-02-11,2025-02-12,1,226,1207.5,DHL Supply Chain,422.39,Retardé,Aucun
LIV01992,Inter-entrepôts,E01,Paris-Rungis,E07,Bordeaux-Centre,P002,Riz 1kg,Alimentaire,2025-09-16,2025-09-17,1,1086,8217.4,XPO Logistics,1229.49,En transit,Aucun
LIV01993,Magasin → Magasin,E03,Marseille-Port,E05,Toulouse-Ouest,P006,T-shirt homme,Textile,2025-03-23,2025-03-24,1,1417,7587.3,XPO Logistics,2358.26,Retardé,Erreur quantité
LIV01994,Inter-entrepôts,E02,Lyon-Sud,E08,Nantes-Atlantique,P002,Riz 1kg,Alimentaire,2025-12-25,2025-12-28,3,463,2093.5,DHL Supply Chain,631.74,En transit,Aucun
LIV01995,Magasin → Magasin,E08,Nantes-Atlantique,E07,Bordeaux-Centre,P006,T-shirt homme,Textile,2025-10-26,2025-10-30,4,280,1998.4,Geodis,546.18,Livré,Aucun
LIV01996,Fournisseur → Entrepôt,E04,Lille-Nord,E07,Bordeaux-Centre,P005,Lessive,Droguerie,2025-07-21,2025-07-24,3,1317,17943.1,FM Logistic,2421.94,Livré,Aucun
LIV01997,Inter-entrepôts,E05,Toulouse-Ouest,E07,Bordeaux-Centre,P009,TV 4K,Électronique,2025-08-12,2025-08-17,5,1042,7814.2,FM Logistic,1347.64,Retardé,Aucun
LIV01998,Inter-entrepôts,E02,Lyon-Sud,E08,Nantes-Atlantique,P008,Smartphone,Électronique,2025-09-03,2025-09-05,2,807,9359.0,FM Logistic,1468.89,Livré,Casse
LIV01999,Entrepôt → Magasin,E02,Lyon-Sud,E08,Nantes-Atlantique,P001,Lait demi-écrémé,Alimentaire,2025-01-12,2025-01-13,1,997,12751.4,FM Logistic,2247.81,En transit,Erreur quantité
LIV02000,Inter-entrepôts,E07,Bordeaux-Centre,E02,Lyon-Sud,P008,Smartphone,Électronique,2025-11-24,2025-11-27,3,154,1374.7,DB Schenker,471.58,Livré,Aucun
LIV02001,Entrepôt → Magasin,E02,Lyon-Sud,E06,Nice-Est,P004,Shampoing,Droguerie,2025-04-29,2025-05-04,5,1390,3483.8,DB Schenker,856.21,Livré,Retard transporteur
LIV02002,Fournisseur → Entrepôt,E05,Toulouse-Ouest,E08,Nantes-Atlantique,P005,Lessive,Droguerie,2025-09-04,2025-09-06,2,918,7275.0,DHL Supply Chain,1462.66,Livré,Aucun
LIV02003,Magasin → Magasin,E02,Lyon-Sud,E05,Toulouse-Ouest,P005,Lessive,Droguerie,2025-01-13,2025-01-17,4,812,6904.8,Geodis,1363.6,Livré,Aucun
LIV02004,Magasin → Magasin,E02,Lyon-Sud,E03,Marseille-Port,P008,Smartphone,Électronique,2025-08-08,2025-08-13,5,1099,14361.7,FM Logistic,1548.07,En transit,Aucun
LIV02005,Inter-entrepôts,E01,Paris-Rungis,E06,Nice-Est,P008,Smartphone,Électronique,2025-09-23,2025-09-27,4,1164,846.8,XPO Logistics,232.23,Livré,Casse
LIV02006,Magasin → Magasin,E04,Lille-Nord,E03,Marseille-Port,P009,TV 4K,Électronique,2025-02-27,2025-03-02,3,899,6590.0,DB Schenker,674.88,Livré,Aucun
LIV02007,Entrepôt → Magasin,E04,Lille-Nord,E02,Lyon-Sud,P006,T-shirt homme,Textile,2025-08-03,2025-08-05,2,1049,13656.9,FM Logistic,1846.87,Livré,Aucun
LIV02008,Fournisseur → Entrepôt,E01,Paris-Rungis,E07,Bordeaux-Centre,P002,Riz 1kg,Alimentaire,2025-03-27,2025-03-30,3,1437,3233.1,FM Logistic,307.91,Livré,Erreur quantité
LIV02009,Inter-entrepôts,E02,Lyon-Sud,E03,Marseille-Port,P005,Lessive,Droguerie,2025-09-04,2025-09-09,5,823,8213.7,XPO Logistics,1545.47,Livré,Aucun
LIV02010,Entrepôt → Magasin,E08,Nantes-Atlantique,E02,Lyon-Sud,P010,Casque audio,Électronique,2025-05-17,2025-05-18,1,1269,11748.6,FM Logistic,3327.95,Livré,Aucun
LIV02011,Fournisseur → Entrepôt,E02,Lyon-Sud,E04,Lille-Nord,P002,Riz 1kg,Alimentaire,2025-11-01,2025-11-05,4,1023,8778.8,Geodis,2614.93,Livré,Retard transporteur
LIV02012,Inter-entrepôts,E01,Paris-Rungis,E06,Nice-Est,P005,Lessive,Droguerie,2025-11-15,2025-11-19,4,727,2887.0,DHL Supply Chain,587.29,Livré,Aucun
LIV02013,Fournisseur → Entrepôt,E06,Nice-Est,E07,Bordeaux-Centre,P010,Casque audio,Électronique,2025-04-20,2025-04-23,3,121,1700.7,DHL Supply Chain,386.14,Livré,Aucun
LIV02014,Magasin → Magasin,E03,Marseille-Port,E02,Lyon-Sud,P006,T-shirt homme,Textile,2025-08-30,2025-09-02,3,106,232.4,XPO Logistics,226.02,En transit,Retard transporteur
LIV02015,Inter-entrepôts,E08,Nantes-Atlantique,E02,Lyon-Sud,P006,T-shirt homme,Textile,2025-05-18,2025-05-21,3,1397,16416.5,Geodis,4423.96,Livré,Aucun
LIV02016,Magasin → Magasin,E06,Nice-Est,E05,Toulouse-Ouest,P003,Pâtes 500g,Alimentaire,2025-06-19,2025-06-22,3,886,6379.5,FM Logistic,1130.64,Livré,Aucun
LIV02017,Inter-entrepôts,E01,Paris-Rungis,E05,Toulouse-Ouest,P006,T-shirt homme,Textile,2025-02-11,2025-02-15,4,422,3498.0,DB Schenker,620.53,En transit,Aucun
LIV02018,Entrepôt → Magasin,E01,Paris-Rungis,E05,Toulouse-Ouest,P004,Shampoing,Droguerie,2025-08-27,2025-08-29,2,357,3346.5,DHL Supply Chain,947.92,Livré,Aucun
LIV02019,Entrepôt → Magasin,E05,Toulouse-Ouest,E07,Bordeaux-Centre,P006,T-shirt homme,Textile,2025-06-05,2025-06-08,3,61,627.0,DB Schenker,129.89,Retardé,Aucun
LIV02020,Entrepôt → Magasin,E06,Nice-Est,E07,Bordeaux-Centre,P009,TV 4K,Électronique,2025-05-24,2025-05-29,5,625,839.3,DB Schenker,368.74,En transit,Aucun
LIV02021,Magasin → Magasin,E01,Paris-Rungis,E07,Bordeaux-Centre,P003,Pâtes 500g,Alimentaire,2025-03-11,2025-03-16,5,489,7159.2,FM Logistic,2044.02,Livré,Aucun
LIV02022,Magasin → Magasin,E04,Lille-Nord,E05,Toulouse-Ouest,P010,Casque audio,Électronique,2025-05-05,2025-05-10,5,104,566.5,DB Schenker,355.08,Livré,Aucun
LIV02023,Inter-entrepôts,E06,Nice-Est,E07,Bordeaux-Centre,P002,Riz 1kg,Alimentaire,2025-09-07,2025-09-10,3,1251,3896.2,Geodis,776.51,En transit,Retard transporteur
LIV02024,Fournisseur → Entrepôt,E06,Nice-Est,E04,Lille-Nord,P004,Shampoing,Droguerie,2025-11-27,2025-11-28,1,523,3592.4,Geodis,860.26,En transit,Aucun
LIV02025,Magasin → Magasin,E06,Nice-Est,E03,Marseille-Port,P009,TV 4K,Électronique,2025-06-13,2025-06-15,2,978,8782.0,DHL Supply Chain,2201.33,Retardé,Retard transporteur
LIV02026,Magasin → Magasin,E01,Paris-Rungis,E06,Nice-Est,P007,Jeans,Textile,2025-06-18,2025-06-19,1,224,1958.5,DB Schenker,840.9,Livré,Aucun
LIV02027,Magasin → Magasin,E04,Lille-Nord,E08,Nantes-Atlantique,P003,Pâtes 500g,Alimentaire,2025-02-12,2025-02-16,4,1321,9185.0,DHL Supply Chain,1758.46,Livré,Aucun
LIV02028,Magasin → Magasin,E01,Paris-Rungis,E05,Toulouse-Ouest,P001,Lait demi-écrémé,Alimentaire,2025-09-24,2025-09-27,3,704,5924.9,DHL Supply Chain,1145.7,Livré,Aucun
LIV02029,Fournisseur → Entrepôt,E04,Lille-Nord,E02,Lyon-Sud,P008,Smartphone,Électronique,2025-12-28,2025-12-31,3,641,967.8,DHL Supply Chain,512.13,Livré,Aucun
LIV02030,Magasin → Magasin,E01,Paris-Rungis,E02,Lyon-Sud,P006,T-shirt homme,Textile,2025-07-16,2025-07-18,2,808,5004.8,DB Schenker,1387.79,Livré,Aucun
LIV02031,Inter-entrepôts,E08,Nantes-Atlantique,E07,Bordeaux-Centre,P010,Casque audio,Électronique,2025-03-18,2025-03-19,1,102,867.7,DB Schenker,208.21,Livré,Aucun
LIV02032,Magasin → Magasin,E01,Paris-Rungis,E05,Toulouse-Ouest,P007,Jeans,Textile,2025-11-21,2025-11-24,3,1165,13691.2,FM Logistic,3744.98,Livré,Aucun
LIV02033,Inter-entrepôts,E04,Lille-Nord,E07,Bordeaux-Centre,P004,Shampoing,Droguerie,2025-04-27,2025-04-28,1,549,4857.1,FM Logistic,1172.59,Livré,Aucun
LIV02034,Inter-entrepôts,E03,Marseille-Port,E07,Bordeaux-Centre,P001,Lait demi-écrémé,Alimentaire,2025-07-21,2025-07-25,4,900,4528.4,Geodis,721.92,Retardé,Aucun
LIV02035,Entrepôt → Magasin,E01,Paris-Rungis,E03,Marseille-Port,P009,TV 4K,Électronique,2025-02-12,2025-02-13,1,90,52.9,DHL Supply Chain,251.37,Livré,Retard transporteur
LIV02036,Entrepôt → Magasin,E07,Bordeaux-Centre,E08,Nantes-Atlantique,P005,Lessive,Droguerie,2025-06-07,2025-06-12,5,1452,12822.8,DHL Supply Chain,1157.16,Livré,Aucun
LIV02037,Magasin → Magasin,E06,Nice-Est,E01,Paris-Rungis,P003,Pâtes 500g,Alimentaire,2025-11-08,2025-11-11,3,341,1879.1,DB Schenker,538.57,En transit,Aucun
LIV02038,Inter-entrepôts,E06,Nice-Est,E02,Lyon-Sud,P008,Smartphone,Électronique,2025-06-17,2025-06-22,5,330,4834.6,Geodis,528.08,En transit,Aucun
LIV02039,Magasin → Magasin,E03,Marseille-Port,E04,Lille-Nord,P003,Pâtes 500g,Alimentaire,2025-11-07,2025-11-09,2,445,3603.9,Geodis,496.02,En transit,Aucun
LIV02040,Entrepôt → Magasin,E08,Nantes-Atlantique,E04,Lille-Nord,P005,Lessive,Droguerie,2025-06-07,2025-06-11,4,50,411.3,DHL Supply Chain,240.78,Livré,Aucun
LIV02041,Fournisseur → Entrepôt,E01,Paris-Rungis,E05,Toulouse-Ouest,P009,TV 4K,Électronique,2025-04-14,2025-04-15,1,280,4037.2,FM Logistic,690.76,En transit,Aucun
LIV02042,Magasin → Magasin,E07,Bordeaux-Centre,E02,Lyon-Sud,P002,Riz 1kg,Alimentaire,2025-09-08,2025-09-11,3,156,1510.8,DB Schenker,684.37,Livré,Aucun
LIV02043,Entrepôt → Magasin,E07,Bordeaux-Centre,E03,Marseille-Port,P009,TV 4K,Électronique,2025-07-29,2025-08-02,4,1091,11317.9,XPO Logistics,2429.29,Livré,Aucun
LIV02044,Inter-entrepôts,E08,Nantes-Atlantique,E05,Toulouse-Ouest,P007,Jeans,Textile,2025-01-17,2025-01-19,2,1086,4953.4,DB Schenker,1281.71,Annulé,Aucun
LIV02045,Fournisseur → Entrepôt,E06,Nice-Est,E07,Bordeaux-Centre,P001,Lait demi-écrémé,Alimentaire,2025-02-04,2025-02-06,2,145,1445.4,FM Logistic,506.34,Livré,Casse
LIV02046,Fournisseur → Entrepôt,E03,Marseille-Port,E04,Lille-Nord,P004,Shampoing,Droguerie,2025-06-22,2025-06-27,5,758,2864.0,DHL Supply Chain,392.04,Livré,Aucun
LIV02047,Entrepôt → Magasin,E06,Nice-Est,E08,Nantes-Atlantique,P010,Casque audio,Électronique,2025-05-29,2025-06-01,3,748,7679.1,Geodis,1586.7,Livré,Aucun
LIV02048,Entrepôt → Magasin,E03,Marseille-Port,E01,Paris-Rungis,P004,Shampoing,Droguerie,2025-09-16,2025-09-21,5,1374,10033.0,Geodis,2154.02,En transit,Aucun
LIV02049,Fournisseur → Entrepôt,E03,Marseille-Port,E01,Paris-Rungis,P003,Pâtes 500g,Alimentaire,2025-02-20,2025-02-21,1,79,356.2,Geodis,268.2,Livré,Aucun
LIV02050,Fournisseur → Entrepôt,E07,Bordeaux-Centre,E03,Marseille-Port,P005,Lessive,Droguerie,2025-03-31,2025-04-03,3,1397,19757.0,XPO Logistics,4768.16,Livré,Retard transporteur
LIV02051,Inter-entrepôts,E01,Paris-Rungis,E07,Bordeaux-Centre,P006,T-shirt homme,Textile,2025-05-17,2025-05-20,3,203,1433.6,XPO Logistics,368.87,Livré,Aucun
LIV02052,Inter-entrepôts,E07,Bordeaux-Centre,E08,Nantes-Atlantique,P010,Casque audio,Électronique,2025-01-17,2025-01-21,4,28,351.3,DB Schenker,218.71,Livré,Aucun
LIV02053,Inter-entrepôts,E06,Nice-Est,E01,Paris-Rungis,P008,Smartphone,Électronique,2025-07-06,2025-07-08,2,121,577.3,DHL Supply Chain,158.55,Livré,Aucun
LIV02054,Magasin → Magasin,E03,Marseille-Port,E05,Toulouse-Ouest,P004,Shampoing,Droguerie,2025-03-29,2025-04-01,3,712,2445.8,XPO Logistics,479.31,Livré,Aucun
LIV02055,Magasin → Magasin,E03,Marseille-Port,E08,Nantes-Atlantique,P003,Pâtes 500g,Alimentaire,2025-06-22,2025-06-23,1,881,11557.6,XPO Logistics,1361.97,Livré,Casse
LIV02056,Inter-entrepôts,E01,Paris-Rungis,E02,Lyon-Sud,P005,Lessive,Droguerie,2025-07-30,2025-08-02,3,878,6494.0,FM Logistic,2117.67,Livré,Aucun
LIV02057,Fournisseur → Entrepôt,E05,Toulouse-Ouest,E01,Paris-Rungis,P009,TV 4K,Électronique,2025-06-11,2025-06-13,2,136,464.8,Geodis,341.95,En transit,Aucun
LIV02058,Fournisseur → Entrepôt,E05,Toulouse-Ouest,E02,Lyon-Sud,P004,Shampoing,Droguerie,2025-01-19,2025-01-22,3,98,870.6,DB Schenker,250.38,En transit,Aucun
LIV02059,Entrepôt → Magasin,E07,Bordeaux-Centre,E06,Nice-Est,P001,Lait demi-écrémé,Alimentaire,2025-01-29,2025-02-03,5,994,13114.9,FM Logistic,2103.86,Livré,Aucun
LIV02060,Fournisseur → Entrepôt,E03,Marseille-Port,E02,Lyon-Sud,P006,T-shirt homme,Textile,2025-04-05,2025-04-09,4,910,5492.0,DB Schenker,891.33,Livré,Retard transporteur
LIV02061,Fournisseur → Entrepôt,E03,Marseille-Port,E06,Nice-Est,P003,Pâtes 500g,Alimentaire,2025-09-11,2025-09-15,4,708,452.4,DHL Supply Chain,177.43,Livré,Aucun
LIV02062,Fournisseur → Entrepôt,E05,Toulouse-Ouest,E02,Lyon-Sud,P003,Pâtes 500g,Alimentaire,2025-03-30,2025-03-31,1,879,5243.3,Geodis,1338.67,Livré,Aucun
LIV02063,Fournisseur → Entrepôt,E08,Nantes-Atlantique,E01,Paris-Rungis,P005,Lessive,Droguerie,2025-04-03,2025-04-04,1,1444,5154.1,XPO Logistics,937.9,Livré,Aucun
LIV02064,Fournisseur → Entrepôt,E01,Paris-Rungis,E04,Lille-Nord,P010,Casque audio,Électronique,2025-05-06,2025-05-11,5,794,8539.2,DHL Supply Chain,968.62,Livré,Aucun
LIV02065,Fournisseur → Entrepôt,E06,Nice-Est,E02,Lyon-Sud,P004,Shampoing,Droguerie,2025-08-28,2025-08-30,2,1303,6090.2,DHL Supply Chain,1207.07,Livré,Aucun
LIV02066,Fournisseur → Entrepôt,E06,Nice-Est,E05,Toulouse-Ouest,P003,Pâtes 500g,Alimentaire,2025-08-21,2025-08-25,4,739,3480.9,FM Logistic,1128.21,En transit,Casse
LIV02067,Entrepôt → Magasin,E06,Nice-Est,E07,Bordeaux-Centre,P009,TV 4K,Électronique,2025-10-19,2025-10-23,4,458,4415.1,FM Logistic,1155.56,En transit,Casse
LIV02068,Entrepôt → Magasin,E05,Toulouse-Ouest,E07,Bordeaux-Centre,P005,Lessive,Droguerie,2025-11-23,2025-11-25,2,1170,9363.6,Geodis,2284.04,Livré,Aucun
LIV02069,Magasin → Magasin,E06,Nice-Est,E01,Paris-Rungis,P006,T-shirt homme,Textile,2025-07-22,2025-07-23,1,213,2974.9,DHL Supply Chain,649.98,Livré,Aucun
LIV02070,Fournisseur → Entrepôt,E02,Lyon-Sud,E06,Nice-Est,P009,TV 4K,Électronique,2025-07-25,2025-07-30,5,790,10521.1,Geodis,942.0,Livré,Aucun
LIV02071,Magasin → Magasin,E03,Marseille-Port,E06,Nice-Est,P008,Smartphone,Électronique,2025-01-05,2025-01-06,1,391,5188.0,DB Schenker,1127.43,Livré,Aucun
LIV02072,Inter-entrepôts,E01,Paris-Rungis,E05,Toulouse-Ouest,P001,Lait demi-écrémé,Alimentaire,2025-07-11,2025-07-12,1,207,1290.8,XPO Logistics,482.82,Livré,Aucun
LIV02073,Fournisseur → Entrepôt,E03,Marseille-Port,E08,Nantes-Atlantique,P007,Jeans,Textile,2025-10-10,2025-10-12,2,147,1350.7,XPO Logistics,594.1,Livré,Aucun
LIV02074,Inter-entrepôts,E03,Marseille-Port,E05,Toulouse-Ouest,P002,Riz 1kg,Alimentaire,2025-01-17,2025-01-21,4,514,1106.3,XPO Logistics,459.45,En transit,Aucun
LIV02075,Inter-entrepôts,E01,Paris-Rungis,E08,Nantes-Atlantique,P004,Shampoing,Droguerie,2025-06-03,2025-06-08,5,1265,10861.6,XPO Logistics,2844.36,Livré,Aucun
LIV02076,Entrepôt → Magasin,E08,Nantes-Atlantique,E02,Lyon-Sud,P002,Riz 1kg,Alimentaire,2025-01-30,2025-02-02,3,819,2768.3,DHL Supply Chain,948.69,Livré,Aucun
LIV02077,Entrepôt → Magasin,E02,Lyon-Sud,E06,Nice-Est,P009,TV 4K,Électronique,2025-09-11,2025-09-16,5,438,2383.7,Geodis,651.18,Livré,Aucun
LIV02078,Entrepôt → Magasin,E04,Lille-Nord,E01,Paris-Rungis,P003,Pâtes 500g,Alimentaire,2025-07-03,2025-07-06,3,917,323.1,XPO Logistics,286.38,Livré,Retard transporteur
LIV02079,Fournisseur → Entrepôt,E01,Paris-Rungis,E04,Lille-Nord,P005,Lessive,Droguerie,2025-12-21,2025-12-22,1,930,12561.2,DHL Supply Chain,2158.94,Livré,Aucun
LIV02080,Inter-entrepôts,E05,Toulouse-Ouest,E02,Lyon-Sud,P007,Jeans,Textile,2025-10-08,2025-10-09,1,398,635.1,DB Schenker,447.27,Retardé,Aucun
LIV02081,Entrepôt → Magasin,E08,Nantes-Atlantique,E07,Bordeaux-Centre,P003,Pâtes 500g,Alimentaire,2025-01-12,2025-01-16,4,1099,14065.2,FM Logistic,3404.77,Annulé,Aucun
LIV02082,Fournisseur → Entrepôt,E01,Paris-Rungis,E03,Marseille-Port,P003,Pâtes 500g,Alimentaire,2025-03-24,2025-03-28,4,1484,10991.9,DHL Supply Chain,1642.14,Livré,Erreur quantité
LIV02083,Magasin → Magasin,E08,Nantes-Atlantique,E02,Lyon-Sud,P006,T-shirt homme,Textile,2025-04-01,2025-04-05,4,1219,3805.3,Geodis,1135.92,Livré,Aucun
LIV02084,Entrepôt → Magasin,E07,Bordeaux-Centre,E04,Lille-Nord,P008,Smartphone,Électronique,2025-06-02,2025-06-04,2,143,1582.8,XPO Logistics,321.76,Livré,Aucun
LIV02085,Fournisseur → Entrepôt,E05,Toulouse-Ouest,E02,Lyon-Sud,P008,Smartphone,Électronique,2025-02-22,2025-02-23,1,1408,14294.8,DB Schenker,1763.23,En transit,Erreur quantité
LIV02086,Inter-entrepôts,E04,Lille-Nord,E05,Toulouse-Ouest,P004,Shampoing,Droguerie,2025-06-22,2025-06-24,2,1419,5809.3,FM Logistic,1611.02,Livré,Aucun
LIV02087,Inter-entrepôts,E03,Marseille-Port,E02,Lyon-Sud,P006,T-shirt homme,Textile,2025-04-24,2025-04-27,3,63,189.5,FM Logistic,217.41,Livré,Aucun
LIV02088,Entrepôt → Magasin,E04,Lille-Nord,E02,Lyon-Sud,P009,TV 4K,Électronique,2025-05-11,2025-05-15,4,236,833.1,DHL Supply Chain,193.34,Livré,Aucun
LIV02089,Fournisseur → Entrepôt,E03,Marseille-Port,E02,Lyon-Sud,P003,Pâtes 500g,Alimentaire,2025-02-12,2025-02-14,2,1491,20338.3,DB Schenker,1313.85,Livré,Aucun
LIV02090,Inter-entrepôts,E01,Paris-Rungis,E03,Marseille-Port,P004,Shampoing,Droguerie,2025-12-14,2025-12-19,5,990,9619.5,Geodis,1954.15,En transit,Aucun
LIV02091,Entrepôt → Magasin,E03,Marseille-Port,E01,Paris-Rungis,P006,T-shirt homme,Textile,2025-12-06,2025-12-10,4,501,4149.6,DHL Supply Chain,779.34,Livré,Aucun
LIV02092,Fournisseur → Entrepôt,E07,Bordeaux-Centre,E06,Nice-Est,P010,Casque audio,Électronique,2025-06-05,2025-06-10,5,155,1426.7,XPO Logistics,466.09,Livré,Aucun
LIV02093,Fournisseur → Entrepôt,E05,Toulouse-Ouest,E08,Nantes-Atlantique,P006,T-shirt homme,Textile,2025-06-14,2025-06-16,2,1435,3839.6,DB Schenker,740.55,Livré,Aucun
LIV02094,Inter-entrepôts,E04,Lille-Nord,E01,Paris-Rungis,P009,TV 4K,Électronique,2025-11-28,2025-12-03,5,1085,10809.8,DB Schenker,1122.05,Livré,Aucun
LIV02095,Inter-entrepôts,E01,Paris-Rungis,E06,Nice-Est,P002,Riz 1kg,Alimentaire,2025-02-19,2025-02-22,3,541,5980.7,Geodis,958.95,Livré,Aucun
LIV02096,Fournisseur → Entrepôt,E05,Toulouse-Ouest,E07,Bordeaux-Centre,P010,Casque audio,Électronique,2025-02-28,2025-03-01,1,1391,19475.3,DB Schenker,2300.75,En transit,Aucun
LIV02097,Magasin → Magasin,E07,Bordeaux-Centre,E03,Marseille-Port,P002,Riz 1kg,Alimentaire,2025-04-03,2025-04-07,4,998,10338.1,DHL Supply Chain,2821.44,Retardé,Retard transporteur
LIV02098,Fournisseur → Entrepôt,E04,Lille-Nord,E03,Marseille-Port,P002,Riz 1kg,Alimentaire,2025-04-13,2025-04-18,5,518,2140.5,FM Logistic,393.79,Livré,Aucun
LIV02099,Fournisseur → Entrepôt,E07,Bordeaux-Centre,E08,Nantes-Atlantique,P006,T-shirt homme,Textile,2025-02-25,2025-02-28,3,1428,11593.7,DB Schenker,1316.7,Livré,Aucun
LIV02100,Magasin → Magasin,E07,Bordeaux-Centre,E01,Paris-Rungis,P006,T-shirt homme,Textile,2025-10-18,2025-10-22,4,926,5835.5,DB Schenker,1511.72,En transit,Aucun
LIV02101,Inter-entrepôts,E04,Lille-Nord,E08,Nantes-Atlantique,P005,Lessive,Droguerie,2025-05-13,2025-05-14,1,649,3838.1,XPO Logistics,1219.2,Livré,Aucun
LIV02102,Inter-entrepôts,E06,Nice-Est,E07,Bordeaux-Centre,P003,Pâtes 500g,Alimentaire,2025-11-11,2025-11-12,1,596,5808.9,XPO Logistics,783.71,Livré,Aucun
LIV02103,Entrepôt → Magasin,E04,Lille-Nord,E01,Paris-Rungis,P002,Riz 1kg,Alimentaire,2025-12-26,2025-12-30,4,1419,14178.3,DHL Supply Chain,2426.51,En transit,Aucun
LIV02104,Magasin → Magasin,E08,Nantes-Atlantique,E02,Lyon-Sud,P003,Pâtes 500g,Alimentaire,2025-01-02,2025-01-06,4,139,1128.5,FM Logistic,482.67,Livré,Retard transporteur
LIV02105,Inter-entrepôts,E07,Bordeaux-Centre,E08,Nantes-Atlantique,P010,Casque audio,Électronique,2025-09-13,2025-09-14,1,1042,11263.7,FM Logistic,1942.27,Livré,Aucun
LIV02106,Magasin → Magasin,E05,Toulouse-Ouest,E08,Nantes-Atlantique,P001,Lait demi-écrémé,Alimentaire,2025-06-29,2025-07-02,3,168,1477.0,FM Logistic,553.0,Livré,Aucun
LIV02107,Fournisseur → Entrepôt,E02,Lyon-Sud,E08,Nantes-Atlantique,P002,Riz 1kg,Alimentaire,2025-09-04,2025-09-07,3,355,2144.2,DB Schenker,359.66,Livré,Aucun
LIV02108,Entrepôt → Magasin,E03,Marseille-Port,E08,Nantes-Atlantique,P003,Pâtes 500g,Alimentaire,2025-09-26,2025-09-29,3,1036,8926.1,Geodis,2285.46,Livré,Aucun
LIV02109,Inter-entrepôts,E06,Nice-Est,E04,Lille-Nord,P005,Lessive,Droguerie,2025-04-25,2025-04-26,1,1149,9913.4,XPO Logistics,841.99,Livré,Aucun
LIV02110,Fournisseur → Entrepôt,E07,Bordeaux-Centre,E01,Paris-Rungis,P002,Riz 1kg,Alimentaire,2025-03-19,2025-03-24,5,1293,7207.1,DHL Supply Chain,1755.46,Livré,Erreur quantité
LIV02111,Inter-entrepôts,E07,Bordeaux-Centre,E08,Nantes-Atlantique,P004,Shampoing,Droguerie,2025-02-21,2025-02-24,3,117,915.7,XPO Logistics,206.29,Livré,Aucun
LIV02112,Fournisseur → Entrepôt,E08,Nantes-Atlantique,E05,Toulouse-Ouest,P001,Lait demi-écrémé,Alimentaire,2025-04-20,2025-04-23,3,580,5892.8,XPO Logistics,1664.57,Livré,Aucun
LIV02113,Inter-entrepôts,E06,Nice-Est,E05,Toulouse-Ouest,P009,TV 4K,Électronique,2025-05-24,2025-05-29,5,1039,14219.3,DHL Supply Chain,2332.97,Livré,Aucun
LIV02114,Fournisseur → Entrepôt,E05,Toulouse-Ouest,E01,Paris-Rungis,P003,Pâtes 500g,Alimentaire,2025-02-11,2025-02-13,2,497,2207.3,DHL Supply Chain,457.37,En transit,Aucun
LIV02115,Entrepôt → Magasin,E07,Bordeaux-Centre,E02,Lyon-Sud,P008,Smartphone,Électronique,2025-03-15,2025-03-17,2,694,1628.7,XPO Logistics,482.45,Livré,Aucun
LIV02116,Magasin → Magasin,E01,Paris-Rungis,E07,Bordeaux-Centre,P006,T-shirt homme,Textile,2025-08-29,2025-08-30,1,895,2395.9,FM Logistic,611.56,Livré,Casse
LIV02117,Magasin → Magasin,E01,Paris-Rungis,E07,Bordeaux-Centre,P001,Lait demi-écrémé,Alimentaire,2025-10-19,2025-10-23,4,532,3380.5,FM Logistic,587.94,Livré,Aucun
LIV02118,Fournisseur → Entrepôt,E07,Bordeaux-Centre,E06,Nice-Est,P001,Lait demi-écrémé,Alimentaire,2025-03-04,2025-03-08,4,875,6733.1,FM Logistic,1509.25,Livré,Aucun
LIV02119,Fournisseur → Entrepôt,E04,Lille-Nord,E07,Bordeaux-Centre,P003,Pâtes 500g,Alimentaire,2025-06-07,2025-06-12,5,932,10777.1,Geodis,2894.53,Livré,Aucun
LIV02120,Inter-entrepôts,E03,Marseille-Port,E05,Toulouse-Ouest,P001,Lait demi-écrémé,Alimentaire,2025-05-07,2025-05-12,5,1418,15845.7,DB Schenker,4899.75,Livré,Retard transporteur
LIV02121,Inter-entrepôts,E04,Lille-Nord,E08,Nantes-Atlantique,P007,Jeans,Textile,2025-10-01,2025-10-03,2,930,10347.7,DHL Supply Chain,644.15,Livré,Aucun
LIV02122,Fournisseur → Entrepôt,E01,Paris-Rungis,E05,Toulouse-Ouest,P005,Lessive,Droguerie,2025-07-26,2025-07-27,1,1423,3493.2,DHL Supply Chain,547.6,Livré,Aucun
LIV02123,Magasin → Magasin,E04,Lille-Nord,E07,Bordeaux-Centre,P007,Jeans,Textile,2025-04-18,2025-04-22,4,409,5986.8,XPO Logistics,1364.19,Livré,Aucun
LIV02124,Inter-entrepôts,E04,Lille-Nord,E08,Nantes-Atlantique,P001,Lait demi-écrémé,Alimentaire,2025-05-26,2025-05-28,2,208,235.6,XPO Logistics,278.15,Retardé,Aucun
LIV02125,Entrepôt → Magasin,E05,Toulouse-Ouest,E07,Bordeaux-Centre,P009,TV 4K,Électronique,2025-08-17,2025-08-22,5,1477,16448.5,XPO Logistics,2933.34,En transit,Aucun
LIV02126,Fournisseur → Entrepôt,E08,Nantes-Atlantique,E07,Bordeaux-Centre,P010,Casque audio,Électronique,2025-04-22,2025-04-26,4,1299,9386.5,FM Logistic,2397.23,Livré,Aucun
LIV02127,Inter-entrepôts,E03,Marseille-Port,E01,Paris-Rungis,P002,Riz 1kg,Alimentaire,2025-04-30,2025-05-02,2,919,471.4,FM Logistic,328.1,En transit,Aucun
LIV02128,Fournisseur → Entrepôt,E01,Paris-Rungis,E07,Bordeaux-Centre,P008,Smartphone,Électronique,2025-12-28,2025-12-31,3,1242,12030.1,XPO Logistics,3454.29,Livré,Aucun
LIV02129,Inter-entrepôts,E07,Bordeaux-Centre,E05,Toulouse-Ouest,P007,Jeans,Textile,2025-06-09,2025-06-14,5,500,4163.3,Geodis,520.14,Livré,Aucun
LIV02130,Entrepôt → Magasin,E04,Lille-Nord,E02,Lyon-Sud,P009,TV 4K,Électronique,2025-04-12,2025-04-14,2,898,10164.0,Geodis,2665.22,Livré,Aucun
LIV02131,Fournisseur → Entrepôt,E01,Paris-Rungis,E04,Lille-Nord,P008,Smartphone,Électronique,2025-12-11,2025-12-15,4,166,1528.1,DB Schenker,686.77,Livré,Casse
LIV02132,Entrepôt → Magasin,E02,Lyon-Sud,E07,Bordeaux-Centre,P002,Riz 1kg,Alimentaire,2025-01-06,2025-01-10,4,1442,20690.4,FM Logistic,4365.73,Livré,Erreur quantité
LIV02133,Inter-entrepôts,E03,Marseille-Port,E02,Lyon-Sud,P002,Riz 1kg,Alimentaire,2025-11-14,2025-11-18,4,1043,9196.7,XPO Logistics,2691.34,Livré,Erreur quantité
LIV02134,Inter-entrepôts,E01,Paris-Rungis,E02,Lyon-Sud,P001,Lait demi-écrémé,Alimentaire,2025-12-15,2025-12-20,5,1237,14798.6,XPO Logistics,3566.51,Livré,Aucun
LIV02135,Magasin → Magasin,E05,Toulouse-Ouest,E07,Bordeaux-Centre,P008,Smartphone,Électronique,2025-09-23,2025-09-25,2,80,130.6,FM Logistic,162.84,Livré,Aucun
LIV02136,Inter-entrepôts,E05,Toulouse-Ouest,E08,Nantes-Atlantique,P005,Lessive,Droguerie,2025-05-09,2025-05-11,2,704,2779.3,DHL Supply Chain,458.25,En transit,Aucun
LIV02137,Fournisseur → Entrepôt,E05,Toulouse-Ouest,E04,Lille-Nord,P008,Smartphone,Électronique,2025-01-23,2025-01-25,2,450,3996.6,DB Schenker,916.34,Livré,Aucun
LIV02138,Magasin → Magasin,E02,Lyon-Sud,E06,Nice-Est,P002,Riz 1kg,Alimentaire,2025-01-06,2025-01-09,3,1323,5064.9,XPO Logistics,1246.13,Livré,Aucun
LIV02139,Fournisseur → Entrepôt,E02,Lyon-Sud,E01,Paris-Rungis,P003,Pâtes 500g,Alimentaire,2025-06-04,2025-06-06,2,723,706.5,XPO Logistics,290.03,Livré,Casse
LIV02140,Magasin → Magasin,E05,Toulouse-Ouest,E03,Marseille-Port,P002,Riz 1kg,Alimentaire,2025-10-08,2025-10-12,4,968,11497.1,DHL Supply Chain,3252.04,Livré,Aucun
LIV02141,Magasin → Magasin,E08,Nantes-Atlantique,E06,Nice-Est,P003,Pâtes 500g,Alimentaire,2025-10-16,2025-10-20,4,266,2910.3,FM Logistic,252.49,Livré,Aucun
LIV02142,Entrepôt → Magasin,E01,Paris-Rungis,E02,Lyon-Sud,P005,Lessive,Droguerie,2025-02-02,2025-02-03,1,1489,1082.8,XPO Logistics,338.58,Retardé,Aucun
LIV02143,Entrepôt → Magasin,E07,Bordeaux-Centre,E03,Marseille-Port,P002,Riz 1kg,Alimentaire,2025-03-01,2025-03-05,4,856,7272.4,FM Logistic,2031.11,Livré,Retard transporteur
LIV02144,Entrepôt → Magasin,E01,Paris-Rungis,E04,Lille-Nord,P010,Casque audio,Électronique,2025-08-02,2025-08-03,1,756,3275.2,FM Logistic,768.83,Livré,Aucun
LIV02145,Fournisseur → Entrepôt,E02,Lyon-Sud,E05,Toulouse-Ouest,P001,Lait demi-écrémé,Alimentaire,2025-05-13,2025-05-15,2,111,1272.9,FM Logistic,476.12,En transit,Retard transporteur
LIV02146,Magasin → Magasin,E06,Nice-Est,E02,Lyon-Sud,P007,Jeans,Textile,2025-04-25,2025-04-27,2,348,4564.0,XPO Logistics,937.62,Livré,Aucun
LIV02147,Fournisseur → Entrepôt,E01,Paris-Rungis,E08,Nantes-Atlantique,P003,Pâtes 500g,Alimentaire,2025-12-16,2025-12-17,1,132,458.3,DB Schenker,162.41,Livré,Retard transporteur
LIV02148,Inter-entrepôts,E04,Lille-Nord,E03,Marseille-Port,P001,Lait demi-écrémé,Alimentaire,2025-08-12,2025-08-14,2,969,4709.4,Geodis,585.65,En transit,Aucun
LIV02149,Inter-entrepôts,E03,Marseille-Port,E06,Nice-Est,P007,Jeans,Textile,2025-01-19,2025-01-22,3,206,1214.2,DB Schenker,290.72,Livré,Retard transporteur
LIV02150,Entrepôt → Magasin,E03,Marseille-Port,E08,Nantes-Atlantique,P005,Lessive,Droguerie,2025-06-27,2025-06-30,3,936,10313.8,XPO Logistics,2400.73,Livré,Aucun
LIV02151,Entrepôt → Magasin,E05,Toulouse-Ouest,E08,Nantes-Atlantique,P001,Lait demi-écrémé,Alimentaire,2025-04-22,2025-04-23,1,1374,13845.1,DB Schenker,4004.9,En transit,Aucun
LIV02152,Fournisseur → Entrepôt,E04,Lille-Nord,E03,Marseille-Port,P001,Lait demi-écrémé,Alimentaire,2025-08-09,2025-08-11,2,1243,3150.2,FM Logistic,1090.34,Livré,Aucun
LIV02153,Fournisseur → Entrepôt,E02,Lyon-Sud,E06,Nice-Est,P005,Lessive,Droguerie,2025-05-03,2025-05-07,4,411,1562.5,FM Logistic,357.96,En transit,Retard transporteur
LIV02154,Magasin → Magasin,E06,Nice-Est,E03,Marseille-Port,P007,Jeans,Textile,2025-10-10,2025-10-13,3,1356,1588.7,XPO Logistics,225.72,Livré,Aucun
LIV02155,Fournisseur → Entrepôt,E08,Nantes-Atlantique,E07,Bordeaux-Centre,P010,Casque audio,Électronique,2025-12-23,2025-12-25,2,931,8409.3,DHL Supply Chain,822.4,Retardé,Aucun
LIV02156,Fournisseur → Entrepôt,E02,Lyon-Sud,E06,Nice-Est,P004,Shampoing,Droguerie,2025-12-16,2025-12-19,3,1226,2159.4,Geodis,550.04,Livré,Aucun
LIV02157,Magasin → Magasin,E04,Lille-Nord,E03,Marseille-Port,P001,Lait demi-écrémé,Alimentaire,2025-01-03,2025-01-07,4,920,10935.8,Geodis,2951.26,Livré,Aucun
LIV02158,Inter-entrepôts,E02,Lyon-Sud,E08,Nantes-Atlantique,P008,Smartphone,Électronique,2025-05-04,2025-05-07,3,1252,13741.5,XPO Logistics,2259.49,Livré,Aucun
LIV02159,Magasin → Magasin,E06,Nice-Est,E02,Lyon-Sud,P002,Riz 1kg,Alimentaire,2025-09-11,2025-09-14,3,278,3423.0,XPO Logistics,1158.29,Livré,Aucun
LIV02160,Fournisseur → Entrepôt,E01,Paris-Rungis,E07,Bordeaux-Centre,P001,Lait demi-écrémé,Alimentaire,2025-01-17,2025-01-19,2,650,5678.3,XPO Logistics,1212.39,En transit,Aucun
LIV02161,Fournisseur → Entrepôt,E01,Paris-Rungis,E07,Bordeaux-Centre,P001,Lait demi-écrémé,Alimentaire,2025-04-05,2025-04-07,2,1158,8398.2,DB Schenker,2040.09,Livré,Aucun
LIV02162,Magasin → Magasin,E05,Toulouse-Ouest,E08,Nantes-Atlantique,P003,Pâtes 500g,Alimentaire,2025-04-28,2025-05-01,3,176,1678.3,DB Schenker,536.63,En transit,Retard transporteur
LIV02163,Inter-entrepôts,E02,Lyon-Sud,E07,Bordeaux-Centre,P005,Lessive,Droguerie,2025-10-27,2025-10-29,2,1100,11796.2,DB Schenker,1612.45,Livré,Retard transporteur
LIV02164,Fournisseur → Entrepôt,E08,Nantes-Atlantique,E04,Lille-Nord,P010,Casque audio,Électronique,2025-04-06,2025-04-10,4,1326,12513.3,XPO Logistics,2800.43,Livré,Aucun
LIV02165,Entrepôt → Magasin,E06,Nice-Est,E03,Marseille-Port,P002,Riz 1kg,Alimentaire,2025-07-07,2025-07-11,4,21,250.3,Geodis,330.25,Livré,Aucun
LIV02166,Fournisseur → Entrepôt,E04,Lille-Nord,E03,Marseille-Port,P010,Casque audio,Électronique,2025-05-20,2025-05-25,5,238,1336.7,FM Logistic,535.8,En transit,Aucun
LIV02167,Magasin → Magasin,E05,Toulouse-Ouest,E03,Marseille-Port,P004,Shampoing,Droguerie,2025-05-03,2025-05-07,4,432,837.0,Geodis,378.21,Livré,Aucun
LIV02168,Entrepôt → Magasin,E02,Lyon-Sud,E08,Nantes-Atlantique,P001,Lait demi-écrémé,Alimentaire,2025-04-24,2025-04-29,5,195,259.8,DHL Supply Chain,107.86,Livré,Erreur quantité
LIV02169,Magasin → Magasin,E03,Marseille-Port,E01,Paris-Rungis,P007,Jeans,Textile,2025-04-21,2025-04-24,3,1046,5013.6,DB Schenker,1295.44,Retardé,Aucun
LIV02170,Fournisseur → Entrepôt,E08,Nantes-Atlantique,E03,Marseille-Port,P006,T-shirt homme,Textile,2025-01-11,2025-01-16,5,312,4200.4,DHL Supply Chain,974.47,Livré,Aucun
LIV02171,Entrepôt → Magasin,E04,Lille-Nord,E05,Toulouse-Ouest,P002,Riz 1kg,Alimentaire,2025-10-25,2025-10-28,3,1411,11113.6,XPO Logistics,2992.72,Livré,Retard transporteur
LIV02172,Magasin → Magasin,E02,Lyon-Sud,E04,Lille-Nord,P007,Jeans,Textile,2025-04-25,2025-04-28,3,712,3293.0,FM Logistic,762.99,Livré,Aucun
LIV02173,Magasin → Magasin,E03,Marseille-Port,E01,Paris-Rungis,P004,Shampoing,Droguerie,2025-03-27,2025-03-29,2,1085,3881.0,XPO Logistics,426.06,Livré,Aucun
LIV02174,Inter-entrepôts,E08,Nantes-Atlantique,E06,Nice-Est,P005,Lessive,Droguerie,2025-01-15,2025-01-17,2,787,4314.9,Geodis,1012.93,Livré,Aucun
LIV02175,Inter-entrepôts,E04,Lille-Nord,E07,Bordeaux-Centre,P004,Shampoing,Droguerie,2025-03-03,2025-03-04,1,1049,1847.9,DB Schenker,375.91,Livré,Aucun
LIV02176,Entrepôt → Magasin,E05,Toulouse-Ouest,E02,Lyon-Sud,P009,TV 4K,Électronique,2025-09-25,2025-09-27,2,980,3541.6,FM Logistic,999.14,Retardé,Aucun
LIV02177,Fournisseur → Entrepôt,E05,Toulouse-Ouest,E04,Lille-Nord,P002,Riz 1kg,Alimentaire,2025-10-01,2025-10-02,1,1488,4862.2,Geodis,1421.31,Livré,Aucun
LIV02178,Fournisseur → Entrepôt,E07,Bordeaux-Centre,E01,Paris-Rungis,P004,Shampoing,Droguerie,2025-04-21,2025-04-24,3,543,3657.7,DB Schenker,1022.9,Livré,Retard transporteur
LIV02179,Fournisseur → Entrepôt,E06,Nice-Est,E08,Nantes-Atlantique,P007,Jeans,Textile,2025-04-08,2025-04-11,3,1300,10889.0,DHL Supply Chain,3076.85,En transit,Aucun
LIV02180,Entrepôt → Magasin,E01,Paris-Rungis,E07,Bordeaux-Centre,P008,Smartphone,Électronique,2025-05-09,2025-05-14,5,286,691.3,DHL Supply Chain,431.28,En transit,Aucun
LIV02181,Magasin → Magasin,E06,Nice-Est,E02,Lyon-Sud,P009,TV 4K,Électronique,2025-11-21,2025-11-24,3,1449,2672.9,XPO Logistics,505.08,Livré,Retard transporteur
LIV02182,Magasin → Magasin,E05,Toulouse-Ouest,E03,Marseille-Port,P008,Smartphone,Électronique,2025-05-21,2025-05-24,3,852,4626.3,Geodis,1473.05,Livré,Erreur quantité
LIV02183,Magasin → Magasin,E07,Bordeaux-Centre,E08,Nantes-Atlantique,P004,Shampoing,Droguerie,2025-04-27,2025-05-01,4,1422,17106.9,XPO Logistics,2893.93,Livré,Aucun
LIV02184,Magasin → Magasin,E02,Lyon-Sud,E03,Marseille-Port,P002,Riz 1kg,Alimentaire,2025-05-30,2025-06-03,4,509,549.5,XPO Logistics,301.72,Livré,Aucun
LIV02185,Entrepôt → Magasin,E05,Toulouse-Ouest,E02,Lyon-Sud,P009,TV 4K,Électronique,2025-07-20,2025-07-22,2,315,1204.6,DHL Supply Chain,226.09,Livré,Casse
LIV02186,Fournisseur → Entrepôt,E08,Nantes-Atlantique,E03,Marseille-Port,P005,Lessive,Droguerie,2025-11-05,2025-11-07,2,820,4988.8,XPO Logistics,820.02,Livré,Aucun
LIV02187,Fournisseur → Entrepôt,E01,Paris-Rungis,E03,Marseille-Port,P009,TV 4K,Électronique,2025-10-31,2025-11-04,4,582,6852.2,FM Logistic,1641.89,Livré,Aucun
LIV02188,Magasin → Magasin,E05,Toulouse-Ouest,E04,Lille-Nord,P010,Casque audio,Électronique,2025-04-11,2025-04-14,3,458,4317.6,DB Schenker,1222.74,Livré,Retard transporteur
LIV02189,Fournisseur → Entrepôt,E03,Marseille-Port,E07,Bordeaux-Centre,P007,Jeans,Textile,2025-03-10,2025-03-14,4,940,11961.3,DHL Supply Chain,3637.89,En transit,Retard transporteur
LIV02190,Magasin → Magasin,E01,Paris-Rungis,E02,Lyon-Sud,P004,Shampoing,Droguerie,2025-08-09,2025-08-10,1,1204,1993.9,DHL Supply Chain,397.51,En transit,Aucun
LIV02191,Magasin → Magasin,E06,Nice-Est,E05,Toulouse-Ouest,P005,Lessive,Droguerie,2025-02-04,2025-02-07,3,553,4121.0,XPO Logistics,1021.42,Livré,Aucun
LIV02192,Magasin → Magasin,E07,Bordeaux-Centre,E05,Toulouse-Ouest,P008,Smartphone,Électronique,2025-11-03,2025-11-04,1,1435,9610.7,DHL Supply Chain,1673.82,En transit,Aucun
LIV02193,Entrepôt → Magasin,E07,Bordeaux-Centre,E02,Lyon-Sud,P001,Lait demi-écrémé,Alimentaire,2025-01-20,2025-01-24,4,1217,9858.3,FM Logistic,2932.69,Livré,Aucun
LIV02194,Entrepôt → Magasin,E08,Nantes-Atlantique,E05,Toulouse-Ouest,P008,Smartphone,Électronique,2025-04-15,2025-04-18,3,867,3076.7,Geodis,373.33,Retardé,Aucun
LIV02195,Magasin → Magasin,E03,Marseille-Port,E05,Toulouse-Ouest,P010,Casque audio,Électronique,2025-09-27,2025-10-01,4,906,3200.2,FM Logistic,831.2,Livré,Retard transporteur
LIV02196,Magasin → Magasin,E04,Lille-Nord,E03,Marseille-Port,P005,Lessive,Droguerie,2025-07-30,2025-08-04,5,712,8645.1,DHL Supply Chain,641.62,Livré,Aucun
LIV02197,Inter-entrepôts,E04,Lille-Nord,E08,Nantes-Atlantique,P007,Jeans,Textile,2025-11-30,2025-12-01,1,804,10347.2,Geodis,3030.29,Livré,Aucun
LIV02198,Magasin → Magasin,E03,Marseille-Port,E06,Nice-Est,P007,Jeans,Textile,2025-10-04,2025-10-08,4,485,4761.2,XPO Logistics,1521.13,Livré,Retard transporteur
LIV02199,Magasin → Magasin,E07,Bordeaux-Centre,E02,Lyon-Sud,P006,T-shirt homme,Textile,2025-03-07,2025-03-11,4,498,3099.8,Geodis,419.81,Livré,Aucun
LIV02200,Fournisseur → Entrepôt,E02,Lyon-Sud,E07,Bordeaux-Centre,P004,Shampoing,Droguerie,2025-09-19,2025-09-21,2,1035,9039.2,XPO Logistics,837.66,Retardé,Aucun
LIV02201,Entrepôt → Magasin,E08,Nantes-Atlantique,E05,Toulouse-Ouest,P001,Lait demi-écrémé,Alimentaire,2025-09-12,2025-09-16,4,1323,18288.0,FM Logistic,4148.32,Livré,Aucun
LIV02202,Inter-entrepôts,E06,Nice-Est,E04,Lille-Nord,P002,Riz 1kg,Alimentaire,2025-08-01,2025-08-05,4,544,484.1,Geodis,255.11,Livré,Casse
LIV02203,Inter-entrepôts,E03,Marseille-Port,E02,Lyon-Sud,P005,Lessive,Droguerie,2025-05-31,2025-06-04,4,897,1368.7,FM Logistic,438.21,Livré,Retard transporteur
LIV02204,Magasin → Magasin,E07,Bordeaux-Centre,E04,Lille-Nord,P003,Pâtes 500g,Alimentaire,2025-07-26,2025-07-29,3,1029,12626.9,FM Logistic,1678.88,En transit,Aucun
LIV02205,Inter-entrepôts,E04,Lille-Nord,E07,Bordeaux-Centre,P009,TV 4K,Électronique,2025-05-16,2025-05-17,1,1285,11302.0,DHL Supply Chain,1143.26,En transit,Aucun
LIV02206,Fournisseur → Entrepôt,E06,Nice-Est,E04,Lille-Nord,P008,Smartphone,Électronique,2025-06-01,2025-06-03,2,919,3108.4,DHL Supply Chain,588.5,Livré,Aucun
LIV02207,Entrepôt → Magasin,E06,Nice-Est,E03,Marseille-Port,P008,Smartphone,Électronique,2025-03-21,2025-03-22,1,1280,2894.3,FM Logistic,607.17,Livré,Retard transporteur
LIV02208,Magasin → Magasin,E08,Nantes-Atlantique,E06,Nice-Est,P010,Casque audio,Électronique,2025-05-09,2025-05-13,4,236,1808.9,DHL Supply Chain,540.18,Livré,Aucun
LIV02209,Inter-entrepôts,E02,Lyon-Sud,E07,Bordeaux-Centre,P001,Lait demi-écrémé,Alimentaire,2025-01-15,2025-01-16,1,927,8032.8,XPO Logistics,1491.01,Livré,Aucun
LIV02210,Entrepôt → Magasin,E01,Paris-Rungis,E07,Bordeaux-Centre,P004,Shampoing,Droguerie,2025-12-19,2025-12-23,4,640,7464.1,XPO Logistics,870.15,Livré,Aucun
LIV02211,Entrepôt → Magasin,E05,Toulouse-Ouest,E01,Paris-Rungis,P003,Pâtes 500g,Alimentaire,2025-05-14,2025-05-17,3,1350,14376.5,Geodis,1593.54,Livré,Retard transporteur
LIV02212,Inter-entrepôts,E06,Nice-Est,E03,Marseille-Port,P001,Lait demi-écrémé,Alimentaire,2025-10-23,2025-10-26,3,226,332.6,DB Schenker,279.12,Livré,Aucun
LIV02213,Fournisseur → Entrepôt,E02,Lyon-Sud,E05,Toulouse-Ouest,P007,Jeans,Textile,2025-06-13,2025-06-17,4,1477,13762.2,FM Logistic,1571.83,Livré,Aucun
LIV02214,Inter-entrepôts,E07,Bordeaux-Centre,E02,Lyon-Sud,P009,TV 4K,Électronique,2025-11-12,2025-11-16,4,769,7877.2,Geodis,1425.72,Livré,Aucun
LIV02215,Fournisseur → Entrepôt,E04,Lille-Nord,E08,Nantes-Atlantique,P001,Lait demi-écrémé,Alimentaire,2025-07-27,2025-07-28,1,623,2351.3,FM Logistic,396.91,Livré,Aucun
LIV02216,Fournisseur → Entrepôt,E08,Nantes-Atlantique,E01,Paris-Rungis,P010,Casque audio,Électronique,2025-12-04,2025-12-09,5,53,338.9,XPO Logistics,301.15,Livré,Aucun
LIV02217,Magasin → Magasin,E02,Lyon-Sud,E01,Paris-Rungis,P005,Lessive,Droguerie,2025-06-05,2025-06-10,5,130,984.8,FM Logistic,316.85,Livré,Aucun
LIV02218,Entrepôt → Magasin,E07,Bordeaux-Centre,E06,Nice-Est,P009,TV 4K,Électronique,2025-09-28,2025-10-02,4,1064,5232.2,DHL Supply Chain,1572.83,Livré,Aucun
LIV02219,Magasin → Magasin,E01,Paris-Rungis,E04,Lille-Nord,P004,Shampoing,Droguerie,2025-12-10,2025-12-15,5,1033,5364.7,DB Schenker,1409.2,En transit,Aucun
LIV02220,Inter-entrepôts,E08,Nantes-Atlantique,E06,Nice-Est,P001,Lait demi-écrémé,Alimentaire,2025-04-28,2025-05-03,5,957,10584.2,Geodis,2707.85,Retardé,Aucun
LIV02221,Fournisseur → Entrepôt,E02,Lyon-Sud,E04,Lille-Nord,P004,Shampoing,Droguerie,2025-03-26,2025-03-30,4,1414,13831.7,DB Schenker,2930.51,Livré,Aucun
LIV02222,Inter-entrepôts,E04,Lille-Nord,E08,Nantes-Atlantique,P003,Pâtes 500g,Alimentaire,2025-01-08,2025-01-09,1,1436,18813.9,XPO Logistics,3681.77,Livré,Aucun
LIV02223,Inter-entrepôts,E05,Toulouse-Ouest,E06,Nice-Est,P008,Smartphone,Électronique,2025-09-26,2025-09-27,1,1270,4656.7,DB Schenker,1507.07,Livré,Aucun
LIV02224,Magasin → Magasin,E08,Nantes-Atlantique,E03,Marseille-Port,P008,Smartphone,Électronique,2025-04-23,2025-04-25,2,1447,7170.6,DHL Supply Chain,1740.81,Livré,Aucun
LIV02225,Inter-entrepôts,E02,Lyon-Sud,E03,Marseille-Port,P005,Lessive,Droguerie,2025-04-26,2025-04-28,2,247,2722.1,DHL Supply Chain,736.79,Livré,Aucun
LIV02226,Entrepôt → Magasin,E08,Nantes-Atlantique,E03,Marseille-Port,P001,Lait demi-écrémé,Alimentaire,2025-04-27,2025-04-30,3,1313,14138.1,DB Schenker,3268.35,Livré,Aucun
LIV02227,Entrepôt → Magasin,E08,Nantes-Atlantique,E02,Lyon-Sud,P008,Smartphone,Électronique,2025-04-18,2025-04-21,3,124,749.9,XPO Logistics,366.91,Livré,Aucun
LIV02228,Magasin → Magasin,E04,Lille-Nord,E07,Bordeaux-Centre,P001,Lait demi-écrémé,Alimentaire,2025-12-09,2025-12-10,1,665,9274.1,XPO Logistics,2763.42,Livré,Aucun
LIV02229,Inter-entrepôts,E01,Paris-Rungis,E06,Nice-Est,P003,Pâtes 500g,Alimentaire,2025-03-16,2025-03-17,1,469,1567.0,XPO Logistics,373.64,Livré,Aucun
LIV02230,Magasin → Magasin,E01,Paris-Rungis,E05,Toulouse-Ouest,P003,Pâtes 500g,Alimentaire,2025-11-14,2025-11-17,3,407,330.8,XPO Logistics,192.45,En transit,Aucun
LIV02231,Fournisseur → Entrepôt,E02,Lyon-Sud,E06,Nice-Est,P008,Smartphone,Électronique,2025-12-12,2025-12-14,2,1109,12258.0,DHL Supply Chain,1779.77,Livré,Aucun
LIV02232,Entrepôt → Magasin,E03,Marseille-Port,E05,Toulouse-Ouest,P009,TV 4K,Électronique,2025-08-06,2025-08-08,2,1478,6873.0,DHL Supply Chain,2189.12,En transit,Aucun
LIV02233,Entrepôt → Magasin,E03,Marseille-Port,E06,Nice-Est,P001,Lait demi-écrémé,Alimentaire,2025-07-29,2025-08-03,5,723,10100.1,FM Logistic,2574.94,Livré,Aucun
LIV02234,Fournisseur → Entrepôt,E04,Lille-Nord,E01,Paris-Rungis,P007,Jeans,Textile,2025-02-26,2025-03-01,3,793,9672.1,Geodis,1813.16,Livré,Aucun
LIV02235,Inter-entrepôts,E05,Toulouse-Ouest,E01,Paris-Rungis,P002,Riz 1kg,Alimentaire,2025-03-08,2025-03-13,5,311,2982.1,XPO Logistics,839.46,Livré,Aucun
LIV02236,Fournisseur → Entrepôt,E03,Marseille-Port,E04,Lille-Nord,P008,Smartphone,Électronique,2025-11-14,2025-11-18,4,664,6923.4,DB Schenker,1256.53,Livré,Aucun
LIV02237,Fournisseur → Entrepôt,E06,Nice-Est,E05,Toulouse-Ouest,P009,TV 4K,Électronique,2025-11-20,2025-11-21,1,802,7004.6,FM Logistic,1080.83,Livré,Aucun
LIV02238,Fournisseur → Entrepôt,E05,Toulouse-Ouest,E08,Nantes-Atlantique,P005,Lessive,Droguerie,2025-01-01,2025-01-05,4,89,217.8,FM Logistic,271.01,Livré,Aucun
LIV02239,Fournisseur → Entrepôt,E01,Paris-Rungis,E04,Lille-Nord,P003,Pâtes 500g,Alimentaire,2025-02-23,2025-02-28,5,1088,9504.1,DHL Supply Chain,797.8,En transit,Aucun
LIV02240,Inter-entrepôts,E01,Paris-Rungis,E06,Nice-Est,P009,TV 4K,Électronique,2025-02-16,2025-02-19,3,480,285.0,DHL Supply Chain,188.45,Livré,Aucun
LIV02241,Magasin → Magasin,E01,Paris-Rungis,E04,Lille-Nord,P003,Pâtes 500g,Alimentaire,2025-10-16,2025-10-20,4,1194,2757.7,DHL Supply Chain,426.15,Livré,Aucun
LIV02242,Entrepôt → Magasin,E04,Lille-Nord,E02,Lyon-Sud,P006,T-shirt homme,Textile,2025-04-23,2025-04-25,2,296,3146.6,Geodis,756.59,En transit,Aucun
LIV02243,Fournisseur → Entrepôt,E02,Lyon-Sud,E05,Toulouse-Ouest,P003,Pâtes 500g,Alimentaire,2025-09-06,2025-09-09,3,373,863.8,DB Schenker,327.68,Livré,Retard transporteur
LIV02244,Fournisseur → Entrepôt,E05,Toulouse-Ouest,E03,Marseille-Port,P009,TV 4K,Électronique,2025-06-29,2025-06-30,1,308,3158.8,DHL Supply Chain,979.86,Livré,Aucun
LIV02245,Entrepôt → Magasin,E01,Paris-Rungis,E05,Toulouse-Ouest,P002,Riz 1kg,Alimentaire,2025-05-07,2025-05-11,4,1002,10292.2,DB Schenker,2863.85,Livré,Aucun
LIV02246,Entrepôt → Magasin,E05,Toulouse-Ouest,E07,Bordeaux-Centre,P007,Jeans,Textile,2025-01-06,2025-01-10,4,399,5194.6,DB Schenker,609.93,Livré,Aucun
LIV02247,Entrepôt → Magasin,E05,Toulouse-Ouest,E03,Marseille-Port,P001,Lait demi-écrémé,Alimentaire,2025-02-22,2025-02-24,2,164,1121.9,XPO Logistics,308.32,Livré,Aucun
LIV02248,Fournisseur → Entrepôt,E04,Lille-Nord,E05,Toulouse-Ouest,P002,Riz 1kg,Alimentaire,2025-05-21,2025-05-24,3,756,9386.0,XPO Logistics,868.27,Livré,Aucun
LIV02249,Magasin → Magasin,E07,Bordeaux-Centre,E04,Lille-Nord,P008,Smartphone,Électronique,2025-08-13,2025-08-16,3,795,3668.0,XPO Logistics,1296.16,En transit,Aucun
LIV02250,Magasin → Magasin,E04,Lille-Nord,E02,Lyon-Sud,P003,Pâtes 500g,Alimentaire,2025-01-18,2025-01-23,5,588,4696.3,FM Logistic,522.74,Livré,Aucun
LIV02251,Entrepôt → Magasin,E08,Nantes-Atlantique,E07,Bordeaux-Centre,P001,Lait demi-écrémé,Alimentaire,2025-02-04,2025-02-07,3,789,1547.6,XPO Logistics,547.39,Livré,Aucun
LIV02252,Magasin → Magasin,E04,Lille-Nord,E06,Nice-Est,P003,Pâtes 500g,Alimentaire,2025-05-17,2025-05-21,4,955,7841.5,XPO Logistics,971.55,Livré,Aucun
LIV02253,Fournisseur → Entrepôt,E01,Paris-Rungis,E06,Nice-Est,P009,TV 4K,Électronique,2025-03-31,2025-04-02,2,299,3490.9,DB Schenker,932.5,En transit,Aucun
LIV02254,Magasin → Magasin,E08,Nantes-Atlantique,E02,Lyon-Sud,P003,Pâtes 500g,Alimentaire,2025-05-08,2025-05-12,4,331,1343.5,Geodis,592.28,Livré,Aucun
LIV02255,Inter-entrepôts,E04,Lille-Nord,E02,Lyon-Sud,P005,Lessive,Droguerie,2025-01-03,2025-01-07,4,157,1240.3,FM Logistic,485.9,Livré,Aucun
LIV02256,Inter-entrepôts,E08,Nantes-Atlantique,E03,Marseille-Port,P006,T-shirt homme,Textile,2025-01-14,2025-01-17,3,1487,15798.2,DHL Supply Chain,3445.87,Livré,Aucun
LIV02257,Entrepôt → Magasin,E04,Lille-Nord,E03,Marseille-Port,P004,Shampoing,Droguerie,2025-11-18,2025-11-23,5,1392,15805.0,DHL Supply Chain,1541.95,Retardé,Aucun
LIV02258,Inter-entrepôts,E02,Lyon-Sud,E06,Nice-Est,P008,Smartphone,Électronique,2025-05-19,2025-05-23,4,902,900.8,XPO Logistics,274.6,Livré,Aucun
LIV02259,Magasin → Magasin,E06,Nice-Est,E04,Lille-Nord,P003,Pâtes 500g,Alimentaire,2025-08-05,2025-08-06,1,819,905.5,XPO Logistics,248.27,En transit,Aucun
LIV02260,Fournisseur → Entrepôt,E08,Nantes-Atlantique,E04,Lille-Nord,P007,Jeans,Textile,2025-12-20,2025-12-21,1,741,8668.3,FM Logistic,1165.72,Livré,Aucun
LIV02261,Inter-entrepôts,E08,Nantes-Atlantique,E03,Marseille-Port,P008,Smartphone,Électronique,2025-07-12,2025-07-16,4,1488,13642.0,DB Schenker,1615.04,Livré,Aucun
LIV02262,Inter-entrepôts,E05,Toulouse-Ouest,E02,Lyon-Sud,P008,Smartphone,Électronique,2025-09-19,2025-09-22,3,1426,1939.7,Geodis,724.28,Livré,Aucun
LIV02263,Inter-entrepôts,E03,Marseille-Port,E05,Toulouse-Ouest,P002,Riz 1kg,Alimentaire,2025-03-23,2025-03-26,3,1472,13061.6,DB Schenker,3671.41,Livré,Aucun
LIV02264,Entrepôt → Magasin,E05,Toulouse-Ouest,E07,Bordeaux-Centre,P001,Lait demi-écrémé,Alimentaire,2025-07-28,2025-08-02,5,259,753.5,Geodis,274.39,Livré,Aucun
LIV02265,Magasin → Magasin,E08,Nantes-Atlantique,E07,Bordeaux-Centre,P004,Shampoing,Droguerie,2025-03-15,2025-03-18,3,1077,15154.1,XPO Logistics,2781.05,Livré,Aucun
LIV02266,Fournisseur → Entrepôt,E08,Nantes-Atlantique,E01,Paris-Rungis,P007,Jeans,Textile,2025-06-27,2025-07-01,4,1270,4007.1,DB Schenker,1281.87,En transit,Aucun
LIV02267,Entrepôt → Magasin,E03,Marseille-Port,E01,Paris-Rungis,P006,T-shirt homme,Textile,2025-05-15,2025-05-16,1,736,8784.5,DB Schenker,1774.71,Livré,Retard transporteur
LIV02268,Magasin → Magasin,E08,Nantes-Atlantique,E01,Paris-Rungis,P002,Riz 1kg,Alimentaire,2025-08-04,2025-08-09,5,778,11657.2,DHL Supply Chain,3533.42,Livré,Aucun
LIV02269,Inter-entrepôts,E08,Nantes-Atlantique,E01,Paris-Rungis,P007,Jeans,Textile,2025-07-10,2025-07-12,2,1389,11847.0,XPO Logistics,1377.69,Livré,Casse
LIV02270,Inter-entrepôts,E06,Nice-Est,E03,Marseille-Port,P004,Shampoing,Droguerie,2025-07-07,2025-07-08,1,343,3069.6,XPO Logistics,308.01,En transit,Retard transporteur
LIV02271,Fournisseur → Entrepôt,E06,Nice-Est,E02,Lyon-Sud,P005,Lessive,Droguerie,2025-01-25,2025-01-28,3,90,102.6,DHL Supply Chain,273.59,Livré,Casse
LIV02272,Magasin → Magasin,E07,Bordeaux-Centre,E01,Paris-Rungis,P006,T-shirt homme,Textile,2025-10-12,2025-10-17,5,100,880.6,FM Logistic,379.57,Livré,Aucun
LIV02273,Entrepôt → Magasin,E06,Nice-Est,E05,Toulouse-Ouest,P009,TV 4K,Électronique,2025-05-07,2025-05-09,2,327,4649.7,DHL Supply Chain,1257.29,Livré,Aucun
LIV02274,Magasin → Magasin,E01,Paris-Rungis,E03,Marseille-Port,P009,TV 4K,Électronique,2025-11-08,2025-11-10,2,1084,14326.2,DHL Supply Chain,1255.59,Livré,Casse
LIV02275,Entrepôt → Magasin,E08,Nantes-Atlantique,E05,Toulouse-Ouest,P002,Riz 1kg,Alimentaire,2025-07-07,2025-07-10,3,1393,15776.0,Geodis,3835.97,En transit,Aucun
LIV02276,Fournisseur → Entrepôt,E04,Lille-Nord,E06,Nice-Est,P004,Shampoing,Droguerie,2025-04-24,2025-04-28,4,805,9256.7,DB Schenker,2552.65,Livré,Aucun
LIV02277,Inter-entrepôts,E01,Paris-Rungis,E03,Marseille-Port,P005,Lessive,Droguerie,2025-11-26,2025-11-28,2,891,12613.5,DHL Supply Chain,2335.91,Livré,Aucun
LIV02278,Magasin → Magasin,E02,Lyon-Sud,E01,Paris-Rungis,P006,T-shirt homme,Textile,2025-06-29,2025-07-03,4,1161,11359.0,Geodis,3386.67,Livré,Aucun
LIV02279,Fournisseur → Entrepôt,E08,Nantes-Atlantique,E05,Toulouse-Ouest,P008,Smartphone,Électronique,2025-08-08,2025-08-12,4,66,759.5,FM Logistic,246.01,Retardé,Aucun
LIV02280,Magasin → Magasin,E02,Lyon-Sud,E08,Nantes-Atlantique,P005,Lessive,Droguerie,2025-11-18,2025-11-22,4,475,261.5,DHL Supply Chain,217.49,Livré,Aucun
LIV02281,Inter-entrepôts,E08,Nantes-Atlantique,E02,Lyon-Sud,P001,Lait demi-écrémé,Alimentaire,2025-02-27,2025-03-04,5,1267,8339.3,XPO Logistics,2260.17,Livré,Aucun
LIV02282,Entrepôt → Magasin,E08,Nantes-Atlantique,E03,Marseille-Port,P006,T-shirt homme,Textile,2025-12-01,2025-12-05,4,653,5531.9,DHL Supply Chain,1722.64,Livré,Retard transporteur
LIV02283,Fournisseur → Entrepôt,E05,Toulouse-Ouest,E08,Nantes-Atlantique,P004,Shampoing,Droguerie,2025-12-19,2025-12-24,5,56,566.6,FM Logistic,271.78,En transit,Aucun
LIV02284,Fournisseur → Entrepôt,E06,Nice-Est,E07,Bordeaux-Centre,P008,Smartphone,Électronique,2025-04-11,2025-04-16,5,144,767.8,XPO Logistics,282.8,Retardé,Erreur quantité
LIV02285,Entrepôt → Magasin,E06,Nice-Est,E04,Lille-Nord,P002,Riz 1kg,Alimentaire,2025-04-07,2025-04-08,1,266,3947.1,DHL Supply Chain,1080.35,En transit,Retard transporteur
LIV02286,Inter-entrepôts,E02,Lyon-Sud,E05,Toulouse-Ouest,P010,Casque audio,Électronique,2025-05-26,2025-05-31,5,1032,3436.9,DHL Supply Chain,1028.95,Livré,Aucun
LIV02287,Fournisseur → Entrepôt,E07,Bordeaux-Centre,E03,Marseille-Port,P008,Smartphone,Électronique,2025-02-25,2025-03-02,5,174,1776.8,Geodis,595.76,Livré,Aucun
LIV02288,Magasin → Magasin,E06,Nice-Est,E01,Paris-Rungis,P002,Riz 1kg,Alimentaire,2025-09-06,2025-09-09,3,868,12389.9,XPO Logistics,3285.63,Livré,Aucun
LIV02289,Entrepôt → Magasin,E01,Paris-Rungis,E06,Nice-Est,P002,Riz 1kg,Alimentaire,2025-07-16,2025-07-18,2,897,8377.4,DHL Supply Chain,1873.63,Livré,Aucun
LIV02290,Inter-entrepôts,E04,Lille-Nord,E02,Lyon-Sud,P003,Pâtes 500g,Alimentaire,2025-07-14,2025-07-16,2,1017,3286.9,FM Logistic,877.37,Livré,Aucun
LIV02291,Entrepôt → Magasin,E03,Marseille-Port,E01,Paris-Rungis,P001,Lait demi-écrémé,Alimentaire,2025-08-09,2025-08-13,4,1149,11971.6,DHL Supply Chain,2097.16,Livré,Aucun
LIV02292,Entrepôt → Magasin,E05,Toulouse-Ouest,E07,Bordeaux-Centre,P008,Smartphone,Électronique,2025-01-08,2025-01-09,1,332,3118.9,DB Schenker,997.14,Livré,Aucun
LIV02293,Fournisseur → Entrepôt,E05,Toulouse-Ouest,E01,Paris-Rungis,P007,Jeans,Textile,2025-05-22,2025-05-26,4,65,485.3,DHL Supply Chain,97.85,Livré,Aucun
LIV02294,Fournisseur → Entrepôt,E03,Marseille-Port,E06,Nice-Est,P006,T-shirt homme,Textile,2025-04-13,2025-04-14,1,74,305.4,DB Schenker,267.59,Livré,Aucun
LIV02295,Inter-entrepôts,E03,Marseille-Port,E02,Lyon-Sud,P003,Pâtes 500g,Alimentaire,2025-01-27,2025-01-28,1,798,11111.9,DB Schenker,1737.79,Retardé,Aucun
LIV02296,Entrepôt → Magasin,E05,Toulouse-Ouest,E03,Marseille-Port,P003,Pâtes 500g,Alimentaire,2025-11-23,2025-11-24,1,179,1389.3,DHL Supply Chain,498.84,Livré,Aucun
LIV02297,Magasin → Magasin,E03,Marseille-Port,E01,Paris-Rungis,P008,Smartphone,Électronique,2025-01-15,2025-01-18,3,1493,9864.4,FM Logistic,1955.9,En transit,Erreur quantité
LIV02298,Entrepôt → Magasin,E08,Nantes-Atlantique,E05,Toulouse-Ouest,P007,Jeans,Textile,2025-03-14,2025-03-15,1,175,2510.9,DB Schenker,515.7,Livré,Aucun
LIV02299,Inter-entrepôts,E07,Bordeaux-Centre,E08,Nantes-Atlantique,P006,T-shirt homme,Textile,2025-11-06,2025-11-11,5,1114,371.2,DB Schenker,295.57,Livré,Aucun
LIV02300,Entrepôt → Magasin,E04,Lille-Nord,E05,Toulouse-Ouest,P007,Jeans,Textile,2025-12-26,2025-12-28,2,352,4045.8,Geodis,652.36,En transit,Aucun
LIV02301,Entrepôt → Magasin,E03,Marseille-Port,E01,Paris-Rungis,P004,Shampoing,Droguerie,2025-01-11,2025-01-14,3,60,788.4,FM Logistic,479.65,Livré,Aucun
LIV02302,Inter-entrepôts,E05,Toulouse-Ouest,E06,Nice-Est,P009,TV 4K,Électronique,2025-02-06,2025-02-09,3,822,322.8,DB Schenker,308.7,Livré,Aucun
LIV02303,Entrepôt → Magasin,E08,Nantes-Atlantique,E05,Toulouse-Ouest,P005,Lessive,Droguerie,2025-04-17,2025-04-20,3,648,2910.3,DHL Supply Chain,520.42,En transit,Aucun
LIV02304,Entrepôt → Magasin,E07,Bordeaux-Centre,E02,Lyon-Sud,P002,Riz 1kg,Alimentaire,2025-04-24,2025-04-26,2,492,4369.1,FM Logistic,559.07,Livré,Aucun
LIV02305,Magasin → Magasin,E07,Bordeaux-Centre,E01,Paris-Rungis,P001,Lait demi-écrémé,Alimentaire,2025-04-10,2025-04-12,2,219,1327.9,XPO Logistics,524.55,Livré,Aucun
LIV02306,Magasin → Magasin,E08,Nantes-Atlantique,E06,Nice-Est,P001,Lait demi-écrémé,Alimentaire,2025-12-22,2025-12-25,3,1359,1919.9,Geodis,257.04,Livré,Aucun
LIV02307,Entrepôt → Magasin,E05,Toulouse-Ouest,E03,Marseille-Port,P009,TV 4K,Électronique,2025-02-14,2025-02-18,4,1372,18452.7,Geodis,4986.99,Livré,Casse
LIV02308,Fournisseur → Entrepôt,E03,Marseille-Port,E08,Nantes-Atlantique,P001,Lait demi-écrémé,Alimentaire,2025-02-14,2025-02-19,5,758,6753.8,FM Logistic,1730.92,Livré,Aucun
LIV02309,Magasin → Magasin,E07,Bordeaux-Centre,E03,Marseille-Port,P007,Jeans,Textile,2025-09-09,2025-09-11,2,390,1691.4,XPO Logistics,298.19,Livré,Aucun
LIV02310,Fournisseur → Entrepôt,E02,Lyon-Sud,E01,Paris-Rungis,P002,Riz 1kg,Alimentaire,2025-12-13,2025-12-18,5,734,8906.8,DB Schenker,1940.13,Livré,Aucun
LIV02311,Inter-entrepôts,E05,Toulouse-Ouest,E03,Marseille-Port,P005,Lessive,Droguerie,2025-01-15,2025-01-19,4,894,12441.9,XPO Logistics,3700.75,Livré,Aucun
LIV02312,Inter-entrepôts,E01,Paris-Rungis,E06,Nice-Est,P008,Smartphone,Électronique,2025-07-17,2025-07-20,3,1116,6678.0,DB Schenker,1492.21,Livré,Aucun
LIV02313,Entrepôt → Magasin,E05,Toulouse-Ouest,E02,Lyon-Sud,P003,Pâtes 500g,Alimentaire,2025-02-08,2025-02-09,1,1460,10796.6,FM Logistic,1438.16,Livré,Aucun
LIV02314,Inter-entrepôts,E01,Paris-Rungis,E06,Nice-Est,P001,Lait demi-écrémé,Alimentaire,2025-10-10,2025-10-14,4,243,2958.5,XPO Logistics,660.48,Livré,Casse
LIV02315,Fournisseur → Entrepôt,E04,Lille-Nord,E06,Nice-Est,P005,Lessive,Droguerie,2025-08-15,2025-08-17,2,316,4659.5,DHL Supply Chain,478.38,En transit,Erreur quantité
LIV02316,Entrepôt → Magasin,E04,Lille-Nord,E05,Toulouse-Ouest,P006,T-shirt homme,Textile,2025-10-19,2025-10-22,3,1198,3649.0,FM Logistic,791.79,Livré,Retard transporteur
LIV02317,Inter-entrepôts,E01,Paris-Rungis,E07,Bordeaux-Centre,P005,Lessive,Droguerie,2025-12-29,2026-01-02,4,1189,17015.7,Geodis,3707.41,En transit,Aucun
LIV02318,Magasin → Magasin,E03,Marseille-Port,E01,Paris-Rungis,P004,Shampoing,Droguerie,2025-09-03,2025-09-04,1,380,4037.0,DHL Supply Chain,1078.25,Livré,Casse
LIV02319,Inter-entrepôts,E08,Nantes-Atlantique,E01,Paris-Rungis,P003,Pâtes 500g,Alimentaire,2025-03-16,2025-03-19,3,172,147.3,FM Logistic,103.97,Livré,Aucun
LIV02320,Inter-entrepôts,E03,Marseille-Port,E01,Paris-Rungis,P010,Casque audio,Électronique,2025-02-14,2025-02-17,3,1462,5303.6,DB Schenker,621.37,Livré,Retard transporteur
LIV02321,Entrepôt → Magasin,E06,Nice-Est,E08,Nantes-Atlantique,P004,Shampoing,Droguerie,2025-02-16,2025-02-17,1,1457,19310.5,XPO Logistics,3941.04,Livré,Aucun
LIV02322,Magasin → Magasin,E03,Marseille-Port,E06,Nice-Est,P009,TV 4K,Électronique,2025-09-23,2025-09-27,4,377,3045.5,Geodis,928.41,Retardé,Erreur quantité
LIV02323,Fournisseur → Entrepôt,E03,Marseille-Port,E08,Nantes-Atlantique,P004,Shampoing,Droguerie,2025-09-17,2025-09-21,4,1383,8529.0,DHL Supply Chain,2573.5,Livré,Aucun
LIV02324,Magasin → Magasin,E07,Bordeaux-Centre,E03,Marseille-Port,P003,Pâtes 500g,Alimentaire,2025-08-24,2025-08-28,4,80,737.0,FM Logistic,367.8,Livré,Aucun
LIV02325,Entrepôt → Magasin,E04,Lille-Nord,E06,Nice-Est,P006,T-shirt homme,Textile,2025-06-07,2025-06-08,1,472,991.8,DB Schenker,433.66,Livré,Aucun
LIV02326,Entrepôt → Magasin,E06,Nice-Est,E03,Marseille-Port,P005,Lessive,Droguerie,2025-03-29,2025-03-31,2,430,1773.7,DB Schenker,250.32,Livré,Aucun
LIV02327,Fournisseur → Entrepôt,E02,Lyon-Sud,E01,Paris-Rungis,P009,TV 4K,Électronique,2025-09-26,2025-10-01,5,321,3085.1,DHL Supply Chain,308.03,Livré,Aucun
LIV02328,Fournisseur → Entrepôt,E06,Nice-Est,E02,Lyon-Sud,P002,Riz 1kg,Alimentaire,2025-06-23,2025-06-28,5,1302,15434.4,Geodis,4316.42,Livré,Retard transporteur
LIV02329,Magasin → Magasin,E03,Marseille-Port,E08,Nantes-Atlantique,P006,T-shirt homme,Textile,2025-05-09,2025-05-13,4,1025,14972.6,DHL Supply Chain,2272.59,En transit,Aucun
LIV02330,Magasin → Magasin,E04,Lille-Nord,E03,Marseille-Port,P004,Shampoing,Droguerie,2025-03-08,2025-03-11,3,975,7803.4,Geodis,2195.04,Livré,Casse
LIV02331,Magasin → Magasin,E03,Marseille-Port,E01,Paris-Rungis,P010,Casque audio,Électronique,2025-09-24,2025-09-29,5,993,4026.7,DHL Supply Chain,1361.61,En transit,Aucun
LIV02332,Entrepôt → Magasin,E06,Nice-Est,E07,Bordeaux-Centre,P002,Riz 1kg,Alimentaire,2025-07-18,2025-07-21,3,1271,2527.6,DB Schenker,688.1,Livré,Casse
LIV02333,Entrepôt → Magasin,E07,Bordeaux-Centre,E03,Marseille-Port,P010,Casque audio,Électronique,2025-04-03,2025-04-05,2,61,359.4,Geodis,170.09,En transit,Aucun
LIV02334,Magasin → Magasin,E05,Toulouse-Ouest,E08,Nantes-Atlantique,P009,TV 4K,Électronique,2025-05-31,2025-06-02,2,665,1777.4,XPO Logistics,731.1,Retardé,Aucun
LIV02335,Entrepôt → Magasin,E07,Bordeaux-Centre,E06,Nice-Est,P005,Lessive,Droguerie,2025-09-07,2025-09-09,2,1418,12515.9,FM Logistic,3206.15,Livré,Aucun
LIV02336,Inter-entrepôts,E03,Marseille-Port,E07,Bordeaux-Centre,P005,Lessive,Droguerie,2025-04-17,2025-04-20,3,1375,12589.9,Geodis,3713.08,Livré,Casse
LIV02337,Inter-entrepôts,E04,Lille-Nord,E02,Lyon-Sud,P002,Riz 1kg,Alimentaire,2025-07-29,2025-08-03,5,773,10541.8,DB Schenker,1155.8,Livré,Aucun
LIV02338,Fournisseur → Entrepôt,E02,Lyon-Sud,E05,Toulouse-Ouest,P010,Casque audio,Électronique,2025-09-12,2025-09-17,5,1067,12743.3,XPO Logistics,2904.25,En transit,Aucun
LIV02339,Entrepôt → Magasin,E05,Toulouse-Ouest,E02,Lyon-Sud,P010,Casque audio,Électronique,2025-09-12,2025-09-13,1,1038,8136.2,FM Logistic,1873.43,En transit,Aucun
LIV02340,Magasin → Magasin,E06,Nice-Est,E04,Lille-Nord,P005,Lessive,Droguerie,2025-07-01,2025-07-04,3,456,5430.5,DB Schenker,1528.12,Livré,Retard transporteur
LIV02341,Magasin → Magasin,E07,Bordeaux-Centre,E05,Toulouse-Ouest,P007,Jeans,Textile,2025-06-03,2025-06-06,3,1430,6028.4,FM Logistic,1622.42,Livré,Erreur quantité
LIV02342,Fournisseur → Entrepôt,E03,Marseille-Port,E04,Lille-Nord,P004,Shampoing,Droguerie,2025-03-24,2025-03-29,5,396,2429.2,Geodis,529.57,Retardé,Aucun
LIV02343,Magasin → Magasin,E03,Marseille-Port,E01,Paris-Rungis,P004,Shampoing,Droguerie,2025-10-18,2025-10-23,5,1498,4613.4,DHL Supply Chain,341.48,Livré,Retard transporteur
LIV02344,Fournisseur → Entrepôt,E08,Nantes-Atlantique,E07,Bordeaux-Centre,P003,Pâtes 500g,Alimentaire,2025-12-07,2025-12-09,2,1109,7323.5,Geodis,824.95,Livré,Retard transporteur
LIV02345,Entrepôt → Magasin,E04,Lille-Nord,E08,Nantes-Atlantique,P007,Jeans,Textile,2025-12-13,2025-12-16,3,131,1368.5,Geodis,557.62,Livré,Erreur quantité
LIV02346,Fournisseur → Entrepôt,E01,Paris-Rungis,E04,Lille-Nord,P008,Smartphone,Électronique,2025-09-07,2025-09-09,2,735,607.5,DB Schenker,331.16,Livré,Aucun
LIV02347,Entrepôt → Magasin,E07,Bordeaux-Centre,E02,Lyon-Sud,P003,Pâtes 500g,Alimentaire,2025-03-26,2025-03-31,5,650,3583.5,DHL Supply Chain,1225.02,En transit,Aucun
LIV02348,Entrepôt → Magasin,E03,Marseille-Port,E02,Lyon-Sud,P006,T-shirt homme,Textile,2025-03-17,2025-03-18,1,1029,9847.9,XPO Logistics,2411.37,Livré,Retard transporteur
LIV02349,Entrepôt → Magasin,E04,Lille-Nord,E01,Paris-Rungis,P006,T-shirt homme,Textile,2025-02-07,2025-02-08,1,327,2277.4,DHL Supply Chain,599.33,Livré,Aucun
LIV02350,Magasin → Magasin,E01,Paris-Rungis,E07,Bordeaux-Centre,P006,T-shirt homme,Textile,2025-07-13,2025-07-15,2,508,7447.8,DHL Supply Chain,973.99,Livré,Aucun
LIV02351,Magasin → Magasin,E06,Nice-Est,E07,Bordeaux-Centre,P005,Lessive,Droguerie,2025-04-12,2025-04-15,3,1327,7918.0,DB Schenker,2215.75,Livré,Aucun
LIV02352,Magasin → Magasin,E04,Lille-Nord,E08,Nantes-Atlantique,P008,Smartphone,Électronique,2025-04-17,2025-04-19,2,459,6460.8,DHL Supply Chain,622.74,Livré,Aucun
LIV02353,Inter-entrepôts,E04,Lille-Nord,E03,Marseille-Port,P003,Pâtes 500g,Alimentaire,2025-07-07,2025-07-09,2,1331,16662.1,Geodis,5199.94,Livré,Retard transporteur
LIV02354,Fournisseur → Entrepôt,E01,Paris-Rungis,E08,Nantes-Atlantique,P001,Lait demi-écrémé,Alimentaire,2025-02-25,2025-02-26,1,288,2574.4,DHL Supply Chain,387.12,Livré,Aucun
LIV02355,Fournisseur → Entrepôt,E02,Lyon-Sud,E04,Lille-Nord,P007,Jeans,Textile,2025-06-28,2025-07-02,4,865,8541.5,XPO Logistics,1562.64,Livré,Aucun
LIV02356,Magasin → Magasin,E04,Lille-Nord,E08,Nantes-Atlantique,P008,Smartphone,Électronique,2025-12-27,2025-12-30,3,176,713.1,DHL Supply Chain,212.13,Livré,Aucun
LIV02357,Inter-entrepôts,E03,Marseille-Port,E02,Lyon-Sud,P009,TV 4K,Électronique,2025-12-30,2026-01-02,3,948,10916.6,FM Logistic,1708.78,Livré,Aucun
LIV02358,Entrepôt → Magasin,E02,Lyon-Sud,E07,Bordeaux-Centre,P003,Pâtes 500g,Alimentaire,2025-07-14,2025-07-15,1,1252,4543.0,DB Schenker,999.56,Livré,Aucun
LIV02359,Fournisseur → Entrepôt,E01,Paris-Rungis,E02,Lyon-Sud,P005,Lessive,Droguerie,2025-09-18,2025-09-23,5,832,4348.7,DB Schenker,338.41,Livré,Aucun
LIV02360,Fournisseur → Entrepôt,E07,Bordeaux-Centre,E06,Nice-Est,P010,Casque audio,Électronique,2025-08-28,2025-09-01,4,748,4277.0,Geodis,1431.94,Livré,Aucun
LIV02361,Entrepôt → Magasin,E06,Nice-Est,E02,Lyon-Sud,P003,Pâtes 500g,Alimentaire,2025-11-10,2025-11-11,1,611,411.0,DB Schenker,86.15,Livré,Aucun
LIV02362,Inter-entrepôts,E01,Paris-Rungis,E02,Lyon-Sud,P003,Pâtes 500g,Alimentaire,2025-02-25,2025-03-01,4,289,3387.7,FM Logistic,330.2,Livré,Aucun
LIV02363,Inter-entrepôts,E05,Toulouse-Ouest,E08,Nantes-Atlantique,P002,Riz 1kg,Alimentaire,2025-12-11,2025-12-16,5,1131,11213.7,XPO Logistics,2091.16,Livré,Aucun
LIV02364,Magasin → Magasin,E03,Marseille-Port,E02,Lyon-Sud,P001,Lait demi-écrémé,Alimentaire,2025-12-26,2025-12-30,4,472,2329.8,DHL Supply Chain,277.46,Livré,Aucun
LIV02365,Fournisseur → Entrepôt,E08,Nantes-Atlantique,E05,Toulouse-Ouest,P010,Casque audio,Électronique,2025-07-04,2025-07-06,2,1408,7945.9,DB Schenker,2374.79,Livré,Aucun
LIV02366,Fournisseur → Entrepôt,E06,Nice-Est,E01,Paris-Rungis,P006,T-shirt homme,Textile,2025-05-19,2025-05-20,1,607,2396.3,DB Schenker,798.93,Livré,Aucun
LIV02367,Inter-entrepôts,E01,Paris-Rungis,E06,Nice-Est,P009,TV 4K,Électronique,2025-05-31,2025-06-05,5,838,9251.6,DB Schenker,1564.09,Livré,Casse
LIV02368,Inter-entrepôts,E06,Nice-Est,E07,Bordeaux-Centre,P001,Lait demi-écrémé,Alimentaire,2025-10-18,2025-10-22,4,1195,3733.1,Geodis,1048.72,Livré,Aucun
LIV02369,Fournisseur → Entrepôt,E06,Nice-Est,E01,Paris-Rungis,P009,TV 4K,Électronique,2025-10-07,2025-10-08,1,886,2897.7,DB Schenker,513.09,Livré,Aucun
LIV02370,Inter-entrepôts,E07,Bordeaux-Centre,E03,Marseille-Port,P004,Shampoing,Droguerie,2025-09-05,2025-09-06,1,530,3852.8,DHL Supply Chain,1163.07,Livré,Aucun
LIV02371,Inter-entrepôts,E06,Nice-Est,E01,Paris-Rungis,P006,T-shirt homme,Textile,2025-02-20,2025-02-25,5,495,2160.1,DHL Supply Chain,743.07,Livré,Aucun
LIV02372,Entrepôt → Magasin,E02,Lyon-Sud,E04,Lille-Nord,P003,Pâtes 500g,Alimentaire,2025-10-29,2025-11-01,3,52,199.3,Geodis,213.95,Livré,Aucun
LIV02373,Inter-entrepôts,E02,Lyon-Sud,E01,Paris-Rungis,P001,Lait demi-écrémé,Alimentaire,2025-05-18,2025-05-21,3,620,7042.9,DB Schenker,1473.95,En transit,Aucun
LIV02374,Magasin → Magasin,E01,Paris-Rungis,E05,Toulouse-Ouest,P006,T-shirt homme,Textile,2025-04-07,2025-04-10,3,1309,11545.7,XPO Logistics,792.48,En transit,Casse
LIV02375,Fournisseur → Entrepôt,E02,Lyon-Sud,E05,Toulouse-Ouest,P007,Jeans,Textile,2025-01-28,2025-01-31,3,671,5063.9,DB Schenker,1735.21,Livré,Aucun
LIV02376,Fournisseur → Entrepôt,E04,Lille-Nord,E05,Toulouse-Ouest,P003,Pâtes 500g,Alimentaire,2025-04-24,2025-04-26,2,175,1597.4,Geodis,576.25,Livré,Aucun
LIV02377,Entrepôt → Magasin,E02,Lyon-Sud,E01,Paris-Rungis,P001,Lait demi-écrémé,Alimentaire,2025-04-22,2025-04-27,5,1011,7307.4,Geodis,2353.57,Retardé,Aucun
LIV02378,Magasin → Magasin,E08,Nantes-Atlantique,E07,Bordeaux-Centre,P009,TV 4K,Électronique,2025-11-04,2025-11-09,5,202,2610.9,DHL Supply Chain,769.78,Retardé,Casse
LIV02379,Magasin → Magasin,E07,Bordeaux-Centre,E05,Toulouse-Ouest,P009,TV 4K,Électronique,2025-06-02,2025-06-04,2,411,5791.2,FM Logistic,975.36,Livré,Aucun
LIV02380,Entrepôt → Magasin,E03,Marseille-Port,E05,Toulouse-Ouest,P003,Pâtes 500g,Alimentaire,2025-05-31,2025-06-05,5,101,190.8,XPO Logistics,116.69,Livré,Erreur quantité
LIV02381,Fournisseur → Entrepôt,E07,Bordeaux-Centre,E05,Toulouse-Ouest,P009,TV 4K,Électronique,2025-11-04,2025-11-09,5,553,4055.3,XPO Logistics,720.3,Livré,Aucun
LIV02382,Magasin → Magasin,E03,Marseille-Port,E04,Lille-Nord,P009,TV 4K,Électronique,2025-01-07,2025-01-08,1,698,8116.4,Geodis,1899.69,Livré,Aucun
LIV02383,Entrepôt → Magasin,E04,Lille-Nord,E02,Lyon-Sud,P004,Shampoing,Droguerie,2025-01-19,2025-01-21,2,32,62.1,DHL Supply Chain,98.21,Livré,Erreur quantité
LIV02384,Entrepôt → Magasin,E02,Lyon-Sud,E05,Toulouse-Ouest,P004,Shampoing,Droguerie,2025-09-17,2025-09-20,3,672,7014.1,DHL Supply Chain,1050.39,Livré,Aucun
LIV02385,Magasin → Magasin,E02,Lyon-Sud,E04,Lille-Nord,P003,Pâtes 500g,Alimentaire,2025-07-17,2025-07-21,4,293,1362.2,DB Schenker,318.9,En transit,Aucun
LIV02386,Entrepôt → Magasin,E02,Lyon-Sud,E01,Paris-Rungis,P009,TV 4K,Électronique,2025-01-21,2025-01-22,1,1303,17385.9,DB Schenker,3817.7,Livré,Aucun
LIV02387,Magasin → Magasin,E05,Toulouse-Ouest,E08,Nantes-Atlantique,P009,TV 4K,Électronique,2025-10-31,2025-11-03,3,838,3527.1,DHL Supply Chain,677.18,Livré,Aucun
LIV02388,Entrepôt → Magasin,E01,Paris-Rungis,E04,Lille-Nord,P004,Shampoing,Droguerie,2025-08-15,2025-08-17,2,743,4701.9,XPO Logistics,961.11,Livré,Erreur quantité
LIV02389,Fournisseur → Entrepôt,E02,Lyon-Sud,E06,Nice-Est,P001,Lait demi-écrémé,Alimentaire,2025-01-13,2025-01-14,1,60,166.6,DHL Supply Chain,294.13,Livré,Aucun
LIV02390,Magasin → Magasin,E01,Paris-Rungis,E05,Toulouse-Ouest,P007,Jeans,Textile,2025-03-10,2025-03-13,3,1381,12233.0,Geodis,3765.58,Livré,Aucun
LIV02391,Inter-entrepôts,E05,Toulouse-Ouest,E06,Nice-Est,P005,Lessive,Droguerie,2025-03-31,2025-04-01,1,1001,14615.0,XPO Logistics,1619.01,Livré,Casse
LIV02392,Entrepôt → Magasin,E05,Toulouse-Ouest,E01,Paris-Rungis,P005,Lessive,Droguerie,2025-08-31,2025-09-05,5,1492,12802.6,Geodis,3770.59,Livré,Aucun
LIV02393,Magasin → Magasin,E05,Toulouse-Ouest,E08,Nantes-Atlantique,P010,Casque audio,Électronique,2025-12-09,2025-12-14,5,1297,14671.0,XPO Logistics,3022.81,Livré,Aucun
LIV02394,Inter-entrepôts,E08,Nantes-Atlantique,E05,Toulouse-Ouest,P005,Lessive,Droguerie,2025-02-14,2025-02-17,3,727,7114.7,XPO Logistics,1810.73,Livré,Retard transporteur
LIV02395,Inter-entrepôts,E01,Paris-Rungis,E06,Nice-Est,P009,TV 4K,Électronique,2025-09-02,2025-09-03,1,464,5970.2,FM Logistic,1291.72,En transit,Casse
LIV02396,Fournisseur → Entrepôt,E03,Marseille-Port,E05,Toulouse-Ouest,P001,Lait demi-écrémé,Alimentaire,2025-05-30,2025-06-04,5,923,8783.9,XPO Logistics,1073.72,Livré,Retard transporteur
LIV02397,Fournisseur → Entrepôt,E07,Bordeaux-Centre,E03,Marseille-Port,P008,Smartphone,Électronique,2025-05-12,2025-05-17,5,897,11494.7,DB Schenker,2318.35,Livré,Aucun
LIV02398,Inter-entrepôts,E03,Marseille-Port,E07,Bordeaux-Centre,P002,Riz 1kg,Alimentaire,2025-11-17,2025-11-22,5,201,1097.8,XPO Logistics,401.1,Livré,Aucun
LIV02399,Magasin → Magasin,E07,Bordeaux-Centre,E04,Lille-Nord,P001,Lait demi-écrémé,Alimentaire,2025-09-18,2025-09-23,5,364,1351.6,DB Schenker,290.58,Livré,Aucun
LIV02400,Inter-entrepôts,E03,Marseille-Port,E04,Lille-Nord,P005,Lessive,Droguerie,2025-10-22,2025-10-25,3,750,5181.7,Geodis,697.28,Livré,Aucun
LIV02401,Inter-entrepôts,E03,Marseille-Port,E04,Lille-Nord,P008,Smartphone,Électronique,2025-01-28,2025-02-01,4,395,447.4,DB Schenker,103.12,Livré,Aucun
LIV02402,Magasin → Magasin,E05,Toulouse-Ouest,E07,Bordeaux-Centre,P006,T-shirt homme,Textile,2025-12-15,2025-12-18,3,776,10080.5,XPO Logistics,1097.26,En transit,Aucun
LIV02403,Entrepôt → Magasin,E02,Lyon-Sud,E05,Toulouse-Ouest,P006,T-shirt homme,Textile,2025-12-24,2025-12-27,3,1049,7339.5,FM Logistic,1226.48,Retardé,Aucun
LIV02404,Entrepôt → Magasin,E07,Bordeaux-Centre,E04,Lille-Nord,P006,T-shirt homme,Textile,2025-06-21,2025-06-22,1,908,2208.5,Geodis,530.99,Livré,Aucun
LIV02405,Entrepôt → Magasin,E08,Nantes-Atlantique,E07,Bordeaux-Centre,P002,Riz 1kg,Alimentaire,2025-06-05,2025-06-09,4,337,4460.2,DB Schenker,635.35,Livré,Erreur quantité
LIV02406,Fournisseur → Entrepôt,E04,Lille-Nord,E01,Paris-Rungis,P010,Casque audio,Électronique,2025-07-27,2025-07-30,3,176,1047.4,DB Schenker,529.6,Livré,Aucun
LIV02407,Fournisseur → Entrepôt,E01,Paris-Rungis,E02,Lyon-Sud,P009,TV 4K,Électronique,2025-06-16,2025-06-18,2,1070,11892.8,Geodis,3203.09,Livré,Aucun
LIV02408,Magasin → Magasin,E07,Bordeaux-Centre,E06,Nice-Est,P002,Riz 1kg,Alimentaire,2025-12-23,2025-12-28,5,1220,1034.9,DB Schenker,380.36,Livré,Aucun
LIV02409,Entrepôt → Magasin,E04,Lille-Nord,E01,Paris-Rungis,P002,Riz 1kg,Alimentaire,2025-10-12,2025-10-16,4,55,806.0,DHL Supply Chain,354.85,Livré,Aucun
LIV02410,Fournisseur → Entrepôt,E02,Lyon-Sud,E05,Toulouse-Ouest,P008,Smartphone,Électronique,2025-02-04,2025-02-08,4,666,4444.6,FM Logistic,470.64,En transit,Aucun
LIV02411,Fournisseur → Entrepôt,E02,Lyon-Sud,E07,Bordeaux-Centre,P007,Jeans,Textile,2025-10-09,2025-10-11,2,57,185.8,DB Schenker,317.99,Livré,Aucun
LIV02412,Magasin → Magasin,E05,Toulouse-Ouest,E08,Nantes-Atlantique,P001,Lait demi-écrémé,Alimentaire,2025-02-03,2025-02-06,3,600,8414.2,FM Logistic,738.05,Livré,Aucun
LIV02413,Fournisseur → Entrepôt,E02,Lyon-Sud,E01,Paris-Rungis,P009,TV 4K,Électronique,2025-10-11,2025-10-12,1,174,1025.5,XPO Logistics,514.01,Annulé,Aucun
LIV02414,Fournisseur → Entrepôt,E01,Paris-Rungis,E06,Nice-Est,P006,T-shirt homme,Textile,2025-03-01,2025-03-04,3,1269,17083.6,DHL Supply Chain,4709.06,Livré,Aucun
LIV02415,Fournisseur → Entrepôt,E05,Toulouse-Ouest,E01,Paris-Rungis,P003,Pâtes 500g,Alimentaire,2025-04-09,2025-04-10,1,421,4834.4,DHL Supply Chain,684.95,Livré,Aucun
LIV02416,Fournisseur → Entrepôt,E08,Nantes-Atlantique,E01,Paris-Rungis,P004,Shampoing,Droguerie,2025-11-22,2025-11-27,5,733,5219.3,XPO Logistics,475.86,Retardé,Aucun
LIV02417,Inter-entrepôts,E05,Toulouse-Ouest,E07,Bordeaux-Centre,P001,Lait demi-écrémé,Alimentaire,2025-03-31,2025-04-02,2,1073,12313.4,XPO Logistics,3288.69,Livré,Aucun
LIV02418,Entrepôt → Magasin,E05,Toulouse-Ouest,E07,Bordeaux-Centre,P008,Smartphone,Électronique,2025-07-20,2025-07-21,1,573,193.9,XPO Logistics,253.68,Livré,Casse
LIV02419,Inter-entrepôts,E03,Marseille-Port,E04,Lille-Nord,P010,Casque audio,Électronique,2025-12-31,2026-01-03,3,425,2890.0,DB Schenker,530.31,Livré,Aucun
LIV02420,Inter-entrepôts,E03,Marseille-Port,E07,Bordeaux-Centre,P008,Smartphone,Électronique,2025-03-08,2025-03-12,4,288,3462.0,FM Logistic,357.1,Livré,Aucun
LIV02421,Entrepôt → Magasin,E06,Nice-Est,E05,Toulouse-Ouest,P008,Smartphone,Électronique,2025-04-20,2025-04-21,1,502,3521.6,Geodis,930.71,Livré,Erreur quantité
LIV02422,Inter-entrepôts,E01,Paris-Rungis,E07,Bordeaux-Centre,P007,Jeans,Textile,2025-10-15,2025-10-17,2,1164,4804.1,FM Logistic,548.48,En transit,Aucun
LIV02423,Magasin → Magasin,E08,Nantes-Atlantique,E02,Lyon-Sud,P010,Casque audio,Électronique,2025-06-02,2025-06-04,2,923,10047.6,XPO Logistics,2701.14,Retardé,Aucun
LIV02424,Magasin → Magasin,E01,Paris-Rungis,E02,Lyon-Sud,P005,Lessive,Droguerie,2025-08-18,2025-08-20,2,13,35.7,XPO Logistics,292.6,Livré,Aucun
LIV02425,Magasin → Magasin,E08,Nantes-Atlantique,E01,Paris-Rungis,P009,TV 4K,Électronique,2025-08-14,2025-08-18,4,89,1154.0,DB Schenker,240.92,Livré,Aucun
LIV02426,Fournisseur → Entrepôt,E04,Lille-Nord,E01,Paris-Rungis,P001,Lait demi-écrémé,Alimentaire,2025-03-06,2025-03-11,5,1184,4134.3,DB Schenker,409.6,Livré,Aucun
LIV02427,Entrepôt → Magasin,E01,Paris-Rungis,E06,Nice-Est,P003,Pâtes 500g,Alimentaire,2025-06-24,2025-06-27,3,311,2365.0,Geodis,766.09,Livré,Retard transporteur
LIV02428,Entrepôt → Magasin,E04,Lille-Nord,E08,Nantes-Atlantique,P005,Lessive,Droguerie,2025-04-07,2025-04-08,1,945,1737.1,DB Schenker,689.84,Livré,Retard transporteur
LIV02429,Fournisseur → Entrepôt,E06,Nice-Est,E01,Paris-Rungis,P009,TV 4K,Électronique,2025-03-09,2025-03-13,4,1314,7311.8,FM Logistic,2175.46,Livré,Aucun
LIV02430,Entrepôt → Magasin,E08,Nantes-Atlantique,E03,Marseille-Port,P009,TV 4K,Électronique,2025-10-10,2025-10-13,3,862,8564.5,FM Logistic,1251.24,Livré,Aucun
LIV02431,Magasin → Magasin,E05,Toulouse-Ouest,E02,Lyon-Sud,P006,T-shirt homme,Textile,2025-01-05,2025-01-08,3,844,3710.5,DHL Supply Chain,896.78,Annulé,Aucun
LIV02432,Fournisseur → Entrepôt,E03,Marseille-Port,E05,Toulouse-Ouest,P006,T-shirt homme,Textile,2025-10-06,2025-10-11,5,621,8535.2,DB Schenker,2643.4,En transit,Casse
LIV02433,Fournisseur → Entrepôt,E01,Paris-Rungis,E02,Lyon-Sud,P002,Riz 1kg,Alimentaire,2025-08-10,2025-08-11,1,215,560.6,Geodis,343.24,Annulé,Retard transporteur
LIV02434,Entrepôt → Magasin,E07,Bordeaux-Centre,E01,Paris-Rungis,P008,Smartphone,Électronique,2025-07-23,2025-07-25,2,217,138.4,DHL Supply Chain,189.32,Livré,Aucun
LIV02435,Inter-entrepôts,E02,Lyon-Sud,E05,Toulouse-Ouest,P009,TV 4K,Électronique,2025-05-19,2025-05-23,4,379,4187.1,Geodis,518.07,Livré,Aucun
LIV02436,Inter-entrepôts,E05,Toulouse-Ouest,E03,Marseille-Port,P004,Shampoing,Droguerie,2025-04-04,2025-04-09,5,741,8359.6,FM Logistic,2544.68,Livré,Aucun
LIV02437,Magasin → Magasin,E05,Toulouse-Ouest,E02,Lyon-Sud,P010,Casque audio,Électronique,2025-07-21,2025-07-22,1,1459,20274.4,XPO Logistics,2009.28,Annulé,Aucun
LIV02438,Magasin → Magasin,E04,Lille-Nord,E01,Paris-Rungis,P009,TV 4K,Électronique,2025-10-12,2025-10-17,5,1015,857.8,DHL Supply Chain,366.17,Livré,Aucun
LIV02439,Fournisseur → Entrepôt,E05,Toulouse-Ouest,E07,Bordeaux-Centre,P006,T-shirt homme,Textile,2025-09-01,2025-09-02,1,1191,11293.0,Geodis,2667.68,Livré,Aucun
LIV02440,Fournisseur → Entrepôt,E03,Marseille-Port,E01,Paris-Rungis,P002,Riz 1kg,Alimentaire,2025-05-23,2025-05-24,1,959,9537.1,DB Schenker,2586.68,Retardé,Aucun
LIV02441,Inter-entrepôts,E01,Paris-Rungis,E05,Toulouse-Ouest,P001,Lait demi-écrémé,Alimentaire,2025-04-09,2025-04-14,5,464,5928.4,DB Schenker,894.74,En transit,Aucun
LIV02442,Inter-entrepôts,E05,Toulouse-Ouest,E04,Lille-Nord,P001,Lait demi-écrémé,Alimentaire,2025-08-02,2025-08-05,3,1372,13883.7,Geodis,1416.01,Livré,Aucun
LIV02443,Magasin → Magasin,E05,Toulouse-Ouest,E01,Paris-Rungis,P001,Lait demi-écrémé,Alimentaire,2025-05-24,2025-05-29,5,1455,12657.6,DB Schenker,3351.29,Livré,Aucun
LIV02444,Magasin → Magasin,E05,Toulouse-Ouest,E04,Lille-Nord,P007,Jeans,Textile,2025-04-22,2025-04-27,5,995,1461.3,DHL Supply Chain,516.12,Livré,Casse
LIV02445,Inter-entrepôts,E04,Lille-Nord,E03,Marseille-Port,P008,Smartphone,Électronique,2025-07-02,2025-07-07,5,1264,13616.8,DB Schenker,2989.51,Livré,Aucun
LIV02446,Magasin → Magasin,E05,Toulouse-Ouest,E04,Lille-Nord,P007,Jeans,Textile,2025-09-11,2025-09-15,4,822,11550.7,FM Logistic,3191.46,Livré,Aucun
LIV02447,Entrepôt → Magasin,E07,Bordeaux-Centre,E05,Toulouse-Ouest,P005,Lessive,Droguerie,2025-01-07,2025-01-09,2,350,1657.5,DB Schenker,219.29,Annulé,Aucun
LIV02448,Inter-entrepôts,E03,Marseille-Port,E08,Nantes-Atlantique,P005,Lessive,Droguerie,2025-05-27,2025-05-29,2,255,1224.2,FM Logistic,144.39,Livré,Aucun
LIV02449,Entrepôt → Magasin,E01,Paris-Rungis,E04,Lille-Nord,P009,TV 4K,Électronique,2025-02-21,2025-02-26,5,1158,3614.1,FM Logistic,752.05,Livré,Aucun
LIV02450,Entrepôt → Magasin,E04,Lille-Nord,E05,Toulouse-Ouest,P007,Jeans,Textile,2025-06-30,2025-07-02,2,1278,8974.2,DB Schenker,2194.37,Livré,Aucun
LIV02451,Entrepôt → Magasin,E01,Paris-Rungis,E06,Nice-Est,P001,Lait demi-écrémé,Alimentaire,2025-09-12,2025-09-15,3,83,1206.6,DB Schenker,303.15,Retardé,Aucun
LIV02452,Fournisseur → Entrepôt,E06,Nice-Est,E01,Paris-Rungis,P004,Shampoing,Droguerie,2025-08-09,2025-08-12,3,86,184.8,Geodis,314.02,Livré,Aucun
LIV02453,Fournisseur → Entrepôt,E06,Nice-Est,E01,Paris-Rungis,P004,Shampoing,Droguerie,2025-02-21,2025-02-23,2,1439,18123.7,DB Schenker,2814.37,Livré,Aucun
LIV02454,Inter-entrepôts,E05,Toulouse-Ouest,E01,Paris-Rungis,P010,Casque audio,Électronique,2025-12-22,2025-12-26,4,237,1580.9,Geodis,489.98,Livré,Retard transporteur
LIV02455,Entrepôt → Magasin,E02,Lyon-Sud,E07,Bordeaux-Centre,P008,Smartphone,Électronique,2025-01-01,2025-01-03,2,275,2297.5,DHL Supply Chain,587.83,Livré,Aucun
LIV02456,Entrepôt → Magasin,E05,Toulouse-Ouest,E03,Marseille-Port,P010,Casque audio,Électronique,2025-03-04,2025-03-08,4,1196,3102.5,FM Logistic,364.49,Livré,Retard transporteur
LIV02457,Entrepôt → Magasin,E02,Lyon-Sud,E01,Paris-Rungis,P005,Lessive,Droguerie,2025-07-29,2025-08-03,5,1031,14712.4,Geodis,2210.6,Livré,Aucun
LIV02458,Fournisseur → Entrepôt,E04,Lille-Nord,E06,Nice-Est,P005,Lessive,Droguerie,2025-06-29,2025-06-30,1,428,2409.3,XPO Logistics,697.87,Retardé,Aucun
LIV02459,Entrepôt → Magasin,E03,Marseille-Port,E01,Paris-Rungis,P004,Shampoing,Droguerie,2025-02-08,2025-02-10,2,645,2069.6,FM Logistic,615.32,Livré,Aucun
LIV02460,Entrepôt → Magasin,E04,Lille-Nord,E07,Bordeaux-Centre,P007,Jeans,Textile,2025-04-02,2025-04-03,1,695,2527.6,Geodis,565.79,Livré,Aucun
LIV02461,Fournisseur → Entrepôt,E07,Bordeaux-Centre,E06,Nice-Est,P002,Riz 1kg,Alimentaire,2025-12-23,2025-12-25,2,29,155.0,DHL Supply Chain,164.74,Livré,Aucun
LIV02462,Fournisseur → Entrepôt,E04,Lille-Nord,E06,Nice-Est,P004,Shampoing,Droguerie,2025-08-06,2025-08-07,1,67,492.4,XPO Logistics,368.46,En transit,Aucun
LIV02463,Inter-entrepôts,E04,Lille-Nord,E05,Toulouse-Ouest,P010,Casque audio,Électronique,2025-05-21,2025-05-22,1,917,4995.0,DB Schenker,1094.3,Livré,Aucun
LIV02464,Inter-entrepôts,E06,Nice-Est,E03,Marseille-Port,P005,Lessive,Droguerie,2025-09-19,2025-09-21,2,1046,6860.8,XPO Logistics,1899.85,En transit,Aucun
LIV02465,Inter-entrepôts,E06,Nice-Est,E08,Nantes-Atlantique,P009,TV 4K,Électronique,2025-09-07,2025-09-12,5,14,194.1,Geodis,262.93,Livré,Aucun
LIV02466,Magasin → Magasin,E03,Marseille-Port,E06,Nice-Est,P005,Lessive,Droguerie,2025-12-16,2025-12-21,5,652,3898.7,XPO Logistics,1116.54,Livré,Aucun
LIV02467,Magasin → Magasin,E03,Marseille-Port,E07,Bordeaux-Centre,P009,TV 4K,Électronique,2025-07-23,2025-07-25,2,428,3556.2,XPO Logistics,712.72,Livré,Aucun
LIV02468,Entrepôt → Magasin,E05,Toulouse-Ouest,E02,Lyon-Sud,P006,T-shirt homme,Textile,2025-11-08,2025-11-10,2,1275,4643.4,XPO Logistics,808.22,Annulé,Aucun
LIV02469,Entrepôt → Magasin,E06,Nice-Est,E04,Lille-Nord,P006,T-shirt homme,Textile,2025-11-16,2025-11-20,4,38,175.6,Geodis,230.92,Livré,Aucun
LIV02470,Magasin → Magasin,E05,Toulouse-Ouest,E06,Nice-Est,P002,Riz 1kg,Alimentaire,2025-04-16,2025-04-18,2,700,5350.5,DB Schenker,1662.17,En transit,Aucun
LIV02471,Fournisseur → Entrepôt,E03,Marseille-Port,E02,Lyon-Sud,P006,T-shirt homme,Textile,2025-01-23,2025-01-27,4,1128,8911.8,FM Logistic,1123.2,Livré,Aucun
LIV02472,Magasin → Magasin,E01,Paris-Rungis,E05,Toulouse-Ouest,P003,Pâtes 500g,Alimentaire,2025-08-05,2025-08-07,2,1121,11928.5,FM Logistic,1360.06,Livré,Aucun
LIV02473,Magasin → Magasin,E05,Toulouse-Ouest,E03,Marseille-Port,P005,Lessive,Droguerie,2025-07-04,2025-07-08,4,1477,15204.4,FM Logistic,4087.64,Livré,Aucun
LIV02474,Magasin → Magasin,E07,Bordeaux-Centre,E03,Marseille-Port,P010,Casque audio,Électronique,2025-04-04,2025-04-08,4,1233,15346.5,FM Logistic,4413.75,Livré,Aucun
LIV02475,Magasin → Magasin,E05,Toulouse-Ouest,E03,Marseille-Port,P005,Lessive,Droguerie,2025-09-24,2025-09-26,2,953,7227.0,Geodis,1615.65,Livré,Erreur quantité
LIV02476,Fournisseur → Entrepôt,E02,Lyon-Sud,E08,Nantes-Atlantique,P004,Shampoing,Droguerie,2025-07-24,2025-07-27,3,645,6633.7,DB Schenker,1306.96,Livré,Aucun
LIV02477,Fournisseur → Entrepôt,E01,Paris-Rungis,E07,Bordeaux-Centre,P002,Riz 1kg,Alimentaire,2025-05-11,2025-05-15,4,1437,471.9,Geodis,144.23,Livré,Aucun
LIV02478,Magasin → Magasin,E03,Marseille-Port,E04,Lille-Nord,P009,TV 4K,Électronique,2025-10-07,2025-10-09,2,1408,14136.3,Geodis,1735.71,Livré,Erreur quantité
LIV02479,Entrepôt → Magasin,E05,Toulouse-Ouest,E03,Marseille-Port,P006,T-shirt homme,Textile,2025-11-10,2025-11-11,1,369,5135.1,DHL Supply Chain,1571.81,Livré,Aucun
LIV02480,Fournisseur → Entrepôt,E05,Toulouse-Ouest,E08,Nantes-Atlantique,P008,Smartphone,Électronique,2025-07-11,2025-07-15,4,1496,16803.2,DHL Supply Chain,2565.96,Livré,Aucun
LIV02481,Entrepôt → Magasin,E05,Toulouse-Ouest,E04,Lille-Nord,P001,Lait demi-écrémé,Alimentaire,2025-12-30,2026-01-01,2,404,5248.7,FM Logistic,1478.48,Livré,Aucun
LIV02482,Inter-entrepôts,E02,Lyon-Sud,E07,Bordeaux-Centre,P003,Pâtes 500g,Alimentaire,2025-01-04,2025-01-06,2,763,5998.3,DHL Supply Chain,1763.72,Retardé,Aucun
LIV02483,Fournisseur → Entrepôt,E02,Lyon-Sud,E06,Nice-Est,P007,Jeans,Textile,2025-11-21,2025-11-23,2,1448,6053.0,XPO Logistics,587.22,Livré,Aucun
LIV02484,Inter-entrepôts,E06,Nice-Est,E05,Toulouse-Ouest,P002,Riz 1kg,Alimentaire,2025-10-18,2025-10-23,5,1060,12833.6,FM Logistic,3989.22,Livré,Retard transporteur
LIV02485,Inter-entrepôts,E08,Nantes-Atlantique,E04,Lille-Nord,P001,Lait demi-écrémé,Alimentaire,2025-04-04,2025-04-07,3,1301,11583.7,DB Schenker,2314.68,En transit,Casse
LIV02486,Inter-entrepôts,E03,Marseille-Port,E08,Nantes-Atlantique,P001,Lait demi-écrémé,Alimentaire,2025-06-14,2025-06-17,3,1038,11375.5,Geodis,1949.15,En transit,Aucun
LIV02487,Inter-entrepôts,E07,Bordeaux-Centre,E04,Lille-Nord,P004,Shampoing,Droguerie,2025-05-08,2025-05-11,3,1394,18147.5,XPO Logistics,2033.88,Livré,Aucun
LIV02488,Inter-entrepôts,E01,Paris-Rungis,E02,Lyon-Sud,P002,Riz 1kg,Alimentaire,2025-08-14,2025-08-15,1,1256,18379.8,DHL Supply Chain,4586.74,Livré,Retard transporteur
LIV02489,Inter-entrepôts,E03,Marseille-Port,E06,Nice-Est,P006,T-shirt homme,Textile,2025-11-29,2025-11-30,1,814,10459.0,DHL Supply Chain,1121.99,Livré,Aucun
LIV02490,Fournisseur → Entrepôt,E07,Bordeaux-Centre,E02,Lyon-Sud,P008,Smartphone,Électronique,2025-05-25,2025-05-29,4,114,431.0,DHL Supply Chain,176.76,Livré,Retard transporteur
LIV02491,Entrepôt → Magasin,E03,Marseille-Port,E05,Toulouse-Ouest,P009,TV 4K,Électronique,2025-08-21,2025-08-22,1,1404,9840.3,Geodis,2906.53,Retardé,Aucun
LIV02492,Magasin → Magasin,E06,Nice-Est,E05,Toulouse-Ouest,P006,T-shirt homme,Textile,2025-04-04,2025-04-06,2,1048,8236.5,DHL Supply Chain,1611.17,Livré,Aucun
LIV02493,Entrepôt → Magasin,E01,Paris-Rungis,E03,Marseille-Port,P005,Lessive,Droguerie,2025-02-16,2025-02-17,1,775,10094.2,XPO Logistics,3071.91,En transit,Aucun
LIV02494,Fournisseur → Entrepôt,E02,Lyon-Sud,E05,Toulouse-Ouest,P002,Riz 1kg,Alimentaire,2025-10-29,2025-11-03,5,561,5706.2,Geodis,1434.48,Livré,Retard transporteur
LIV02495,Magasin → Magasin,E01,Paris-Rungis,E05,Toulouse-Ouest,P005,Lessive,Droguerie,2025-12-05,2025-12-08,3,113,1365.8,DB Schenker,519.63,Livré,Aucun
LIV02496,Inter-entrepôts,E05,Toulouse-Ouest,E04,Lille-Nord,P002,Riz 1kg,Alimentaire,2025-02-19,2025-02-22,3,682,6480.0,DHL Supply Chain,889.42,Livré,Aucun
LIV02497,Inter-entrepôts,E01,Paris-Rungis,E02,Lyon-Sud,P006,T-shirt homme,Textile,2025-10-10,2025-10-11,1,244,894.9,DB Schenker,229.96,Livré,Aucun
LIV02498,Inter-entrepôts,E02,Lyon-Sud,E01,Paris-Rungis,P007,Jeans,Textile,2025-11-23,2025-11-28,5,672,6479.7,XPO Logistics,1764.12,En transit,Aucun
LIV02499,Fournisseur → Entrepôt,E06,Nice-Est,E08,Nantes-Atlantique,P001,Lait demi-écrémé,Alimentaire,2025-10-09,2025-10-14,5,875,637.5,XPO Logistics,329.05,Livré,Aucun
LIV02500,Magasin → Magasin,E07,Bordeaux-Centre,E04,Lille-Nord,P008,Smartphone,Électronique,2025-01-07,2025-01-12,5,136,808.6,DHL Supply Chain,105.69,Livré,Retard transporteur
LIV02501,Fournisseur → Entrepôt,E01,Paris-Rungis,E04,Lille-Nord,P002,Riz 1kg,Alimentaire,2025-02-15,2025-02-20,5,479,1397.0,DB Schenker,380.31,Livré,Aucun
LIV02502,Fournisseur → Entrepôt,E01,Paris-Rungis,E05,Toulouse-Ouest,P010,Casque audio,Électronique,2025-01-11,2025-01-14,3,423,5799.3,Geodis,2001.12,En transit,Aucun
LIV02503,Magasin → Magasin,E04,Lille-Nord,E07,Bordeaux-Centre,P003,Pâtes 500g,Alimentaire,2025-05-29,2025-06-02,4,233,1271.8,Geodis,365.55,Livré,Aucun
LIV02504,Inter-entrepôts,E05,Toulouse-Ouest,E01,Paris-Rungis,P005,Lessive,Droguerie,2025-10-10,2025-10-11,1,293,1874.5,XPO Logistics,434.39,En transit,Aucun
LIV02505,Fournisseur → Entrepôt,E03,Marseille-Port,E05,Toulouse-Ouest,P004,Shampoing,Droguerie,2025-10-02,2025-10-04,2,1497,14753.3,DHL Supply Chain,3258.06,Livré,Aucun
LIV02506,Fournisseur → Entrepôt,E06,Nice-Est,E08,Nantes-Atlantique,P007,Jeans,Textile,2025-09-19,2025-09-22,3,909,962.7,FM Logistic,298.06,Livré,Aucun
LIV02507,Magasin → Magasin,E06,Nice-Est,E05,Toulouse-Ouest,P002,Riz 1kg,Alimentaire,2025-04-03,2025-04-05,2,1227,13848.9,FM Logistic,3961.19,Retardé,Aucun
LIV02508,Fournisseur → Entrepôt,E04,Lille-Nord,E01,Paris-Rungis,P008,Smartphone,Électronique,2025-11-30,2025-12-05,5,642,3296.4,Geodis,1047.1,Livré,Aucun
LIV02509,Inter-entrepôts,E04,Lille-Nord,E01,Paris-Rungis,P008,Smartphone,Électronique,2025-08-31,2025-09-01,1,644,6399.9,XPO Logistics,1918.83,Livré,Erreur quantité
LIV02510,Magasin → Magasin,E01,Paris-Rungis,E08,Nantes-Atlantique,P002,Riz 1kg,Alimentaire,2025-02-09,2025-02-14,5,521,3561.2,FM Logistic,1221.46,Livré,Aucun
LIV02511,Entrepôt → Magasin,E04,Lille-Nord,E05,Toulouse-Ouest,P009,TV 4K,Électronique,2025-01-29,2025-01-30,1,236,223.3,DB Schenker,213.95,Livré,Aucun
LIV02512,Fournisseur → Entrepôt,E06,Nice-Est,E08,Nantes-Atlantique,P004,Shampoing,Droguerie,2025-12-11,2025-12-13,2,724,4537.5,DB Schenker,672.05,Retardé,Aucun
LIV02513,Entrepôt → Magasin,E02,Lyon-Sud,E01,Paris-Rungis,P010,Casque audio,Électronique,2025-05-20,2025-05-23,3,1497,15551.0,XPO Logistics,3984.59,En transit,Aucun
LIV02514,Entrepôt → Magasin,E07,Bordeaux-Centre,E03,Marseille-Port,P006,T-shirt homme,Textile,2025-02-15,2025-02-18,3,898,2548.1,FM Logistic,739.42,Livré,Aucun
LIV02515,Magasin → Magasin,E07,Bordeaux-Centre,E03,Marseille-Port,P002,Riz 1kg,Alimentaire,2025-06-07,2025-06-09,2,947,12765.0,DHL Supply Chain,1261.29,Livré,Casse
LIV02516,Inter-entrepôts,E02,Lyon-Sud,E08,Nantes-Atlantique,P005,Lessive,Droguerie,2025-10-16,2025-10-18,2,737,3334.1,XPO Logistics,862.82,Livré,Aucun
LIV02517,Magasin → Magasin,E07,Bordeaux-Centre,E08,Nantes-Atlantique,P002,Riz 1kg,Alimentaire,2025-10-30,2025-11-04,5,1489,1339.2,XPO Logistics,384.7,Livré,Aucun
LIV02518,Fournisseur → Entrepôt,E04,Lille-Nord,E08,Nantes-Atlantique,P008,Smartphone,Électronique,2025-12-04,2025-12-07,3,1198,4221.1,Geodis,745.45,Livré,Erreur quantité
LIV02519,Fournisseur → Entrepôt,E05,Toulouse-Ouest,E01,Paris-Rungis,P001,Lait demi-écrémé,Alimentaire,2025-09-11,2025-09-14,3,893,11701.2,FM Logistic,2075.5,Livré,Aucun
LIV02520,Entrepôt → Magasin,E02,Lyon-Sud,E06,Nice-Est,P009,TV 4K,Électronique,2025-03-15,2025-03-16,1,106,716.2,FM Logistic,429.77,Livré,Aucun
LIV02521,Fournisseur → Entrepôt,E06,Nice-Est,E05,Toulouse-Ouest,P008,Smartphone,Électronique,2025-01-24,2025-01-27,3,305,1743.9,DHL Supply Chain,666.25,Livré,Aucun
LIV02522,Magasin → Magasin,E04,Lille-Nord,E02,Lyon-Sud,P006,T-shirt homme,Textile,2025-05-19,2025-05-24,5,813,4810.3,DHL Supply Chain,1603.61,En transit,Aucun
LIV02523,Inter-entrepôts,E08,Nantes-Atlantique,E07,Bordeaux-Centre,P003,Pâtes 500g,Alimentaire,2025-04-18,2025-04-23,5,68,381.0,DHL Supply Chain,119.14,Livré,Retard transporteur
LIV02524,Inter-entrepôts,E07,Bordeaux-Centre,E06,Nice-Est,P007,Jeans,Textile,2025-09-25,2025-09-27,2,988,3620.2,XPO Logistics,525.01,Livré,Retard transporteur
LIV02525,Magasin → Magasin,E06,Nice-Est,E07,Bordeaux-Centre,P005,Lessive,Droguerie,2025-05-29,2025-06-02,4,16,153.1,FM Logistic,320.56,Livré,Aucun
LIV02526,Fournisseur → Entrepôt,E04,Lille-Nord,E02,Lyon-Sud,P002,Riz 1kg,Alimentaire,2025-11-16,2025-11-17,1,1384,17256.3,XPO Logistics,4155.05,Livré,Aucun
LIV02527,Entrepôt → Magasin,E08,Nantes-Atlantique,E05,Toulouse-Ouest,P006,T-shirt homme,Textile,2025-04-18,2025-04-21,3,1425,11571.4,DB Schenker,1693.35,Livré,Aucun
LIV02528,Magasin → Magasin,E03,Marseille-Port,E04,Lille-Nord,P001,Lait demi-écrémé,Alimentaire,2025-06-08,2025-06-11,3,207,1293.6,DHL Supply Chain,290.64,Livré,Aucun
LIV02529,Fournisseur → Entrepôt,E02,Lyon-Sud,E05,Toulouse-Ouest,P001,Lait demi-écrémé,Alimentaire,2025-01-28,2025-01-29,1,462,1625.5,XPO Logistics,433.8,En transit,Aucun
LIV02530,Entrepôt → Magasin,E03,Marseille-Port,E07,Bordeaux-Centre,P001,Lait demi-écrémé,Alimentaire,2025-08-06,2025-08-10,4,53,308.0,DB Schenker,242.47,Livré,Aucun
LIV02531,Magasin → Magasin,E01,Paris-Rungis,E08,Nantes-Atlantique,P003,Pâtes 500g,Alimentaire,2025-10-14,2025-10-19,5,208,1980.5,XPO Logistics,394.89,Livré,Aucun
LIV02532,Fournisseur → Entrepôt,E03,Marseille-Port,E01,Paris-Rungis,P008,Smartphone,Électronique,2025-06-18,2025-06-20,2,46,664.0,DHL Supply Chain,349.53,En transit,Aucun
LIV02533,Magasin → Magasin,E07,Bordeaux-Centre,E04,Lille-Nord,P004,Shampoing,Droguerie,2025-05-23,2025-05-28,5,655,8764.9,DB Schenker,1872.35,Livré,Aucun
LIV02534,Entrepôt → Magasin,E01,Paris-Rungis,E06,Nice-Est,P006,T-shirt homme,Textile,2025-10-12,2025-10-15,3,565,4947.8,DHL Supply Chain,1350.42,Livré,Aucun
LIV02535,Inter-entrepôts,E02,Lyon-Sud,E03,Marseille-Port,P008,Smartphone,Électronique,2025-02-03,2025-02-08,5,665,1585.3,FM Logistic,196.67,Livré,Aucun
LIV02536,Magasin → Magasin,E04,Lille-Nord,E08,Nantes-Atlantique,P008,Smartphone,Électronique,2025-03-13,2025-03-14,1,148,1723.5,Geodis,409.23,Livré,Aucun
LIV02537,Inter-entrepôts,E04,Lille-Nord,E02,Lyon-Sud,P006,T-shirt homme,Textile,2025-10-11,2025-10-12,1,1445,12860.2,Geodis,2068.3,En transit,Aucun
LIV02538,Fournisseur → Entrepôt,E04,Lille-Nord,E05,Toulouse-Ouest,P003,Pâtes 500g,Alimentaire,2025-07-10,2025-07-14,4,1171,2332.2,XPO Logistics,598.99,Livré,Aucun
LIV02539,Entrepôt → Magasin,E06,Nice-Est,E05,Toulouse-Ouest,P002,Riz 1kg,Alimentaire,2025-10-03,2025-10-07,4,1429,8408.8,Geodis,2401.47,Retardé,Aucun
LIV02540,Entrepôt → Magasin,E01,Paris-Rungis,E05,Toulouse-Ouest,P002,Riz 1kg,Alimentaire,2025-10-21,2025-10-24,3,1049,13531.8,FM Logistic,3432.04,Livré,Aucun
LIV02541,Magasin → Magasin,E06,Nice-Est,E02,Lyon-Sud,P007,Jeans,Textile,2025-07-17,2025-07-18,1,622,3447.4,Geodis,938.24,Livré,Aucun
LIV02542,Inter-entrepôts,E08,Nantes-Atlantique,E03,Marseille-Port,P004,Shampoing,Droguerie,2025-07-17,2025-07-18,1,372,1967.4,Geodis,477.97,Livré,Aucun
LIV02543,Entrepôt → Magasin,E03,Marseille-Port,E04,Lille-Nord,P002,Riz 1kg,Alimentaire,2025-06-17,2025-06-19,2,146,377.7,XPO Logistics,341.43,Livré,Aucun
LIV02544,Magasin → Magasin,E04,Lille-Nord,E01,Paris-Rungis,P001,Lait demi-écrémé,Alimentaire,2025-12-16,2025-12-20,4,89,1068.7,FM Logistic,481.26,En transit,Aucun
LIV02545,Fournisseur → Entrepôt,E08,Nantes-Atlantique,E02,Lyon-Sud,P008,Smartphone,Électronique,2025-08-25,2025-08-28,3,902,12866.8,Geodis,3318.99,Retardé,Aucun
LIV02546,Fournisseur → Entrepôt,E06,Nice-Est,E02,Lyon-Sud,P001,Lait demi-écrémé,Alimentaire,2025-09-03,2025-09-05,2,701,6486.1,DB Schenker,817.7,Livré,Aucun
LIV02547,Entrepôt → Magasin,E04,Lille-Nord,E02,Lyon-Sud,P001,Lait demi-écrémé,Alimentaire,2025-10-31,2025-11-05,5,531,5872.7,DB Schenker,1052.2,Livré,Aucun
LIV02548,Fournisseur → Entrepôt,E03,Marseille-Port,E02,Lyon-Sud,P009,TV 4K,Électronique,2025-06-24,2025-06-25,1,540,885.4,DB Schenker,244.31,Livré,Aucun
LIV02549,Magasin → Magasin,E02,Lyon-Sud,E03,Marseille-Port,P004,Shampoing,Droguerie,2025-04-08,2025-04-10,2,32,173.2,Geodis,286.98,Retardé,Aucun
LIV02550,Inter-entrepôts,E08,Nantes-Atlantique,E02,Lyon-Sud,P004,Shampoing,Droguerie,2025-12-23,2025-12-27,4,971,10525.3,XPO Logistics,2336.81,Livré,Aucun
LIV02551,Fournisseur → Entrepôt,E03,Marseille-Port,E07,Bordeaux-Centre,P003,Pâtes 500g,Alimentaire,2025-02-09,2025-02-10,1,166,303.2,Geodis,345.71,Livré,Aucun
LIV02552,Magasin → Magasin,E04,Lille-Nord,E02,Lyon-Sud,P004,Shampoing,Droguerie,2025-01-24,2025-01-29,5,1346,16689.0,FM Logistic,1871.21,Livré,Aucun
LIV02553,Magasin → Magasin,E01,Paris-Rungis,E03,Marseille-Port,P001,Lait demi-écrémé,Alimentaire,2025-09-19,2025-09-21,2,1160,9962.0,Geodis,2350.68,Livré,Aucun
LIV02554,Fournisseur → Entrepôt,E04,Lille-Nord,E02,Lyon-Sud,P006,T-shirt homme,Textile,2025-11-26,2025-12-01,5,873,2562.1,Geodis,746.27,Livré,Aucun
LIV02555,Fournisseur → Entrepôt,E08,Nantes-Atlantique,E04,Lille-Nord,P010,Casque audio,Électronique,2025-08-12,2025-08-17,5,84,589.8,DB Schenker,303.76,Livré,Aucun
LIV02556,Fournisseur → Entrepôt,E03,Marseille-Port,E02,Lyon-Sud,P006,T-shirt homme,Textile,2025-10-22,2025-10-27,5,1489,22007.1,FM Logistic,5188.63,Livré,Aucun
LIV02557,Inter-entrepôts,E08,Nantes-Atlantique,E01,Paris-Rungis,P003,Pâtes 500g,Alimentaire,2025-10-23,2025-10-24,1,1002,13663.5,DB Schenker,1642.66,En transit,Aucun
LIV02558,Entrepôt → Magasin,E02,Lyon-Sud,E04,Lille-Nord,P008,Smartphone,Électronique,2025-07-18,2025-07-23,5,1190,9979.6,FM Logistic,2721.33,Livré,Aucun
LIV02559,Entrepôt → Magasin,E06,Nice-Est,E05,Toulouse-Ouest,P007,Jeans,Textile,2025-07-02,2025-07-07,5,778,4997.7,DB Schenker,1192.45,Livré,Aucun
LIV02560,Fournisseur → Entrepôt,E06,Nice-Est,E03,Marseille-Port,P006,T-shirt homme,Textile,2025-05-04,2025-05-08,4,941,8121.1,XPO Logistics,2297.43,En transit,Casse
LIV02561,Inter-entrepôts,E05,Toulouse-Ouest,E03,Marseille-Port,P008,Smartphone,Électronique,2025-01-30,2025-02-04,5,1381,1842.7,DHL Supply Chain,656.46,En transit,Aucun
LIV02562,Entrepôt → Magasin,E05,Toulouse-Ouest,E03,Marseille-Port,P007,Jeans,Textile,2025-07-19,2025-07-22,3,1073,10849.3,DB Schenker,3141.38,Livré,Retard transporteur
LIV02563,Magasin → Magasin,E02,Lyon-Sud,E01,Paris-Rungis,P008,Smartphone,Électronique,2025-01-23,2025-01-27,4,248,424.1,DB Schenker,398.04,Livré,Aucun
LIV02564,Magasin → Magasin,E01,Paris-Rungis,E05,Toulouse-Ouest,P006,T-shirt homme,Textile,2025-09-24,2025-09-27,3,730,2082.2,FM Logistic,763.31,En transit,Aucun
LIV02565,Fournisseur → Entrepôt,E05,Toulouse-Ouest,E02,Lyon-Sud,P007,Jeans,Textile,2025-01-10,2025-01-13,3,1103,8667.5,Geodis,2749.5,Livré,Aucun
LIV02566,Entrepôt → Magasin,E08,Nantes-Atlantique,E03,Marseille-Port,P006,T-shirt homme,Textile,2025-08-14,2025-08-17,3,913,5678.0,Geodis,1794.01,Livré,Aucun
LIV02567,Entrepôt → Magasin,E08,Nantes-Atlantique,E02,Lyon-Sud,P001,Lait demi-écrémé,Alimentaire,2025-04-24,2025-04-28,4,737,10688.3,DHL Supply Chain,2645.36,Livré,Aucun
LIV02568,Fournisseur → Entrepôt,E04,Lille-Nord,E02,Lyon-Sud,P005,Lessive,Droguerie,2025-01-04,2025-01-09,5,1457,15045.4,XPO Logistics,1088.69,En transit,Aucun
LIV02569,Inter-entrepôts,E04,Lille-Nord,E08,Nantes-Atlantique,P005,Lessive,Droguerie,2025-04-27,2025-04-28,1,972,10653.0,XPO Logistics,3301.34,Livré,Casse
LIV02570,Entrepôt → Magasin,E06,Nice-Est,E02,Lyon-Sud,P005,Lessive,Droguerie,2025-01-11,2025-01-13,2,811,10905.5,DB Schenker,2860.0,Livré,Aucun
LIV02571,Inter-entrepôts,E07,Bordeaux-Centre,E02,Lyon-Sud,P003,Pâtes 500g,Alimentaire,2025-04-17,2025-04-18,1,104,711.4,DHL Supply Chain,385.79,Livré,Casse
LIV02572,Magasin → Magasin,E05,Toulouse-Ouest,E04,Lille-Nord,P003,Pâtes 500g,Alimentaire,2025-01-17,2025-01-20,3,604,1375.0,FM Logistic,398.39,Livré,Aucun
LIV02573,Inter-entrepôts,E08,Nantes-Atlantique,E02,Lyon-Sud,P007,Jeans,Textile,2025-04-27,2025-04-30,3,104,152.9,DHL Supply Chain,100.08,Livré,Retard transporteur
LIV02574,Fournisseur → Entrepôt,E02,Lyon-Sud,E06,Nice-Est,P002,Riz 1kg,Alimentaire,2025-09-15,2025-09-17,2,958,1408.0,XPO Logistics,471.06,Livré,Aucun
LIV02575,Entrepôt → Magasin,E05,Toulouse-Ouest,E06,Nice-Est,P003,Pâtes 500g,Alimentaire,2025-10-03,2025-10-08,5,297,2127.5,XPO Logistics,595.48,En transit,Aucun
LIV02576,Fournisseur → Entrepôt,E08,Nantes-Atlantique,E06,Nice-Est,P002,Riz 1kg,Alimentaire,2025-09-30,2025-10-05,5,833,8047.5,DHL Supply Chain,2058.82,Livré,Erreur quantité
LIV02577,Fournisseur → Entrepôt,E06,Nice-Est,E04,Lille-Nord,P002,Riz 1kg,Alimentaire,2025-06-09,2025-06-13,4,388,2673.3,FM Logistic,997.97,Livré,Aucun
LIV02578,Entrepôt → Magasin,E08,Nantes-Atlantique,E01,Paris-Rungis,P003,Pâtes 500g,Alimentaire,2025-05-07,2025-05-09,2,878,5983.9,XPO Logistics,539.74,Livré,Aucun
LIV02579,Inter-entrepôts,E08,Nantes-Atlantique,E02,Lyon-Sud,P010,Casque audio,Électronique,2025-12-16,2025-12-21,5,935,6494.2,DB Schenker,1518.59,Livré,Aucun
LIV02580,Magasin → Magasin,E02,Lyon-Sud,E03,Marseille-Port,P007,Jeans,Textile,2025-05-19,2025-05-21,2,318,1233.9,XPO Logistics,506.0,Retardé,Aucun
LIV02581,Magasin → Magasin,E08,Nantes-Atlantique,E03,Marseille-Port,P006,T-shirt homme,Textile,2025-05-14,2025-05-19,5,595,506.3,FM Logistic,114.77,En transit,Erreur quantité
LIV02582,Magasin → Magasin,E06,Nice-Est,E04,Lille-Nord,P007,Jeans,Textile,2025-12-30,2025-12-31,1,151,1552.2,DHL Supply Chain,389.59,Livré,Aucun
LIV02583,Inter-entrepôts,E03,Marseille-Port,E05,Toulouse-Ouest,P009,TV 4K,Électronique,2025-12-11,2025-12-13,2,805,7794.5,FM Logistic,696.69,En transit,Aucun
LIV02584,Entrepôt → Magasin,E08,Nantes-Atlantique,E06,Nice-Est,P009,TV 4K,Électronique,2025-11-03,2025-11-05,2,43,328.9,XPO Logistics,284.96,Annulé,Casse
LIV02585,Entrepôt → Magasin,E01,Paris-Rungis,E02,Lyon-Sud,P004,Shampoing,Droguerie,2025-07-26,2025-07-28,2,584,222.1,DHL Supply Chain,122.81,Livré,Aucun
LIV02586,Fournisseur → Entrepôt,E07,Bordeaux-Centre,E04,Lille-Nord,P005,Lessive,Droguerie,2025-05-10,2025-05-13,3,852,8911.2,DB Schenker,1107.04,Livré,Casse
LIV02587,Entrepôt → Magasin,E06,Nice-Est,E03,Marseille-Port,P007,Jeans,Textile,2025-08-27,2025-09-01,5,1076,13448.5,DB Schenker,1908.7,En transit,Retard transporteur
LIV02588,Fournisseur → Entrepôt,E05,Toulouse-Ouest,E04,Lille-Nord,P005,Lessive,Droguerie,2025-04-03,2025-04-04,1,68,148.0,XPO Logistics,278.11,Livré,Aucun
LIV02589,Magasin → Magasin,E02,Lyon-Sud,E04,Lille-Nord,P003,Pâtes 500g,Alimentaire,2025-12-29,2026-01-01,3,404,4137.0,DHL Supply Chain,953.9,Livré,Casse
LIV02590,Inter-entrepôts,E05,Toulouse-Ouest,E06,Nice-Est,P003,Pâtes 500g,Alimentaire,2025-10-02,2025-10-07,5,616,7672.1,DB Schenker,2132.89,Livré,Aucun
LIV02591,Magasin → Magasin,E04,Lille-Nord,E06,Nice-Est,P006,T-shirt homme,Textile,2025-04-30,2025-05-04,4,654,8286.8,DB Schenker,924.21,Livré,Aucun
LIV02592,Entrepôt → Magasin,E06,Nice-Est,E04,Lille-Nord,P001,Lait demi-écrémé,Alimentaire,2025-04-01,2025-04-03,2,317,1349.0,Geodis,395.04,Livré,Erreur quantité
LIV02593,Inter-entrepôts,E04,Lille-Nord,E05,Toulouse-Ouest,P009,TV 4K,Électronique,2025-01-09,2025-01-10,1,805,6601.2,FM Logistic,568.86,Livré,Erreur quantité
LIV02594,Inter-entrepôts,E06,Nice-Est,E03,Marseille-Port,P006,T-shirt homme,Textile,2025-01-21,2025-01-25,4,1294,11548.9,FM Logistic,1383.1,En transit,Aucun
LIV02595,Inter-entrepôts,E03,Marseille-Port,E08,Nantes-Atlantique,P005,Lessive,Droguerie,2025-05-17,2025-05-22,5,258,911.5,DHL Supply Chain,449.57,Livré,Aucun
LIV02596,Entrepôt → Magasin,E05,Toulouse-Ouest,E01,Paris-Rungis,P010,Casque audio,Électronique,2025-04-07,2025-04-11,4,531,173.5,Geodis,186.87,Retardé,Aucun
LIV02597,Entrepôt → Magasin,E03,Marseille-Port,E02,Lyon-Sud,P003,Pâtes 500g,Alimentaire,2025-05-28,2025-05-29,1,469,4764.6,Geodis,1509.49,Livré,Aucun
LIV02598,Inter-entrepôts,E04,Lille-Nord,E02,Lyon-Sud,P004,Shampoing,Droguerie,2025-03-22,2025-03-23,1,455,3942.8,FM Logistic,909.51,Livré,Aucun
LIV02599,Entrepôt → Magasin,E05,Toulouse-Ouest,E02,Lyon-Sud,P008,Smartphone,Électronique,2025-04-30,2025-05-03,3,84,237.7,DHL Supply Chain,135.02,Retardé,Aucun
LIV02600,Entrepôt → Magasin,E01,Paris-Rungis,E07,Bordeaux-Centre,P002,Riz 1kg,Alimentaire,2025-11-04,2025-11-09,5,705,2529.4,DB Schenker,289.19,Livré,Aucun
LIV02601,Inter-entrepôts,E02,Lyon-Sud,E08,Nantes-Atlantique,P005,Lessive,Droguerie,2025-12-01,2025-12-03,2,1312,6636.0,Geodis,745.02,Livré,Aucun
LIV02602,Magasin → Magasin,E02,Lyon-Sud,E05,Toulouse-Ouest,P007,Jeans,Textile,2025-05-04,2025-05-05,1,1371,2549.7,DB Schenker,883.83,En transit,Aucun
LIV02603,Fournisseur → Entrepôt,E04,Lille-Nord,E07,Bordeaux-Centre,P002,Riz 1kg,Alimentaire,2025-08-11,2025-08-15,4,116,168.4,DB Schenker,306.62,Livré,Casse
LIV02604,Inter-entrepôts,E01,Paris-Rungis,E05,Toulouse-Ouest,P005,Lessive,Droguerie,2025-12-07,2025-12-10,3,789,11281.9,XPO Logistics,2448.2,Livré,Aucun
LIV02605,Magasin → Magasin,E04,Lille-Nord,E05,Toulouse-Ouest,P006,T-shirt homme,Textile,2025-03-16,2025-03-21,5,428,3965.7,DB Schenker,624.52,Livré,Aucun
LIV02606,Magasin → Magasin,E06,Nice-Est,E04,Lille-Nord,P008,Smartphone,Électronique,2025-11-13,2025-11-14,1,881,6023.2,FM Logistic,1840.33,Livré,Retard transporteur
LIV02607,Fournisseur → Entrepôt,E05,Toulouse-Ouest,E07,Bordeaux-Centre,P001,Lait demi-écrémé,Alimentaire,2025-02-19,2025-02-21,2,54,292.6,XPO Logistics,139.45,En transit,Aucun
LIV02608,Fournisseur → Entrepôt,E08,Nantes-Atlantique,E07,Bordeaux-Centre,P001,Lait demi-écrémé,Alimentaire,2025-08-23,2025-08-25,2,43,263.2,DHL Supply Chain,228.17,Livré,Aucun
LIV02609,Entrepôt → Magasin,E03,Marseille-Port,E08,Nantes-Atlantique,P001,Lait demi-écrémé,Alimentaire,2025-12-31,2026-01-02,2,1432,3397.3,Geodis,887.99,Livré,Aucun
LIV02610,Magasin → Magasin,E07,Bordeaux-Centre,E08,Nantes-Atlantique,P009,TV 4K,Électronique,2025-12-03,2025-12-06,3,664,6895.2,DB Schenker,766.79,Livré,Aucun
LIV02611,Fournisseur → Entrepôt,E02,Lyon-Sud,E06,Nice-Est,P001,Lait demi-écrémé,Alimentaire,2025-07-28,2025-07-29,1,604,3131.9,Geodis,863.98,Livré,Aucun
LIV02612,Fournisseur → Entrepôt,E08,Nantes-Atlantique,E01,Paris-Rungis,P006,T-shirt homme,Textile,2025-12-06,2025-12-10,4,626,5824.8,XPO Logistics,1036.63,Livré,Aucun
LIV02613,Magasin → Magasin,E02,Lyon-Sud,E04,Lille-Nord,P004,Shampoing,Droguerie,2025-04-25,2025-04-28,3,745,2691.1,DHL Supply Chain,755.37,Livré,Aucun
LIV02614,Magasin → Magasin,E04,Lille-Nord,E02,Lyon-Sud,P002,Riz 1kg,Alimentaire,2025-01-26,2025-01-28,2,112,862.4,FM Logistic,252.19,Livré,Aucun
LIV02615,Entrepôt → Magasin,E04,Lille-Nord,E03,Marseille-Port,P005,Lessive,Droguerie,2025-01-27,2025-01-30,3,1110,13511.6,DHL Supply Chain,2385.67,En transit,Aucun
LIV02616,Fournisseur → Entrepôt,E04,Lille-Nord,E08,Nantes-Atlantique,P010,Casque audio,Électronique,2025-06-26,2025-06-27,1,524,7771.1,FM Logistic,1191.82,Livré,Aucun
LIV02617,Inter-entrepôts,E01,Paris-Rungis,E06,Nice-Est,P006,T-shirt homme,Textile,2025-05-24,2025-05-27,3,758,3240.1,Geodis,745.76,Livré,Aucun
LIV02618,Magasin → Magasin,E05,Toulouse-Ouest,E06,Nice-Est,P005,Lessive,Droguerie,2025-05-19,2025-05-21,2,386,4880.2,DHL Supply Chain,738.67,Livré,Aucun
LIV02619,Fournisseur → Entrepôt,E03,Marseille-Port,E05,Toulouse-Ouest,P010,Casque audio,Électronique,2025-07-30,2025-08-01,2,17,218.1,DB Schenker,174.64,Livré,Aucun
LIV02620,Magasin → Magasin,E07,Bordeaux-Centre,E06,Nice-Est,P005,Lessive,Droguerie,2025-02-04,2025-02-08,4,413,3440.7,DB Schenker,1064.15,Retardé,Aucun
LIV02621,Inter-entrepôts,E06,Nice-Est,E01,Paris-Rungis,P003,Pâtes 500g,Alimentaire,2025-02-23,2025-02-24,1,1042,9366.3,Geodis,2663.64,Livré,Aucun
LIV02622,Magasin → Magasin,E07,Bordeaux-Centre,E03,Marseille-Port,P006,T-shirt homme,Textile,2025-07-19,2025-07-21,2,1298,8517.5,XPO Logistics,961.94,Livré,Retard transporteur
LIV02623,Inter-entrepôts,E06,Nice-Est,E05,Toulouse-Ouest,P001,Lait demi-écrémé,Alimentaire,2025-02-10,2025-02-13,3,821,10166.7,DB Schenker,757.19,Livré,Retard transporteur
LIV02624,Magasin → Magasin,E05,Toulouse-Ouest,E08,Nantes-Atlantique,P002,Riz 1kg,Alimentaire,2025-05-16,2025-05-20,4,1500,20496.6,FM Logistic,6271.42,Retardé,Aucun
LIV02625,Inter-entrepôts,E07,Bordeaux-Centre,E08,Nantes-Atlantique,P003,Pâtes 500g,Alimentaire,2025-07-08,2025-07-12,4,946,3927.9,DB Schenker,444.28,En transit,Retard transporteur
LIV02626,Magasin → Magasin,E07,Bordeaux-Centre,E08,Nantes-Atlantique,P006,T-shirt homme,Textile,2025-08-26,2025-08-30,4,644,322.3,DHL Supply Chain,178.96,Livré,Aucun
LIV02627,Entrepôt → Magasin,E02,Lyon-Sud,E01,Paris-Rungis,P007,Jeans,Textile,2025-10-20,2025-10-24,4,951,8264.9,FM Logistic,1855.22,Retardé,Aucun
LIV02628,Magasin → Magasin,E03,Marseille-Port,E02,Lyon-Sud,P005,Lessive,Droguerie,2025-05-26,2025-05-28,2,876,7996.9,FM Logistic,1021.13,Livré,Aucun
LIV02629,Inter-entrepôts,E08,Nantes-Atlantique,E05,Toulouse-Ouest,P005,Lessive,Droguerie,2025-08-16,2025-08-20,4,1301,5930.7,Geodis,1141.45,Livré,Aucun
LIV02630,Entrepôt → Magasin,E01,Paris-Rungis,E05,Toulouse-Ouest,P009,TV 4K,Électronique,2025-08-06,2025-08-10,4,794,9254.7,XPO Logistics,670.81,Livré,Aucun
LIV02631,Fournisseur → Entrepôt,E02,Lyon-Sud,E05,Toulouse-Ouest,P006,T-shirt homme,Textile,2025-06-08,2025-06-13,5,1486,19811.1,FM Logistic,4308.71,Livré,Aucun
LIV02632,Fournisseur → Entrepôt,E07,Bordeaux-Centre,E03,Marseille-Port,P009,TV 4K,Électronique,2025-09-10,2025-09-14,4,22,318.9,DHL Supply Chain,211.98,Livré,Aucun
LIV02633,Entrepôt → Magasin,E04,Lille-Nord,E08,Nantes-Atlantique,P007,Jeans,Textile,2025-04-14,2025-04-16,2,589,1304.7,FM Logistic,470.86,Livré,Aucun
LIV02634,Inter-entrepôts,E02,Lyon-Sud,E05,Toulouse-Ouest,P004,Shampoing,Droguerie,2025-07-29,2025-08-02,4,699,10278.3,Geodis,1697.91,Livré,Aucun
LIV02635,Magasin → Magasin,E03,Marseille-Port,E05,Toulouse-Ouest,P008,Smartphone,Électronique,2025-03-25,2025-03-27,2,856,4956.1,DHL Supply Chain,869.56,Livré,Aucun
LIV02636,Fournisseur → Entrepôt,E08,Nantes-Atlantique,E06,Nice-Est,P002,Riz 1kg,Alimentaire,2025-08-02,2025-08-05,3,67,904.5,XPO Logistics,158.41,Livré,Aucun
LIV02637,Inter-entrepôts,E05,Toulouse-Ouest,E08,Nantes-Atlantique,P010,Casque audio,Électronique,2025-12-28,2025-12-31,3,704,7734.8,DHL Supply Chain,946.06,Livré,Aucun
LIV02638,Fournisseur → Entrepôt,E03,Marseille-Port,E05,Toulouse-Ouest,P002,Riz 1kg,Alimentaire,2025-06-04,2025-06-09,5,1313,1804.7,FM Logistic,627.35,Livré,Aucun
LIV02639,Entrepôt → Magasin,E04,Lille-Nord,E02,Lyon-Sud,P009,TV 4K,Électronique,2025-11-23,2025-11-24,1,1015,15148.8,DHL Supply Chain,1704.51,Livré,Aucun
LIV02640,Magasin → Magasin,E01,Paris-Rungis,E04,Lille-Nord,P004,Shampoing,Droguerie,2025-05-08,2025-05-09,1,1101,12971.8,DHL Supply Chain,1113.51,Livré,Aucun
LIV02641,Magasin → Magasin,E03,Marseille-Port,E04,Lille-Nord,P010,Casque audio,Électronique,2025-10-08,2025-10-13,5,755,4851.2,FM Logistic,1002.16,En transit,Aucun
LIV02642,Magasin → Magasin,E06,Nice-Est,E05,Toulouse-Ouest,P007,Jeans,Textile,2025-04-20,2025-04-25,5,1428,14197.7,Geodis,924.84,En transit,Aucun
LIV02643,Magasin → Magasin,E02,Lyon-Sud,E05,Toulouse-Ouest,P007,Jeans,Textile,2025-11-22,2025-11-23,1,422,5087.0,DHL Supply Chain,891.68,Livré,Aucun
LIV02644,Entrepôt → Magasin,E01,Paris-Rungis,E04,Lille-Nord,P009,TV 4K,Électronique,2025-01-11,2025-01-16,5,1160,16000.0,FM Logistic,2271.05,En transit,Erreur quantité
LIV02645,Magasin → Magasin,E06,Nice-Est,E05,Toulouse-Ouest,P005,Lessive,Droguerie,2025-01-28,2025-01-30,2,624,7187.8,FM Logistic,962.48,En transit,Aucun
LIV02646,Inter-entrepôts,E08,Nantes-Atlantique,E05,Toulouse-Ouest,P004,Shampoing,Droguerie,2025-06-23,2025-06-26,3,548,5692.7,FM Logistic,1042.92,Retardé,Retard transporteur
LIV02647,Entrepôt → Magasin,E06,Nice-Est,E08,Nantes-Atlantique,P008,Smartphone,Électronique,2025-04-14,2025-04-15,1,265,2383.5,DB Schenker,560.02,Livré,Aucun
LIV02648,Magasin → Magasin,E03,Marseille-Port,E08,Nantes-Atlantique,P005,Lessive,Droguerie,2025-07-08,2025-07-12,4,879,3213.8,DHL Supply Chain,472.52,Livré,Casse
LIV02649,Inter-entrepôts,E08,Nantes-Atlantique,E05,Toulouse-Ouest,P010,Casque audio,Électronique,2025-08-11,2025-08-13,2,192,2805.0,DB Schenker,548.74,Livré,Retard transporteur
LIV02650,Magasin → Magasin,E04,Lille-Nord,E05,Toulouse-Ouest,P010,Casque audio,Électronique,2025-11-21,2025-11-24,3,926,817.5,Geodis,464.77,En transit,Aucun
LIV02651,Inter-entrepôts,E05,Toulouse-Ouest,E02,Lyon-Sud,P002,Riz 1kg,Alimentaire,2025-08-08,2025-08-10,2,1258,3654.4,XPO Logistics,998.13,Livré,Aucun
LIV02652,Inter-entrepôts,E06,Nice-Est,E04,Lille-Nord,P002,Riz 1kg,Alimentaire,2025-03-30,2025-03-31,1,670,5001.5,Geodis,1276.52,Livré,Aucun
LIV02653,Magasin → Magasin,E03,Marseille-Port,E06,Nice-Est,P010,Casque audio,Électronique,2025-08-19,2025-08-21,2,1375,13827.5,DB Schenker,2329.18,Livré,Aucun
LIV02654,Inter-entrepôts,E02,Lyon-Sud,E07,Bordeaux-Centre,P001,Lait demi-écrémé,Alimentaire,2025-08-29,2025-09-02,4,1319,11729.7,DHL Supply Chain,807.1,En transit,Aucun
LIV02655,Entrepôt → Magasin,E07,Bordeaux-Centre,E04,Lille-Nord,P005,Lessive,Droguerie,2025-05-16,2025-05-18,2,1329,18180.2,DHL Supply Chain,5577.44,Livré,Aucun
LIV02656,Entrepôt → Magasin,E07,Bordeaux-Centre,E06,Nice-Est,P002,Riz 1kg,Alimentaire,2025-07-05,2025-07-09,4,433,1695.0,Geodis,312.48,Livré,Aucun
LIV02657,Inter-entrepôts,E03,Marseille-Port,E02,Lyon-Sud,P002,Riz 1kg,Alimentaire,2025-04-03,2025-04-05,2,54,197.2,Geodis,119.42,Livré,Aucun
LIV02658,Entrepôt → Magasin,E07,Bordeaux-Centre,E05,Toulouse-Ouest,P001,Lait demi-écrémé,Alimentaire,2025-04-12,2025-04-15,3,68,227.6,FM Logistic,346.27,Livré,Aucun
LIV02659,Fournisseur → Entrepôt,E01,Paris-Rungis,E04,Lille-Nord,P003,Pâtes 500g,Alimentaire,2025-05-30,2025-06-04,5,686,8411.6,FM Logistic,2543.71,Livré,Aucun
LIV02660,Inter-entrepôts,E03,Marseille-Port,E01,Paris-Rungis,P002,Riz 1kg,Alimentaire,2025-06-09,2025-06-11,2,1306,7638.5,DB Schenker,1615.03,Livré,Erreur quantité
LIV02661,Magasin → Magasin,E07,Bordeaux-Centre,E04,Lille-Nord,P007,Jeans,Textile,2025-07-24,2025-07-29,5,273,2552.9,XPO Logistics,218.98,Livré,Aucun
LIV02662,Magasin → Magasin,E08,Nantes-Atlantique,E03,Marseille-Port,P007,Jeans,Textile,2025-05-18,2025-05-20,2,1049,10548.8,Geodis,751.46,Livré,Aucun
LIV02663,Fournisseur → Entrepôt,E05,Toulouse-Ouest,E07,Bordeaux-Centre,P006,T-shirt homme,Textile,2025-06-28,2025-07-01,3,345,2933.4,XPO Logistics,593.94,Retardé,Aucun
LIV02664,Entrepôt → Magasin,E01,Paris-Rungis,E06,Nice-Est,P005,Lessive,Droguerie,2025-04-30,2025-05-05,5,101,547.5,DB Schenker,312.38,En transit,Aucun
LIV02665,Inter-entrepôts,E01,Paris-Rungis,E02,Lyon-Sud,P009,TV 4K,Électronique,2025-08-06,2025-08-07,1,1107,798.4,FM Logistic,324.64,Livré,Aucun
LIV02666,Inter-entrepôts,E06,Nice-Est,E08,Nantes-Atlantique,P007,Jeans,Textile,2025-08-20,2025-08-24,4,28,402.2,FM Logistic,332.81,Livré,Aucun
LIV02667,Inter-entrepôts,E07,Bordeaux-Centre,E08,Nantes-Atlantique,P006,T-shirt homme,Textile,2025-05-30,2025-06-04,5,1297,11538.5,FM Logistic,3455.93,Livré,Aucun
LIV02668,Entrepôt → Magasin,E06,Nice-Est,E02,Lyon-Sud,P007,Jeans,Textile,2025-04-29,2025-05-02,3,918,10937.5,Geodis,2554.85,Livré,Aucun
LIV02669,Fournisseur → Entrepôt,E08,Nantes-Atlantique,E06,Nice-Est,P009,TV 4K,Électronique,2025-02-01,2025-02-04,3,1300,13484.0,DB Schenker,3155.26,En transit,Aucun
LIV02670,Inter-entrepôts,E05,Toulouse-Ouest,E06,Nice-Est,P002,Riz 1kg,Alimentaire,2025-05-27,2025-06-01,5,23,195.7,XPO Logistics,215.4,Livré,Aucun
LIV02671,Entrepôt → Magasin,E01,Paris-Rungis,E04,Lille-Nord,P009,TV 4K,Électronique,2025-09-04,2025-09-08,4,1076,6646.5,DB Schenker,1445.85,Livré,Aucun
LIV02672,Entrepôt → Magasin,E07,Bordeaux-Centre,E03,Marseille-Port,P008,Smartphone,Électronique,2025-02-02,2025-02-05,3,222,2226.7,Geodis,831.45,En transit,Erreur quantité
LIV02673,Entrepôt → Magasin,E06,Nice-Est,E04,Lille-Nord,P007,Jeans,Textile,2025-04-10,2025-04-12,2,852,11582.1,DB Schenker,3178.29,Retardé,Aucun
LIV02674,Magasin → Magasin,E07,Bordeaux-Centre,E03,Marseille-Port,P004,Shampoing,Droguerie,2025-06-21,2025-06-25,4,1139,6763.5,XPO Logistics,1274.84,Livré,Aucun
LIV02675,Inter-entrepôts,E02,Lyon-Sud,E01,Paris-Rungis,P003,Pâtes 500g,Alimentaire,2025-05-22,2025-05-25,3,1160,7671.8,DB Schenker,1188.79,Livré,Erreur quantité
LIV02676,Fournisseur → Entrepôt,E02,Lyon-Sud,E06,Nice-Est,P006,T-shirt homme,Textile,2025-02-03,2025-02-08,5,1227,7782.6,FM Logistic,874.63,Livré,Casse
LIV02677,Entrepôt → Magasin,E03,Marseille-Port,E02,Lyon-Sud,P008,Smartphone,Électronique,2025-02-26,2025-02-27,1,775,6979.3,Geodis,459.71,Livré,Aucun
LIV02678,Fournisseur → Entrepôt,E08,Nantes-Atlantique,E06,Nice-Est,P004,Shampoing,Droguerie,2025-03-19,2025-03-23,4,385,845.0,FM Logistic,359.86,Livré,Aucun
LIV02679,Entrepôt → Magasin,E02,Lyon-Sud,E05,Toulouse-Ouest,P003,Pâtes 500g,Alimentaire,2025-06-26,2025-07-01,5,809,11171.6,FM Logistic,2510.52,Annulé,Casse
LIV02680,Fournisseur → Entrepôt,E02,Lyon-Sud,E01,Paris-Rungis,P005,Lessive,Droguerie,2025-12-09,2025-12-13,4,914,6531.4,XPO Logistics,621.85,Livré,Aucun
LIV02681,Entrepôt → Magasin,E07,Bordeaux-Centre,E02,Lyon-Sud,P008,Smartphone,Électronique,2025-09-19,2025-09-23,4,237,396.6,DB Schenker,160.28,Livré,Aucun
LIV02682,Fournisseur → Entrepôt,E01,Paris-Rungis,E08,Nantes-Atlantique,P003,Pâtes 500g,Alimentaire,2025-08-11,2025-08-12,1,1378,10801.9,FM Logistic,3112.04,Livré,Aucun
LIV02683,Magasin → Magasin,E05,Toulouse-Ouest,E07,Bordeaux-Centre,P004,Shampoing,Droguerie,2025-07-11,2025-07-14,3,134,1717.0,DB Schenker,662.01,Livré,Casse
LIV02684,Inter-entrepôts,E01,Paris-Rungis,E04,Lille-Nord,P010,Casque audio,Électronique,2025-07-05,2025-07-08,3,1273,3735.1,DB Schenker,930.83,Livré,Aucun
LIV02685,Inter-entrepôts,E07,Bordeaux-Centre,E04,Lille-Nord,P009,TV 4K,Électronique,2025-09-22,2025-09-23,1,648,9428.8,DB Schenker,2929.88,Livré,Aucun
LIV02686,Entrepôt → Magasin,E04,Lille-Nord,E07,Bordeaux-Centre,P004,Shampoing,Droguerie,2025-09-08,2025-09-10,2,395,4781.0,FM Logistic,1605.58,En transit,Aucun
LIV02687,Fournisseur → Entrepôt,E05,Toulouse-Ouest,E03,Marseille-Port,P009,TV 4K,Électronique,2025-10-20,2025-10-21,1,308,200.6,Geodis,273.97,Livré,Aucun
LIV02688,Inter-entrepôts,E02,Lyon-Sud,E04,Lille-Nord,P008,Smartphone,Électronique,2025-12-09,2025-12-14,5,886,10908.2,FM Logistic,1365.82,Livré,Aucun
LIV02689,Magasin → Magasin,E02,Lyon-Sud,E08,Nantes-Atlantique,P003,Pâtes 500g,Alimentaire,2025-01-07,2025-01-10,3,313,3199.6,XPO Logistics,625.19,Livré,Aucun
LIV02690,Fournisseur → Entrepôt,E07,Bordeaux-Centre,E08,Nantes-Atlantique,P006,T-shirt homme,Textile,2025-03-19,2025-03-20,1,1296,13042.9,XPO Logistics,1151.01,Livré,Aucun
LIV02691,Magasin → Magasin,E07,Bordeaux-Centre,E08,Nantes-Atlantique,P003,Pâtes 500g,Alimentaire,2025-11-09,2025-11-11,2,1491,22172.6,DHL Supply Chain,1474.25,Livré,Aucun
LIV02692,Magasin → Magasin,E08,Nantes-Atlantique,E01,Paris-Rungis,P004,Shampoing,Droguerie,2025-08-14,2025-08-15,1,910,901.7,DB Schenker,422.59,Retardé,Erreur quantité
LIV02693,Fournisseur → Entrepôt,E08,Nantes-Atlantique,E07,Bordeaux-Centre,P006,T-shirt homme,Textile,2025-04-30,2025-05-05,5,1092,15611.6,XPO Logistics,1420.26,Livré,Aucun
LIV02694,Magasin → Magasin,E02,Lyon-Sud,E01,Paris-Rungis,P008,Smartphone,Électronique,2025-11-28,2025-11-29,1,1395,14540.5,FM Logistic,4334.56,Retardé,Aucun
LIV02695,Entrepôt → Magasin,E02,Lyon-Sud,E07,Bordeaux-Centre,P008,Smartphone,Électronique,2025-10-07,2025-10-08,1,1036,8842.8,FM Logistic,2493.51,Livré,Aucun
LIV02696,Entrepôt → Magasin,E07,Bordeaux-Centre,E02,Lyon-Sud,P004,Shampoing,Droguerie,2025-11-05,2025-11-07,2,965,7642.5,Geodis,703.06,Livré,Aucun
LIV02697,Fournisseur → Entrepôt,E07,Bordeaux-Centre,E08,Nantes-Atlantique,P003,Pâtes 500g,Alimentaire,2025-02-24,2025-02-25,1,110,1372.7,DB Schenker,329.09,En transit,Aucun
LIV02698,Entrepôt → Magasin,E07,Bordeaux-Centre,E06,Nice-Est,P006,T-shirt homme,Textile,2025-08-10,2025-08-15,5,704,8526.5,FM Logistic,572.06,Retardé,Casse
LIV02699,Magasin → Magasin,E02,Lyon-Sud,E04,Lille-Nord,P007,Jeans,Textile,2025-04-16,2025-04-21,5,178,194.9,FM Logistic,213.22,Livré,Aucun
LIV02700,Inter-entrepôts,E08,Nantes-Atlantique,E06,Nice-Est,P007,Jeans,Textile,2025-03-12,2025-03-14,2,236,2581.4,DHL Supply Chain,876.08,Annulé,Erreur quantité
LIV02701,Entrepôt → Magasin,E06,Nice-Est,E04,Lille-Nord,P003,Pâtes 500g,Alimentaire,2025-11-16,2025-11-18,2,835,5009.4,XPO Logistics,562.27,Livré,Erreur quantité
LIV02702,Fournisseur → Entrepôt,E03,Marseille-Port,E08,Nantes-Atlantique,P002,Riz 1kg,Alimentaire,2025-05-09,2025-05-14,5,1032,6941.2,FM Logistic,627.3,Livré,Erreur quantité
LIV02703,Entrepôt → Magasin,E02,Lyon-Sud,E06,Nice-Est,P001,Lait demi-écrémé,Alimentaire,2025-04-14,2025-04-15,1,1214,7335.2,DB Schenker,1454.1,Livré,Aucun
LIV02704,Inter-entrepôts,E07,Bordeaux-Centre,E02,Lyon-Sud,P008,Smartphone,Électronique,2025-05-25,2025-05-29,4,1085,14975.3,FM Logistic,4157.04,Livré,Aucun
LIV02705,Entrepôt → Magasin,E08,Nantes-Atlantique,E05,Toulouse-Ouest,P002,Riz 1kg,Alimentaire,2025-04-21,2025-04-23,2,1173,2428.7,XPO Logistics,519.33,Livré,Aucun
LIV02706,Inter-entrepôts,E08,Nantes-Atlantique,E03,Marseille-Port,P005,Lessive,Droguerie,2025-02-17,2025-02-19,2,1095,7930.4,DB Schenker,1264.67,En transit,Aucun
LIV02707,Fournisseur → Entrepôt,E08,Nantes-Atlantique,E03,Marseille-Port,P006,T-shirt homme,Textile,2025-04-09,2025-04-11,2,614,9031.0,DHL Supply Chain,2686.12,En transit,Aucun
LIV02708,Entrepôt → Magasin,E03,Marseille-Port,E07,Bordeaux-Centre,P005,Lessive,Droguerie,2025-10-26,2025-10-31,5,250,1094.5,FM Logistic,306.01,En transit,Aucun
LIV02709,Magasin → Magasin,E07,Bordeaux-Centre,E04,Lille-Nord,P006,T-shirt homme,Textile,2025-04-15,2025-04-19,4,31,9.5,DHL Supply Chain,290.41,En transit,Aucun
LIV02710,Fournisseur → Entrepôt,E03,Marseille-Port,E05,Toulouse-Ouest,P006,T-shirt homme,Textile,2025-04-28,2025-05-02,4,449,3136.2,DB Schenker,436.23,Retardé,Aucun
LIV02711,Inter-entrepôts,E08,Nantes-Atlantique,E02,Lyon-Sud,P005,Lessive,Droguerie,2025-06-09,2025-06-12,3,1176,16764.5,FM Logistic,3951.14,Retardé,Aucun
LIV02712,Fournisseur → Entrepôt,E02,Lyon-Sud,E04,Lille-Nord,P004,Shampoing,Droguerie,2025-08-02,2025-08-07,5,342,4750.6,FM Logistic,487.72,En transit,Erreur quantité
LIV02713,Fournisseur → Entrepôt,E04,Lille-Nord,E08,Nantes-Atlantique,P005,Lessive,Droguerie,2025-01-27,2025-01-29,2,1241,9210.3,FM Logistic,780.06,Livré,Aucun
LIV02714,Magasin → Magasin,E01,Paris-Rungis,E05,Toulouse-Ouest,P005,Lessive,Droguerie,2025-01-18,2025-01-19,1,430,6387.0,XPO Logistics,1296.87,Livré,Aucun
LIV02715,Magasin → Magasin,E04,Lille-Nord,E05,Toulouse-Ouest,P007,Jeans,Textile,2025-11-08,2025-11-10,2,548,3368.1,XPO Logistics,403.73,Livré,Aucun
LIV02716,Entrepôt → Magasin,E01,Paris-Rungis,E04,Lille-Nord,P005,Lessive,Droguerie,2025-09-06,2025-09-11,5,593,8777.8,Geodis,1407.11,Annulé,Aucun
LIV02717,Fournisseur → Entrepôt,E05,Toulouse-Ouest,E06,Nice-Est,P001,Lait demi-écrémé,Alimentaire,2025-07-29,2025-07-30,1,506,7100.9,DHL Supply Chain,1346.25,Livré,Erreur quantité
LIV02718,Entrepôt → Magasin,E01,Paris-Rungis,E07,Bordeaux-Centre,P006,T-shirt homme,Textile,2025-01-21,2025-01-22,1,1237,2172.4,DHL Supply Chain,839.76,Livré,Aucun
LIV02719,Inter-entrepôts,E02,Lyon-Sud,E05,Toulouse-Ouest,P008,Smartphone,Électronique,2025-05-15,2025-05-16,1,1152,10763.6,Geodis,2117.83,Livré,Aucun
LIV02720,Entrepôt → Magasin,E06,Nice-Est,E07,Bordeaux-Centre,P005,Lessive,Droguerie,2025-06-15,2025-06-16,1,872,4093.8,FM Logistic,1190.07,Livré,Aucun
LIV02721,Inter-entrepôts,E07,Bordeaux-Centre,E08,Nantes-Atlantique,P008,Smartphone,Électronique,2025-01-01,2025-01-02,1,1224,8556.1,XPO Logistics,2505.2,Livré,Aucun
LIV02722,Magasin → Magasin,E06,Nice-Est,E04,Lille-Nord,P002,Riz 1kg,Alimentaire,2025-10-28,2025-11-02,5,1129,7970.3,DB Schenker,1014.84,Livré,Aucun
LIV02723,Fournisseur → Entrepôt,E08,Nantes-Atlantique,E07,Bordeaux-Centre,P009,TV 4K,Électronique,2025-07-28,2025-07-29,1,787,3899.3,Geodis,810.32,En transit,Retard transporteur
LIV02724,Inter-entrepôts,E03,Marseille-Port,E02,Lyon-Sud,P001,Lait demi-écrémé,Alimentaire,2025-07-28,2025-07-31,3,832,2425.5,XPO Logistics,533.03,Livré,Erreur quantité
LIV02725,Magasin → Magasin,E02,Lyon-Sud,E06,Nice-Est,P005,Lessive,Droguerie,2025-02-12,2025-02-13,1,381,4915.5,FM Logistic,1332.29,Livré,Aucun
LIV02726,Entrepôt → Magasin,E03,Marseille-Port,E05,Toulouse-Ouest,P005,Lessive,Droguerie,2025-11-02,2025-11-04,2,1155,1272.5,DHL Supply Chain,164.16,En transit,Aucun
LIV02727,Fournisseur → Entrepôt,E02,Lyon-Sud,E07,Bordeaux-Centre,P008,Smartphone,Électronique,2025-08-25,2025-08-27,2,1201,17256.9,DHL Supply Chain,3785.98,Livré,Aucun
LIV02728,Entrepôt → Magasin,E03,Marseille-Port,E02,Lyon-Sud,P001,Lait demi-écrémé,Alimentaire,2025-06-16,2025-06-18,2,314,3980.5,Geodis,398.9,Livré,Aucun
LIV02729,Inter-entrepôts,E04,Lille-Nord,E01,Paris-Rungis,P008,Smartphone,Électronique,2025-04-19,2025-04-24,5,1087,15320.1,XPO Logistics,4553.57,Retardé,Aucun
LIV02730,Inter-entrepôts,E02,Lyon-Sud,E03,Marseille-Port,P005,Lessive,Droguerie,2025-11-17,2025-11-19,2,1407,16795.2,Geodis,2869.63,Retardé,Aucun
LIV02731,Entrepôt → Magasin,E08,Nantes-Atlantique,E07,Bordeaux-Centre,P005,Lessive,Droguerie,2025-06-20,2025-06-22,2,106,1162.1,FM Logistic,321.21,Retardé,Aucun
LIV02732,Magasin → Magasin,E02,Lyon-Sud,E04,Lille-Nord,P009,TV 4K,Électronique,2025-01-15,2025-01-20,5,770,7336.8,DB Schenker,743.08,En transit,Retard transporteur
LIV02733,Entrepôt → Magasin,E05,Toulouse-Ouest,E01,Paris-Rungis,P003,Pâtes 500g,Alimentaire,2025-03-24,2025-03-27,3,132,1667.9,DB Schenker,222.38,Livré,Aucun
LIV02734,Entrepôt → Magasin,E03,Marseille-Port,E05,Toulouse-Ouest,P008,Smartphone,Électronique,2025-01-22,2025-01-24,2,1169,1295.6,DB Schenker,411.31,Livré,Aucun
LIV02735,Inter-entrepôts,E08,Nantes-Atlantique,E01,Paris-Rungis,P010,Casque audio,Électronique,2025-02-17,2025-02-18,1,574,3293.1,Geodis,528.06,Livré,Aucun
LIV02736,Magasin → Magasin,E06,Nice-Est,E08,Nantes-Atlantique,P007,Jeans,Textile,2025-02-02,2025-02-03,1,1169,6353.9,FM Logistic,971.2,Livré,Aucun
LIV02737,Entrepôt → Magasin,E03,Marseille-Port,E05,Toulouse-Ouest,P006,T-shirt homme,Textile,2025-04-27,2025-05-01,4,388,1834.2,XPO Logistics,692.94,Livré,Aucun
LIV02738,Inter-entrepôts,E04,Lille-Nord,E07,Bordeaux-Centre,P005,Lessive,Droguerie,2025-09-01,2025-09-04,3,37,449.0,XPO Logistics,301.91,Livré,Aucun
LIV02739,Fournisseur → Entrepôt,E07,Bordeaux-Centre,E02,Lyon-Sud,P007,Jeans,Textile,2025-05-19,2025-05-20,1,1301,18283.3,Geodis,4156.06,Livré,Aucun
LIV02740,Fournisseur → Entrepôt,E06,Nice-Est,E04,Lille-Nord,P008,Smartphone,Électronique,2025-02-13,2025-02-17,4,57,387.9,XPO Logistics,231.25,Annulé,Aucun
LIV02741,Magasin → Magasin,E02,Lyon-Sud,E01,Paris-Rungis,P007,Jeans,Textile,2025-02-22,2025-02-23,1,593,1682.0,DB Schenker,516.7,Livré,Casse
LIV02742,Inter-entrepôts,E07,Bordeaux-Centre,E05,Toulouse-Ouest,P003,Pâtes 500g,Alimentaire,2025-09-14,2025-09-15,1,669,6323.5,FM Logistic,2015.76,Livré,Aucun
LIV02743,Magasin → Magasin,E02,Lyon-Sud,E05,Toulouse-Ouest,P010,Casque audio,Électronique,2025-01-01,2025-01-02,1,1076,5346.6,DB Schenker,782.27,Livré,Aucun
LIV02744,Entrepôt → Magasin,E05,Toulouse-Ouest,E03,Marseille-Port,P005,Lessive,Droguerie,2025-05-02,2025-05-07,5,546,2416.8,XPO Logistics,663.18,Livré,Aucun
LIV02745,Fournisseur → Entrepôt,E02,Lyon-Sud,E06,Nice-Est,P009,TV 4K,Électronique,2025-02-25,2025-02-27,2,1104,14615.4,DB Schenker,1702.73,Livré,Aucun
LIV02746,Entrepôt → Magasin,E06,Nice-Est,E03,Marseille-Port,P003,Pâtes 500g,Alimentaire,2025-10-21,2025-10-26,5,336,2383.5,FM Logistic,619.33,Livré,Aucun
LIV02747,Magasin → Magasin,E02,Lyon-Sud,E08,Nantes-Atlantique,P007,Jeans,Textile,2025-01-12,2025-01-13,1,175,579.9,DHL Supply Chain,301.4,Annulé,Aucun
LIV02748,Magasin → Magasin,E02,Lyon-Sud,E08,Nantes-Atlantique,P009,TV 4K,Électronique,2025-08-30,2025-09-04,5,954,9625.2,Geodis,2005.14,Livré,Retard transporteur
LIV02749,Entrepôt → Magasin,E08,Nantes-Atlantique,E04,Lille-Nord,P003,Pâtes 500g,Alimentaire,2025-06-13,2025-06-18,5,621,630.3,XPO Logistics,357.74,Livré,Aucun
LIV02750,Fournisseur → Entrepôt,E01,Paris-Rungis,E06,Nice-Est,P005,Lessive,Droguerie,2025-07-29,2025-08-02,4,1375,8393.0,Geodis,1399.73,Livré,Aucun
LIV02751,Inter-entrepôts,E06,Nice-Est,E07,Bordeaux-Centre,P006,T-shirt homme,Textile,2025-03-22,2025-03-27,5,1076,12475.3,DHL Supply Chain,2585.34,Livré,Aucun
LIV02752,Entrepôt → Magasin,E05,Toulouse-Ouest,E01,Paris-Rungis,P010,Casque audio,Électronique,2025-01-14,2025-01-16,2,559,6923.2,XPO Logistics,1276.11,Retardé,Aucun
LIV02753,Inter-entrepôts,E08,Nantes-Atlantique,E05,Toulouse-Ouest,P008,Smartphone,Électronique,2025-04-28,2025-04-29,1,1173,14937.2,Geodis,2080.2,En transit,Aucun
LIV02754,Inter-entrepôts,E06,Nice-Est,E01,Paris-Rungis,P009,TV 4K,Électronique,2025-08-07,2025-08-10,3,927,544.6,Geodis,334.36,Livré,Aucun
LIV02755,Inter-entrepôts,E08,Nantes-Atlantique,E07,Bordeaux-Centre,P005,Lessive,Droguerie,2025-12-30,2026-01-02,3,1010,2088.5,Geodis,428.89,Livré,Retard transporteur
LIV02756,Fournisseur → Entrepôt,E01,Paris-Rungis,E02,Lyon-Sud,P008,Smartphone,Électronique,2025-05-12,2025-05-17,5,1064,3785.2,XPO Logistics,831.53,Livré,Aucun
LIV02757,Entrepôt → Magasin,E03,Marseille-Port,E07,Bordeaux-Centre,P002,Riz 1kg,Alimentaire,2025-06-13,2025-06-15,2,838,11787.2,DHL Supply Chain,1271.67,Retardé,Aucun
LIV02758,Fournisseur → Entrepôt,E08,Nantes-Atlantique,E03,Marseille-Port,P008,Smartphone,Électronique,2025-02-23,2025-02-28,5,897,11940.2,DHL Supply Chain,3103.14,Livré,Retard transporteur
LIV02759,Magasin → Magasin,E04,Lille-Nord,E05,Toulouse-Ouest,P006,T-shirt homme,Textile,2025-09-21,2025-09-25,4,1479,14430.9,XPO Logistics,3021.49,Livré,Retard transporteur
LIV02760,Entrepôt → Magasin,E06,Nice-Est,E01,Paris-Rungis,P002,Riz 1kg,Alimentaire,2025-01-05,2025-01-10,5,170,2066.4,Geodis,437.69,Livré,Retard transporteur
LIV02761,Entrepôt → Magasin,E04,Lille-Nord,E07,Bordeaux-Centre,P007,Jeans,Textile,2025-08-06,2025-08-07,1,1001,14792.9,XPO Logistics,2367.18,Livré,Aucun
LIV02762,Magasin → Magasin,E07,Bordeaux-Centre,E01,Paris-Rungis,P007,Jeans,Textile,2025-02-04,2025-02-08,4,168,377.0,DB Schenker,274.57,En transit,Aucun
LIV02763,Inter-entrepôts,E02,Lyon-Sud,E08,Nantes-Atlantique,P008,Smartphone,Électronique,2025-10-02,2025-10-04,2,868,3655.0,DB Schenker,422.74,Livré,Casse
LIV02764,Fournisseur → Entrepôt,E04,Lille-Nord,E03,Marseille-Port,P001,Lait demi-écrémé,Alimentaire,2025-04-04,2025-04-09,5,1078,5630.2,FM Logistic,1784.52,Livré,Aucun
LIV02765,Magasin → Magasin,E08,Nantes-Atlantique,E01,Paris-Rungis,P008,Smartphone,Électronique,2025-06-10,2025-06-14,4,783,8611.5,FM Logistic,1134.79,Livré,Aucun
LIV02766,Entrepôt → Magasin,E07,Bordeaux-Centre,E08,Nantes-Atlantique,P009,TV 4K,Électronique,2025-04-14,2025-04-16,2,134,59.0,DB Schenker,118.1,Livré,Aucun
LIV02767,Inter-entrepôts,E08,Nantes-Atlantique,E01,Paris-Rungis,P002,Riz 1kg,Alimentaire,2025-03-04,2025-03-06,2,816,9990.2,DB Schenker,2142.12,Livré,Aucun
LIV02768,Magasin → Magasin,E07,Bordeaux-Centre,E01,Paris-Rungis,P010,Casque audio,Électronique,2025-12-14,2025-12-16,2,645,7929.1,Geodis,1587.47,Livré,Aucun
LIV02769,Entrepôt → Magasin,E07,Bordeaux-Centre,E02,Lyon-Sud,P005,Lessive,Droguerie,2025-07-06,2025-07-08,2,172,2373.1,DHL Supply Chain,899.5,Livré,Casse
LIV02770,Fournisseur → Entrepôt,E03,Marseille-Port,E02,Lyon-Sud,P008,Smartphone,Électronique,2025-03-01,2025-03-02,1,834,6749.3,DHL Supply Chain,1288.34,En transit,Aucun
LIV02771,Fournisseur → Entrepôt,E05,Toulouse-Ouest,E01,Paris-Rungis,P005,Lessive,Droguerie,2025-04-05,2025-04-10,5,181,1769.2,DHL Supply Chain,344.2,Livré,Aucun
LIV02772,Fournisseur → Entrepôt,E06,Nice-Est,E04,Lille-Nord,P008,Smartphone,Électronique,2025-02-07,2025-02-09,2,171,1817.8,DB Schenker,415.02,En transit,Aucun
LIV02773,Entrepôt → Magasin,E06,Nice-Est,E03,Marseille-Port,P008,Smartphone,Électronique,2025-12-09,2025-12-11,2,258,2650.5,XPO Logistics,1061.28,Livré,Aucun
LIV02774,Magasin → Magasin,E04,Lille-Nord,E08,Nantes-Atlantique,P010,Casque audio,Électronique,2025-12-26,2025-12-27,1,355,4216.1,XPO Logistics,933.8,Livré,Aucun
LIV02775,Entrepôt → Magasin,E08,Nantes-Atlantique,E07,Bordeaux-Centre,P002,Riz 1kg,Alimentaire,2025-11-26,2025-11-27,1,451,6411.7,FM Logistic,575.45,Livré,Aucun
LIV02776,Fournisseur → Entrepôt,E05,Toulouse-Ouest,E06,Nice-Est,P003,Pâtes 500g,Alimentaire,2025-09-11,2025-09-16,5,431,2830.8,DB Schenker,606.25,Livré,Erreur quantité
LIV02777,Magasin → Magasin,E02,Lyon-Sud,E06,Nice-Est,P006,T-shirt homme,Textile,2025-07-07,2025-07-10,3,1168,13404.3,DHL Supply Chain,2241.75,Livré,Aucun
LIV02778,Entrepôt → Magasin,E05,Toulouse-Ouest,E01,Paris-Rungis,P003,Pâtes 500g,Alimentaire,2025-10-06,2025-10-07,1,989,7564.6,DB Schenker,1443.71,Livré,Erreur quantité
LIV02779,Fournisseur → Entrepôt,E05,Toulouse-Ouest,E02,Lyon-Sud,P009,TV 4K,Électronique,2025-04-07,2025-04-12,5,785,2695.6,XPO Logistics,813.07,Livré,Aucun
LIV02780,Fournisseur → Entrepôt,E06,Nice-Est,E07,Bordeaux-Centre,P005,Lessive,Droguerie,2025-08-29,2025-08-30,1,348,358.4,FM Logistic,352.28,Livré,Aucun
LIV02781,Entrepôt → Magasin,E07,Bordeaux-Centre,E08,Nantes-Atlantique,P009,TV 4K,Électronique,2025-04-03,2025-04-06,3,298,1163.7,DB Schenker,411.26,Livré,Aucun
LIV02782,Inter-entrepôts,E03,Marseille-Port,E06,Nice-Est,P010,Casque audio,Électronique,2025-10-18,2025-10-23,5,464,4078.4,DB Schenker,991.02,Livré,Aucun
LIV02783,Fournisseur → Entrepôt,E02,Lyon-Sud,E06,Nice-Est,P005,Lessive,Droguerie,2025-09-20,2025-09-22,2,574,3694.4,FM Logistic,736.33,En transit,Aucun
LIV02784,Entrepôt → Magasin,E04,Lille-Nord,E07,Bordeaux-Centre,P005,Lessive,Droguerie,2025-07-25,2025-07-29,4,103,1094.1,DB Schenker,408.1,Livré,Aucun
LIV02785,Magasin → Magasin,E04,Lille-Nord,E06,Nice-Est,P002,Riz 1kg,Alimentaire,2025-01-16,2025-01-20,4,512,3903.7,Geodis,420.77,Livré,Aucun
LIV02786,Inter-entrepôts,E03,Marseille-Port,E05,Toulouse-Ouest,P002,Riz 1kg,Alimentaire,2025-07-24,2025-07-26,2,638,623.0,FM Logistic,196.48,Livré,Aucun
LIV02787,Entrepôt → Magasin,E02,Lyon-Sud,E05,Toulouse-Ouest,P006,T-shirt homme,Textile,2025-03-29,2025-04-01,3,135,1426.4,XPO Logistics,237.7,Livré,Aucun
LIV02788,Fournisseur → Entrepôt,E08,Nantes-Atlantique,E05,Toulouse-Ouest,P002,Riz 1kg,Alimentaire,2025-05-28,2025-05-29,1,319,4583.6,XPO Logistics,1364.6,En transit,Aucun
LIV02789,Inter-entrepôts,E08,Nantes-Atlantique,E05,Toulouse-Ouest,P003,Pâtes 500g,Alimentaire,2025-12-05,2025-12-10,5,498,6304.0,Geodis,661.72,Livré,Aucun
LIV02790,Entrepôt → Magasin,E08,Nantes-Atlantique,E03,Marseille-Port,P001,Lait demi-écrémé,Alimentaire,2025-01-29,2025-02-02,4,526,1885.6,XPO Logistics,253.01,Retardé,Aucun
LIV02791,Inter-entrepôts,E04,Lille-Nord,E07,Bordeaux-Centre,P008,Smartphone,Électronique,2025-07-16,2025-07-17,1,1498,14349.5,DB Schenker,1625.67,Retardé,Aucun
LIV02792,Inter-entrepôts,E05,Toulouse-Ouest,E08,Nantes-Atlantique,P008,Smartphone,Électronique,2025-03-30,2025-04-01,2,332,4505.7,XPO Logistics,717.79,Livré,Aucun
LIV02793,Inter-entrepôts,E05,Toulouse-Ouest,E07,Bordeaux-Centre,P004,Shampoing,Droguerie,2025-03-23,2025-03-27,4,100,1166.7,DHL Supply Chain,545.93,Livré,Aucun
LIV02794,Fournisseur → Entrepôt,E07,Bordeaux-Centre,E01,Paris-Rungis,P008,Smartphone,Électronique,2025-11-30,2025-12-03,3,1090,3757.8,Geodis,1046.26,Livré,Aucun
LIV02795,Entrepôt → Magasin,E02,Lyon-Sud,E07,Bordeaux-Centre,P010,Casque audio,Électronique,2025-12-30,2026-01-01,2,601,6643.5,FM Logistic,1851.59,Livré,Retard transporteur
LIV02796,Magasin → Magasin,E04,Lille-Nord,E03,Marseille-Port,P010,Casque audio,Électronique,2025-09-10,2025-09-13,3,339,786.2,FM Logistic,283.08,Livré,Aucun
LIV02797,Magasin → Magasin,E05,Toulouse-Ouest,E06,Nice-Est,P009,TV 4K,Électronique,2025-01-19,2025-01-20,1,1251,3615.6,DB Schenker,549.81,Livré,Retard transporteur
LIV02798,Fournisseur → Entrepôt,E06,Nice-Est,E03,Marseille-Port,P010,Casque audio,Électronique,2025-06-09,2025-06-12,3,569,6303.2,XPO Logistics,836.12,Retardé,Aucun
LIV02799,Magasin → Magasin,E03,Marseille-Port,E05,Toulouse-Ouest,P009,TV 4K,Électronique,2025-04-07,2025-04-09,2,483,1594.7,DB Schenker,582.33,Livré,Aucun
LIV02800,Magasin → Magasin,E04,Lille-Nord,E05,Toulouse-Ouest,P009,TV 4K,Électronique,2025-06-24,2025-06-25,1,484,7040.3,DHL Supply Chain,972.09,Livré,Casse
LIV02801,Fournisseur → Entrepôt,E04,Lille-Nord,E01,Paris-Rungis,P003,Pâtes 500g,Alimentaire,2025-08-04,2025-08-07,3,719,10130.0,DHL Supply Chain,2469.65,Livré,Aucun
LIV02802,Entrepôt → Magasin,E06,Nice-Est,E04,Lille-Nord,P002,Riz 1kg,Alimentaire,2025-09-03,2025-09-04,1,750,7083.4,XPO Logistics,692.95,Retardé,Aucun
LIV02803,Inter-entrepôts,E06,Nice-Est,E04,Lille-Nord,P003,Pâtes 500g,Alimentaire,2025-11-20,2025-11-23,3,699,385.5,Geodis,279.67,Livré,Aucun
LIV02804,Inter-entrepôts,E05,Toulouse-Ouest,E01,Paris-Rungis,P002,Riz 1kg,Alimentaire,2025-04-30,2025-05-04,4,404,5001.6,Geodis,707.43,Livré,Aucun
LIV02805,Entrepôt → Magasin,E08,Nantes-Atlantique,E02,Lyon-Sud,P009,TV 4K,Électronique,2025-03-31,2025-04-02,2,1301,8615.8,FM Logistic,2810.28,Livré,Aucun
LIV02806,Magasin → Magasin,E07,Bordeaux-Centre,E02,Lyon-Sud,P001,Lait demi-écrémé,Alimentaire,2025-09-04,2025-09-05,1,1289,12181.6,XPO Logistics,1988.25,Retardé,Aucun
LIV02807,Magasin → Magasin,E06,Nice-Est,E04,Lille-Nord,P009,TV 4K,Électronique,2025-02-20,2025-02-25,5,356,3377.5,Geodis,1005.17,Retardé,Aucun
LIV02808,Inter-entrepôts,E05,Toulouse-Ouest,E06,Nice-Est,P004,Shampoing,Droguerie,2025-09-27,2025-09-29,2,665,338.5,FM Logistic,151.64,Livré,Aucun
LIV02809,Magasin → Magasin,E05,Toulouse-Ouest,E08,Nantes-Atlantique,P009,TV 4K,Électronique,2025-07-22,2025-07-24,2,1417,14181.3,Geodis,1186.18,En transit,Aucun
LIV02810,Magasin → Magasin,E06,Nice-Est,E08,Nantes-Atlantique,P004,Shampoing,Droguerie,2025-04-14,2025-04-16,2,495,4518.2,Geodis,1578.57,Retardé,Aucun
LIV02811,Magasin → Magasin,E07,Bordeaux-Centre,E03,Marseille-Port,P002,Riz 1kg,Alimentaire,2025-02-07,2025-02-10,3,200,2984.3,DHL Supply Chain,693.94,En transit,Retard transporteur
LIV02812,Fournisseur → Entrepôt,E03,Marseille-Port,E02,Lyon-Sud,P010,Casque audio,Électronique,2025-08-01,2025-08-04,3,1228,8896.0,DB Schenker,977.55,Livré,Aucun
LIV02813,Magasin → Magasin,E01,Paris-Rungis,E03,Marseille-Port,P003,Pâtes 500g,Alimentaire,2025-03-24,2025-03-28,4,92,1032.2,XPO Logistics,441.05,En transit,Aucun
LIV02814,Entrepôt → Magasin,E04,Lille-Nord,E07,Bordeaux-Centre,P005,Lessive,Droguerie,2025-11-14,2025-11-18,4,512,1039.4,FM Logistic,337.44,Livré,Aucun
LIV02815,Inter-entrepôts,E02,Lyon-Sud,E08,Nantes-Atlantique,P003,Pâtes 500g,Alimentaire,2025-11-16,2025-11-17,1,646,8487.7,XPO Logistics,2076.26,En transit,Retard transporteur
LIV02816,Magasin → Magasin,E02,Lyon-Sud,E05,Toulouse-Ouest,P001,Lait demi-écrémé,Alimentaire,2025-02-13,2025-02-14,1,1369,19919.9,XPO Logistics,5597.64,Annulé,Aucun
LIV02817,Inter-entrepôts,E02,Lyon-Sud,E03,Marseille-Port,P002,Riz 1kg,Alimentaire,2025-01-21,2025-01-22,1,751,8582.9,DHL Supply Chain,595.09,Livré,Aucun
LIV02818,Fournisseur → Entrepôt,E08,Nantes-Atlantique,E06,Nice-Est,P001,Lait demi-écrémé,Alimentaire,2025-05-25,2025-05-27,2,1442,1144.4,DHL Supply Chain,446.31,Livré,Aucun
LIV02819,Inter-entrepôts,E02,Lyon-Sud,E01,Paris-Rungis,P001,Lait demi-écrémé,Alimentaire,2025-11-05,2025-11-08,3,694,2260.2,XPO Logistics,714.78,Retardé,Aucun
LIV02820,Inter-entrepôts,E04,Lille-Nord,E05,Toulouse-Ouest,P006,T-shirt homme,Textile,2025-05-03,2025-05-05,2,978,1436.1,DB Schenker,561.26,Livré,Aucun
LIV02821,Entrepôt → Magasin,E08,Nantes-Atlantique,E04,Lille-Nord,P003,Pâtes 500g,Alimentaire,2025-04-11,2025-04-13,2,270,3954.5,DB Schenker,942.21,Livré,Aucun
LIV02822,Fournisseur → Entrepôt,E04,Lille-Nord,E01,Paris-Rungis,P008,Smartphone,Électronique,2025-12-07,2025-12-10,3,1200,15829.7,Geodis,1792.72,En transit,Aucun
LIV02823,Magasin → Magasin,E08,Nantes-Atlantique,E06,Nice-Est,P007,Jeans,Textile,2025-04-25,2025-04-26,1,1003,3251.2,FM Logistic,554.93,Livré,Aucun
LIV02824,Fournisseur → Entrepôt,E04,Lille-Nord,E05,Toulouse-Ouest,P004,Shampoing,Droguerie,2025-11-04,2025-11-05,1,919,11411.7,Geodis,965.24,Livré,Aucun
LIV02825,Entrepôt → Magasin,E03,Marseille-Port,E06,Nice-Est,P006,T-shirt homme,Textile,2025-08-15,2025-08-20,5,1074,2319.5,DB Schenker,791.79,Annulé,Aucun
LIV02826,Magasin → Magasin,E03,Marseille-Port,E02,Lyon-Sud,P005,Lessive,Droguerie,2025-03-14,2025-03-16,2,476,5910.5,Geodis,1720.84,Livré,Aucun
LIV02827,Fournisseur → Entrepôt,E05,Toulouse-Ouest,E08,Nantes-Atlantique,P003,Pâtes 500g,Alimentaire,2025-04-09,2025-04-10,1,753,4443.6,DHL Supply Chain,790.34,Livré,Aucun
LIV02828,Entrepôt → Magasin,E03,Marseille-Port,E04,Lille-Nord,P002,Riz 1kg,Alimentaire,2025-09-06,2025-09-09,3,497,2354.0,FM Logistic,376.46,Livré,Aucun
LIV02829,Inter-entrepôts,E01,Paris-Rungis,E03,Marseille-Port,P002,Riz 1kg,Alimentaire,2025-08-11,2025-08-16,5,853,3532.2,DHL Supply Chain,737.31,En transit,Aucun
LIV02830,Magasin → Magasin,E05,Toulouse-Ouest,E07,Bordeaux-Centre,P009,TV 4K,Électronique,2025-06-26,2025-06-27,1,1299,12354.4,DHL Supply Chain,2264.22,Livré,Erreur quantité
LIV02831,Entrepôt → Magasin,E03,Marseille-Port,E04,Lille-Nord,P008,Smartphone,Électronique,2025-12-17,2025-12-21,4,1325,19582.6,DHL Supply Chain,2797.77,Livré,Aucun
LIV02832,Inter-entrepôts,E07,Bordeaux-Centre,E03,Marseille-Port,P010,Casque audio,Électronique,2025-12-13,2025-12-14,1,384,3220.6,FM Logistic,550.32,Livré,Aucun
LIV02833,Fournisseur → Entrepôt,E03,Marseille-Port,E04,Lille-Nord,P005,Lessive,Droguerie,2025-06-10,2025-06-14,4,786,3046.0,Geodis,539.92,Livré,Aucun
LIV02834,Entrepôt → Magasin,E04,Lille-Nord,E05,Toulouse-Ouest,P007,Jeans,Textile,2025-09-19,2025-09-21,2,751,10446.2,XPO Logistics,3069.81,Livré,Aucun
LIV02835,Magasin → Magasin,E03,Marseille-Port,E07,Bordeaux-Centre,P005,Lessive,Droguerie,2025-03-30,2025-03-31,1,599,3873.8,DHL Supply Chain,837.5,Livré,Aucun
LIV02836,Entrepôt → Magasin,E06,Nice-Est,E08,Nantes-Atlantique,P008,Smartphone,Électronique,2025-03-10,2025-03-14,4,1023,7142.5,Geodis,1612.16,En transit,Aucun
LIV02837,Inter-entrepôts,E01,Paris-Rungis,E04,Lille-Nord,P004,Shampoing,Droguerie,2025-04-13,2025-04-14,1,1004,7143.9,Geodis,2087.91,Livré,Aucun
LIV02838,Fournisseur → Entrepôt,E04,Lille-Nord,E02,Lyon-Sud,P004,Shampoing,Droguerie,2025-09-15,2025-09-20,5,642,780.8,DHL Supply Chain,285.02,Livré,Casse
LIV02839,Inter-entrepôts,E08,Nantes-Atlantique,E01,Paris-Rungis,P009,TV 4K,Électronique,2025-03-05,2025-03-06,1,796,2577.6,DHL Supply Chain,654.39,Livré,Aucun
LIV02840,Magasin → Magasin,E08,Nantes-Atlantique,E06,Nice-Est,P007,Jeans,Textile,2025-05-19,2025-05-23,4,297,2867.5,DHL Supply Chain,1004.45,Livré,Erreur quantité
LIV02841,Fournisseur → Entrepôt,E02,Lyon-Sud,E05,Toulouse-Ouest,P006,T-shirt homme,Textile,2025-02-13,2025-02-15,2,831,4148.7,DB Schenker,1386.56,En transit,Aucun
LIV02842,Inter-entrepôts,E02,Lyon-Sud,E08,Nantes-Atlantique,P005,Lessive,Droguerie,2025-03-03,2025-03-06,3,305,1147.7,Geodis,472.04,En transit,Aucun
LIV02843,Entrepôt → Magasin,E01,Paris-Rungis,E06,Nice-Est,P009,TV 4K,Électronique,2025-06-24,2025-06-27,3,718,806.5,XPO Logistics,270.07,Livré,Aucun
LIV02844,Inter-entrepôts,E02,Lyon-Sud,E03,Marseille-Port,P004,Shampoing,Droguerie,2025-06-15,2025-06-18,3,1331,18932.3,XPO Logistics,5748.64,Livré,Erreur quantité
LIV02845,Entrepôt → Magasin,E04,Lille-Nord,E05,Toulouse-Ouest,P007,Jeans,Textile,2025-01-29,2025-01-31,2,1316,15928.2,DHL Supply Chain,3362.95,Livré,Aucun
LIV02846,Magasin → Magasin,E01,Paris-Rungis,E03,Marseille-Port,P002,Riz 1kg,Alimentaire,2025-08-11,2025-08-16,5,1326,9017.8,DHL Supply Chain,716.17,Livré,Retard transporteur
LIV02847,Entrepôt → Magasin,E01,Paris-Rungis,E04,Lille-Nord,P006,T-shirt homme,Textile,2025-10-30,2025-11-01,2,142,1261.5,FM Logistic,446.03,Retardé,Aucun
LIV02848,Entrepôt → Magasin,E07,Bordeaux-Centre,E01,Paris-Rungis,P006,T-shirt homme,Textile,2025-11-13,2025-11-14,1,392,4671.8,XPO Logistics,970.64,En transit,Aucun
LIV02849,Inter-entrepôts,E06,Nice-Est,E03,Marseille-Port,P006,T-shirt homme,Textile,2025-08-17,2025-08-20,3,229,2155.7,FM Logistic,384.58,Livré,Retard transporteur
LIV02850,Entrepôt → Magasin,E07,Bordeaux-Centre,E04,Lille-Nord,P001,Lait demi-écrémé,Alimentaire,2025-04-29,2025-05-03,4,487,2047.8,Geodis,472.42,En transit,Retard transporteur
LIV02851,Magasin → Magasin,E04,Lille-Nord,E01,Paris-Rungis,P004,Shampoing,Droguerie,2025-04-12,2025-04-14,2,783,2545.3,XPO Logistics,581.77,Livré,Aucun
LIV02852,Inter-entrepôts,E03,Marseille-Port,E07,Bordeaux-Centre,P007,Jeans,Textile,2025-05-12,2025-05-15,3,556,6823.7,DHL Supply Chain,1751.86,Livré,Erreur quantité
LIV02853,Entrepôt → Magasin,E06,Nice-Est,E02,Lyon-Sud,P009,TV 4K,Électronique,2025-07-29,2025-08-03,5,242,1238.9,Geodis,428.44,Livré,Aucun
LIV02854,Magasin → Magasin,E05,Toulouse-Ouest,E06,Nice-Est,P002,Riz 1kg,Alimentaire,2025-08-13,2025-08-18,5,1424,1038.2,XPO Logistics,289.61,Livré,Erreur quantité
LIV02855,Fournisseur → Entrepôt,E08,Nantes-Atlantique,E07,Bordeaux-Centre,P001,Lait demi-écrémé,Alimentaire,2025-07-21,2025-07-22,1,328,3454.6,FM Logistic,722.73,Livré,Casse
LIV02856,Magasin → Magasin,E02,Lyon-Sud,E04,Lille-Nord,P008,Smartphone,Électronique,2025-01-27,2025-01-31,4,1009,5484.8,Geodis,944.85,Retardé,Retard transporteur
LIV02857,Inter-entrepôts,E02,Lyon-Sud,E07,Bordeaux-Centre,P010,Casque audio,Électronique,2025-08-19,2025-08-24,5,922,12722.0,DB Schenker,3191.84,En transit,Aucun
LIV02858,Magasin → Magasin,E01,Paris-Rungis,E02,Lyon-Sud,P007,Jeans,Textile,2025-06-24,2025-06-28,4,152,362.2,Geodis,141.25,Livré,Aucun
LIV02859,Inter-entrepôts,E06,Nice-Est,E01,Paris-Rungis,P007,Jeans,Textile,2025-03-11,2025-03-16,5,1494,14276.8,DB Schenker,1615.31,En transit,Retard transporteur
LIV02860,Inter-entrepôts,E03,Marseille-Port,E08,Nantes-Atlantique,P009,TV 4K,Électronique,2025-12-06,2025-12-09,3,1032,4663.6,FM Logistic,1096.83,En transit,Aucun
LIV02861,Entrepôt → Magasin,E05,Toulouse-Ouest,E08,Nantes-Atlantique,P009,TV 4K,Électronique,2025-01-12,2025-01-15,3,555,6153.3,Geodis,798.65,Livré,Aucun
LIV02862,Inter-entrepôts,E08,Nantes-Atlantique,E07,Bordeaux-Centre,P003,Pâtes 500g,Alimentaire,2025-11-09,2025-11-10,1,924,1659.9,DB Schenker,218.1,Retardé,Aucun
LIV02863,Fournisseur → Entrepôt,E02,Lyon-Sud,E06,Nice-Est,P004,Shampoing,Droguerie,2025-07-20,2025-07-22,2,778,7440.4,DB Schenker,1902.73,En transit,Erreur quantité
LIV02864,Fournisseur → Entrepôt,E07,Bordeaux-Centre,E01,Paris-Rungis,P008,Smartphone,Électronique,2025-09-20,2025-09-21,1,1483,11581.3,FM Logistic,2671.43,Retardé,Aucun
LIV02865,Inter-entrepôts,E06,Nice-Est,E02,Lyon-Sud,P003,Pâtes 500g,Alimentaire,2025-03-27,2025-04-01,5,456,952.1,DB Schenker,346.95,En transit,Aucun
LIV02866,Fournisseur → Entrepôt,E08,Nantes-Atlantique,E07,Bordeaux-Centre,P010,Casque audio,Électronique,2025-12-21,2025-12-25,4,1300,14322.2,FM Logistic,3783.01,Livré,Aucun
LIV02867,Inter-entrepôts,E02,Lyon-Sud,E08,Nantes-Atlantique,P003,Pâtes 500g,Alimentaire,2025-01-09,2025-01-13,4,1363,1122.8,XPO Logistics,483.54,En transit,Aucun
LIV02868,Fournisseur → Entrepôt,E06,Nice-Est,E08,Nantes-Atlantique,P002,Riz 1kg,Alimentaire,2025-03-08,2025-03-13,5,1371,15696.5,XPO Logistics,1769.64,Livré,Aucun
LIV02869,Entrepôt → Magasin,E01,Paris-Rungis,E05,Toulouse-Ouest,P005,Lessive,Droguerie,2025-10-20,2025-10-21,1,548,7921.4,Geodis,1594.34,Livré,Aucun
LIV02870,Entrepôt → Magasin,E03,Marseille-Port,E01,Paris-Rungis,P002,Riz 1kg,Alimentaire,2025-09-30,2025-10-05,5,1005,1200.2,XPO Logistics,502.73,Livré,Aucun
LIV02871,Inter-entrepôts,E03,Marseille-Port,E08,Nantes-Atlantique,P005,Lessive,Droguerie,2025-01-29,2025-01-30,1,245,1432.7,Geodis,656.23,Livré,Aucun
LIV02872,Magasin → Magasin,E04,Lille-Nord,E02,Lyon-Sud,P009,TV 4K,Électronique,2025-02-23,2025-02-28,5,959,12736.1,Geodis,2840.0,Livré,Aucun
LIV02873,Entrepôt → Magasin,E07,Bordeaux-Centre,E04,Lille-Nord,P006,T-shirt homme,Textile,2025-11-26,2025-11-27,1,1369,7136.8,Geodis,1144.73,Livré,Retard transporteur
LIV02874,Entrepôt → Magasin,E03,Marseille-Port,E05,Toulouse-Ouest,P008,Smartphone,Électronique,2025-02-12,2025-02-16,4,150,1047.4,FM Logistic,423.31,Livré,Aucun
LIV02875,Fournisseur → Entrepôt,E05,Toulouse-Ouest,E02,Lyon-Sud,P002,Riz 1kg,Alimentaire,2025-12-24,2025-12-28,4,202,2543.8,XPO Logistics,668.15,Livré,Aucun
LIV02876,Entrepôt → Magasin,E06,Nice-Est,E05,Toulouse-Ouest,P003,Pâtes 500g,Alimentaire,2025-10-18,2025-10-20,2,115,1614.9,FM Logistic,654.59,Livré,Aucun
LIV02877,Fournisseur → Entrepôt,E07,Bordeaux-Centre,E08,Nantes-Atlantique,P009,TV 4K,Électronique,2025-11-16,2025-11-20,4,831,7935.2,DHL Supply Chain,1358.27,Livré,Aucun
LIV02878,Entrepôt → Magasin,E01,Paris-Rungis,E02,Lyon-Sud,P001,Lait demi-écrémé,Alimentaire,2025-10-21,2025-10-23,2,132,1845.1,DHL Supply Chain,567.85,Livré,Aucun
LIV02879,Fournisseur → Entrepôt,E06,Nice-Est,E07,Bordeaux-Centre,P008,Smartphone,Électronique,2025-03-01,2025-03-06,5,698,10318.1,XPO Logistics,1461.93,Livré,Aucun
LIV02880,Magasin → Magasin,E06,Nice-Est,E01,Paris-Rungis,P008,Smartphone,Électronique,2025-07-16,2025-07-20,4,1399,19119.7,DHL Supply Chain,4317.25,Livré,Aucun
LIV02881,Inter-entrepôts,E08,Nantes-Atlantique,E02,Lyon-Sud,P006,T-shirt homme,Textile,2025-10-29,2025-10-30,1,825,11676.3,DB Schenker,1812.31,Livré,Aucun
LIV02882,Entrepôt → Magasin,E01,Paris-Rungis,E02,Lyon-Sud,P010,Casque audio,Électronique,2025-11-03,2025-11-08,5,231,662.4,FM Logistic,357.54,Annulé,Retard transporteur
LIV02883,Magasin → Magasin,E02,Lyon-Sud,E03,Marseille-Port,P002,Riz 1kg,Alimentaire,2025-02-19,2025-02-20,1,399,5297.2,Geodis,1524.25,Livré,Aucun
LIV02884,Entrepôt → Magasin,E03,Marseille-Port,E01,Paris-Rungis,P005,Lessive,Droguerie,2025-06-24,2025-06-29,5,480,3752.3,DB Schenker,960.11,Retardé,Aucun
LIV02885,Fournisseur → Entrepôt,E04,Lille-Nord,E03,Marseille-Port,P005,Lessive,Droguerie,2025-07-20,2025-07-25,5,242,2277.8,Geodis,589.5,En transit,Aucun
LIV02886,Entrepôt → Magasin,E04,Lille-Nord,E08,Nantes-Atlantique,P008,Smartphone,Électronique,2025-04-30,2025-05-04,4,412,2943.2,Geodis,1080.73,Livré,Casse
LIV02887,Entrepôt → Magasin,E06,Nice-Est,E01,Paris-Rungis,P009,TV 4K,Électronique,2025-12-30,2025-12-31,1,942,7137.4,DHL Supply Chain,2026.24,En transit,Aucun
LIV02888,Entrepôt → Magasin,E05,Toulouse-Ouest,E07,Bordeaux-Centre,P005,Lessive,Droguerie,2025-07-23,2025-07-26,3,737,10649.6,XPO Logistics,1998.91,Livré,Retard transporteur
LIV02889,Magasin → Magasin,E07,Bordeaux-Centre,E05,Toulouse-Ouest,P010,Casque audio,Électronique,2025-12-27,2025-12-31,4,644,8223.6,FM Logistic,916.5,Retardé,Aucun
LIV02890,Entrepôt → Magasin,E03,Marseille-Port,E04,Lille-Nord,P006,T-shirt homme,Textile,2025-03-09,2025-03-14,5,210,2160.0,DB Schenker,539.81,En transit,Aucun
LIV02891,Magasin → Magasin,E05,Toulouse-Ouest,E01,Paris-Rungis,P002,Riz 1kg,Alimentaire,2025-12-08,2025-12-11,3,1139,11168.4,FM Logistic,2999.26,En transit,Aucun
LIV02892,Inter-entrepôts,E08,Nantes-Atlantique,E07,Bordeaux-Centre,P003,Pâtes 500g,Alimentaire,2025-07-04,2025-07-07,3,687,8767.6,XPO Logistics,991.73,En transit,Aucun
LIV02893,Fournisseur → Entrepôt,E01,Paris-Rungis,E08,Nantes-Atlantique,P003,Pâtes 500g,Alimentaire,2025-04-07,2025-04-08,1,1077,11953.4,FM Logistic,3530.38,Livré,Retard transporteur
LIV02894,Fournisseur → Entrepôt,E04,Lille-Nord,E06,Nice-Est,P008,Smartphone,Électronique,2025-02-23,2025-02-26,3,84,157.4,DB Schenker,285.15,Livré,Aucun
LIV02895,Inter-entrepôts,E01,Paris-Rungis,E02,Lyon-Sud,P010,Casque audio,Électronique,2025-06-04,2025-06-05,1,258,1753.1,FM Logistic,531.05,Livré,Casse
LIV02896,Inter-entrepôts,E04,Lille-Nord,E02,Lyon-Sud,P005,Lessive,Droguerie,2025-10-17,2025-10-20,3,208,404.3,Geodis,236.59,Livré,Aucun
LIV02897,Inter-entrepôts,E05,Toulouse-Ouest,E06,Nice-Est,P002,Riz 1kg,Alimentaire,2025-02-07,2025-02-11,4,1193,15490.1,DHL Supply Chain,1763.72,Livré,Aucun
LIV02898,Magasin → Magasin,E07,Bordeaux-Centre,E02,Lyon-Sud,P010,Casque audio,Électronique,2025-08-30,2025-09-02,3,807,5473.0,DHL Supply Chain,610.07,En transit,Aucun
LIV02899,Inter-entrepôts,E02,Lyon-Sud,E07,Bordeaux-Centre,P010,Casque audio,Électronique,2025-12-25,2025-12-27,2,1000,9174.5,DB Schenker,773.73,Livré,Aucun
LIV02900,Magasin → Magasin,E05,Toulouse-Ouest,E02,Lyon-Sud,P009,TV 4K,Électronique,2025-09-13,2025-09-15,2,626,3553.5,DHL Supply Chain,717.12,Livré,Aucun
LIV02901,Inter-entrepôts,E02,Lyon-Sud,E01,Paris-Rungis,P002,Riz 1kg,Alimentaire,2025-04-21,2025-04-24,3,600,6604.0,DB Schenker,818.36,Livré,Aucun
LIV02902,Fournisseur → Entrepôt,E04,Lille-Nord,E01,Paris-Rungis,P004,Shampoing,Droguerie,2025-03-25,2025-03-30,5,236,3100.5,XPO Logistics,591.12,Livré,Aucun
LIV02903,Inter-entrepôts,E03,Marseille-Port,E06,Nice-Est,P001,Lait demi-écrémé,Alimentaire,2025-12-29,2026-01-01,3,891,317.4,DB Schenker,180.15,Livré,Aucun
LIV02904,Entrepôt → Magasin,E08,Nantes-Atlantique,E02,Lyon-Sud,P005,Lessive,Droguerie,2025-09-28,2025-09-29,1,1475,2799.7,DHL Supply Chain,679.7,Livré,Aucun
LIV02905,Entrepôt → Magasin,E05,Toulouse-Ouest,E06,Nice-Est,P002,Riz 1kg,Alimentaire,2025-06-13,2025-06-15,2,1013,7029.7,Geodis,677.44,Retardé,Aucun
LIV02906,Magasin → Magasin,E04,Lille-Nord,E08,Nantes-Atlantique,P007,Jeans,Textile,2025-02-12,2025-02-14,2,393,323.0,XPO Logistics,288.36,Livré,Aucun
LIV02907,Inter-entrepôts,E04,Lille-Nord,E05,Toulouse-Ouest,P003,Pâtes 500g,Alimentaire,2025-11-26,2025-12-01,5,205,1996.8,FM Logistic,739.66,En transit,Aucun
LIV02908,Entrepôt → Magasin,E02,Lyon-Sud,E08,Nantes-Atlantique,P002,Riz 1kg,Alimentaire,2025-04-19,2025-04-20,1,982,3600.4,DHL Supply Chain,631.0,En transit,Aucun
LIV02909,Magasin → Magasin,E02,Lyon-Sud,E06,Nice-Est,P008,Smartphone,Électronique,2025-10-29,2025-11-02,4,1226,8267.4,DB Schenker,645.64,Livré,Aucun
LIV02910,Entrepôt → Magasin,E07,Bordeaux-Centre,E08,Nantes-Atlantique,P009,TV 4K,Électronique,2025-03-30,2025-04-03,4,1369,14287.5,Geodis,2848.4,Livré,Casse
LIV02911,Inter-entrepôts,E08,Nantes-Atlantique,E01,Paris-Rungis,P003,Pâtes 500g,Alimentaire,2025-02-13,2025-02-16,3,262,3055.6,DHL Supply Chain,1036.63,Retardé,Aucun
LIV02912,Inter-entrepôts,E08,Nantes-Atlantique,E02,Lyon-Sud,P002,Riz 1kg,Alimentaire,2025-08-08,2025-08-12,4,426,5335.2,DHL Supply Chain,1757.32,Livré,Aucun
LIV02913,Magasin → Magasin,E07,Bordeaux-Centre,E06,Nice-Est,P002,Riz 1kg,Alimentaire,2025-08-18,2025-08-23,5,582,254.5,Geodis,168.97,Annulé,Aucun
LIV02914,Magasin → Magasin,E02,Lyon-Sud,E03,Marseille-Port,P007,Jeans,Textile,2025-09-20,2025-09-24,4,519,3740.8,FM Logistic,403.09,Livré,Erreur quantité
LIV02915,Magasin → Magasin,E08,Nantes-Atlantique,E01,Paris-Rungis,P006,T-shirt homme,Textile,2025-09-27,2025-10-02,5,267,3060.5,XPO Logistics,1138.38,Livré,Aucun
LIV02916,Fournisseur → Entrepôt,E04,Lille-Nord,E02,Lyon-Sud,P010,Casque audio,Électronique,2025-12-17,2025-12-22,5,167,1500.6,DB Schenker,624.31,Livré,Aucun
LIV02917,Inter-entrepôts,E02,Lyon-Sud,E04,Lille-Nord,P002,Riz 1kg,Alimentaire,2025-02-11,2025-02-13,2,1458,17712.0,FM Logistic,1232.01,Livré,Aucun
LIV02918,Inter-entrepôts,E08,Nantes-Atlantique,E04,Lille-Nord,P006,T-shirt homme,Textile,2025-07-13,2025-07-16,3,401,3697.8,DHL Supply Chain,1147.53,Retardé,Aucun
LIV02919,Inter-entrepôts,E03,Marseille-Port,E05,Toulouse-Ouest,P005,Lessive,Droguerie,2025-03-24,2025-03-28,4,1362,8719.6,XPO Logistics,1520.25,Livré,Casse
LIV02920,Fournisseur → Entrepôt,E03,Marseille-Port,E05,Toulouse-Ouest,P010,Casque audio,Électronique,2025-12-12,2025-12-15,3,500,2227.4,DHL Supply Chain,831.42,Livré,Retard transporteur
LIV02921,Inter-entrepôts,E08,Nantes-Atlantique,E04,Lille-Nord,P007,Jeans,Textile,2025-05-13,2025-05-17,4,1092,11784.5,DB Schenker,2823.54,Livré,Aucun
LIV02922,Entrepôt → Magasin,E04,Lille-Nord,E01,Paris-Rungis,P001,Lait demi-écrémé,Alimentaire,2025-07-25,2025-07-29,4,815,11165.7,FM Logistic,770.48,Livré,Aucun
LIV02923,Fournisseur → Entrepôt,E06,Nice-Est,E01,Paris-Rungis,P004,Shampoing,Droguerie,2025-07-01,2025-07-05,4,23,210.1,FM Logistic,227.55,En transit,Aucun
LIV02924,Entrepôt → Magasin,E01,Paris-Rungis,E05,Toulouse-Ouest,P006,T-shirt homme,Textile,2025-10-31,2025-11-03,3,1416,451.2,DHL Supply Chain,195.39,Livré,Aucun
LIV02925,Inter-entrepôts,E04,Lille-Nord,E05,Toulouse-Ouest,P006,T-shirt homme,Textile,2025-01-12,2025-01-15,3,1303,6020.5,DHL Supply Chain,629.07,Livré,Erreur quantité
LIV02926,Fournisseur → Entrepôt,E07,Bordeaux-Centre,E06,Nice-Est,P003,Pâtes 500g,Alimentaire,2025-05-26,2025-05-27,1,779,10550.9,DB Schenker,2178.26,En transit,Aucun
LIV02927,Fournisseur → Entrepôt,E08,Nantes-Atlantique,E07,Bordeaux-Centre,P001,Lait demi-écrémé,Alimentaire,2025-03-15,2025-03-17,2,47,339.6,Geodis,145.02,Livré,Aucun
LIV02928,Magasin → Magasin,E08,Nantes-Atlantique,E03,Marseille-Port,P002,Riz 1kg,Alimentaire,2025-07-10,2025-07-15,5,798,6048.1,DHL Supply Chain,866.33,Livré,Aucun
LIV02929,Fournisseur → Entrepôt,E02,Lyon-Sud,E04,Lille-Nord,P006,T-shirt homme,Textile,2025-01-09,2025-01-13,4,689,5188.5,FM Logistic,923.99,Livré,Aucun
LIV02930,Inter-entrepôts,E02,Lyon-Sud,E04,Lille-Nord,P009,TV 4K,Électronique,2025-03-03,2025-03-08,5,817,3975.1,XPO Logistics,1270.53,Livré,Aucun
LIV02931,Magasin → Magasin,E06,Nice-Est,E03,Marseille-Port,P006,T-shirt homme,Textile,2025-02-10,2025-02-15,5,162,1745.0,XPO Logistics,518.12,Livré,Aucun
LIV02932,Magasin → Magasin,E06,Nice-Est,E07,Bordeaux-Centre,P007,Jeans,Textile,2025-09-10,2025-09-15,5,1277,3327.6,Geodis,604.29,En transit,Casse
LIV02933,Magasin → Magasin,E02,Lyon-Sud,E08,Nantes-Atlantique,P005,Lessive,Droguerie,2025-09-25,2025-09-26,1,1110,10292.0,DHL Supply Chain,3090.54,Livré,Casse
LIV02934,Entrepôt → Magasin,E05,Toulouse-Ouest,E04,Lille-Nord,P010,Casque audio,Électronique,2025-03-19,2025-03-20,1,1427,2042.2,DB Schenker,654.12,Livré,Aucun
LIV02935,Magasin → Magasin,E05,Toulouse-Ouest,E01,Paris-Rungis,P003,Pâtes 500g,Alimentaire,2025-03-30,2025-04-04,5,979,6462.7,Geodis,454.92,Livré,Aucun
LIV02936,Magasin → Magasin,E05,Toulouse-Ouest,E07,Bordeaux-Centre,P002,Riz 1kg,Alimentaire,2025-04-27,2025-05-02,5,116,467.8,FM Logistic,263.4,Livré,Aucun
LIV02937,Inter-entrepôts,E06,Nice-Est,E07,Bordeaux-Centre,P006,T-shirt homme,Textile,2025-11-21,2025-11-25,4,216,959.2,XPO Logistics,356.59,Retardé,Aucun
LIV02938,Entrepôt → Magasin,E03,Marseille-Port,E04,Lille-Nord,P010,Casque audio,Électronique,2025-06-21,2025-06-23,2,696,2402.7,DHL Supply Chain,496.54,Livré,Retard transporteur
LIV02939,Magasin → Magasin,E03,Marseille-Port,E07,Bordeaux-Centre,P001,Lait demi-écrémé,Alimentaire,2025-08-06,2025-08-11,5,678,4110.6,FM Logistic,1288.65,Livré,Retard transporteur
LIV02940,Entrepôt → Magasin,E03,Marseille-Port,E06,Nice-Est,P009,TV 4K,Électronique,2025-06-19,2025-06-22,3,150,199.1,Geodis,93.55,Livré,Aucun
LIV02941,Inter-entrepôts,E07,Bordeaux-Centre,E01,Paris-Rungis,P006,T-shirt homme,Textile,2025-07-09,2025-07-12,3,1485,3747.9,DB Schenker,1331.31,Livré,Aucun
LIV02942,Entrepôt → Magasin,E01,Paris-Rungis,E04,Lille-Nord,P006,T-shirt homme,Textile,2025-03-11,2025-03-16,5,1107,8008.3,FM Logistic,1139.43,Retardé,Aucun
LIV02943,Entrepôt → Magasin,E05,Toulouse-Ouest,E06,Nice-Est,P006,T-shirt homme,Textile,2025-03-21,2025-03-25,4,66,345.2,DB Schenker,385.33,Livré,Erreur quantité
LIV02944,Magasin → Magasin,E05,Toulouse-Ouest,E01,Paris-Rungis,P004,Shampoing,Droguerie,2025-09-06,2025-09-08,2,1155,2169.2,DHL Supply Chain,279.89,Livré,Aucun
LIV02945,Inter-entrepôts,E07,Bordeaux-Centre,E04,Lille-Nord,P009,TV 4K,Électronique,2025-01-17,2025-01-19,2,1255,6236.2,FM Logistic,915.68,En transit,Erreur quantité
LIV02946,Magasin → Magasin,E06,Nice-Est,E08,Nantes-Atlantique,P003,Pâtes 500g,Alimentaire,2025-07-30,2025-08-02,3,1011,868.5,XPO Logistics,208.38,Livré,Aucun
LIV02947,Inter-entrepôts,E01,Paris-Rungis,E07,Bordeaux-Centre,P009,TV 4K,Électronique,2025-02-15,2025-02-16,1,882,827.2,FM Logistic,505.94,Livré,Aucun
LIV02948,Fournisseur → Entrepôt,E07,Bordeaux-Centre,E01,Paris-Rungis,P004,Shampoing,Droguerie,2025-07-15,2025-07-16,1,674,8058.5,FM Logistic,662.03,Livré,Aucun
LIV02949,Inter-entrepôts,E02,Lyon-Sud,E08,Nantes-Atlantique,P003,Pâtes 500g,Alimentaire,2025-01-05,2025-01-10,5,868,12108.3,DHL Supply Chain,3650.95,Livré,Aucun
LIV02950,Magasin → Magasin,E06,Nice-Est,E04,Lille-Nord,P002,Riz 1kg,Alimentaire,2025-07-05,2025-07-08,3,686,4095.6,DB Schenker,1320.32,Livré,Aucun
LIV02951,Magasin → Magasin,E02,Lyon-Sud,E07,Bordeaux-Centre,P005,Lessive,Droguerie,2025-06-22,2025-06-26,4,1054,12638.3,FM Logistic,2813.72,Annulé,Aucun
LIV02952,Fournisseur → Entrepôt,E02,Lyon-Sud,E06,Nice-Est,P009,TV 4K,Électronique,2025-01-15,2025-01-20,5,650,5894.5,XPO Logistics,1498.77,Livré,Retard transporteur
LIV02953,Magasin → Magasin,E07,Bordeaux-Centre,E08,Nantes-Atlantique,P003,Pâtes 500g,Alimentaire,2025-12-22,2025-12-25,3,209,230.9,Geodis,280.33,Livré,Aucun
LIV02954,Inter-entrepôts,E04,Lille-Nord,E01,Paris-Rungis,P003,Pâtes 500g,Alimentaire,2025-05-22,2025-05-26,4,1001,13908.6,DHL Supply Chain,2358.13,Livré,Aucun
LIV02955,Entrepôt → Magasin,E07,Bordeaux-Centre,E03,Marseille-Port,P002,Riz 1kg,Alimentaire,2025-01-29,2025-02-03,5,119,1756.3,FM Logistic,648.22,Livré,Aucun
LIV02956,Magasin → Magasin,E08,Nantes-Atlantique,E02,Lyon-Sud,P003,Pâtes 500g,Alimentaire,2025-05-26,2025-05-31,5,703,3841.1,XPO Logistics,727.64,Livré,Aucun
LIV02957,Fournisseur → Entrepôt,E02,Lyon-Sud,E05,Toulouse-Ouest,P002,Riz 1kg,Alimentaire,2025-12-06,2025-12-07,1,118,440.0,DB Schenker,226.62,Livré,Aucun
LIV02958,Inter-entrepôts,E04,Lille-Nord,E07,Bordeaux-Centre,P005,Lessive,Droguerie,2025-10-31,2025-11-03,3,510,4844.7,FM Logistic,730.38,Livré,Aucun
LIV02959,Fournisseur → Entrepôt,E04,Lille-Nord,E06,Nice-Est,P010,Casque audio,Électronique,2025-12-19,2025-12-21,2,1048,6460.9,XPO Logistics,937.91,Livré,Casse
LIV02960,Fournisseur → Entrepôt,E02,Lyon-Sud,E01,Paris-Rungis,P006,T-shirt homme,Textile,2025-03-12,2025-03-15,3,867,3688.7,DB Schenker,427.73,Retardé,Aucun
LIV02961,Inter-entrepôts,E04,Lille-Nord,E08,Nantes-Atlantique,P001,Lait demi-écrémé,Alimentaire,2025-06-26,2025-06-29,3,134,1519.9,DHL Supply Chain,385.96,Livré,Aucun
LIV02962,Inter-entrepôts,E08,Nantes-Atlantique,E02,Lyon-Sud,P006,T-shirt homme,Textile,2025-07-28,2025-07-30,2,1289,5080.5,DB Schenker,585.19,Livré,Aucun
LIV02963,Entrepôt → Magasin,E02,Lyon-Sud,E05,Toulouse-Ouest,P008,Smartphone,Électronique,2025-03-02,2025-03-05,3,730,7769.2,DB Schenker,1394.44,Livré,Aucun
LIV02964,Inter-entrepôts,E02,Lyon-Sud,E01,Paris-Rungis,P006,T-shirt homme,Textile,2025-03-09,2025-03-10,1,1432,17110.6,XPO Logistics,3544.22,En transit,Aucun
LIV02965,Magasin → Magasin,E01,Paris-Rungis,E06,Nice-Est,P010,Casque audio,Électronique,2025-09-11,2025-09-12,1,972,3009.0,XPO Logistics,757.23,Livré,Aucun
LIV02966,Magasin → Magasin,E07,Bordeaux-Centre,E02,Lyon-Sud,P006,T-shirt homme,Textile,2025-11-01,2025-11-04,3,215,509.2,DHL Supply Chain,275.69,En transit,Aucun
LIV02967,Fournisseur → Entrepôt,E06,Nice-Est,E02,Lyon-Sud,P008,Smartphone,Électronique,2025-09-08,2025-09-09,1,1254,7664.8,DB Schenker,2375.12,Livré,Aucun
LIV02968,Entrepôt → Magasin,E07,Bordeaux-Centre,E01,Paris-Rungis,P004,Shampoing,Droguerie,2025-02-26,2025-02-28,2,140,1638.8,Geodis,616.07,Livré,Aucun
LIV02969,Fournisseur → Entrepôt,E06,Nice-Est,E08,Nantes-Atlantique,P005,Lessive,Droguerie,2025-01-30,2025-02-01,2,292,2134.4,DB Schenker,387.42,Livré,Aucun
LIV02970,Fournisseur → Entrepôt,E03,Marseille-Port,E08,Nantes-Atlantique,P003,Pâtes 500g,Alimentaire,2025-09-13,2025-09-14,1,1287,3853.6,DB Schenker,967.22,Livré,Aucun
LIV02971,Magasin → Magasin,E03,Marseille-Port,E06,Nice-Est,P008,Smartphone,Électronique,2025-09-18,2025-09-20,2,278,2688.9,FM Logistic,861.27,Livré,Aucun
LIV02972,Entrepôt → Magasin,E07,Bordeaux-Centre,E04,Lille-Nord,P001,Lait demi-écrémé,Alimentaire,2025-05-18,2025-05-19,1,1419,18536.0,XPO Logistics,4716.37,Livré,Aucun
LIV02973,Magasin → Magasin,E08,Nantes-Atlantique,E01,Paris-Rungis,P002,Riz 1kg,Alimentaire,2025-08-29,2025-08-31,2,165,2355.8,DHL Supply Chain,709.84,Livré,Aucun
LIV02974,Fournisseur → Entrepôt,E05,Toulouse-Ouest,E08,Nantes-Atlantique,P001,Lait demi-écrémé,Alimentaire,2025-02-01,2025-02-02,1,660,2658.0,XPO Logistics,994.66,Retardé,Aucun
LIV02975,Inter-entrepôts,E07,Bordeaux-Centre,E03,Marseille-Port,P010,Casque audio,Électronique,2025-04-06,2025-04-08,2,328,2230.8,Geodis,404.26,Livré,Aucun
LIV02976,Inter-entrepôts,E04,Lille-Nord,E03,Marseille-Port,P008,Smartphone,Électronique,2025-08-06,2025-08-09,3,1283,11411.7,DHL Supply Chain,1368.2,Livré,Aucun
LIV02977,Magasin → Magasin,E05,Toulouse-Ouest,E08,Nantes-Atlantique,P003,Pâtes 500g,Alimentaire,2025-03-22,2025-03-26,4,915,1123.6,DB Schenker,250.93,En transit,Aucun
LIV02978,Fournisseur → Entrepôt,E07,Bordeaux-Centre,E02,Lyon-Sud,P007,Jeans,Textile,2025-01-21,2025-01-24,3,712,2608.1,FM Logistic,1023.26,Livré,Aucun
LIV02979,Entrepôt → Magasin,E01,Paris-Rungis,E03,Marseille-Port,P005,Lessive,Droguerie,2025-08-30,2025-09-03,4,1410,19759.8,FM Logistic,2543.3,Livré,Retard transporteur
LIV02980,Fournisseur → Entrepôt,E04,Lille-Nord,E07,Bordeaux-Centre,P010,Casque audio,Électronique,2025-02-23,2025-02-24,1,153,547.7,Geodis,218.1,Livré,Aucun
LIV02981,Inter-entrepôts,E02,Lyon-Sud,E08,Nantes-Atlantique,P007,Jeans,Textile,2025-02-21,2025-02-25,4,869,2041.3,Geodis,824.58,Livré,Aucun
LIV02982,Entrepôt → Magasin,E03,Marseille-Port,E08,Nantes-Atlantique,P010,Casque audio,Électronique,2025-09-22,2025-09-24,2,457,6745.0,Geodis,710.66,En transit,Aucun
LIV02983,Entrepôt → Magasin,E01,Paris-Rungis,E05,Toulouse-Ouest,P005,Lessive,Droguerie,2025-11-09,2025-11-14,5,1133,11348.8,DB Schenker,2163.93,Livré,Aucun
LIV02984,Entrepôt → Magasin,E05,Toulouse-Ouest,E08,Nantes-Atlantique,P004,Shampoing,Droguerie,2025-10-12,2025-10-13,1,127,1049.5,DB Schenker,304.96,Livré,Aucun
LIV02985,Inter-entrepôts,E04,Lille-Nord,E05,Toulouse-Ouest,P003,Pâtes 500g,Alimentaire,2025-03-16,2025-03-18,2,503,7067.7,DB Schenker,2223.82,En transit,Aucun
LIV02986,Fournisseur → Entrepôt,E07,Bordeaux-Centre,E03,Marseille-Port,P010,Casque audio,Électronique,2025-03-15,2025-03-16,1,752,3548.5,DB Schenker,812.58,Livré,Aucun
LIV02987,Magasin → Magasin,E02,Lyon-Sud,E05,Toulouse-Ouest,P003,Pâtes 500g,Alimentaire,2025-12-05,2025-12-10,5,1406,1598.7,XPO Logistics,441.3,Livré,Aucun
LIV02988,Inter-entrepôts,E03,Marseille-Port,E01,Paris-Rungis,P010,Casque audio,Électronique,2025-11-10,2025-11-14,4,865,2120.5,Geodis,899.49,Livré,Aucun
LIV02989,Entrepôt → Magasin,E03,Marseille-Port,E08,Nantes-Atlantique,P001,Lait demi-écrémé,Alimentaire,2025-01-07,2025-01-12,5,592,575.7,DHL Supply Chain,358.28,Livré,Aucun
LIV02990,Inter-entrepôts,E05,Toulouse-Ouest,E06,Nice-Est,P006,T-shirt homme,Textile,2025-10-31,2025-11-05,5,468,6209.2,DHL Supply Chain,1348.19,Livré,Aucun
LIV02991,Inter-entrepôts,E05,Toulouse-Ouest,E01,Paris-Rungis,P006,T-shirt homme,Textile,2025-04-30,2025-05-05,5,820,11220.1,XPO Logistics,3489.37,Livré,Aucun
LIV02992,Magasin → Magasin,E04,Lille-Nord,E05,Toulouse-Ouest,P010,Casque audio,Électronique,2025-07-27,2025-07-31,4,299,2531.1,FM Logistic,303.52,En transit,Aucun
LIV02993,Fournisseur → Entrepôt,E07,Bordeaux-Centre,E06,Nice-Est,P006,T-shirt homme,Textile,2025-01-17,2025-01-18,1,391,1227.6,FM Logistic,346.24,Retardé,Aucun
LIV02994,Fournisseur → Entrepôt,E08,Nantes-Atlantique,E01,Paris-Rungis,P009,TV 4K,Électronique,2025-04-23,2025-04-26,3,109,729.2,DB Schenker,311.13,Livré,Aucun
LIV02995,Entrepôt → Magasin,E05,Toulouse-Ouest,E06,Nice-Est,P008,Smartphone,Électronique,2025-09-08,2025-09-12,4,1307,6027.1,DHL Supply Chain,1351.88,Livré,Aucun
LIV02996,Entrepôt → Magasin,E01,Paris-Rungis,E06,Nice-Est,P004,Shampoing,Droguerie,2025-03-27,2025-03-28,1,908,8259.8,DB Schenker,1232.91,En transit,Aucun
LIV02997,Fournisseur → Entrepôt,E03,Marseille-Port,E08,Nantes-Atlantique,P006,T-shirt homme,Textile,2025-12-30,2026-01-01,2,1240,17968.7,DB Schenker,3953.43,Retardé,Aucun
LIV02998,Entrepôt → Magasin,E01,Paris-Rungis,E08,Nantes-Atlantique,P004,Shampoing,Droguerie,2025-01-27,2025-02-01,5,1189,12398.0,Geodis,2164.43,Livré,Retard transporteur
LIV02999,Inter-entrepôts,E08,Nantes-Atlantique,E05,Toulouse-Ouest,P008,Smartphone,Électronique,2025-01-29,2025-01-31,2,521,1176.8,XPO Logistics,551.25,Livré,Casse
LIV03000,Magasin → Magasin,E04,Lille-Nord,E01,Paris-Rungis,P004,Shampoing,Droguerie,2025-12-28,2026-01-02,5,267,2085.4,XPO Logistics,517.73,Livré,Erreur quantité
LIV03001,Magasin → Magasin,E01,Paris-Rungis,E04,Lille-Nord,P009,TV 4K,Électronique,2025-12-17,2025-12-22,5,1097,8725.0,DHL Supply Chain,1047.0,Livré,Aucun
LIV03002,Fournisseur → Entrepôt,E01,Paris-Rungis,E05,Toulouse-Ouest,P001,Lait demi-écrémé,Alimentaire,2025-12-19,2025-12-24,5,611,6598.6,Geodis,1384.26,Livré,Aucun
LIV03003,Magasin → Magasin,E06,Nice-Est,E01,Paris-Rungis,P004,Shampoing,Droguerie,2025-02-13,2025-02-18,5,259,3450.4,Geodis,601.41,Livré,Aucun
LIV03004,Magasin → Magasin,E05,Toulouse-Ouest,E04,Lille-Nord,P009,TV 4K,Électronique,2025-07-19,2025-07-21,2,1113,16280.8,DHL Supply Chain,2280.26,Livré,Erreur quantité
LIV03005,Entrepôt → Magasin,E03,Marseille-Port,E05,Toulouse-Ouest,P008,Smartphone,Électronique,2025-11-04,2025-11-07,3,1279,2685.1,FM Logistic,682.12,Livré,Aucun
LIV03006,Inter-entrepôts,E04,Lille-Nord,E06,Nice-Est,P002,Riz 1kg,Alimentaire,2025-07-29,2025-07-31,2,998,803.8,DB Schenker,286.94,Livré,Aucun
LIV03007,Magasin → Magasin,E03,Marseille-Port,E02,Lyon-Sud,P004,Shampoing,Droguerie,2025-04-16,2025-04-21,5,1390,5252.4,XPO Logistics,884.57,Livré,Aucun
LIV03008,Fournisseur → Entrepôt,E08,Nantes-Atlantique,E07,Bordeaux-Centre,P001,Lait demi-écrémé,Alimentaire,2025-12-05,2025-12-10,5,1367,5517.3,DHL Supply Chain,1572.23,Retardé,Aucun
LIV03009,Fournisseur → Entrepôt,E06,Nice-Est,E03,Marseille-Port,P003,Pâtes 500g,Alimentaire,2025-11-03,2025-11-04,1,1310,547.7,DHL Supply Chain,342.4,Livré,Erreur quantité
LIV03010,Entrepôt → Magasin,E04,Lille-Nord,E06,Nice-Est,P003,Pâtes 500g,Alimentaire,2025-12-04,2025-12-06,2,861,3322.7,XPO Logistics,1054.38,Livré,Aucun
LIV03011,Magasin → Magasin,E02,Lyon-Sud,E08,Nantes-Atlantique,P007,Jeans,Textile,2025-05-14,2025-05-16,2,1499,13813.9,DHL Supply Chain,3532.79,Livré,Casse
LIV03012,Entrepôt → Magasin,E03,Marseille-Port,E02,Lyon-Sud,P004,Shampoing,Droguerie,2025-03-02,2025-03-06,4,69,858.5,DB Schenker,282.23,Livré,Aucun
LIV03013,Magasin → Magasin,E04,Lille-Nord,E07,Bordeaux-Centre,P002,Riz 1kg,Alimentaire,2025-02-14,2025-02-17,3,54,697.9,Geodis,299.15,Annulé,Erreur quantité
LIV03014,Fournisseur → Entrepôt,E01,Paris-Rungis,E03,Marseille-Port,P008,Smartphone,Électronique,2025-07-31,2025-08-01,1,965,12944.2,FM Logistic,2488.91,En transit,Casse
LIV03015,Inter-entrepôts,E04,Lille-Nord,E02,Lyon-Sud,P004,Shampoing,Droguerie,2025-05-22,2025-05-25,3,535,1242.1,DHL Supply Chain,340.75,Livré,Aucun
LIV03016,Magasin → Magasin,E02,Lyon-Sud,E05,Toulouse-Ouest,P003,Pâtes 500g,Alimentaire,2025-02-27,2025-03-02,3,337,2454.8,DHL Supply Chain,503.51,Livré,Aucun
LIV03017,Inter-entrepôts,E02,Lyon-Sud,E07,Bordeaux-Centre,P005,Lessive,Droguerie,2025-03-03,2025-03-07,4,457,5948.2,Geodis,464.02,Livré,Aucun
LIV03018,Magasin → Magasin,E02,Lyon-Sud,E01,Paris-Rungis,P005,Lessive,Droguerie,2025-02-05,2025-02-06,1,808,11624.7,FM Logistic,1803.4,Livré,Aucun
LIV03019,Fournisseur → Entrepôt,E02,Lyon-Sud,E07,Bordeaux-Centre,P003,Pâtes 500g,Alimentaire,2025-05-19,2025-05-22,3,745,1586.2,DHL Supply Chain,316.82,En transit,Aucun
LIV03020,Entrepôt → Magasin,E03,Marseille-Port,E02,Lyon-Sud,P009,TV 4K,Électronique,2025-12-09,2025-12-13,4,1255,15318.1,XPO Logistics,4164.8,Livré,Aucun
LIV03021,Magasin → Magasin,E08,Nantes-Atlantique,E04,Lille-Nord,P001,Lait demi-écrémé,Alimentaire,2025-11-02,2025-11-07,5,1173,14487.7,Geodis,1586.69,Livré,Aucun
LIV03022,Magasin → Magasin,E01,Paris-Rungis,E02,Lyon-Sud,P004,Shampoing,Droguerie,2025-12-29,2026-01-01,3,1035,8427.9,DB Schenker,702.94,Livré,Casse
LIV03023,Inter-entrepôts,E05,Toulouse-Ouest,E06,Nice-Est,P010,Casque audio,Électronique,2025-11-13,2025-11-15,2,12,158.0,Geodis,108.65,Livré,Aucun
LIV03024,Entrepôt → Magasin,E05,Toulouse-Ouest,E08,Nantes-Atlantique,P002,Riz 1kg,Alimentaire,2025-02-23,2025-02-25,2,144,1441.5,DHL Supply Chain,273.31,Livré,Aucun
LIV03025,Entrepôt → Magasin,E01,Paris-Rungis,E07,Bordeaux-Centre,P003,Pâtes 500g,Alimentaire,2025-10-20,2025-10-24,4,975,4126.1,XPO Logistics,864.01,Livré,Aucun
LIV03026,Fournisseur → Entrepôt,E04,Lille-Nord,E01,Paris-Rungis,P007,Jeans,Textile,2025-04-30,2025-05-05,5,450,4735.7,Geodis,705.47,Livré,Aucun
LIV03027,Fournisseur → Entrepôt,E08,Nantes-Atlantique,E03,Marseille-Port,P008,Smartphone,Électronique,2025-02-12,2025-02-16,4,916,1718.4,XPO Logistics,352.51,Livré,Aucun
LIV03028,Inter-entrepôts,E03,Marseille-Port,E07,Bordeaux-Centre,P005,Lessive,Droguerie,2025-07-20,2025-07-25,5,801,2980.5,FM Logistic,1037.56,Livré,Casse
LIV03029,Magasin → Magasin,E01,Paris-Rungis,E06,Nice-Est,P010,Casque audio,Électronique,2025-04-11,2025-04-13,2,804,2631.0,DB Schenker,460.43,Livré,Aucun
LIV03030,Inter-entrepôts,E05,Toulouse-Ouest,E01,Paris-Rungis,P002,Riz 1kg,Alimentaire,2025-06-27,2025-06-29,2,153,1059.1,FM Logistic,185.44,Livré,Aucun
LIV03031,Magasin → Magasin,E04,Lille-Nord,E07,Bordeaux-Centre,P004,Shampoing,Droguerie,2025-12-22,2025-12-24,2,593,7057.0,FM Logistic,741.64,Livré,Casse
LIV03032,Magasin → Magasin,E08,Nantes-Atlantique,E07,Bordeaux-Centre,P004,Shampoing,Droguerie,2025-11-11,2025-11-12,1,398,722.9,FM Logistic,267.61,Livré,Aucun
LIV03033,Fournisseur → Entrepôt,E05,Toulouse-Ouest,E01,Paris-Rungis,P008,Smartphone,Électronique,2025-05-04,2025-05-07,3,478,726.1,DHL Supply Chain,322.81,Livré,Aucun
LIV03034,Inter-entrepôts,E05,Toulouse-Ouest,E04,Lille-Nord,P010,Casque audio,Électronique,2025-09-22,2025-09-26,4,1458,10323.8,DB Schenker,2537.57,Livré,Aucun
LIV03035,Fournisseur → Entrepôt,E03,Marseille-Port,E07,Bordeaux-Centre,P003,Pâtes 500g,Alimentaire,2025-12-05,2025-12-09,4,91,857.3,XPO Logistics,501.3,Livré,Aucun
LIV03036,Entrepôt → Magasin,E01,Paris-Rungis,E07,Bordeaux-Centre,P006,T-shirt homme,Textile,2025-12-22,2025-12-24,2,859,10083.0,DHL Supply Chain,2776.45,Livré,Aucun
LIV03037,Fournisseur → Entrepôt,E04,Lille-Nord,E03,Marseille-Port,P004,Shampoing,Droguerie,2025-10-06,2025-10-08,2,75,135.3,FM Logistic,175.9,Livré,Aucun
LIV03038,Fournisseur → Entrepôt,E05,Toulouse-Ouest,E07,Bordeaux-Centre,P002,Riz 1kg,Alimentaire,2025-02-05,2025-02-08,3,462,4428.4,DHL Supply Chain,1369.0,Livré,Aucun
LIV03039,Inter-entrepôts,E07,Bordeaux-Centre,E04,Lille-Nord,P003,Pâtes 500g,Alimentaire,2025-01-27,2025-01-31,4,1332,16133.3,DHL Supply Chain,4557.63,Livré,Retard transporteur
LIV03040,Entrepôt → Magasin,E07,Bordeaux-Centre,E04,Lille-Nord,P005,Lessive,Droguerie,2025-07-06,2025-07-07,1,938,1174.7,DHL Supply Chain,299.07,En transit,Aucun
LIV03041,Fournisseur → Entrepôt,E06,Nice-Est,E03,Marseille-Port,P008,Smartphone,Électronique,2025-06-23,2025-06-27,4,845,11312.9,Geodis,2096.79,En transit,Retard transporteur
LIV03042,Fournisseur → Entrepôt,E07,Bordeaux-Centre,E08,Nantes-Atlantique,P006,T-shirt homme,Textile,2025-12-18,2025-12-21,3,718,10097.6,DB Schenker,843.68,Livré,Aucun
LIV03043,Inter-entrepôts,E04,Lille-Nord,E06,Nice-Est,P008,Smartphone,Électronique,2025-03-22,2025-03-26,4,29,211.4,XPO Logistics,259.85,Livré,Aucun
LIV03044,Fournisseur → Entrepôt,E03,Marseille-Port,E02,Lyon-Sud,P009,TV 4K,Électronique,2025-06-03,2025-06-06,3,1144,15509.8,DHL Supply Chain,1499.68,Livré,Aucun
LIV03045,Entrepôt → Magasin,E01,Paris-Rungis,E05,Toulouse-Ouest,P004,Shampoing,Droguerie,2025-09-07,2025-09-12,5,164,1711.0,XPO Logistics,679.75,Livré,Aucun
LIV03046,Inter-entrepôts,E06,Nice-Est,E08,Nantes-Atlantique,P005,Lessive,Droguerie,2025-04-08,2025-04-11,3,1295,6731.5,DB Schenker,1860.21,Livré,Retard transporteur
LIV03047,Entrepôt → Magasin,E04,Lille-Nord,E08,Nantes-Atlantique,P009,TV 4K,Électronique,2025-05-15,2025-05-16,1,763,6427.7,Geodis,1418.54,Livré,Aucun
LIV03048,Inter-entrepôts,E02,Lyon-Sud,E06,Nice-Est,P008,Smartphone,Électronique,2025-04-23,2025-04-25,2,487,5442.5,XPO Logistics,908.34,Livré,Aucun
LIV03049,Inter-entrepôts,E04,Lille-Nord,E03,Marseille-Port,P005,Lessive,Droguerie,2025-01-14,2025-01-17,3,1170,13428.7,FM Logistic,3404.49,Retardé,Aucun
LIV03050,Inter-entrepôts,E04,Lille-Nord,E02,Lyon-Sud,P004,Shampoing,Droguerie,2025-08-17,2025-08-22,5,1006,3325.7,FM Logistic,845.23,Livré,Aucun
LIV03051,Inter-entrepôts,E06,Nice-Est,E05,Toulouse-Ouest,P009,TV 4K,Électronique,2025-02-04,2025-02-07,3,1069,8747.5,DHL Supply Chain,1348.52,Livré,Aucun
LIV03052,Fournisseur → Entrepôt,E07,Bordeaux-Centre,E03,Marseille-Port,P003,Pâtes 500g,Alimentaire,2025-04-04,2025-04-08,4,417,445.8,FM Logistic,216.42,Livré,Aucun
LIV03053,Magasin → Magasin,E01,Paris-Rungis,E04,Lille-Nord,P003,Pâtes 500g,Alimentaire,2025-09-29,2025-09-30,1,565,7867.9,DB Schenker,1750.17,Livré,Aucun
LIV03054,Fournisseur → Entrepôt,E08,Nantes-Atlantique,E04,Lille-Nord,P004,Shampoing,Droguerie,2025-04-11,2025-04-15,4,1010,11766.3,DHL Supply Chain,2381.6,Livré,Aucun
LIV03055,Entrepôt → Magasin,E02,Lyon-Sud,E03,Marseille-Port,P001,Lait demi-écrémé,Alimentaire,2025-04-12,2025-04-16,4,890,11530.8,DHL Supply Chain,3416.25,Livré,Aucun
LIV03056,Magasin → Magasin,E01,Paris-Rungis,E08,Nantes-Atlantique,P006,T-shirt homme,Textile,2025-08-22,2025-08-27,5,1391,9573.9,Geodis,893.35,Livré,Aucun
LIV03057,Inter-entrepôts,E07,Bordeaux-Centre,E02,Lyon-Sud,P003,Pâtes 500g,Alimentaire,2025-06-12,2025-06-15,3,1005,7988.5,Geodis,733.86,Livré,Aucun
LIV03058,Entrepôt → Magasin,E04,Lille-Nord,E08,Nantes-Atlantique,P009,TV 4K,Électronique,2025-09-18,2025-09-22,4,1272,12361.2,DHL Supply Chain,3111.87,Livré,Aucun
LIV03059,Entrepôt → Magasin,E05,Toulouse-Ouest,E01,Paris-Rungis,P010,Casque audio,Électronique,2025-06-14,2025-06-18,4,336,3896.1,DB Schenker,433.98,Livré,Aucun
LIV03060,Fournisseur → Entrepôt,E04,Lille-Nord,E07,Bordeaux-Centre,P007,Jeans,Textile,2025-10-18,2025-10-23,5,1363,1892.3,Geodis,397.86,Livré,Retard transporteur
LIV03061,Fournisseur → Entrepôt,E04,Lille-Nord,E03,Marseille-Port,P008,Smartphone,Électronique,2025-05-27,2025-06-01,5,384,5180.6,Geodis,1340.21,Livré,Aucun
LIV03062,Entrepôt → Magasin,E08,Nantes-Atlantique,E06,Nice-Est,P010,Casque audio,Électronique,2025-10-26,2025-10-28,2,563,3099.4,DHL Supply Chain,699.33,Livré,Aucun
LIV03063,Inter-entrepôts,E07,Bordeaux-Centre,E04,Lille-Nord,P005,Lessive,Droguerie,2025-12-06,2025-12-09,3,520,5752.4,Geodis,1254.79,Livré,Aucun
LIV03064,Magasin → Magasin,E01,Paris-Rungis,E07,Bordeaux-Centre,P003,Pâtes 500g,Alimentaire,2025-09-04,2025-09-05,1,659,1999.6,XPO Logistics,278.17,En transit,Aucun
LIV03065,Magasin → Magasin,E04,Lille-Nord,E08,Nantes-Atlantique,P009,TV 4K,Électronique,2025-08-05,2025-08-06,1,968,1858.8,DB Schenker,452.34,Annulé,Retard transporteur
LIV03066,Entrepôt → Magasin,E08,Nantes-Atlantique,E05,Toulouse-Ouest,P002,Riz 1kg,Alimentaire,2025-01-15,2025-01-18,3,324,1516.9,FM Logistic,501.22,Livré,Casse
LIV03067,Inter-entrepôts,E06,Nice-Est,E03,Marseille-Port,P003,Pâtes 500g,Alimentaire,2025-02-06,2025-02-07,1,1452,19103.2,DHL Supply Chain,5374.85,Livré,Aucun
LIV03068,Entrepôt → Magasin,E05,Toulouse-Ouest,E03,Marseille-Port,P005,Lessive,Droguerie,2025-01-12,2025-01-13,1,683,4800.6,DB Schenker,1124.04,Livré,Aucun
LIV03069,Inter-entrepôts,E03,Marseille-Port,E05,Toulouse-Ouest,P010,Casque audio,Électronique,2025-02-13,2025-02-14,1,36,369.9,XPO Logistics,184.45,Retardé,Aucun
LIV03070,Entrepôt → Magasin,E03,Marseille-Port,E07,Bordeaux-Centre,P001,Lait demi-écrémé,Alimentaire,2025-01-14,2025-01-18,4,1110,12554.1,XPO Logistics,3322.3,Livré,Aucun
LIV03071,Entrepôt → Magasin,E05,Toulouse-Ouest,E02,Lyon-Sud,P003,Pâtes 500g,Alimentaire,2025-05-23,2025-05-27,4,29,120.2,Geodis,317.01,Livré,Erreur quantité
LIV03072,Entrepôt → Magasin,E04,Lille-Nord,E05,Toulouse-Ouest,P008,Smartphone,Électronique,2025-03-12,2025-03-15,3,698,414.8,DB Schenker,169.75,Livré,Aucun
LIV03073,Magasin → Magasin,E06,Nice-Est,E02,Lyon-Sud,P002,Riz 1kg,Alimentaire,2025-10-19,2025-10-21,2,337,1999.3,XPO Logistics,464.05,Livré,Aucun
LIV03074,Entrepôt → Magasin,E03,Marseille-Port,E01,Paris-Rungis,P010,Casque audio,Électronique,2025-09-08,2025-09-12,4,1347,7167.0,DHL Supply Chain,1496.99,Livré,Aucun
LIV03075,Magasin → Magasin,E03,Marseille-Port,E01,Paris-Rungis,P009,TV 4K,Électronique,2025-11-01,2025-11-03,2,946,8332.9,DB Schenker,1545.5,Livré,Aucun
LIV03076,Entrepôt → Magasin,E08,Nantes-Atlantique,E03,Marseille-Port,P003,Pâtes 500g,Alimentaire,2025-07-25,2025-07-30,5,1289,553.7,DHL Supply Chain,154.86,Livré,Aucun
LIV03077,Fournisseur → Entrepôt,E01,Paris-Rungis,E03,Marseille-Port,P002,Riz 1kg,Alimentaire,2025-08-03,2025-08-08,5,260,1445.1,FM Logistic,298.46,Livré,Aucun
LIV03078,Magasin → Magasin,E01,Paris-Rungis,E02,Lyon-Sud,P003,Pâtes 500g,Alimentaire,2025-01-14,2025-01-15,1,440,3794.3,DHL Supply Chain,1284.51,Retardé,Aucun
LIV03079,Entrepôt → Magasin,E05,Toulouse-Ouest,E04,Lille-Nord,P007,Jeans,Textile,2025-06-23,2025-06-28,5,690,3217.4,DB Schenker,1200.69,Livré,Aucun
LIV03080,Entrepôt → Magasin,E04,Lille-Nord,E08,Nantes-Atlantique,P008,Smartphone,Électronique,2025-03-25,2025-03-26,1,1184,3922.5,DB Schenker,570.19,En transit,Aucun
LIV03081,Inter-entrepôts,E07,Bordeaux-Centre,E01,Paris-Rungis,P005,Lessive,Droguerie,2025-08-03,2025-08-05,2,124,1517.4,XPO Logistics,392.64,Livré,Aucun
LIV03082,Entrepôt → Magasin,E06,Nice-Est,E08,Nantes-Atlantique,P007,Jeans,Textile,2025-04-29,2025-05-02,3,417,6145.4,DB Schenker,1832.79,En transit,Aucun
LIV03083,Inter-entrepôts,E04,Lille-Nord,E06,Nice-Est,P002,Riz 1kg,Alimentaire,2025-06-25,2025-06-28,3,979,4713.1,DB Schenker,575.47,Livré,Aucun
LIV03084,Magasin → Magasin,E06,Nice-Est,E03,Marseille-Port,P004,Shampoing,Droguerie,2025-09-28,2025-09-30,2,752,570.9,FM Logistic,382.13,Livré,Aucun
LIV03085,Entrepôt → Magasin,E08,Nantes-Atlantique,E06,Nice-Est,P005,Lessive,Droguerie,2025-05-09,2025-05-11,2,271,2356.4,XPO Logistics,675.36,Livré,Retard transporteur
LIV03086,Inter-entrepôts,E02,Lyon-Sud,E08,Nantes-Atlantique,P003,Pâtes 500g,Alimentaire,2025-05-01,2025-05-05,4,1354,570.3,FM Logistic,269.93,Livré,Aucun
LIV03087,Magasin → Magasin,E01,Paris-Rungis,E07,Bordeaux-Centre,P003,Pâtes 500g,Alimentaire,2025-12-12,2025-12-16,4,72,82.9,FM Logistic,76.73,En transit,Aucun
LIV03088,Fournisseur → Entrepôt,E02,Lyon-Sud,E01,Paris-Rungis,P007,Jeans,Textile,2025-10-26,2025-10-30,4,980,10190.7,XPO Logistics,1783.54,Livré,Aucun
LIV03089,Magasin → Magasin,E08,Nantes-Atlantique,E02,Lyon-Sud,P007,Jeans,Textile,2025-06-01,2025-06-03,2,248,1686.6,XPO Logistics,522.71,En transit,Aucun
LIV03090,Entrepôt → Magasin,E05,Toulouse-Ouest,E07,Bordeaux-Centre,P004,Shampoing,Droguerie,2025-07-22,2025-07-27,5,193,1303.4,Geodis,595.52,Livré,Aucun
LIV03091,Magasin → Magasin,E02,Lyon-Sud,E06,Nice-Est,P002,Riz 1kg,Alimentaire,2025-09-25,2025-09-26,1,1184,15660.1,DHL Supply Chain,1358.65,Livré,Aucun
LIV03092,Fournisseur → Entrepôt,E04,Lille-Nord,E05,Toulouse-Ouest,P001,Lait demi-écrémé,Alimentaire,2025-01-13,2025-01-16,3,237,3265.3,FM Logistic,404.85,En transit,Aucun
LIV03093,Magasin → Magasin,E05,Toulouse-Ouest,E01,Paris-Rungis,P002,Riz 1kg,Alimentaire,2025-07-20,2025-07-25,5,267,2006.3,Geodis,538.31,Livré,Aucun
LIV03094,Inter-entrepôts,E07,Bordeaux-Centre,E06,Nice-Est,P005,Lessive,Droguerie,2025-10-25,2025-10-26,1,509,3383.7,XPO Logistics,514.96,Livré,Aucun
LIV03095,Inter-entrepôts,E02,Lyon-Sud,E06,Nice-Est,P001,Lait demi-écrémé,Alimentaire,2025-02-08,2025-02-09,1,180,1488.7,DB Schenker,549.61,Livré,Aucun
LIV03096,Fournisseur → Entrepôt,E08,Nantes-Atlantique,E07,Bordeaux-Centre,P001,Lait demi-écrémé,Alimentaire,2025-04-23,2025-04-28,5,185,1946.3,Geodis,510.08,Livré,Aucun
LIV03097,Magasin → Magasin,E03,Marseille-Port,E02,Lyon-Sud,P003,Pâtes 500g,Alimentaire,2025-09-27,2025-09-30,3,425,1593.9,DHL Supply Chain,421.51,Livré,Aucun
LIV03098,Magasin → Magasin,E03,Marseille-Port,E08,Nantes-Atlantique,P001,Lait demi-écrémé,Alimentaire,2025-12-26,2025-12-30,4,351,2096.3,DB Schenker,595.31,Livré,Retard transporteur
LIV03099,Fournisseur → Entrepôt,E03,Marseille-Port,E07,Bordeaux-Centre,P002,Riz 1kg,Alimentaire,2025-09-24,2025-09-28,4,300,1719.3,FM Logistic,626.54,Livré,Aucun
LIV03100,Magasin → Magasin,E05,Toulouse-Ouest,E02,Lyon-Sud,P003,Pâtes 500g,Alimentaire,2025-05-11,2025-05-13,2,608,5415.4,DHL Supply Chain,1357.04,Livré,Aucun
LIV03101,Inter-entrepôts,E07,Bordeaux-Centre,E02,Lyon-Sud,P005,Lessive,Droguerie,2025-05-11,2025-05-14,3,1158,3927.2,DB Schenker,719.69,En transit,Erreur quantité
LIV03102,Magasin → Magasin,E01,Paris-Rungis,E02,Lyon-Sud,P010,Casque audio,Électronique,2025-04-26,2025-04-30,4,1014,12001.4,DHL Supply Chain,1254.73,Livré,Aucun
LIV03103,Magasin → Magasin,E01,Paris-Rungis,E08,Nantes-Atlantique,P008,Smartphone,Électronique,2025-04-10,2025-04-13,3,703,7410.9,DHL Supply Chain,1915.6,Livré,Aucun
LIV03104,Entrepôt → Magasin,E07,Bordeaux-Centre,E03,Marseille-Port,P006,T-shirt homme,Textile,2025-01-20,2025-01-22,2,885,4212.0,DB Schenker,452.3,Livré,Aucun
LIV03105,Inter-entrepôts,E01,Paris-Rungis,E03,Marseille-Port,P001,Lait demi-écrémé,Alimentaire,2025-08-17,2025-08-21,4,743,11030.3,Geodis,2422.68,En transit,Aucun
LIV03106,Inter-entrepôts,E05,Toulouse-Ouest,E02,Lyon-Sud,P005,Lessive,Droguerie,2025-12-21,2025-12-24,3,959,13509.6,FM Logistic,2402.9,Livré,Aucun
LIV03107,Magasin → Magasin,E07,Bordeaux-Centre,E06,Nice-Est,P004,Shampoing,Droguerie,2025-08-17,2025-08-22,5,885,1822.6,FM Logistic,581.94,Livré,Aucun
LIV03108,Magasin → Magasin,E08,Nantes-Atlantique,E07,Bordeaux-Centre,P007,Jeans,Textile,2025-09-04,2025-09-07,3,126,505.6,FM Logistic,320.98,Livré,Casse
LIV03109,Inter-entrepôts,E06,Nice-Est,E08,Nantes-Atlantique,P002,Riz 1kg,Alimentaire,2025-11-06,2025-11-07,1,187,1009.8,FM Logistic,280.52,En transit,Erreur quantité
LIV03110,Inter-entrepôts,E08,Nantes-Atlantique,E06,Nice-Est,P009,TV 4K,Électronique,2025-03-05,2025-03-07,2,839,2024.9,DHL Supply Chain,498.79,Livré,Aucun
LIV03111,Inter-entrepôts,E04,Lille-Nord,E06,Nice-Est,P004,Shampoing,Droguerie,2025-10-26,2025-10-29,3,120,302.3,DHL Supply Chain,276.94,Retardé,Erreur quantité
LIV03112,Inter-entrepôts,E02,Lyon-Sud,E04,Lille-Nord,P002,Riz 1kg,Alimentaire,2025-04-27,2025-04-30,3,79,247.8,DB Schenker,227.09,Retardé,Aucun
LIV03113,Entrepôt → Magasin,E03,Marseille-Port,E01,Paris-Rungis,P002,Riz 1kg,Alimentaire,2025-02-07,2025-02-12,5,59,351.5,XPO Logistics,208.51,Livré,Aucun
LIV03114,Magasin → Magasin,E05,Toulouse-Ouest,E04,Lille-Nord,P007,Jeans,Textile,2025-03-04,2025-03-05,1,694,3699.9,XPO Logistics,1060.18,Livré,Aucun
LIV03115,Fournisseur → Entrepôt,E01,Paris-Rungis,E02,Lyon-Sud,P009,TV 4K,Électronique,2025-02-26,2025-02-27,1,137,759.0,DHL Supply Chain,156.73,Livré,Retard transporteur
LIV03116,Magasin → Magasin,E08,Nantes-Atlantique,E05,Toulouse-Ouest,P007,Jeans,Textile,2025-12-26,2025-12-27,1,1267,10283.1,XPO Logistics,2614.48,Livré,Aucun
LIV03117,Magasin → Magasin,E04,Lille-Nord,E02,Lyon-Sud,P002,Riz 1kg,Alimentaire,2025-01-24,2025-01-28,4,1298,16171.9,DHL Supply Chain,2635.44,Livré,Aucun
LIV03118,Magasin → Magasin,E04,Lille-Nord,E07,Bordeaux-Centre,P006,T-shirt homme,Textile,2025-05-07,2025-05-09,2,1193,7538.5,DB Schenker,802.09,Livré,Aucun
LIV03119,Magasin → Magasin,E01,Paris-Rungis,E03,Marseille-Port,P008,Smartphone,Électronique,2025-03-13,2025-03-14,1,1267,11729.2,Geodis,2726.12,Retardé,Aucun
LIV03120,Magasin → Magasin,E06,Nice-Est,E03,Marseille-Port,P005,Lessive,Droguerie,2025-07-24,2025-07-28,4,1480,1669.0,Geodis,341.32,Livré,Aucun
LIV03121,Inter-entrepôts,E01,Paris-Rungis,E06,Nice-Est,P008,Smartphone,Électronique,2025-01-17,2025-01-19,2,571,1008.5,Geodis,381.19,Livré,Aucun
LIV03122,Entrepôt → Magasin,E01,Paris-Rungis,E06,Nice-Est,P004,Shampoing,Droguerie,2025-01-28,2025-01-29,1,770,2425.9,FM Logistic,796.25,Livré,Aucun
LIV03123,Entrepôt → Magasin,E01,Paris-Rungis,E08,Nantes-Atlantique,P006,T-shirt homme,Textile,2025-07-29,2025-07-30,1,1052,8554.7,FM Logistic,1029.34,Livré,Aucun
LIV03124,Magasin → Magasin,E03,Marseille-Port,E08,Nantes-Atlantique,P009,TV 4K,Électronique,2025-06-09,2025-06-10,1,1236,5123.2,FM Logistic,965.13,Livré,Aucun
LIV03125,Inter-entrepôts,E04,Lille-Nord,E02,Lyon-Sud,P002,Riz 1kg,Alimentaire,2025-10-05,2025-10-07,2,1180,5949.2,FM Logistic,1099.94,En transit,Aucun
LIV03126,Inter-entrepôts,E04,Lille-Nord,E03,Marseille-Port,P007,Jeans,Textile,2025-03-06,2025-03-09,3,240,2218.0,FM Logistic,432.69,Livré,Aucun
LIV03127,Inter-entrepôts,E08,Nantes-Atlantique,E05,Toulouse-Ouest,P007,Jeans,Textile,2025-11-13,2025-11-18,5,1331,7558.6,DHL Supply Chain,1577.13,Livré,Retard transporteur
LIV03128,Inter-entrepôts,E08,Nantes-Atlantique,E06,Nice-Est,P010,Casque audio,Électronique,2025-11-10,2025-11-13,3,794,6476.1,FM Logistic,1864.84,Livré,Aucun
LIV03129,Magasin → Magasin,E07,Bordeaux-Centre,E03,Marseille-Port,P003,Pâtes 500g,Alimentaire,2025-03-02,2025-03-06,4,457,6761.9,DHL Supply Chain,1545.98,Livré,Erreur quantité
LIV03130,Fournisseur → Entrepôt,E01,Paris-Rungis,E02,Lyon-Sud,P001,Lait demi-écrémé,Alimentaire,2025-06-18,2025-06-19,1,1340,2230.1,DB Schenker,551.56,Livré,Retard transporteur
LIV03131,Entrepôt → Magasin,E01,Paris-Rungis,E03,Marseille-Port,P003,Pâtes 500g,Alimentaire,2025-01-26,2025-01-29,3,1104,4214.8,FM Logistic,1116.03,Livré,Aucun
LIV03132,Entrepôt → Magasin,E04,Lille-Nord,E03,Marseille-Port,P003,Pâtes 500g,Alimentaire,2025-07-12,2025-07-14,2,1497,21892.3,DHL Supply Chain,2711.7,Retardé,Aucun
LIV03133,Entrepôt → Magasin,E07,Bordeaux-Centre,E06,Nice-Est,P008,Smartphone,Électronique,2025-01-19,2025-01-23,4,307,1744.5,FM Logistic,293.85,En transit,Aucun
LIV03134,Inter-entrepôts,E07,Bordeaux-Centre,E01,Paris-Rungis,P002,Riz 1kg,Alimentaire,2025-11-13,2025-11-18,5,1461,20745.6,DHL Supply Chain,4327.49,Livré,Aucun
LIV03135,Inter-entrepôts,E03,Marseille-Port,E02,Lyon-Sud,P003,Pâtes 500g,Alimentaire,2025-04-10,2025-04-14,4,1014,10636.8,Geodis,1394.61,Livré,Aucun
LIV03136,Entrepôt → Magasin,E08,Nantes-Atlantique,E02,Lyon-Sud,P002,Riz 1kg,Alimentaire,2025-02-05,2025-02-06,1,358,226.3,XPO Logistics,320.56,Livré,Aucun
LIV03137,Entrepôt → Magasin,E08,Nantes-Atlantique,E03,Marseille-Port,P002,Riz 1kg,Alimentaire,2025-11-13,2025-11-18,5,466,6977.3,Geodis,1555.9,Livré,Erreur quantité
LIV03138,Fournisseur → Entrepôt,E07,Bordeaux-Centre,E02,Lyon-Sud,P006,T-shirt homme,Textile,2025-05-29,2025-06-02,4,1209,3654.0,DB Schenker,1042.94,En transit,Aucun
LIV03139,Inter-entrepôts,E07,Bordeaux-Centre,E04,Lille-Nord,P004,Shampoing,Droguerie,2025-10-30,2025-10-31,1,928,4060.2,FM Logistic,1030.71,Livré,Casse
LIV03140,Entrepôt → Magasin,E03,Marseille-Port,E02,Lyon-Sud,P009,TV 4K,Électronique,2025-01-14,2025-01-15,1,389,4829.5,DHL Supply Chain,1080.96,En transit,Aucun
LIV03141,Entrepôt → Magasin,E04,Lille-Nord,E01,Paris-Rungis,P005,Lessive,Droguerie,2025-02-03,2025-02-07,4,1380,5389.6,XPO Logistics,1580.66,Livré,Aucun
LIV03142,Entrepôt → Magasin,E05,Toulouse-Ouest,E03,Marseille-Port,P005,Lessive,Droguerie,2025-12-08,2025-12-13,5,914,4993.9,FM Logistic,596.65,En transit,Aucun
LIV03143,Fournisseur → Entrepôt,E08,Nantes-Atlantique,E02,Lyon-Sud,P006,T-shirt homme,Textile,2025-01-11,2025-01-15,4,945,10166.8,Geodis,1162.58,Livré,Aucun
LIV03144,Entrepôt → Magasin,E04,Lille-Nord,E01,Paris-Rungis,P004,Shampoing,Droguerie,2025-06-08,2025-06-12,4,649,2976.7,XPO Logistics,370.58,Livré,Aucun
LIV03145,Inter-entrepôts,E06,Nice-Est,E05,Toulouse-Ouest,P004,Shampoing,Droguerie,2025-04-07,2025-04-09,2,1370,8941.7,Geodis,737.91,Livré,Erreur quantité
LIV03146,Fournisseur → Entrepôt,E04,Lille-Nord,E07,Bordeaux-Centre,P007,Jeans,Textile,2025-06-03,2025-06-06,3,1240,16208.4,DHL Supply Chain,1331.52,Livré,Aucun
LIV03147,Magasin → Magasin,E02,Lyon-Sud,E07,Bordeaux-Centre,P004,Shampoing,Droguerie,2025-05-26,2025-05-30,4,1154,12855.7,XPO Logistics,2119.23,Livré,Aucun
LIV03148,Entrepôt → Magasin,E08,Nantes-Atlantique,E07,Bordeaux-Centre,P005,Lessive,Droguerie,2025-08-30,2025-09-01,2,855,6352.3,DHL Supply Chain,916.24,Annulé,Aucun
LIV03149,Magasin → Magasin,E03,Marseille-Port,E05,Toulouse-Ouest,P006,T-shirt homme,Textile,2025-11-24,2025-11-26,2,1132,7290.0,XPO Logistics,1588.18,Livré,Erreur quantité
LIV03150,Fournisseur → Entrepôt,E03,Marseille-Port,E01,Paris-Rungis,P009,TV 4K,Électronique,2025-01-09,2025-01-14,5,1266,13026.6,XPO Logistics,1465.82,Retardé,Aucun
LIV03151,Magasin → Magasin,E06,Nice-Est,E02,Lyon-Sud,P005,Lessive,Droguerie,2025-03-10,2025-03-11,1,684,4335.5,XPO Logistics,1052.02,Livré,Aucun
LIV03152,Magasin → Magasin,E08,Nantes-Atlantique,E03,Marseille-Port,P007,Jeans,Textile,2025-06-30,2025-07-02,2,1282,17368.8,XPO Logistics,4774.63,Livré,Aucun
LIV03153,Entrepôt → Magasin,E04,Lille-Nord,E05,Toulouse-Ouest,P002,Riz 1kg,Alimentaire,2025-01-05,2025-01-06,1,560,5328.7,Geodis,1800.57,En transit,Aucun
LIV03154,Entrepôt → Magasin,E02,Lyon-Sud,E06,Nice-Est,P010,Casque audio,Électronique,2025-06-24,2025-06-25,1,105,995.2,DHL Supply Chain,484.45,Livré,Aucun
LIV03155,Inter-entrepôts,E08,Nantes-Atlantique,E01,Paris-Rungis,P007,Jeans,Textile,2025-08-22,2025-08-25,3,276,3522.7,DB Schenker,605.46,En transit,Aucun
LIV03156,Fournisseur → Entrepôt,E02,Lyon-Sud,E04,Lille-Nord,P008,Smartphone,Électronique,2025-03-22,2025-03-24,2,1196,9077.3,DB Schenker,1122.57,Annulé,Aucun
LIV03157,Entrepôt → Magasin,E06,Nice-Est,E05,Toulouse-Ouest,P008,Smartphone,Électronique,2025-06-08,2025-06-12,4,677,1094.9,Geodis,356.4,En transit,Aucun
LIV03158,Magasin → Magasin,E01,Paris-Rungis,E08,Nantes-Atlantique,P004,Shampoing,Droguerie,2025-04-05,2025-04-10,5,1365,11523.3,FM Logistic,2387.96,Livré,Aucun
LIV03159,Fournisseur → Entrepôt,E02,Lyon-Sud,E07,Bordeaux-Centre,P008,Smartphone,Électronique,2025-03-06,2025-03-10,4,473,4951.7,Geodis,868.4,Livré,Casse
LIV03160,Inter-entrepôts,E04,Lille-Nord,E01,Paris-Rungis,P005,Lessive,Droguerie,2025-04-09,2025-04-10,1,1367,19813.8,FM Logistic,2781.14,Livré,Aucun
LIV03161,Entrepôt → Magasin,E05,Toulouse-Ouest,E02,Lyon-Sud,P007,Jeans,Textile,2025-10-21,2025-10-26,5,102,843.7,Geodis,428.09,Livré,Aucun
LIV03162,Magasin → Magasin,E06,Nice-Est,E07,Bordeaux-Centre,P001,Lait demi-écrémé,Alimentaire,2025-08-11,2025-08-12,1,794,1024.6,FM Logistic,169.24,Livré,Casse
LIV03163,Entrepôt → Magasin,E07,Bordeaux-Centre,E06,Nice-Est,P003,Pâtes 500g,Alimentaire,2025-07-20,2025-07-24,4,834,7745.8,XPO Logistics,1548.94,Livré,Retard transporteur
LIV03164,Fournisseur → Entrepôt,E05,Toulouse-Ouest,E03,Marseille-Port,P007,Jeans,Textile,2025-02-05,2025-02-06,1,953,8241.9,DHL Supply Chain,2103.66,Livré,Aucun
LIV03165,Entrepôt → Magasin,E02,Lyon-Sud,E05,Toulouse-Ouest,P001,Lait demi-écrémé,Alimentaire,2025-05-31,2025-06-05,5,534,5212.6,Geodis,872.48,Livré,Aucun
LIV03166,Fournisseur → Entrepôt,E06,Nice-Est,E08,Nantes-Atlantique,P002,Riz 1kg,Alimentaire,2025-12-18,2025-12-23,5,457,634.8,DHL Supply Chain,250.99,En transit,Aucun
LIV03167,Magasin → Magasin,E01,Paris-Rungis,E04,Lille-Nord,P010,Casque audio,Électronique,2025-02-23,2025-02-26,3,815,10249.6,DHL Supply Chain,605.71,Livré,Aucun
LIV03168,Magasin → Magasin,E06,Nice-Est,E01,Paris-Rungis,P007,Jeans,Textile,2025-05-30,2025-05-31,1,1322,16700.2,DB Schenker,2336.69,Livré,Aucun
LIV03169,Fournisseur → Entrepôt,E06,Nice-Est,E01,Paris-Rungis,P003,Pâtes 500g,Alimentaire,2025-09-15,2025-09-17,2,997,11751.7,FM Logistic,1114.66,Livré,Aucun
LIV03170,Entrepôt → Magasin,E02,Lyon-Sud,E08,Nantes-Atlantique,P007,Jeans,Textile,2025-08-10,2025-08-13,3,1233,8992.0,FM Logistic,2138.61,Livré,Aucun
LIV03171,Fournisseur → Entrepôt,E08,Nantes-Atlantique,E03,Marseille-Port,P009,TV 4K,Électronique,2025-07-07,2025-07-12,5,232,2638.3,XPO Logistics,876.18,Livré,Aucun
LIV03172,Inter-entrepôts,E05,Toulouse-Ouest,E03,Marseille-Port,P009,TV 4K,Électronique,2025-04-06,2025-04-08,2,1132,9211.1,DHL Supply Chain,1694.76,Livré,Aucun
LIV03173,Fournisseur → Entrepôt,E07,Bordeaux-Centre,E05,Toulouse-Ouest,P010,Casque audio,Électronique,2025-12-08,2025-12-10,2,1246,11881.6,DHL Supply Chain,1345.29,Livré,Aucun
LIV03174,Inter-entrepôts,E06,Nice-Est,E04,Lille-Nord,P010,Casque audio,Électronique,2025-08-15,2025-08-18,3,1305,1787.9,DHL Supply Chain,367.41,Livré,Aucun
LIV03175,Inter-entrepôts,E02,Lyon-Sud,E03,Marseille-Port,P007,Jeans,Textile,2025-01-07,2025-01-11,4,312,2919.0,XPO Logistics,942.65,Retardé,Aucun
LIV03176,Magasin → Magasin,E03,Marseille-Port,E04,Lille-Nord,P006,T-shirt homme,Textile,2025-06-15,2025-06-19,4,808,7363.1,FM Logistic,1686.51,Livré,Aucun
LIV03177,Fournisseur → Entrepôt,E04,Lille-Nord,E07,Bordeaux-Centre,P004,Shampoing,Droguerie,2025-04-24,2025-04-28,4,439,4113.4,DB Schenker,1203.39,Livré,Aucun
LIV03178,Magasin → Magasin,E02,Lyon-Sud,E04,Lille-Nord,P010,Casque audio,Électronique,2025-10-21,2025-10-25,4,1025,10226.6,DB Schenker,818.28,Livré,Aucun
LIV03179,Magasin → Magasin,E02,Lyon-Sud,E04,Lille-Nord,P001,Lait demi-écrémé,Alimentaire,2025-11-11,2025-11-15,4,939,11570.7,DHL Supply Chain,999.25,Livré,Retard transporteur
LIV03180,Fournisseur → Entrepôt,E01,Paris-Rungis,E04,Lille-Nord,P004,Shampoing,Droguerie,2025-07-05,2025-07-07,2,1234,4379.7,XPO Logistics,708.37,Livré,Aucun
LIV03181,Entrepôt → Magasin,E06,Nice-Est,E08,Nantes-Atlantique,P008,Smartphone,Électronique,2025-04-03,2025-04-04,1,1054,6990.4,DHL Supply Chain,1227.2,Livré,Aucun
LIV03182,Entrepôt → Magasin,E07,Bordeaux-Centre,E05,Toulouse-Ouest,P002,Riz 1kg,Alimentaire,2025-08-28,2025-08-31,3,1182,10169.8,DHL Supply Chain,2336.22,Livré,Aucun
LIV03183,Entrepôt → Magasin,E01,Paris-Rungis,E04,Lille-Nord,P006,T-shirt homme,Textile,2025-05-16,2025-05-20,4,114,127.4,DHL Supply Chain,315.38,En transit,Aucun
LIV03184,Inter-entrepôts,E01,Paris-Rungis,E07,Bordeaux-Centre,P003,Pâtes 500g,Alimentaire,2025-10-16,2025-10-20,4,1347,2962.9,DHL Supply Chain,986.96,Livré,Aucun
LIV03185,Fournisseur → Entrepôt,E01,Paris-Rungis,E08,Nantes-Atlantique,P010,Casque audio,Électronique,2025-08-20,2025-08-24,4,310,3521.7,FM Logistic,1102.95,Retardé,Aucun
LIV03186,Inter-entrepôts,E07,Bordeaux-Centre,E02,Lyon-Sud,P002,Riz 1kg,Alimentaire,2025-01-11,2025-01-16,5,841,9570.0,DHL Supply Chain,1661.94,Retardé,Aucun
LIV03187,Magasin → Magasin,E05,Toulouse-Ouest,E06,Nice-Est,P009,TV 4K,Électronique,2025-02-07,2025-02-11,4,1049,2654.2,DHL Supply Chain,243.68,En transit,Aucun
LIV03188,Magasin → Magasin,E04,Lille-Nord,E01,Paris-Rungis,P008,Smartphone,Électronique,2025-08-26,2025-08-29,3,1400,18459.3,DB Schenker,4744.84,Livré,Aucun
LIV03189,Inter-entrepôts,E08,Nantes-Atlantique,E05,Toulouse-Ouest,P009,TV 4K,Électronique,2025-08-29,2025-08-31,2,562,1313.4,DB Schenker,425.72,Livré,Aucun
LIV03190,Entrepôt → Magasin,E06,Nice-Est,E05,Toulouse-Ouest,P001,Lait demi-écrémé,Alimentaire,2025-10-20,2025-10-23,3,449,844.1,DB Schenker,389.21,Livré,Retard transporteur
LIV03191,Magasin → Magasin,E06,Nice-Est,E02,Lyon-Sud,P005,Lessive,Droguerie,2025-01-19,2025-01-23,4,1331,12759.5,FM Logistic,3727.49,Livré,Aucun
LIV03192,Inter-entrepôts,E03,Marseille-Port,E02,Lyon-Sud,P009,TV 4K,Électronique,2025-02-03,2025-02-07,4,188,2369.8,FM Logistic,870.28,Livré,Retard transporteur
LIV03193,Entrepôt → Magasin,E05,Toulouse-Ouest,E01,Paris-Rungis,P004,Shampoing,Droguerie,2025-04-14,2025-04-17,3,1174,12403.0,XPO Logistics,2335.28,Livré,Aucun
LIV03194,Inter-entrepôts,E07,Bordeaux-Centre,E04,Lille-Nord,P009,TV 4K,Électronique,2025-04-29,2025-05-02,3,1062,8919.3,DHL Supply Chain,1193.36,Livré,Aucun
LIV03195,Entrepôt → Magasin,E04,Lille-Nord,E06,Nice-Est,P003,Pâtes 500g,Alimentaire,2025-04-29,2025-04-30,1,1452,15969.0,DB Schenker,3494.46,Livré,Aucun
LIV03196,Magasin → Magasin,E06,Nice-Est,E07,Bordeaux-Centre,P009,TV 4K,Électronique,2025-05-08,2025-05-10,2,739,4326.1,FM Logistic,661.52,En transit,Aucun
LIV03197,Inter-entrepôts,E03,Marseille-Port,E05,Toulouse-Ouest,P001,Lait demi-écrémé,Alimentaire,2025-07-24,2025-07-29,5,976,7454.1,FM Logistic,1336.15,En transit,Erreur quantité
LIV03198,Fournisseur → Entrepôt,E01,Paris-Rungis,E05,Toulouse-Ouest,P008,Smartphone,Électronique,2025-01-20,2025-01-22,2,444,2955.8,XPO Logistics,277.13,Livré,Retard transporteur
LIV03199,Magasin → Magasin,E04,Lille-Nord,E02,Lyon-Sud,P001,Lait demi-écrémé,Alimentaire,2025-02-14,2025-02-17,3,622,3621.1,Geodis,413.3,Livré,Retard transporteur
LIV03200,Inter-entrepôts,E03,Marseille-Port,E06,Nice-Est,P007,Jeans,Textile,2025-12-13,2025-12-17,4,397,725.5,DB Schenker,375.71,En transit,Aucun
LIV03201,Inter-entrepôts,E07,Bordeaux-Centre,E06,Nice-Est,P006,T-shirt homme,Textile,2025-12-14,2025-12-15,1,251,2036.6,XPO Logistics,747.24,Livré,Aucun
LIV03202,Inter-entrepôts,E02,Lyon-Sud,E04,Lille-Nord,P003,Pâtes 500g,Alimentaire,2025-02-21,2025-02-26,5,36,312.1,Geodis,136.69,Retardé,Aucun
LIV03203,Fournisseur → Entrepôt,E04,Lille-Nord,E03,Marseille-Port,P010,Casque audio,Électronique,2025-08-31,2025-09-02,2,34,396.1,XPO Logistics,223.83,Livré,Aucun
LIV03204,Entrepôt → Magasin,E02,Lyon-Sud,E05,Toulouse-Ouest,P006,T-shirt homme,Textile,2025-10-10,2025-10-13,3,750,4838.8,DB Schenker,575.17,Livré,Aucun
LIV03205,Inter-entrepôts,E07,Bordeaux-Centre,E01,Paris-Rungis,P007,Jeans,Textile,2025-06-17,2025-06-21,4,1047,1857.0,DB Schenker,448.27,En transit,Aucun
LIV03206,Inter-entrepôts,E02,Lyon-Sud,E05,Toulouse-Ouest,P008,Smartphone,Électronique,2025-04-04,2025-04-09,5,904,2000.3,DHL Supply Chain,270.98,Livré,Aucun
LIV03207,Magasin → Magasin,E02,Lyon-Sud,E06,Nice-Est,P005,Lessive,Droguerie,2025-05-20,2025-05-24,4,162,1614.8,DHL Supply Chain,320.43,Livré,Aucun
LIV03208,Magasin → Magasin,E08,Nantes-Atlantique,E07,Bordeaux-Centre,P005,Lessive,Droguerie,2025-11-19,2025-11-20,1,36,63.5,DHL Supply Chain,295.44,Livré,Aucun
LIV03209,Magasin → Magasin,E06,Nice-Est,E02,Lyon-Sud,P006,T-shirt homme,Textile,2025-10-20,2025-10-24,4,58,395.7,FM Logistic,146.86,Retardé,Retard transporteur
LIV03210,Fournisseur → Entrepôt,E08,Nantes-Atlantique,E04,Lille-Nord,P006,T-shirt homme,Textile,2025-12-25,2025-12-27,2,69,798.5,Geodis,202.75,Livré,Aucun
LIV03211,Entrepôt → Magasin,E04,Lille-Nord,E07,Bordeaux-Centre,P009,TV 4K,Électronique,2025-09-28,2025-09-29,1,1297,16409.3,DB Schenker,3521.98,Livré,Casse
LIV03212,Inter-entrepôts,E07,Bordeaux-Centre,E01,Paris-Rungis,P010,Casque audio,Électronique,2025-07-25,2025-07-26,1,63,692.8,XPO Logistics,254.18,En transit,Aucun
LIV03213,Inter-entrepôts,E02,Lyon-Sud,E05,Toulouse-Ouest,P009,TV 4K,Électronique,2025-01-05,2025-01-09,4,848,6410.2,XPO Logistics,1909.58,Livré,Aucun
LIV03214,Entrepôt → Magasin,E02,Lyon-Sud,E05,Toulouse-Ouest,P004,Shampoing,Droguerie,2025-12-20,2025-12-24,4,1038,14877.6,XPO Logistics,2021.51,Retardé,Retard transporteur
LIV03215,Inter-entrepôts,E07,Bordeaux-Centre,E01,Paris-Rungis,P009,TV 4K,Électronique,2025-10-28,2025-10-29,1,497,2462.9,XPO Logistics,948.67,Livré,Aucun
LIV03216,Magasin → Magasin,E03,Marseille-Port,E06,Nice-Est,P008,Smartphone,Électronique,2025-10-10,2025-10-11,1,1355,14843.5,DHL Supply Chain,3785.37,Livré,Aucun
LIV03217,Magasin → Magasin,E03,Marseille-Port,E08,Nantes-Atlantique,P004,Shampoing,Droguerie,2025-09-18,2025-09-19,1,333,2023.8,Geodis,551.33,En transit,Aucun
LIV03218,Magasin → Magasin,E08,Nantes-Atlantique,E06,Nice-Est,P008,Smartphone,Électronique,2025-02-14,2025-02-18,4,580,793.4,FM Logistic,344.18,Livré,Retard transporteur
LIV03219,Entrepôt → Magasin,E03,Marseille-Port,E06,Nice-Est,P004,Shampoing,Droguerie,2025-08-08,2025-08-10,2,307,756.1,FM Logistic,277.69,Livré,Aucun
LIV03220,Entrepôt → Magasin,E02,Lyon-Sud,E03,Marseille-Port,P005,Lessive,Droguerie,2025-09-06,2025-09-08,2,96,1353.6,DHL Supply Chain,491.61,Livré,Casse
LIV03221,Magasin → Magasin,E06,Nice-Est,E01,Paris-Rungis,P010,Casque audio,Électronique,2025-08-09,2025-08-12,3,439,2994.5,XPO Logistics,604.47,Livré,Retard transporteur
LIV03222,Magasin → Magasin,E05,Toulouse-Ouest,E06,Nice-Est,P010,Casque audio,Électronique,2025-02-13,2025-02-16,3,484,6827.7,DB Schenker,1034.21,Livré,Retard transporteur
LIV03223,Inter-entrepôts,E01,Paris-Rungis,E06,Nice-Est,P004,Shampoing,Droguerie,2025-04-19,2025-04-23,4,85,1156.2,DB Schenker,438.24,En transit,Casse
LIV03224,Entrepôt → Magasin,E02,Lyon-Sud,E07,Bordeaux-Centre,P009,TV 4K,Électronique,2025-12-13,2025-12-18,5,1067,9047.6,XPO Logistics,2324.96,Livré,Aucun
LIV03225,Fournisseur → Entrepôt,E02,Lyon-Sud,E03,Marseille-Port,P007,Jeans,Textile,2025-01-20,2025-01-23,3,409,2823.1,XPO Logistics,546.43,Livré,Aucun
LIV03226,Fournisseur → Entrepôt,E01,Paris-Rungis,E06,Nice-Est,P002,Riz 1kg,Alimentaire,2025-10-20,2025-10-22,2,1027,5313.4,DHL Supply Chain,1200.6,Livré,Casse
LIV03227,Magasin → Magasin,E06,Nice-Est,E05,Toulouse-Ouest,P005,Lessive,Droguerie,2025-08-20,2025-08-25,5,390,4987.7,XPO Logistics,1099.35,Livré,Erreur quantité
LIV03228,Fournisseur → Entrepôt,E07,Bordeaux-Centre,E04,Lille-Nord,P006,T-shirt homme,Textile,2025-11-10,2025-11-13,3,1001,12585.9,Geodis,2715.39,Livré,Erreur quantité
LIV03229,Inter-entrepôts,E06,Nice-Est,E01,Paris-Rungis,P008,Smartphone,Électronique,2025-01-16,2025-01-21,5,943,12890.1,Geodis,2049.29,En transit,Aucun
LIV03230,Inter-entrepôts,E08,Nantes-Atlantique,E04,Lille-Nord,P002,Riz 1kg,Alimentaire,2025-04-22,2025-04-25,3,343,1554.3,XPO Logistics,367.56,Livré,Aucun
LIV03231,Fournisseur → Entrepôt,E06,Nice-Est,E03,Marseille-Port,P005,Lessive,Droguerie,2025-03-25,2025-03-29,4,283,1242.8,FM Logistic,420.33,En transit,Aucun
LIV03232,Magasin → Magasin,E03,Marseille-Port,E07,Bordeaux-Centre,P001,Lait demi-écrémé,Alimentaire,2025-02-15,2025-02-18,3,1070,2651.4,XPO Logistics,818.83,Retardé,Aucun
LIV03233,Fournisseur → Entrepôt,E07,Bordeaux-Centre,E05,Toulouse-Ouest,P007,Jeans,Textile,2025-12-08,2025-12-11,3,27,158.7,FM Logistic,272.78,Livré,Aucun
LIV03234,Magasin → Magasin,E06,Nice-Est,E01,Paris-Rungis,P002,Riz 1kg,Alimentaire,2025-06-27,2025-06-28,1,497,2516.0,Geodis,434.24,En transit,Aucun
LIV03235,Magasin → Magasin,E07,Bordeaux-Centre,E06,Nice-Est,P001,Lait demi-écrémé,Alimentaire,2025-07-02,2025-07-06,4,1410,21116.5,DHL Supply Chain,3823.23,Livré,Aucun
LIV03236,Entrepôt → Magasin,E01,Paris-Rungis,E06,Nice-Est,P005,Lessive,Droguerie,2025-04-20,2025-04-25,5,80,1102.5,XPO Logistics,460.66,Livré,Aucun
LIV03237,Magasin → Magasin,E03,Marseille-Port,E08,Nantes-Atlantique,P004,Shampoing,Droguerie,2025-08-05,2025-08-10,5,1447,20653.2,FM Logistic,1321.77,Livré,Aucun
LIV03238,Magasin → Magasin,E03,Marseille-Port,E08,Nantes-Atlantique,P002,Riz 1kg,Alimentaire,2025-10-23,2025-10-24,1,795,2551.7,DB Schenker,346.87,Livré,Aucun
LIV03239,Entrepôt → Magasin,E07,Bordeaux-Centre,E05,Toulouse-Ouest,P001,Lait demi-écrémé,Alimentaire,2025-01-16,2025-01-19,3,996,2994.0,FM Logistic,526.8,En transit,Aucun
LIV03240,Inter-entrepôts,E06,Nice-Est,E05,Toulouse-Ouest,P008,Smartphone,Électronique,2025-02-11,2025-02-15,4,130,1758.4,DB Schenker,307.34,Livré,Aucun
LIV03241,Entrepôt → Magasin,E02,Lyon-Sud,E07,Bordeaux-Centre,P009,TV 4K,Électronique,2025-08-19,2025-08-24,5,1195,566.1,DB Schenker,382.3,Retardé,Aucun
LIV03242,Inter-entrepôts,E04,Lille-Nord,E02,Lyon-Sud,P006,T-shirt homme,Textile,2025-06-27,2025-06-30,3,423,4145.4,Geodis,567.1,En transit,Aucun
LIV03243,Inter-entrepôts,E05,Toulouse-Ouest,E02,Lyon-Sud,P001,Lait demi-écrémé,Alimentaire,2025-03-14,2025-03-17,3,1065,10614.6,Geodis,3065.78,Livré,Aucun
LIV03244,Inter-entrepôts,E03,Marseille-Port,E02,Lyon-Sud,P008,Smartphone,Électronique,2025-08-05,2025-08-10,5,40,535.8,DB Schenker,355.36,Livré,Aucun
LIV03245,Magasin → Magasin,E04,Lille-Nord,E01,Paris-Rungis,P010,Casque audio,Électronique,2025-11-21,2025-11-26,5,218,453.2,Geodis,261.64,Retardé,Aucun
LIV03246,Magasin → Magasin,E07,Bordeaux-Centre,E08,Nantes-Atlantique,P007,Jeans,Textile,2025-09-04,2025-09-09,5,634,3354.7,XPO Logistics,1095.17,Livré,Aucun
LIV03247,Fournisseur → Entrepôt,E08,Nantes-Atlantique,E05,Toulouse-Ouest,P005,Lessive,Droguerie,2025-04-23,2025-04-27,4,90,1060.3,XPO Logistics,409.83,Retardé,Aucun
LIV03248,Magasin → Magasin,E02,Lyon-Sud,E03,Marseille-Port,P007,Jeans,Textile,2025-04-19,2025-04-23,4,1454,21701.6,DB Schenker,1271.03,Livré,Aucun
LIV03249,Entrepôt → Magasin,E02,Lyon-Sud,E05,Toulouse-Ouest,P004,Shampoing,Droguerie,2025-12-05,2025-12-09,4,1149,13090.7,XPO Logistics,3696.81,Livré,Casse
LIV03250,Magasin → Magasin,E03,Marseille-Port,E04,Lille-Nord,P004,Shampoing,Droguerie,2025-01-07,2025-01-09,2,557,5588.5,XPO Logistics,613.23,En transit,Aucun
LIV03251,Inter-entrepôts,E03,Marseille-Port,E05,Toulouse-Ouest,P010,Casque audio,Électronique,2025-11-08,2025-11-10,2,932,2128.6,Geodis,438.36,Livré,Aucun
LIV03252,Entrepôt → Magasin,E08,Nantes-Atlantique,E03,Marseille-Port,P002,Riz 1kg,Alimentaire,2025-02-05,2025-02-06,1,391,3385.2,FM Logistic,943.72,Livré,Aucun
LIV03253,Magasin → Magasin,E06,Nice-Est,E04,Lille-Nord,P008,Smartphone,Électronique,2025-10-13,2025-10-18,5,743,7121.7,FM Logistic,1080.12,Livré,Aucun
LIV03254,Entrepôt → Magasin,E08,Nantes-Atlantique,E01,Paris-Rungis,P004,Shampoing,Droguerie,2025-01-20,2025-01-22,2,339,4550.3,Geodis,582.74,Livré,Aucun
LIV03255,Inter-entrepôts,E05,Toulouse-Ouest,E07,Bordeaux-Centre,P004,Shampoing,Droguerie,2025-04-22,2025-04-24,2,201,2337.2,Geodis,737.65,Livré,Aucun
LIV03256,Fournisseur → Entrepôt,E03,Marseille-Port,E06,Nice-Est,P006,T-shirt homme,Textile,2025-07-12,2025-07-13,1,398,288.4,FM Logistic,123.41,Livré,Aucun
LIV03257,Magasin → Magasin,E03,Marseille-Port,E01,Paris-Rungis,P003,Pâtes 500g,Alimentaire,2025-01-13,2025-01-17,4,738,1883.4,XPO Logistics,327.25,Livré,Aucun
LIV03258,Entrepôt → Magasin,E07,Bordeaux-Centre,E01,Paris-Rungis,P007,Jeans,Textile,2025-12-28,2025-12-30,2,466,5729.7,XPO Logistics,1531.78,Livré,Aucun
LIV03259,Magasin → Magasin,E04,Lille-Nord,E01,Paris-Rungis,P006,T-shirt homme,Textile,2025-04-27,2025-04-30,3,1271,8223.6,DHL Supply Chain,2504.96,Livré,Aucun
LIV03260,Magasin → Magasin,E04,Lille-Nord,E08,Nantes-Atlantique,P003,Pâtes 500g,Alimentaire,2025-06-16,2025-06-18,2,947,9428.4,FM Logistic,2178.69,Livré,Aucun
LIV03261,Entrepôt → Magasin,E04,Lille-Nord,E06,Nice-Est,P002,Riz 1kg,Alimentaire,2025-05-21,2025-05-23,2,26,96.1,DB Schenker,260.7,Livré,Aucun
LIV03262,Inter-entrepôts,E02,Lyon-Sud,E08,Nantes-Atlantique,P005,Lessive,Droguerie,2025-01-15,2025-01-16,1,490,4391.8,DB Schenker,1060.17,Livré,Erreur quantité
LIV03263,Inter-entrepôts,E04,Lille-Nord,E07,Bordeaux-Centre,P008,Smartphone,Électronique,2025-02-22,2025-02-27,5,1210,4909.2,FM Logistic,1521.86,En transit,Aucun
LIV03264,Fournisseur → Entrepôt,E07,Bordeaux-Centre,E06,Nice-Est,P004,Shampoing,Droguerie,2025-09-14,2025-09-15,1,384,3833.6,DB Schenker,1024.38,Livré,Aucun
LIV03265,Entrepôt → Magasin,E07,Bordeaux-Centre,E03,Marseille-Port,P009,TV 4K,Électronique,2025-12-25,2025-12-28,3,1462,2436.4,DHL Supply Chain,810.69,En transit,Aucun
LIV03266,Entrepôt → Magasin,E04,Lille-Nord,E08,Nantes-Atlantique,P003,Pâtes 500g,Alimentaire,2025-03-03,2025-03-08,5,958,497.6,FM Logistic,333.11,Livré,Aucun
LIV03267,Fournisseur → Entrepôt,E03,Marseille-Port,E08,Nantes-Atlantique,P004,Shampoing,Droguerie,2025-12-08,2025-12-11,3,1275,5350.5,Geodis,698.55,Livré,Aucun
LIV03268,Magasin → Magasin,E02,Lyon-Sud,E03,Marseille-Port,P006,T-shirt homme,Textile,2025-11-18,2025-11-22,4,427,4426.1,DHL Supply Chain,1561.05,Livré,Aucun
LIV03269,Inter-entrepôts,E07,Bordeaux-Centre,E03,Marseille-Port,P006,T-shirt homme,Textile,2025-07-30,2025-07-31,1,757,7632.8,DB Schenker,1717.03,En transit,Aucun
LIV03270,Entrepôt → Magasin,E08,Nantes-Atlantique,E02,Lyon-Sud,P008,Smartphone,Électronique,2025-05-24,2025-05-29,5,617,4315.2,FM Logistic,954.18,Livré,Aucun
LIV03271,Fournisseur → Entrepôt,E05,Toulouse-Ouest,E04,Lille-Nord,P002,Riz 1kg,Alimentaire,2025-08-19,2025-08-21,2,655,2377.7,Geodis,378.8,Livré,Aucun
LIV03272,Magasin → Magasin,E08,Nantes-Atlantique,E03,Marseille-Port,P001,Lait demi-écrémé,Alimentaire,2025-11-08,2025-11-09,1,1410,3674.6,Geodis,420.14,Livré,Aucun
LIV03273,Magasin → Magasin,E02,Lyon-Sud,E01,Paris-Rungis,P001,Lait demi-écrémé,Alimentaire,2025-08-08,2025-08-11,3,1051,1134.1,FM Logistic,517.42,Livré,Aucun
LIV03274,Magasin → Magasin,E01,Paris-Rungis,E02,Lyon-Sud,P009,TV 4K,Électronique,2025-10-02,2025-10-03,1,592,4747.2,DB Schenker,1080.51,Livré,Casse
LIV03275,Fournisseur → Entrepôt,E02,Lyon-Sud,E07,Bordeaux-Centre,P002,Riz 1kg,Alimentaire,2025-04-03,2025-04-06,3,1477,4231.9,FM Logistic,517.22,Retardé,Aucun
LIV03276,Entrepôt → Magasin,E04,Lille-Nord,E08,Nantes-Atlantique,P009,TV 4K,Électronique,2025-04-03,2025-04-04,1,980,10549.7,FM Logistic,2690.1,En transit,Aucun
LIV03277,Magasin → Magasin,E07,Bordeaux-Centre,E04,Lille-Nord,P009,TV 4K,Électronique,2025-03-15,2025-03-17,2,1360,12014.4,FM Logistic,2208.95,Livré,Aucun
LIV03278,Fournisseur → Entrepôt,E07,Bordeaux-Centre,E02,Lyon-Sud,P008,Smartphone,Électronique,2025-10-13,2025-10-17,4,1323,13236.0,Geodis,2016.08,Livré,Aucun
LIV03279,Magasin → Magasin,E03,Marseille-Port,E04,Lille-Nord,P009,TV 4K,Électronique,2025-02-28,2025-03-05,5,918,519.4,DB Schenker,186.67,Livré,Retard transporteur
LIV03280,Magasin → Magasin,E03,Marseille-Port,E07,Bordeaux-Centre,P007,Jeans,Textile,2025-08-15,2025-08-17,2,346,4347.2,FM Logistic,1106.23,Livré,Aucun
LIV03281,Inter-entrepôts,E07,Bordeaux-Centre,E03,Marseille-Port,P001,Lait demi-écrémé,Alimentaire,2025-09-05,2025-09-09,4,283,276.0,Geodis,337.3,Retardé,Aucun
LIV03282,Magasin → Magasin,E05,Toulouse-Ouest,E07,Bordeaux-Centre,P010,Casque audio,Électronique,2025-06-14,2025-06-19,5,846,2512.4,DB Schenker,728.28,Livré,Aucun
LIV03283,Fournisseur → Entrepôt,E02,Lyon-Sud,E07,Bordeaux-Centre,P003,Pâtes 500g,Alimentaire,2025-05-03,2025-05-04,1,594,5944.3,DB Schenker,514.32,En transit,Aucun
LIV03284,Fournisseur → Entrepôt,E06,Nice-Est,E07,Bordeaux-Centre,P002,Riz 1kg,Alimentaire,2025-05-09,2025-05-11,2,636,2227.0,DHL Supply Chain,767.43,Livré,Casse
LIV03285,Inter-entrepôts,E01,Paris-Rungis,E04,Lille-Nord,P002,Riz 1kg,Alimentaire,2025-01-31,2025-02-02,2,524,5496.8,XPO Logistics,575.78,En transit,Aucun
LIV03286,Inter-entrepôts,E05,Toulouse-Ouest,E06,Nice-Est,P005,Lessive,Droguerie,2025-03-19,2025-03-24,5,515,2823.6,Geodis,1020.57,Livré,Aucun
LIV03287,Magasin → Magasin,E08,Nantes-Atlantique,E06,Nice-Est,P002,Riz 1kg,Alimentaire,2025-05-21,2025-05-26,5,990,6061.2,Geodis,668.36,Livré,Aucun
LIV03288,Inter-entrepôts,E03,Marseille-Port,E04,Lille-Nord,P003,Pâtes 500g,Alimentaire,2025-04-04,2025-04-06,2,588,777.4,XPO Logistics,341.71,Livré,Aucun
LIV03289,Entrepôt → Magasin,E02,Lyon-Sud,E05,Toulouse-Ouest,P001,Lait demi-écrémé,Alimentaire,2025-01-19,2025-01-22,3,343,1554.1,DHL Supply Chain,560.09,Livré,Aucun
LIV03290,Entrepôt → Magasin,E08,Nantes-Atlantique,E02,Lyon-Sud,P001,Lait demi-écrémé,Alimentaire,2025-10-16,2025-10-21,5,600,8178.5,XPO Logistics,972.55,Livré,Aucun
LIV03291,Entrepôt → Magasin,E06,Nice-Est,E02,Lyon-Sud,P002,Riz 1kg,Alimentaire,2025-02-17,2025-02-22,5,1275,15913.1,DB Schenker,1579.83,En transit,Aucun
LIV03292,Magasin → Magasin,E02,Lyon-Sud,E04,Lille-Nord,P007,Jeans,Textile,2025-05-04,2025-05-08,4,1147,9497.8,Geodis,1718.28,Livré,Aucun
LIV03293,Fournisseur → Entrepôt,E06,Nice-Est,E04,Lille-Nord,P010,Casque audio,Électronique,2025-07-18,2025-07-19,1,859,12008.5,DHL Supply Chain,1218.37,Livré,Retard transporteur
LIV03294,Fournisseur → Entrepôt,E03,Marseille-Port,E06,Nice-Est,P002,Riz 1kg,Alimentaire,2025-09-28,2025-10-02,4,166,2027.3,DB Schenker,362.5,Retardé,Aucun
LIV03295,Fournisseur → Entrepôt,E04,Lille-Nord,E01,Paris-Rungis,P004,Shampoing,Droguerie,2025-05-05,2025-05-06,1,198,2081.6,DB Schenker,633.75,Livré,Aucun
LIV03296,Fournisseur → Entrepôt,E05,Toulouse-Ouest,E04,Lille-Nord,P009,TV 4K,Électronique,2025-04-15,2025-04-20,5,1352,11669.7,Geodis,902.61,Livré,Aucun
LIV03297,Inter-entrepôts,E01,Paris-Rungis,E07,Bordeaux-Centre,P004,Shampoing,Droguerie,2025-04-26,2025-04-30,4,1213,11228.5,FM Logistic,1990.46,Livré,Aucun
LIV03298,Magasin → Magasin,E07,Bordeaux-Centre,E04,Lille-Nord,P001,Lait demi-écrémé,Alimentaire,2025-08-08,2025-08-11,3,588,7496.9,DHL Supply Chain,1734.64,Livré,Aucun
LIV03299,Magasin → Magasin,E02,Lyon-Sud,E04,Lille-Nord,P001,Lait demi-écrémé,Alimentaire,2025-07-16,2025-07-21,5,324,1963.2,DHL Supply Chain,240.61,Livré,Aucun
LIV03300,Fournisseur → Entrepôt,E01,Paris-Rungis,E08,Nantes-Atlantique,P009,TV 4K,Électronique,2025-09-15,2025-09-18,3,228,1553.9,FM Logistic,303.37,Livré,Erreur quantité
LIV03301,Inter-entrepôts,E06,Nice-Est,E05,Toulouse-Ouest,P003,Pâtes 500g,Alimentaire,2025-05-06,2025-05-09,3,713,1729.8,DHL Supply Chain,286.52,Livré,Aucun
LIV03302,Entrepôt → Magasin,E08,Nantes-Atlantique,E04,Lille-Nord,P010,Casque audio,Électronique,2025-11-04,2025-11-09,5,1164,1115.9,Geodis,395.47,Livré,Casse
LIV03303,Magasin → Magasin,E04,Lille-Nord,E01,Paris-Rungis,P001,Lait demi-écrémé,Alimentaire,2025-06-11,2025-06-16,5,1304,14527.4,Geodis,3567.83,En transit,Aucun
LIV03304,Fournisseur → Entrepôt,E07,Bordeaux-Centre,E05,Toulouse-Ouest,P008,Smartphone,Électronique,2025-02-27,2025-03-03,4,1230,1442.7,Geodis,521.41,En transit,Aucun
LIV03305,Entrepôt → Magasin,E03,Marseille-Port,E01,Paris-Rungis,P001,Lait demi-écrémé,Alimentaire,2025-11-15,2025-11-16,1,248,1091.0,DB Schenker,451.68,Livré,Aucun
LIV03306,Entrepôt → Magasin,E05,Toulouse-Ouest,E04,Lille-Nord,P010,Casque audio,Électronique,2025-04-09,2025-04-14,5,1076,13563.2,FM Logistic,1569.55,Retardé,Casse
LIV03307,Entrepôt → Magasin,E07,Bordeaux-Centre,E06,Nice-Est,P002,Riz 1kg,Alimentaire,2025-01-08,2025-01-13,5,885,727.5,XPO Logistics,379.3,Livré,Aucun
LIV03308,Inter-entrepôts,E03,Marseille-Port,E02,Lyon-Sud,P004,Shampoing,Droguerie,2025-07-11,2025-07-13,2,948,4699.4,FM Logistic,1328.27,Livré,Aucun
LIV03309,Inter-entrepôts,E06,Nice-Est,E01,Paris-Rungis,P002,Riz 1kg,Alimentaire,2025-10-06,2025-10-11,5,919,2324.2,DHL Supply Chain,504.33,En transit,Retard transporteur
LIV03310,Magasin → Magasin,E07,Bordeaux-Centre,E04,Lille-Nord,P008,Smartphone,Électronique,2025-10-07,2025-10-12,5,975,2052.9,XPO Logistics,718.84,Livré,Erreur quantité
LIV03311,Magasin → Magasin,E03,Marseille-Port,E01,Paris-Rungis,P001,Lait demi-écrémé,Alimentaire,2025-07-20,2025-07-24,4,445,984.3,DHL Supply Chain,308.59,Livré,Aucun
LIV03312,Fournisseur → Entrepôt,E04,Lille-Nord,E05,Toulouse-Ouest,P008,Smartphone,Électronique,2025-11-24,2025-11-25,1,893,10103.9,Geodis,2200.41,Livré,Aucun
LIV03313,Inter-entrepôts,E02,Lyon-Sud,E08,Nantes-Atlantique,P005,Lessive,Droguerie,2025-11-28,2025-11-29,1,537,1779.5,DB Schenker,387.98,Livré,Aucun
LIV03314,Entrepôt → Magasin,E01,Paris-Rungis,E08,Nantes-Atlantique,P006,T-shirt homme,Textile,2025-12-22,2025-12-27,5,440,2530.7,DB Schenker,468.77,Livré,Retard transporteur
LIV03315,Inter-entrepôts,E06,Nice-Est,E03,Marseille-Port,P007,Jeans,Textile,2025-02-05,2025-02-08,3,139,2080.7,DHL Supply Chain,513.85,Livré,Erreur quantité
LIV03316,Magasin → Magasin,E01,Paris-Rungis,E02,Lyon-Sud,P009,TV 4K,Électronique,2025-04-12,2025-04-14,2,745,5456.1,DB Schenker,1343.66,Retardé,Aucun
LIV03317,Inter-entrepôts,E06,Nice-Est,E02,Lyon-Sud,P005,Lessive,Droguerie,2025-12-12,2025-12-16,4,1224,3788.4,FM Logistic,903.26,En transit,Aucun
LIV03318,Entrepôt → Magasin,E05,Toulouse-Ouest,E07,Bordeaux-Centre,P001,Lait demi-écrémé,Alimentaire,2025-02-05,2025-02-10,5,505,6989.9,FM Logistic,1970.56,Livré,Aucun
LIV03319,Fournisseur → Entrepôt,E04,Lille-Nord,E07,Bordeaux-Centre,P003,Pâtes 500g,Alimentaire,2025-05-24,2025-05-27,3,751,5704.4,DB Schenker,836.76,Livré,Aucun
LIV03320,Entrepôt → Magasin,E03,Marseille-Port,E02,Lyon-Sud,P009,TV 4K,Électronique,2025-07-26,2025-07-31,5,693,1658.3,FM Logistic,505.19,Livré,Retard transporteur
LIV03321,Inter-entrepôts,E02,Lyon-Sud,E01,Paris-Rungis,P007,Jeans,Textile,2025-03-20,2025-03-25,5,791,6662.2,XPO Logistics,984.51,Livré,Aucun
LIV03322,Fournisseur → Entrepôt,E01,Paris-Rungis,E02,Lyon-Sud,P004,Shampoing,Droguerie,2025-04-04,2025-04-07,3,955,606.2,FM Logistic,267.81,En transit,Aucun
LIV03323,Inter-entrepôts,E03,Marseille-Port,E04,Lille-Nord,P004,Shampoing,Droguerie,2025-01-10,2025-01-12,2,704,6570.2,DHL Supply Chain,1346.37,En transit,Retard transporteur
LIV03324,Inter-entrepôts,E04,Lille-Nord,E06,Nice-Est,P008,Smartphone,Électronique,2025-05-17,2025-05-19,2,1320,19502.2,DHL Supply Chain,1151.34,Livré,Erreur quantité
LIV03325,Inter-entrepôts,E06,Nice-Est,E08,Nantes-Atlantique,P010,Casque audio,Électronique,2025-11-10,2025-11-11,1,554,6347.7,FM Logistic,2100.19,En transit,Aucun
LIV03326,Fournisseur → Entrepôt,E06,Nice-Est,E04,Lille-Nord,P010,Casque audio,Électronique,2025-03-04,2025-03-08,4,341,4855.4,FM Logistic,926.61,Livré,Aucun
LIV03327,Inter-entrepôts,E08,Nantes-Atlantique,E02,Lyon-Sud,P007,Jeans,Textile,2025-04-23,2025-04-24,1,207,1112.2,DB Schenker,404.86,Livré,Aucun
LIV03328,Entrepôt → Magasin,E02,Lyon-Sud,E06,Nice-Est,P005,Lessive,Droguerie,2025-05-21,2025-05-26,5,1022,8328.0,DB Schenker,2329.17,Livré,Aucun
LIV03329,Fournisseur → Entrepôt,E01,Paris-Rungis,E06,Nice-Est,P001,Lait demi-écrémé,Alimentaire,2025-02-01,2025-02-03,2,710,8612.1,XPO Logistics,2594.84,Livré,Retard transporteur
LIV03330,Entrepôt → Magasin,E04,Lille-Nord,E01,Paris-Rungis,P003,Pâtes 500g,Alimentaire,2025-03-22,2025-03-23,1,484,3366.3,DB Schenker,1148.18,Livré,Aucun
LIV03331,Inter-entrepôts,E04,Lille-Nord,E07,Bordeaux-Centre,P005,Lessive,Droguerie,2025-01-01,2025-01-02,1,865,3792.4,Geodis,1240.18,Livré,Aucun
LIV03332,Magasin → Magasin,E01,Paris-Rungis,E06,Nice-Est,P004,Shampoing,Droguerie,2025-04-12,2025-04-16,4,151,1422.4,Geodis,382.87,Livré,Aucun
LIV03333,Fournisseur → Entrepôt,E07,Bordeaux-Centre,E03,Marseille-Port,P005,Lessive,Droguerie,2025-10-03,2025-10-04,1,1164,14183.4,Geodis,3169.17,En transit,Retard transporteur
LIV03334,Magasin → Magasin,E02,Lyon-Sud,E04,Lille-Nord,P003,Pâtes 500g,Alimentaire,2025-12-17,2025-12-20,3,70,102.9,DHL Supply Chain,185.41,Livré,Aucun
LIV03335,Fournisseur → Entrepôt,E01,Paris-Rungis,E08,Nantes-Atlantique,P005,Lessive,Droguerie,2025-08-27,2025-08-28,1,33,427.6,Geodis,149.28,En transit,Casse
LIV03336,Magasin → Magasin,E08,Nantes-Atlantique,E03,Marseille-Port,P010,Casque audio,Électronique,2025-02-09,2025-02-13,4,1414,6283.1,XPO Logistics,1370.8,Retardé,Casse
LIV03337,Inter-entrepôts,E07,Bordeaux-Centre,E01,Paris-Rungis,P005,Lessive,Droguerie,2025-11-25,2025-11-28,3,1002,564.6,DB Schenker,403.65,Livré,Aucun
LIV03338,Magasin → Magasin,E07,Bordeaux-Centre,E03,Marseille-Port,P003,Pâtes 500g,Alimentaire,2025-08-30,2025-09-01,2,1192,15190.9,Geodis,4041.81,Livré,Aucun
LIV03339,Inter-entrepôts,E06,Nice-Est,E05,Toulouse-Ouest,P009,TV 4K,Électronique,2025-03-23,2025-03-25,2,185,1457.1,XPO Logistics,452.85,Livré,Aucun
LIV03340,Fournisseur → Entrepôt,E05,Toulouse-Ouest,E03,Marseille-Port,P006,T-shirt homme,Textile,2025-02-06,2025-02-10,4,1255,17763.2,FM Logistic,1426.07,Livré,Aucun
LIV03341,Fournisseur → Entrepôt,E08,Nantes-Atlantique,E05,Toulouse-Ouest,P006,T-shirt homme,Textile,2025-04-26,2025-04-27,1,660,7122.8,DB Schenker,1866.18,Retardé,Aucun
LIV03342,Inter-entrepôts,E04,Lille-Nord,E06,Nice-Est,P002,Riz 1kg,Alimentaire,2025-10-16,2025-10-17,1,1410,15769.2,DHL Supply Chain,2306.46,Livré,Aucun
LIV03343,Inter-entrepôts,E01,Paris-Rungis,E06,Nice-Est,P006,T-shirt homme,Textile,2025-03-09,2025-03-13,4,1266,6602.2,Geodis,2132.53,Livré,Aucun
LIV03344,Inter-entrepôts,E04,Lille-Nord,E07,Bordeaux-Centre,P004,Shampoing,Droguerie,2025-01-12,2025-01-14,2,112,1369.3,FM Logistic,428.62,Livré,Aucun
LIV03345,Fournisseur → Entrepôt,E06,Nice-Est,E08,Nantes-Atlantique,P003,Pâtes 500g,Alimentaire,2025-10-12,2025-10-13,1,433,1722.9,XPO Logistics,417.09,En transit,Casse
LIV03346,Inter-entrepôts,E03,Marseille-Port,E05,Toulouse-Ouest,P007,Jeans,Textile,2025-02-13,2025-02-14,1,439,3680.8,Geodis,469.1,Livré,Aucun
LIV03347,Inter-entrepôts,E06,Nice-Est,E08,Nantes-Atlantique,P006,T-shirt homme,Textile,2025-02-03,2025-02-05,2,106,1402.8,DB Schenker,531.91,Livré,Aucun
LIV03348,Inter-entrepôts,E07,Bordeaux-Centre,E03,Marseille-Port,P010,Casque audio,Électronique,2025-09-13,2025-09-17,4,43,313.1,DB Schenker,167.22,Livré,Aucun
LIV03349,Inter-entrepôts,E08,Nantes-Atlantique,E03,Marseille-Port,P003,Pâtes 500g,Alimentaire,2025-02-26,2025-03-02,4,1176,16319.7,DB Schenker,3338.54,Livré,Retard transporteur
LIV03350,Entrepôt → Magasin,E01,Paris-Rungis,E04,Lille-Nord,P006,T-shirt homme,Textile,2025-05-16,2025-05-21,5,110,736.0,FM Logistic,358.19,Livré,Retard transporteur
LIV03351,Inter-entrepôts,E05,Toulouse-Ouest,E01,Paris-Rungis,P010,Casque audio,Électronique,2025-09-14,2025-09-19,5,802,9663.5,DHL Supply Chain,1739.16,Livré,Retard transporteur
LIV03352,Entrepôt → Magasin,E01,Paris-Rungis,E05,Toulouse-Ouest,P005,Lessive,Droguerie,2025-11-10,2025-11-15,5,1253,15290.8,XPO Logistics,888.59,Livré,Retard transporteur
LIV03353,Entrepôt → Magasin,E06,Nice-Est,E03,Marseille-Port,P007,Jeans,Textile,2025-08-26,2025-08-30,4,659,1995.9,XPO Logistics,743.55,Livré,Retard transporteur
LIV03354,Fournisseur → Entrepôt,E05,Toulouse-Ouest,E03,Marseille-Port,P006,T-shirt homme,Textile,2025-01-15,2025-01-19,4,899,13264.2,DB Schenker,1861.76,En transit,Aucun
LIV03355,Fournisseur → Entrepôt,E04,Lille-Nord,E06,Nice-Est,P009,TV 4K,Électronique,2025-10-27,2025-10-31,4,1015,14392.0,XPO Logistics,4330.8,Livré,Retard transporteur
LIV03356,Fournisseur → Entrepôt,E01,Paris-Rungis,E05,Toulouse-Ouest,P005,Lessive,Droguerie,2025-03-16,2025-03-18,2,243,649.7,DHL Supply Chain,456.7,En transit,Aucun
LIV03357,Entrepôt → Magasin,E01,Paris-Rungis,E02,Lyon-Sud,P005,Lessive,Droguerie,2025-06-14,2025-06-16,2,505,1464.5,Geodis,327.04,En transit,Aucun
LIV03358,Fournisseur → Entrepôt,E02,Lyon-Sud,E05,Toulouse-Ouest,P010,Casque audio,Électronique,2025-04-19,2025-04-24,5,681,2402.8,DB Schenker,349.08,Livré,Aucun
LIV03359,Magasin → Magasin,E07,Bordeaux-Centre,E01,Paris-Rungis,P010,Casque audio,Électronique,2025-01-14,2025-01-16,2,1475,7605.7,XPO Logistics,1813.94,Livré,Aucun
LIV03360,Entrepôt → Magasin,E04,Lille-Nord,E06,Nice-Est,P004,Shampoing,Droguerie,2025-07-15,2025-07-16,1,738,7789.8,Geodis,918.28,Livré,Aucun
LIV03361,Fournisseur → Entrepôt,E07,Bordeaux-Centre,E04,Lille-Nord,P007,Jeans,Textile,2025-12-17,2025-12-19,2,497,3822.7,Geodis,782.62,Livré,Casse
LIV03362,Magasin → Magasin,E02,Lyon-Sud,E06,Nice-Est,P001,Lait demi-écrémé,Alimentaire,2025-04-07,2025-04-08,1,1385,4796.7,XPO Logistics,960.07,En transit,Aucun
LIV03363,Fournisseur → Entrepôt,E01,Paris-Rungis,E07,Bordeaux-Centre,P006,T-shirt homme,Textile,2025-05-31,2025-06-04,4,742,4285.4,XPO Logistics,810.07,Livré,Aucun
LIV03364,Inter-entrepôts,E02,Lyon-Sud,E07,Bordeaux-Centre,P009,TV 4K,Électronique,2025-02-04,2025-02-06,2,1048,13808.9,Geodis,1006.47,En transit,Aucun
LIV03365,Magasin → Magasin,E08,Nantes-Atlantique,E06,Nice-Est,P001,Lait demi-écrémé,Alimentaire,2025-02-11,2025-02-16,5,1418,11390.2,FM Logistic,3119.56,Retardé,Aucun
LIV03366,Fournisseur → Entrepôt,E07,Bordeaux-Centre,E04,Lille-Nord,P009,TV 4K,Électronique,2025-06-18,2025-06-23,5,906,11149.0,DB Schenker,1863.7,Livré,Aucun
LIV03367,Fournisseur → Entrepôt,E05,Toulouse-Ouest,E01,Paris-Rungis,P006,T-shirt homme,Textile,2025-07-13,2025-07-16,3,931,4193.0,DB Schenker,1463.96,En transit,Retard transporteur
LIV03368,Inter-entrepôts,E05,Toulouse-Ouest,E06,Nice-Est,P002,Riz 1kg,Alimentaire,2025-04-21,2025-04-23,2,1113,13233.6,FM Logistic,1337.79,En transit,Erreur quantité
LIV03369,Fournisseur → Entrepôt,E06,Nice-Est,E05,Toulouse-Ouest,P005,Lessive,Droguerie,2025-12-08,2025-12-11,3,658,4525.3,Geodis,531.83,Livré,Retard transporteur
LIV03370,Fournisseur → Entrepôt,E02,Lyon-Sud,E03,Marseille-Port,P002,Riz 1kg,Alimentaire,2025-01-22,2025-01-25,3,893,12378.6,DB Schenker,1943.57,Livré,Aucun
LIV03371,Magasin → Magasin,E05,Toulouse-Ouest,E03,Marseille-Port,P005,Lessive,Droguerie,2025-04-19,2025-04-20,1,1307,3808.2,XPO Logistics,425.91,Livré,Aucun
LIV03372,Fournisseur → Entrepôt,E08,Nantes-Atlantique,E02,Lyon-Sud,P010,Casque audio,Électronique,2025-10-26,2025-10-28,2,840,9770.0,FM Logistic,1023.13,Livré,Casse
LIV03373,Fournisseur → Entrepôt,E02,Lyon-Sud,E01,Paris-Rungis,P004,Shampoing,Droguerie,2025-12-16,2025-12-21,5,180,1851.0,DHL Supply Chain,264.31,Livré,Erreur quantité
LIV03374,Entrepôt → Magasin,E06,Nice-Est,E05,Toulouse-Ouest,P005,Lessive,Droguerie,2025-03-19,2025-03-22,3,1439,2216.7,XPO Logistics,800.43,En transit,Aucun
LIV03375,Inter-entrepôts,E04,Lille-Nord,E01,Paris-Rungis,P009,TV 4K,Électronique,2025-06-18,2025-06-23,5,452,6627.9,DHL Supply Chain,2137.34,Livré,Aucun
LIV03376,Entrepôt → Magasin,E04,Lille-Nord,E03,Marseille-Port,P001,Lait demi-écrémé,Alimentaire,2025-11-15,2025-11-19,4,250,2755.2,XPO Logistics,805.03,En transit,Aucun
LIV03377,Magasin → Magasin,E03,Marseille-Port,E07,Bordeaux-Centre,P008,Smartphone,Électronique,2025-12-01,2025-12-04,3,1076,13680.1,FM Logistic,3370.31,Livré,Aucun
LIV03378,Fournisseur → Entrepôt,E03,Marseille-Port,E06,Nice-Est,P008,Smartphone,Électronique,2025-08-10,2025-08-13,3,342,4205.9,Geodis,958.7,En transit,Aucun
LIV03379,Inter-entrepôts,E07,Bordeaux-Centre,E01,Paris-Rungis,P008,Smartphone,Électronique,2025-12-20,2025-12-23,3,1415,11654.1,DB Schenker,3243.36,Livré,Aucun
LIV03380,Inter-entrepôts,E01,Paris-Rungis,E08,Nantes-Atlantique,P001,Lait demi-écrémé,Alimentaire,2025-04-25,2025-04-30,5,254,1541.1,Geodis,271.01,Livré,Aucun
LIV03381,Magasin → Magasin,E01,Paris-Rungis,E04,Lille-Nord,P001,Lait demi-écrémé,Alimentaire,2025-05-29,2025-06-02,4,1124,11173.5,DB Schenker,3499.78,Livré,Aucun
LIV03382,Inter-entrepôts,E02,Lyon-Sud,E07,Bordeaux-Centre,P008,Smartphone,Électronique,2025-01-02,2025-01-04,2,105,802.6,Geodis,351.11,En transit,Aucun
LIV03383,Magasin → Magasin,E04,Lille-Nord,E01,Paris-Rungis,P007,Jeans,Textile,2025-03-08,2025-03-13,5,656,5157.8,FM Logistic,405.16,Retardé,Aucun
LIV03384,Magasin → Magasin,E08,Nantes-Atlantique,E04,Lille-Nord,P008,Smartphone,Électronique,2025-05-12,2025-05-13,1,1415,8794.8,FM Logistic,2681.56,Livré,Aucun
LIV03385,Fournisseur → Entrepôt,E05,Toulouse-Ouest,E03,Marseille-Port,P003,Pâtes 500g,Alimentaire,2025-05-27,2025-05-30,3,129,1748.1,DB Schenker,644.51,Livré,Aucun
LIV03386,Inter-entrepôts,E07,Bordeaux-Centre,E05,Toulouse-Ouest,P005,Lessive,Droguerie,2025-06-11,2025-06-12,1,362,2327.0,DHL Supply Chain,804.26,Livré,Casse
LIV03387,Inter-entrepôts,E02,Lyon-Sud,E04,Lille-Nord,P006,T-shirt homme,Textile,2025-03-30,2025-04-02,3,562,927.2,Geodis,339.19,Livré,Aucun
LIV03388,Inter-entrepôts,E07,Bordeaux-Centre,E05,Toulouse-Ouest,P002,Riz 1kg,Alimentaire,2025-10-11,2025-10-15,4,1069,6138.4,FM Logistic,1755.13,Livré,Erreur quantité
LIV03389,Fournisseur → Entrepôt,E07,Bordeaux-Centre,E06,Nice-Est,P010,Casque audio,Électronique,2025-09-09,2025-09-13,4,139,44.3,FM Logistic,299.0,Livré,Retard transporteur
LIV03390,Inter-entrepôts,E07,Bordeaux-Centre,E06,Nice-Est,P004,Shampoing,Droguerie,2025-06-04,2025-06-06,2,632,1887.7,Geodis,360.28,En transit,Aucun
LIV03391,Entrepôt → Magasin,E06,Nice-Est,E02,Lyon-Sud,P006,T-shirt homme,Textile,2025-02-12,2025-02-14,2,817,2430.8,DHL Supply Chain,944.42,Livré,Casse
LIV03392,Entrepôt → Magasin,E03,Marseille-Port,E01,Paris-Rungis,P002,Riz 1kg,Alimentaire,2025-11-18,2025-11-21,3,31,332.5,DHL Supply Chain,325.24,Livré,Aucun
LIV03393,Entrepôt → Magasin,E06,Nice-Est,E07,Bordeaux-Centre,P005,Lessive,Droguerie,2025-08-28,2025-08-29,1,358,468.4,XPO Logistics,393.57,Livré,Aucun
LIV03394,Inter-entrepôts,E03,Marseille-Port,E01,Paris-Rungis,P001,Lait demi-écrémé,Alimentaire,2025-08-04,2025-08-05,1,241,3137.8,XPO Logistics,934.23,Livré,Aucun
LIV03395,Magasin → Magasin,E05,Toulouse-Ouest,E08,Nantes-Atlantique,P009,TV 4K,Électronique,2025-01-06,2025-01-08,2,1481,4671.7,DB Schenker,1114.89,Livré,Retard transporteur
LIV03396,Fournisseur → Entrepôt,E07,Bordeaux-Centre,E02,Lyon-Sud,P009,TV 4K,Électronique,2025-04-20,2025-04-25,5,640,3873.2,FM Logistic,825.57,Livré,Aucun
LIV03397,Entrepôt → Magasin,E06,Nice-Est,E03,Marseille-Port,P006,T-shirt homme,Textile,2025-08-12,2025-08-13,1,406,4847.2,DB Schenker,986.1,En transit,Aucun
LIV03398,Entrepôt → Magasin,E01,Paris-Rungis,E04,Lille-Nord,P003,Pâtes 500g,Alimentaire,2025-05-18,2025-05-20,2,666,9610.0,XPO Logistics,1248.19,Retardé,Aucun
LIV03399,Inter-entrepôts,E06,Nice-Est,E04,Lille-Nord,P002,Riz 1kg,Alimentaire,2025-08-18,2025-08-22,4,1130,13342.2,FM Logistic,2045.34,En transit,Aucun
LIV03400,Fournisseur → Entrepôt,E01,Paris-Rungis,E06,Nice-Est,P005,Lessive,Droguerie,2025-08-20,2025-08-24,4,312,2244.0,DHL Supply Chain,727.35,Livré,Retard transporteur
LIV03401,Magasin → Magasin,E02,Lyon-Sud,E04,Lille-Nord,P001,Lait demi-écrémé,Alimentaire,2025-01-13,2025-01-16,3,781,10831.2,XPO Logistics,858.13,Livré,Erreur quantité
LIV03402,Magasin → Magasin,E02,Lyon-Sud,E06,Nice-Est,P009,TV 4K,Électronique,2025-06-22,2025-06-26,4,713,1774.0,XPO Logistics,571.95,Livré,Aucun
LIV03403,Entrepôt → Magasin,E02,Lyon-Sud,E01,Paris-Rungis,P009,TV 4K,Électronique,2025-01-26,2025-01-31,5,355,4143.4,DB Schenker,1269.78,Livré,Aucun
LIV03404,Inter-entrepôts,E02,Lyon-Sud,E07,Bordeaux-Centre,P002,Riz 1kg,Alimentaire,2025-11-30,2025-12-02,2,240,3467.0,XPO Logistics,968.81,Livré,Aucun
LIV03405,Inter-entrepôts,E02,Lyon-Sud,E08,Nantes-Atlantique,P008,Smartphone,Électronique,2025-10-19,2025-10-24,5,526,1298.4,DHL Supply Chain,658.86,Retardé,Aucun
LIV03406,Entrepôt → Magasin,E07,Bordeaux-Centre,E05,Toulouse-Ouest,P001,Lait demi-écrémé,Alimentaire,2025-12-20,2025-12-23,3,478,6522.7,XPO Logistics,1309.79,Livré,Aucun
LIV03407,Magasin → Magasin,E06,Nice-Est,E01,Paris-Rungis,P005,Lessive,Droguerie,2025-11-24,2025-11-26,2,845,3368.8,DB Schenker,468.53,Livré,Aucun
LIV03408,Fournisseur → Entrepôt,E03,Marseille-Port,E01,Paris-Rungis,P010,Casque audio,Électronique,2025-01-21,2025-01-26,5,350,2140.1,DB Schenker,464.56,Livré,Retard transporteur
LIV03409,Entrepôt → Magasin,E05,Toulouse-Ouest,E08,Nantes-Atlantique,P008,Smartphone,Électronique,2025-08-01,2025-08-02,1,1048,15291.0,DB Schenker,1944.66,Livré,Aucun
LIV03410,Magasin → Magasin,E01,Paris-Rungis,E02,Lyon-Sud,P008,Smartphone,Électronique,2025-10-25,2025-10-29,4,1454,5870.5,DB Schenker,1504.18,En transit,Aucun
LIV03411,Magasin → Magasin,E05,Toulouse-Ouest,E03,Marseille-Port,P010,Casque audio,Électronique,2025-12-20,2025-12-22,2,651,7797.2,DHL Supply Chain,2384.46,Livré,Retard transporteur
LIV03412,Fournisseur → Entrepôt,E05,Toulouse-Ouest,E04,Lille-Nord,P009,TV 4K,Électronique,2025-01-31,2025-02-01,1,266,772.3,XPO Logistics,244.58,Livré,Aucun
LIV03413,Entrepôt → Magasin,E08,Nantes-Atlantique,E06,Nice-Est,P006,T-shirt homme,Textile,2025-12-19,2025-12-24,5,702,6046.7,XPO Logistics,721.25,Livré,Aucun
LIV03414,Inter-entrepôts,E05,Toulouse-Ouest,E07,Bordeaux-Centre,P002,Riz 1kg,Alimentaire,2025-03-20,2025-03-25,5,1425,5466.4,DHL Supply Chain,1505.52,En transit,Aucun
LIV03415,Fournisseur → Entrepôt,E03,Marseille-Port,E05,Toulouse-Ouest,P010,Casque audio,Électronique,2025-08-02,2025-08-07,5,776,5680.4,XPO Logistics,807.23,Livré,Aucun
LIV03416,Fournisseur → Entrepôt,E07,Bordeaux-Centre,E05,Toulouse-Ouest,P010,Casque audio,Électronique,2025-04-29,2025-05-01,2,271,2010.7,FM Logistic,554.11,Livré,Aucun
LIV03417,Fournisseur → Entrepôt,E02,Lyon-Sud,E08,Nantes-Atlantique,P002,Riz 1kg,Alimentaire,2025-08-23,2025-08-25,2,314,1655.0,DB Schenker,286.18,Livré,Aucun
LIV03418,Inter-entrepôts,E03,Marseille-Port,E04,Lille-Nord,P007,Jeans,Textile,2025-11-21,2025-11-22,1,1314,7675.7,DB Schenker,997.58,Livré,Aucun
LIV03419,Fournisseur → Entrepôt,E05,Toulouse-Ouest,E02,Lyon-Sud,P001,Lait demi-écrémé,Alimentaire,2025-07-20,2025-07-21,1,1260,11991.5,Geodis,2942.67,Livré,Aucun
LIV03420,Magasin → Magasin,E05,Toulouse-Ouest,E06,Nice-Est,P004,Shampoing,Droguerie,2025-06-23,2025-06-24,1,831,1446.5,Geodis,343.7,Livré,Aucun
LIV03421,Magasin → Magasin,E06,Nice-Est,E01,Paris-Rungis,P002,Riz 1kg,Alimentaire,2025-05-03,2025-05-06,3,1155,13503.6,Geodis,1983.96,Livré,Erreur quantité
LIV03422,Entrepôt → Magasin,E04,Lille-Nord,E02,Lyon-Sud,P001,Lait demi-écrémé,Alimentaire,2025-03-12,2025-03-14,2,540,185.8,DB Schenker,251.64,Livré,Aucun
LIV03423,Fournisseur → Entrepôt,E04,Lille-Nord,E01,Paris-Rungis,P003,Pâtes 500g,Alimentaire,2025-05-14,2025-05-18,4,1010,4018.0,XPO Logistics,1169.34,Livré,Erreur quantité
LIV03424,Magasin → Magasin,E02,Lyon-Sud,E08,Nantes-Atlantique,P005,Lessive,Droguerie,2025-02-05,2025-02-06,1,1205,6993.5,DHL Supply Chain,1448.05,Livré,Retard transporteur
LIV03425,Inter-entrepôts,E05,Toulouse-Ouest,E01,Paris-Rungis,P006,T-shirt homme,Textile,2025-02-10,2025-02-12,2,84,82.2,FM Logistic,121.87,Livré,Aucun
LIV03426,Entrepôt → Magasin,E03,Marseille-Port,E02,Lyon-Sud,P004,Shampoing,Droguerie,2025-03-05,2025-03-09,4,1005,2055.3,FM Logistic,809.5,Livré,Erreur quantité
LIV03427,Entrepôt → Magasin,E08,Nantes-Atlantique,E07,Bordeaux-Centre,P006,T-shirt homme,Textile,2025-06-07,2025-06-12,5,201,908.9,XPO Logistics,443.56,Livré,Aucun
LIV03428,Entrepôt → Magasin,E06,Nice-Est,E04,Lille-Nord,P001,Lait demi-écrémé,Alimentaire,2025-03-14,2025-03-16,2,1384,13309.9,DHL Supply Chain,1495.16,Retardé,Retard transporteur
LIV03429,Fournisseur → Entrepôt,E07,Bordeaux-Centre,E05,Toulouse-Ouest,P008,Smartphone,Électronique,2025-10-18,2025-10-20,2,1021,1591.1,DB Schenker,453.0,Livré,Aucun
LIV03430,Magasin → Magasin,E08,Nantes-Atlantique,E07,Bordeaux-Centre,P009,TV 4K,Électronique,2025-01-09,2025-01-14,5,1022,7911.7,DHL Supply Chain,2208.49,Livré,Aucun
LIV03431,Inter-entrepôts,E04,Lille-Nord,E05,Toulouse-Ouest,P010,Casque audio,Électronique,2025-04-23,2025-04-28,5,626,6981.2,Geodis,2085.66,Livré,Aucun
LIV03432,Inter-entrepôts,E01,Paris-Rungis,E03,Marseille-Port,P006,T-shirt homme,Textile,2025-03-25,2025-03-26,1,136,645.2,DHL Supply Chain,261.43,En transit,Aucun
LIV03433,Entrepôt → Magasin,E04,Lille-Nord,E06,Nice-Est,P010,Casque audio,Électronique,2025-04-27,2025-04-29,2,160,545.8,XPO Logistics,307.39,Livré,Aucun
LIV03434,Inter-entrepôts,E06,Nice-Est,E07,Bordeaux-Centre,P003,Pâtes 500g,Alimentaire,2025-05-23,2025-05-28,5,413,3084.5,XPO Logistics,835.22,Livré,Aucun
LIV03435,Fournisseur → Entrepôt,E02,Lyon-Sud,E08,Nantes-Atlantique,P001,Lait demi-écrémé,Alimentaire,2025-05-08,2025-05-09,1,154,978.4,DHL Supply Chain,488.91,Livré,Erreur quantité
LIV03436,Magasin → Magasin,E03,Marseille-Port,E01,Paris-Rungis,P002,Riz 1kg,Alimentaire,2025-09-28,2025-10-03,5,51,342.7,Geodis,131.46,Retardé,Aucun
LIV03437,Fournisseur → Entrepôt,E03,Marseille-Port,E01,Paris-Rungis,P010,Casque audio,Électronique,2025-10-23,2025-10-24,1,357,107.5,DB Schenker,299.43,Retardé,Aucun
LIV03438,Entrepôt → Magasin,E02,Lyon-Sud,E07,Bordeaux-Centre,P007,Jeans,Textile,2025-08-03,2025-08-06,3,1380,2017.9,DB Schenker,570.05,Livré,Casse
LIV03439,Magasin → Magasin,E02,Lyon-Sud,E01,Paris-Rungis,P004,Shampoing,Droguerie,2025-05-10,2025-05-12,2,167,880.4,XPO Logistics,427.72,En transit,Aucun
LIV03440,Inter-entrepôts,E03,Marseille-Port,E08,Nantes-Atlantique,P003,Pâtes 500g,Alimentaire,2025-04-17,2025-04-20,3,1452,13447.8,XPO Logistics,2141.42,Livré,Retard transporteur
LIV03441,Magasin → Magasin,E03,Marseille-Port,E07,Bordeaux-Centre,P005,Lessive,Droguerie,2025-08-16,2025-08-17,1,1226,14115.5,DHL Supply Chain,1603.19,Livré,Erreur quantité
LIV03442,Magasin → Magasin,E04,Lille-Nord,E01,Paris-Rungis,P009,TV 4K,Électronique,2025-09-01,2025-09-03,2,1393,5577.4,Geodis,442.02,Livré,Casse
LIV03443,Inter-entrepôts,E06,Nice-Est,E08,Nantes-Atlantique,P005,Lessive,Droguerie,2025-01-05,2025-01-09,4,1462,6223.3,DHL Supply Chain,1958.23,Retardé,Aucun
LIV03444,Magasin → Magasin,E06,Nice-Est,E01,Paris-Rungis,P008,Smartphone,Électronique,2025-03-16,2025-03-20,4,1032,14191.5,XPO Logistics,1926.4,Livré,Erreur quantité
LIV03445,Magasin → Magasin,E06,Nice-Est,E07,Bordeaux-Centre,P006,T-shirt homme,Textile,2025-08-11,2025-08-14,3,539,1021.3,FM Logistic,251.94,Livré,Retard transporteur
LIV03446,Entrepôt → Magasin,E04,Lille-Nord,E06,Nice-Est,P003,Pâtes 500g,Alimentaire,2025-05-11,2025-05-12,1,497,493.9,XPO Logistics,335.15,Livré,Aucun
LIV03447,Magasin → Magasin,E05,Toulouse-Ouest,E03,Marseille-Port,P006,T-shirt homme,Textile,2025-07-16,2025-07-20,4,420,270.2,DB Schenker,333.46,Livré,Aucun
LIV03448,Entrepôt → Magasin,E05,Toulouse-Ouest,E08,Nantes-Atlantique,P010,Casque audio,Électronique,2025-05-19,2025-05-20,1,811,11721.2,DB Schenker,3167.92,Livré,Aucun
LIV03449,Magasin → Magasin,E02,Lyon-Sud,E05,Toulouse-Ouest,P010,Casque audio,Électronique,2025-03-19,2025-03-21,2,113,54.9,XPO Logistics,180.48,Retardé,Aucun
LIV03450,Fournisseur → Entrepôt,E05,Toulouse-Ouest,E03,Marseille-Port,P006,T-shirt homme,Textile,2025-01-22,2025-01-26,4,645,8169.7,FM Logistic,2326.52,Livré,Aucun
LIV03451,Entrepôt → Magasin,E04,Lille-Nord,E07,Bordeaux-Centre,P008,Smartphone,Électronique,2025-10-25,2025-10-28,3,558,414.5,FM Logistic,92.35,En transit,Aucun
LIV03452,Magasin → Magasin,E08,Nantes-Atlantique,E05,Toulouse-Ouest,P001,Lait demi-écrémé,Alimentaire,2025-04-25,2025-04-29,4,537,7296.7,Geodis,1602.17,Livré,Aucun
LIV03453,Magasin → Magasin,E07,Bordeaux-Centre,E08,Nantes-Atlantique,P009,TV 4K,Électronique,2025-11-07,2025-11-09,2,1433,10963.3,XPO Logistics,2289.2,Livré,Retard transporteur
LIV03454,Fournisseur → Entrepôt,E06,Nice-Est,E05,Toulouse-Ouest,P007,Jeans,Textile,2025-04-07,2025-04-10,3,980,2098.2,DHL Supply Chain,743.69,Livré,Aucun
LIV03455,Entrepôt → Magasin,E06,Nice-Est,E07,Bordeaux-Centre,P008,Smartphone,Électronique,2025-10-31,2025-11-03,3,1130,1480.9,DB Schenker,425.84,Annulé,Aucun
LIV03456,Fournisseur → Entrepôt,E05,Toulouse-Ouest,E04,Lille-Nord,P006,T-shirt homme,Textile,2025-02-02,2025-02-04,2,544,8040.0,FM Logistic,1556.56,Livré,Aucun
LIV03457,Entrepôt → Magasin,E01,Paris-Rungis,E03,Marseille-Port,P001,Lait demi-écrémé,Alimentaire,2025-12-16,2025-12-18,2,354,4555.0,FM Logistic,1081.11,En transit,Aucun
LIV03458,Magasin → Magasin,E02,Lyon-Sud,E05,Toulouse-Ouest,P009,TV 4K,Électronique,2025-05-01,2025-05-03,2,1367,18159.6,DB Schenker,1728.6,Livré,Aucun
LIV03459,Fournisseur → Entrepôt,E08,Nantes-Atlantique,E02,Lyon-Sud,P003,Pâtes 500g,Alimentaire,2025-04-02,2025-04-04,2,387,1495.6,DB Schenker,396.3,Livré,Casse
LIV03460,Inter-entrepôts,E07,Bordeaux-Centre,E05,Toulouse-Ouest,P009,TV 4K,Électronique,2025-09-24,2025-09-26,2,352,417.9,XPO Logistics,309.0,Livré,Aucun
LIV03461,Inter-entrepôts,E05,Toulouse-Ouest,E06,Nice-Est,P004,Shampoing,Droguerie,2025-12-01,2025-12-06,5,1337,15292.4,DB Schenker,1062.96,Livré,Aucun
LIV03462,Magasin → Magasin,E08,Nantes-Atlantique,E02,Lyon-Sud,P008,Smartphone,Électronique,2025-09-19,2025-09-22,3,992,3168.8,DB Schenker,548.58,Livré,Aucun
LIV03463,Fournisseur → Entrepôt,E08,Nantes-Atlantique,E06,Nice-Est,P008,Smartphone,Électronique,2025-02-10,2025-02-13,3,816,5892.0,Geodis,795.17,Livré,Aucun
LIV03464,Inter-entrepôts,E08,Nantes-Atlantique,E01,Paris-Rungis,P002,Riz 1kg,Alimentaire,2025-09-25,2025-09-27,2,330,2455.7,FM Logistic,412.38,Livré,Aucun
LIV03465,Fournisseur → Entrepôt,E08,Nantes-Atlantique,E07,Bordeaux-Centre,P005,Lessive,Droguerie,2025-05-04,2025-05-07,3,185,1519.1,DHL Supply Chain,358.21,Livré,Aucun
LIV03466,Fournisseur → Entrepôt,E02,Lyon-Sud,E04,Lille-Nord,P001,Lait demi-écrémé,Alimentaire,2025-03-14,2025-03-15,1,1057,6551.7,DB Schenker,889.82,Livré,Aucun
LIV03467,Entrepôt → Magasin,E06,Nice-Est,E01,Paris-Rungis,P008,Smartphone,Électronique,2025-07-29,2025-07-31,2,1057,6664.5,Geodis,1455.19,Livré,Aucun
LIV03468,Inter-entrepôts,E01,Paris-Rungis,E03,Marseille-Port,P003,Pâtes 500g,Alimentaire,2025-07-03,2025-07-05,2,767,3868.0,Geodis,994.86,Livré,Aucun
LIV03469,Fournisseur → Entrepôt,E07,Bordeaux-Centre,E01,Paris-Rungis,P001,Lait demi-écrémé,Alimentaire,2025-11-22,2025-11-26,4,1461,16599.6,DB Schenker,2134.33,Livré,Retard transporteur
LIV03470,Magasin → Magasin,E04,Lille-Nord,E06,Nice-Est,P007,Jeans,Textile,2025-08-26,2025-08-27,1,922,11162.4,Geodis,3024.94,Livré,Retard transporteur
LIV03471,Entrepôt → Magasin,E04,Lille-Nord,E07,Bordeaux-Centre,P001,Lait demi-écrémé,Alimentaire,2025-04-25,2025-04-27,2,342,1163.9,DHL Supply Chain,364.44,Livré,Aucun
LIV03472,Fournisseur → Entrepôt,E06,Nice-Est,E02,Lyon-Sud,P007,Jeans,Textile,2025-12-26,2025-12-29,3,827,705.4,XPO Logistics,228.41,Livré,Aucun
LIV03473,Entrepôt → Magasin,E07,Bordeaux-Centre,E02,Lyon-Sud,P009,TV 4K,Électronique,2025-03-26,2025-03-29,3,653,5799.6,FM Logistic,941.58,Retardé,Aucun
LIV03474,Magasin → Magasin,E03,Marseille-Port,E04,Lille-Nord,P009,TV 4K,Électronique,2025-05-15,2025-05-17,2,1181,7778.6,Geodis,2050.9,Livré,Aucun
LIV03475,Magasin → Magasin,E04,Lille-Nord,E06,Nice-Est,P002,Riz 1kg,Alimentaire,2025-01-03,2025-01-06,3,205,1125.9,FM Logistic,229.91,Livré,Aucun
LIV03476,Entrepôt → Magasin,E07,Bordeaux-Centre,E08,Nantes-Atlantique,P006,T-shirt homme,Textile,2025-04-13,2025-04-16,3,1187,12669.2,XPO Logistics,2553.57,Livré,Aucun
LIV03477,Inter-entrepôts,E01,Paris-Rungis,E07,Bordeaux-Centre,P010,Casque audio,Électronique,2025-03-29,2025-04-03,5,477,4729.7,Geodis,605.13,Livré,Aucun
LIV03478,Entrepôt → Magasin,E06,Nice-Est,E02,Lyon-Sud,P009,TV 4K,Électronique,2025-01-08,2025-01-09,1,1499,18348.6,DB Schenker,2305.79,Livré,Erreur quantité
LIV03479,Magasin → Magasin,E08,Nantes-Atlantique,E07,Bordeaux-Centre,P010,Casque audio,Électronique,2025-10-25,2025-10-27,2,1394,4208.7,XPO Logistics,839.78,Livré,Aucun
LIV03480,Magasin → Magasin,E04,Lille-Nord,E08,Nantes-Atlantique,P009,TV 4K,Électronique,2025-11-13,2025-11-18,5,1192,7570.4,FM Logistic,495.24,Livré,Aucun
LIV03481,Inter-entrepôts,E01,Paris-Rungis,E02,Lyon-Sud,P006,T-shirt homme,Textile,2025-06-09,2025-06-13,4,834,3678.6,XPO Logistics,1107.43,Livré,Aucun
LIV03482,Inter-entrepôts,E02,Lyon-Sud,E06,Nice-Est,P004,Shampoing,Droguerie,2025-03-21,2025-03-24,3,754,1139.2,Geodis,250.86,Retardé,Erreur quantité
LIV03483,Magasin → Magasin,E03,Marseille-Port,E08,Nantes-Atlantique,P008,Smartphone,Électronique,2025-03-22,2025-03-27,5,949,12316.9,DHL Supply Chain,1120.54,Livré,Aucun
LIV03484,Entrepôt → Magasin,E03,Marseille-Port,E02,Lyon-Sud,P010,Casque audio,Électronique,2025-07-25,2025-07-27,2,161,1019.7,DB Schenker,345.7,Livré,Retard transporteur
LIV03485,Entrepôt → Magasin,E04,Lille-Nord,E03,Marseille-Port,P002,Riz 1kg,Alimentaire,2025-09-03,2025-09-07,4,18,181.3,FM Logistic,115.57,Retardé,Aucun
LIV03486,Inter-entrepôts,E07,Bordeaux-Centre,E03,Marseille-Port,P001,Lait demi-écrémé,Alimentaire,2025-05-15,2025-05-19,4,72,309.2,DHL Supply Chain,147.82,Livré,Retard transporteur
LIV03487,Fournisseur → Entrepôt,E08,Nantes-Atlantique,E06,Nice-Est,P009,TV 4K,Électronique,2025-08-03,2025-08-05,2,755,7981.9,XPO Logistics,1880.55,Livré,Aucun
LIV03488,Inter-entrepôts,E07,Bordeaux-Centre,E05,Toulouse-Ouest,P005,Lessive,Droguerie,2025-03-02,2025-03-05,3,509,5076.3,Geodis,672.42,Livré,Retard transporteur
LIV03489,Fournisseur → Entrepôt,E01,Paris-Rungis,E06,Nice-Est,P009,TV 4K,Électronique,2025-03-25,2025-03-27,2,143,1628.0,XPO Logistics,664.21,Retardé,Retard transporteur
LIV03490,Inter-entrepôts,E05,Toulouse-Ouest,E01,Paris-Rungis,P009,TV 4K,Électronique,2025-05-31,2025-06-01,1,1338,10196.0,XPO Logistics,2156.13,Livré,Aucun
LIV03491,Inter-entrepôts,E03,Marseille-Port,E04,Lille-Nord,P003,Pâtes 500g,Alimentaire,2025-09-19,2025-09-23,4,575,2777.9,XPO Logistics,841.51,Livré,Aucun
LIV03492,Inter-entrepôts,E08,Nantes-Atlantique,E04,Lille-Nord,P001,Lait demi-écrémé,Alimentaire,2025-04-16,2025-04-21,5,379,4546.8,FM Logistic,1163.68,Retardé,Aucun
LIV03493,Entrepôt → Magasin,E07,Bordeaux-Centre,E03,Marseille-Port,P004,Shampoing,Droguerie,2025-11-17,2025-11-22,5,770,9171.5,XPO Logistics,2240.68,Livré,Aucun
LIV03494,Entrepôt → Magasin,E01,Paris-Rungis,E04,Lille-Nord,P009,TV 4K,Électronique,2025-05-06,2025-05-07,1,1267,8788.7,DB Schenker,1970.19,Livré,Aucun
LIV03495,Entrepôt → Magasin,E08,Nantes-Atlantique,E04,Lille-Nord,P004,Shampoing,Droguerie,2025-02-25,2025-03-02,5,1108,5835.4,DB Schenker,1463.2,Livré,Aucun
LIV03496,Fournisseur → Entrepôt,E01,Paris-Rungis,E06,Nice-Est,P006,T-shirt homme,Textile,2025-12-02,2025-12-04,2,405,5539.5,XPO Logistics,1390.02,Livré,Erreur quantité
LIV03497,Fournisseur → Entrepôt,E01,Paris-Rungis,E05,Toulouse-Ouest,P010,Casque audio,Électronique,2025-09-27,2025-09-30,3,632,2449.4,DHL Supply Chain,775.1,Livré,Casse
LIV03498,Entrepôt → Magasin,E03,Marseille-Port,E05,Toulouse-Ouest,P009,TV 4K,Électronique,2025-01-03,2025-01-07,4,783,3125.3,DHL Supply Chain,539.13,Livré,Aucun
LIV03499,Magasin → Magasin,E03,Marseille-Port,E05,Toulouse-Ouest,P009,TV 4K,Électronique,2025-07-02,2025-07-05,3,235,579.8,XPO Logistics,203.31,Livré,Aucun
LIV03500,Magasin → Magasin,E01,Paris-Rungis,E05,Toulouse-Ouest,P004,Shampoing,Droguerie,2025-09-12,2025-09-13,1,1441,14299.8,Geodis,3447.83,Livré,Aucun
LIV03501,Fournisseur → Entrepôt,E05,Toulouse-Ouest,E07,Bordeaux-Centre,P002,Riz 1kg,Alimentaire,2025-05-23,2025-05-25,2,461,4870.8,DB Schenker,967.78,Livré,Aucun
LIV03502,Entrepôt → Magasin,E04,Lille-Nord,E07,Bordeaux-Centre,P009,TV 4K,Électronique,2025-03-29,2025-03-31,2,736,8574.8,Geodis,794.33,Livré,Aucun
LIV03503,Entrepôt → Magasin,E01,Paris-Rungis,E04,Lille-Nord,P001,Lait demi-écrémé,Alimentaire,2025-12-06,2025-12-09,3,1499,7236.1,FM Logistic,856.24,Livré,Erreur quantité
LIV03504,Entrepôt → Magasin,E02,Lyon-Sud,E01,Paris-Rungis,P007,Jeans,Textile,2025-12-25,2025-12-27,2,688,3812.2,DB Schenker,987.91,Livré,Aucun
LIV03505,Fournisseur → Entrepôt,E06,Nice-Est,E04,Lille-Nord,P006,T-shirt homme,Textile,2025-10-10,2025-10-12,2,604,4568.2,DB Schenker,1087.34,En transit,Casse
LIV03506,Fournisseur → Entrepôt,E08,Nantes-Atlantique,E02,Lyon-Sud,P003,Pâtes 500g,Alimentaire,2025-01-25,2025-01-28,3,98,203.8,DB Schenker,69.98,Annulé,Aucun
LIV03507,Magasin → Magasin,E08,Nantes-Atlantique,E04,Lille-Nord,P008,Smartphone,Électronique,2025-08-10,2025-08-11,1,1206,3495.5,DB Schenker,544.82,Livré,Aucun
LIV03508,Fournisseur → Entrepôt,E06,Nice-Est,E07,Bordeaux-Centre,P008,Smartphone,Électronique,2025-11-15,2025-11-18,3,1491,5537.2,DHL Supply Chain,1417.34,En transit,Erreur quantité
LIV03509,Entrepôt → Magasin,E02,Lyon-Sud,E05,Toulouse-Ouest,P003,Pâtes 500g,Alimentaire,2025-07-03,2025-07-05,2,696,2039.6,XPO Logistics,858.22,Retardé,Aucun
LIV03510,Entrepôt → Magasin,E08,Nantes-Atlantique,E06,Nice-Est,P010,Casque audio,Électronique,2025-04-13,2025-04-17,4,706,6504.4,Geodis,937.69,Livré,Aucun
LIV03511,Inter-entrepôts,E02,Lyon-Sud,E08,Nantes-Atlantique,P006,T-shirt homme,Textile,2025-09-24,2025-09-28,4,302,3921.2,DB Schenker,952.36,En transit,Aucun
LIV03512,Magasin → Magasin,E08,Nantes-Atlantique,E06,Nice-Est,P009,TV 4K,Électronique,2025-06-22,2025-06-25,3,1313,12642.5,DB Schenker,2150.4,Livré,Aucun
LIV03513,Entrepôt → Magasin,E02,Lyon-Sud,E03,Marseille-Port,P004,Shampoing,Droguerie,2025-07-28,2025-07-31,3,842,8831.5,DHL Supply Chain,2055.4,Livré,Aucun
LIV03514,Inter-entrepôts,E01,Paris-Rungis,E05,Toulouse-Ouest,P005,Lessive,Droguerie,2025-08-24,2025-08-27,3,21,226.0,DHL Supply Chain,86.27,Livré,Aucun
LIV03515,Entrepôt → Magasin,E06,Nice-Est,E03,Marseille-Port,P008,Smartphone,Électronique,2025-01-23,2025-01-26,3,993,7718.2,XPO Logistics,1311.92,Retardé,Aucun
LIV03516,Magasin → Magasin,E04,Lille-Nord,E03,Marseille-Port,P008,Smartphone,Électronique,2025-07-25,2025-07-30,5,742,4954.7,FM Logistic,588.76,Livré,Aucun
LIV03517,Entrepôt → Magasin,E06,Nice-Est,E03,Marseille-Port,P008,Smartphone,Électronique,2025-02-11,2025-02-15,4,1422,9592.8,DB Schenker,1321.0,Livré,Aucun
LIV03518,Fournisseur → Entrepôt,E07,Bordeaux-Centre,E01,Paris-Rungis,P006,T-shirt homme,Textile,2025-02-22,2025-02-26,4,39,21.7,XPO Logistics,122.19,Livré,Aucun
LIV03519,Fournisseur → Entrepôt,E02,Lyon-Sud,E01,Paris-Rungis,P001,Lait demi-écrémé,Alimentaire,2025-08-02,2025-08-06,4,78,929.6,DB Schenker,421.12,Livré,Casse
LIV03520,Fournisseur → Entrepôt,E04,Lille-Nord,E01,Paris-Rungis,P001,Lait demi-écrémé,Alimentaire,2025-12-02,2025-12-06,4,1313,4047.6,Geodis,379.82,Livré,Aucun
LIV03521,Inter-entrepôts,E02,Lyon-Sud,E03,Marseille-Port,P004,Shampoing,Droguerie,2025-01-31,2025-02-05,5,616,2367.3,FM Logistic,737.27,En transit,Retard transporteur
LIV03522,Magasin → Magasin,E06,Nice-Est,E08,Nantes-Atlantique,P004,Shampoing,Droguerie,2025-08-21,2025-08-24,3,228,3015.9,DHL Supply Chain,436.44,Livré,Aucun
LIV03523,Magasin → Magasin,E05,Toulouse-Ouest,E03,Marseille-Port,P009,TV 4K,Électronique,2025-07-17,2025-07-18,1,1079,9361.5,DB Schenker,2126.91,En transit,Aucun
LIV03524,Magasin → Magasin,E03,Marseille-Port,E07,Bordeaux-Centre,P001,Lait demi-écrémé,Alimentaire,2025-03-24,2025-03-29,5,303,1644.0,XPO Logistics,400.07,Livré,Aucun
LIV03525,Entrepôt → Magasin,E06,Nice-Est,E02,Lyon-Sud,P009,TV 4K,Électronique,2025-05-27,2025-06-01,5,137,511.6,DHL Supply Chain,186.04,Livré,Aucun
LIV03526,Entrepôt → Magasin,E06,Nice-Est,E07,Bordeaux-Centre,P005,Lessive,Droguerie,2025-07-29,2025-08-02,4,320,988.0,FM Logistic,267.28,Livré,Aucun
LIV03527,Fournisseur → Entrepôt,E01,Paris-Rungis,E05,Toulouse-Ouest,P002,Riz 1kg,Alimentaire,2025-02-09,2025-02-11,2,1039,15157.4,DB Schenker,4154.32,Livré,Aucun
LIV03528,Fournisseur → Entrepôt,E08,Nantes-Atlantique,E04,Lille-Nord,P006,T-shirt homme,Textile,2025-10-02,2025-10-05,3,1109,11653.2,DHL Supply Chain,2971.85,Livré,Aucun
LIV03529,Magasin → Magasin,E03,Marseille-Port,E01,Paris-Rungis,P007,Jeans,Textile,2025-10-18,2025-10-20,2,1457,14294.6,DHL Supply Chain,1906.41,Livré,Aucun
LIV03530,Entrepôt → Magasin,E03,Marseille-Port,E01,Paris-Rungis,P010,Casque audio,Électronique,2025-09-02,2025-09-06,4,257,1884.9,Geodis,301.25,Livré,Aucun
LIV03531,Magasin → Magasin,E03,Marseille-Port,E08,Nantes-Atlantique,P003,Pâtes 500g,Alimentaire,2025-07-04,2025-07-07,3,255,1174.0,XPO Logistics,501.34,Livré,Aucun
LIV03532,Entrepôt → Magasin,E02,Lyon-Sud,E01,Paris-Rungis,P002,Riz 1kg,Alimentaire,2025-01-29,2025-01-31,2,785,3066.7,Geodis,1109.51,Livré,Casse
LIV03533,Entrepôt → Magasin,E08,Nantes-Atlantique,E06,Nice-Est,P004,Shampoing,Droguerie,2025-10-18,2025-10-21,3,1158,13227.2,Geodis,1528.69,Livré,Aucun
LIV03534,Magasin → Magasin,E08,Nantes-Atlantique,E07,Bordeaux-Centre,P002,Riz 1kg,Alimentaire,2025-09-30,2025-10-04,4,370,4523.1,DB Schenker,960.79,Livré,Aucun
LIV03535,Inter-entrepôts,E01,Paris-Rungis,E03,Marseille-Port,P005,Lessive,Droguerie,2025-05-10,2025-05-14,4,1382,15972.7,DHL Supply Chain,2191.04,Livré,Aucun
LIV03536,Fournisseur → Entrepôt,E03,Marseille-Port,E02,Lyon-Sud,P006,T-shirt homme,Textile,2025-09-09,2025-09-13,4,1225,18222.4,DB Schenker,3289.43,En transit,Aucun
LIV03537,Fournisseur → Entrepôt,E04,Lille-Nord,E06,Nice-Est,P003,Pâtes 500g,Alimentaire,2025-04-11,2025-04-13,2,355,579.2,DHL Supply Chain,192.12,En transit,Aucun
LIV03538,Inter-entrepôts,E03,Marseille-Port,E05,Toulouse-Ouest,P008,Smartphone,Électronique,2025-03-30,2025-04-01,2,713,4616.5,DHL Supply Chain,572.96,Livré,Aucun
LIV03539,Fournisseur → Entrepôt,E07,Bordeaux-Centre,E02,Lyon-Sud,P010,Casque audio,Électronique,2025-08-18,2025-08-23,5,1122,2806.7,FM Logistic,677.24,Livré,Aucun
LIV03540,Fournisseur → Entrepôt,E05,Toulouse-Ouest,E08,Nantes-Atlantique,P005,Lessive,Droguerie,2025-12-28,2026-01-01,4,1238,1141.4,DHL Supply Chain,304.1,Livré,Casse
LIV03541,Entrepôt → Magasin,E07,Bordeaux-Centre,E05,Toulouse-Ouest,P009,TV 4K,Électronique,2025-01-30,2025-01-31,1,976,6859.1,DB Schenker,628.59,Livré,Aucun
LIV03542,Fournisseur → Entrepôt,E01,Paris-Rungis,E05,Toulouse-Ouest,P006,T-shirt homme,Textile,2025-01-14,2025-01-15,1,308,985.8,DHL Supply Chain,274.29,Livré,Aucun
LIV03543,Magasin → Magasin,E02,Lyon-Sud,E08,Nantes-Atlantique,P005,Lessive,Droguerie,2025-03-15,2025-03-16,1,1465,21789.1,XPO Logistics,2931.59,Livré,Retard transporteur
LIV03544,Magasin → Magasin,E02,Lyon-Sud,E06,Nice-Est,P004,Shampoing,Droguerie,2025-12-30,2026-01-02,3,1220,11653.8,Geodis,2816.03,En transit,Aucun
LIV03545,Entrepôt → Magasin,E08,Nantes-Atlantique,E04,Lille-Nord,P009,TV 4K,Électronique,2025-07-10,2025-07-15,5,672,6223.5,FM Logistic,2006.02,Livré,Aucun
LIV03546,Inter-entrepôts,E02,Lyon-Sud,E08,Nantes-Atlantique,P008,Smartphone,Électronique,2025-08-11,2025-08-16,5,888,10681.9,DHL Supply Chain,3144.01,Livré,Aucun
LIV03547,Magasin → Magasin,E03,Marseille-Port,E05,Toulouse-Ouest,P005,Lessive,Droguerie,2025-08-05,2025-08-06,1,1487,9107.1,DB Schenker,1422.88,Livré,Aucun
LIV03548,Entrepôt → Magasin,E04,Lille-Nord,E03,Marseille-Port,P001,Lait demi-écrémé,Alimentaire,2025-11-16,2025-11-17,1,1352,10319.5,DB Schenker,2583.54,En transit,Aucun
LIV03549,Entrepôt → Magasin,E08,Nantes-Atlantique,E04,Lille-Nord,P008,Smartphone,Électronique,2025-01-11,2025-01-13,2,626,9015.8,DHL Supply Chain,1557.01,Livré,Erreur quantité
LIV03550,Fournisseur → Entrepôt,E07,Bordeaux-Centre,E08,Nantes-Atlantique,P005,Lessive,Droguerie,2025-07-12,2025-07-14,2,288,2892.5,Geodis,606.27,Livré,Aucun
LIV03551,Inter-entrepôts,E04,Lille-Nord,E07,Bordeaux-Centre,P006,T-shirt homme,Textile,2025-10-20,2025-10-22,2,37,51.9,FM Logistic,122.86,Livré,Aucun
LIV03552,Inter-entrepôts,E06,Nice-Est,E04,Lille-Nord,P006,T-shirt homme,Textile,2025-03-03,2025-03-04,1,947,1362.8,FM Logistic,391.89,En transit,Aucun
LIV03553,Magasin → Magasin,E06,Nice-Est,E08,Nantes-Atlantique,P007,Jeans,Textile,2025-08-15,2025-08-17,2,1432,2814.2,XPO Logistics,277.4,Livré,Aucun
LIV03554,Magasin → Magasin,E02,Lyon-Sud,E07,Bordeaux-Centre,P003,Pâtes 500g,Alimentaire,2025-08-01,2025-08-02,1,714,3122.0,FM Logistic,1073.7,Retardé,Aucun
LIV03555,Entrepôt → Magasin,E01,Paris-Rungis,E03,Marseille-Port,P010,Casque audio,Électronique,2025-04-14,2025-04-17,3,1155,2416.3,FM Logistic,254.3,Livré,Aucun
LIV03556,Inter-entrepôts,E02,Lyon-Sud,E07,Bordeaux-Centre,P008,Smartphone,Électronique,2025-06-08,2025-06-10,2,305,508.5,DHL Supply Chain,267.08,Livré,Aucun
LIV03557,Entrepôt → Magasin,E04,Lille-Nord,E05,Toulouse-Ouest,P008,Smartphone,Électronique,2025-12-07,2025-12-12,5,1348,12266.7,FM Logistic,1633.3,Livré,Aucun
LIV03558,Entrepôt → Magasin,E07,Bordeaux-Centre,E02,Lyon-Sud,P010,Casque audio,Électronique,2025-07-15,2025-07-20,5,283,1171.0,FM Logistic,333.14,Livré,Erreur quantité
LIV03559,Magasin → Magasin,E02,Lyon-Sud,E03,Marseille-Port,P002,Riz 1kg,Alimentaire,2025-02-17,2025-02-20,3,1064,13040.0,XPO Logistics,1905.13,En transit,Aucun
LIV03560,Entrepôt → Magasin,E02,Lyon-Sud,E03,Marseille-Port,P002,Riz 1kg,Alimentaire,2025-12-21,2025-12-26,5,384,3151.2,DHL Supply Chain,838.76,Livré,Aucun
LIV03561,Entrepôt → Magasin,E06,Nice-Est,E03,Marseille-Port,P004,Shampoing,Droguerie,2025-04-18,2025-04-20,2,201,514.9,XPO Logistics,241.23,En transit,Aucun
LIV03562,Fournisseur → Entrepôt,E05,Toulouse-Ouest,E07,Bordeaux-Centre,P004,Shampoing,Droguerie,2025-11-09,2025-11-11,2,366,430.5,DB Schenker,364.69,Livré,Retard transporteur
LIV03563,Entrepôt → Magasin,E05,Toulouse-Ouest,E07,Bordeaux-Centre,P001,Lait demi-écrémé,Alimentaire,2025-10-04,2025-10-05,1,840,8006.9,FM Logistic,1434.79,En transit,Aucun
LIV03564,Inter-entrepôts,E06,Nice-Est,E01,Paris-Rungis,P001,Lait demi-écrémé,Alimentaire,2025-08-26,2025-08-28,2,1060,6145.8,DHL Supply Chain,1092.21,Livré,Aucun
LIV03565,Magasin → Magasin,E05,Toulouse-Ouest,E01,Paris-Rungis,P006,T-shirt homme,Textile,2025-05-28,2025-05-29,1,1270,6012.4,DHL Supply Chain,563.42,Livré,Aucun
LIV03566,Entrepôt → Magasin,E02,Lyon-Sud,E06,Nice-Est,P008,Smartphone,Électronique,2025-02-19,2025-02-22,3,193,701.9,DHL Supply Chain,239.17,Livré,Aucun
LIV03567,Entrepôt → Magasin,E03,Marseille-Port,E07,Bordeaux-Centre,P010,Casque audio,Électronique,2025-10-21,2025-10-23,2,782,9459.2,FM Logistic,2337.4,En transit,Aucun
LIV03568,Entrepôt → Magasin,E06,Nice-Est,E04,Lille-Nord,P010,Casque audio,Électronique,2025-08-27,2025-08-31,4,842,11916.5,Geodis,3454.14,Livré,Aucun
LIV03569,Magasin → Magasin,E01,Paris-Rungis,E07,Bordeaux-Centre,P005,Lessive,Droguerie,2025-08-24,2025-08-27,3,723,1880.8,DB Schenker,501.95,Livré,Aucun
LIV03570,Entrepôt → Magasin,E02,Lyon-Sud,E03,Marseille-Port,P004,Shampoing,Droguerie,2025-03-27,2025-04-01,5,21,261.1,FM Logistic,302.88,Livré,Retard transporteur
LIV03571,Inter-entrepôts,E05,Toulouse-Ouest,E01,Paris-Rungis,P006,T-shirt homme,Textile,2025-12-18,2025-12-23,5,319,747.8,Geodis,465.28,En transit,Aucun
LIV03572,Entrepôt → Magasin,E01,Paris-Rungis,E07,Bordeaux-Centre,P010,Casque audio,Électronique,2025-10-05,2025-10-10,5,713,9918.3,XPO Logistics,1708.18,Livré,Aucun
LIV03573,Fournisseur → Entrepôt,E07,Bordeaux-Centre,E08,Nantes-Atlantique,P002,Riz 1kg,Alimentaire,2025-12-30,2026-01-02,3,129,84.9,FM Logistic,144.93,Livré,Retard transporteur
LIV03574,Magasin → Magasin,E01,Paris-Rungis,E05,Toulouse-Ouest,P009,TV 4K,Électronique,2025-10-31,2025-11-02,2,189,1400.0,FM Logistic,350.46,Livré,Aucun
LIV03575,Fournisseur → Entrepôt,E03,Marseille-Port,E02,Lyon-Sud,P005,Lessive,Droguerie,2025-11-07,2025-11-12,5,550,5506.9,Geodis,1361.39,Livré,Aucun
LIV03576,Magasin → Magasin,E01,Paris-Rungis,E02,Lyon-Sud,P008,Smartphone,Électronique,2025-07-22,2025-07-27,5,601,908.5,Geodis,360.16,Livré,Aucun
LIV03577,Fournisseur → Entrepôt,E03,Marseille-Port,E06,Nice-Est,P006,T-shirt homme,Textile,2025-01-27,2025-01-31,4,511,5839.5,DHL Supply Chain,860.17,Retardé,Casse
LIV03578,Magasin → Magasin,E06,Nice-Est,E02,Lyon-Sud,P001,Lait demi-écrémé,Alimentaire,2025-05-22,2025-05-25,3,652,3911.4,Geodis,1228.25,Livré,Aucun
LIV03579,Magasin → Magasin,E04,Lille-Nord,E08,Nantes-Atlantique,P003,Pâtes 500g,Alimentaire,2025-11-24,2025-11-27,3,1484,5007.8,DB Schenker,551.49,Livré,Aucun
LIV03580,Entrepôt → Magasin,E02,Lyon-Sud,E03,Marseille-Port,P008,Smartphone,Électronique,2025-05-14,2025-05-19,5,1342,14441.8,XPO Logistics,2261.76,En transit,Aucun
LIV03581,Entrepôt → Magasin,E06,Nice-Est,E04,Lille-Nord,P007,Jeans,Textile,2025-01-04,2025-01-07,3,1431,12537.7,Geodis,2651.54,Livré,Erreur quantité
LIV03582,Magasin → Magasin,E05,Toulouse-Ouest,E04,Lille-Nord,P006,T-shirt homme,Textile,2025-07-21,2025-07-23,2,1302,10551.1,DHL Supply Chain,1708.59,Livré,Aucun
LIV03583,Entrepôt → Magasin,E08,Nantes-Atlantique,E06,Nice-Est,P007,Jeans,Textile,2025-10-03,2025-10-04,1,463,3585.7,Geodis,1343.68,Livré,Aucun
LIV03584,Magasin → Magasin,E05,Toulouse-Ouest,E01,Paris-Rungis,P003,Pâtes 500g,Alimentaire,2025-09-30,2025-10-05,5,1202,4467.6,XPO Logistics,903.19,Livré,Aucun
LIV03585,Entrepôt → Magasin,E01,Paris-Rungis,E06,Nice-Est,P006,T-shirt homme,Textile,2025-08-22,2025-08-27,5,1148,3029.9,DHL Supply Chain,814.67,Livré,Aucun
LIV03586,Fournisseur → Entrepôt,E03,Marseille-Port,E08,Nantes-Atlantique,P001,Lait demi-écrémé,Alimentaire,2025-08-21,2025-08-25,4,609,7660.7,XPO Logistics,2309.83,Livré,Aucun
LIV03587,Magasin → Magasin,E02,Lyon-Sud,E01,Paris-Rungis,P007,Jeans,Textile,2025-10-29,2025-10-30,1,1411,13034.3,DB Schenker,1297.27,Livré,Aucun
LIV03588,Magasin → Magasin,E08,Nantes-Atlantique,E05,Toulouse-Ouest,P008,Smartphone,Électronique,2025-05-17,2025-05-22,5,531,5985.2,DHL Supply Chain,440.51,En transit,Aucun
LIV03589,Entrepôt → Magasin,E03,Marseille-Port,E05,Toulouse-Ouest,P003,Pâtes 500g,Alimentaire,2025-07-29,2025-07-30,1,782,4130.3,DHL Supply Chain,744.09,Livré,Casse
LIV03590,Magasin → Magasin,E03,Marseille-Port,E06,Nice-Est,P003,Pâtes 500g,Alimentaire,2025-06-07,2025-06-08,1,1440,19979.0,Geodis,4292.02,En transit,Aucun
LIV03591,Fournisseur → Entrepôt,E03,Marseille-Port,E06,Nice-Est,P009,TV 4K,Électronique,2025-09-08,2025-09-13,5,1406,12739.3,XPO Logistics,1871.49,Livré,Aucun
LIV03592,Fournisseur → Entrepôt,E02,Lyon-Sud,E06,Nice-Est,P006,T-shirt homme,Textile,2025-05-28,2025-05-29,1,1290,7281.5,XPO Logistics,649.37,Livré,Aucun
LIV03593,Inter-entrepôts,E06,Nice-Est,E04,Lille-Nord,P007,Jeans,Textile,2025-06-28,2025-07-01,3,698,9506.0,Geodis,1379.09,Livré,Aucun
LIV03594,Fournisseur → Entrepôt,E04,Lille-Nord,E01,Paris-Rungis,P010,Casque audio,Électronique,2025-11-01,2025-11-04,3,478,1255.7,DB Schenker,501.3,Livré,Retard transporteur
LIV03595,Inter-entrepôts,E01,Paris-Rungis,E04,Lille-Nord,P009,TV 4K,Électronique,2025-07-14,2025-07-17,3,548,4545.7,Geodis,1368.06,Livré,Aucun
LIV03596,Entrepôt → Magasin,E08,Nantes-Atlantique,E03,Marseille-Port,P003,Pâtes 500g,Alimentaire,2025-07-06,2025-07-07,1,1061,13704.6,DHL Supply Chain,2311.92,Livré,Aucun
LIV03597,Entrepôt → Magasin,E08,Nantes-Atlantique,E06,Nice-Est,P006,T-shirt homme,Textile,2025-03-06,2025-03-09,3,1388,1347.8,XPO Logistics,359.0,Livré,Erreur quantité
LIV03598,Inter-entrepôts,E05,Toulouse-Ouest,E04,Lille-Nord,P005,Lessive,Droguerie,2025-12-07,2025-12-12,5,755,9320.9,DB Schenker,627.39,Livré,Aucun
LIV03599,Entrepôt → Magasin,E01,Paris-Rungis,E07,Bordeaux-Centre,P007,Jeans,Textile,2025-01-19,2025-01-21,2,26,376.6,DHL Supply Chain,321.68,Livré,Aucun
LIV03600,Inter-entrepôts,E05,Toulouse-Ouest,E06,Nice-Est,P007,Jeans,Textile,2025-02-12,2025-02-15,3,1485,9797.8,DB Schenker,2116.35,Livré,Retard transporteur
LIV03601,Entrepôt → Magasin,E05,Toulouse-Ouest,E06,Nice-Est,P007,Jeans,Textile,2025-11-06,2025-11-08,2,1121,12042.3,DHL Supply Chain,1112.2,Livré,Aucun
LIV03602,Entrepôt → Magasin,E04,Lille-Nord,E08,Nantes-Atlantique,P004,Shampoing,Droguerie,2025-01-27,2025-01-28,1,582,741.2,Geodis,408.6,Livré,Aucun
LIV03603,Magasin → Magasin,E03,Marseille-Port,E07,Bordeaux-Centre,P002,Riz 1kg,Alimentaire,2025-08-31,2025-09-05,5,913,12322.7,DB Schenker,1742.34,Livré,Aucun
LIV03604,Magasin → Magasin,E05,Toulouse-Ouest,E02,Lyon-Sud,P001,Lait demi-écrémé,Alimentaire,2025-06-26,2025-06-27,1,1335,1601.7,XPO Logistics,147.46,Livré,Aucun
LIV03605,Magasin → Magasin,E01,Paris-Rungis,E07,Bordeaux-Centre,P007,Jeans,Textile,2025-04-05,2025-04-06,1,251,524.0,Geodis,353.07,En transit,Aucun
LIV03606,Entrepôt → Magasin,E01,Paris-Rungis,E08,Nantes-Atlantique,P005,Lessive,Droguerie,2025-03-25,2025-03-27,2,316,4513.8,DHL Supply Chain,1317.34,Livré,Aucun
LIV03607,Fournisseur → Entrepôt,E06,Nice-Est,E01,Paris-Rungis,P005,Lessive,Droguerie,2025-01-18,2025-01-22,4,1222,12586.0,Geodis,3371.0,En transit,Aucun
LIV03608,Inter-entrepôts,E02,Lyon-Sud,E03,Marseille-Port,P010,Casque audio,Électronique,2025-11-26,2025-11-29,3,276,188.1,DB Schenker,323.37,Retardé,Retard transporteur
LIV03609,Inter-entrepôts,E03,Marseille-Port,E04,Lille-Nord,P007,Jeans,Textile,2025-03-04,2025-03-09,5,424,4419.2,DHL Supply Chain,821.02,Livré,Retard transporteur
LIV03610,Fournisseur → Entrepôt,E05,Toulouse-Ouest,E01,Paris-Rungis,P007,Jeans,Textile,2025-08-05,2025-08-07,2,249,1122.8,DB Schenker,338.47,Livré,Aucun
LIV03611,Magasin → Magasin,E02,Lyon-Sud,E05,Toulouse-Ouest,P010,Casque audio,Électronique,2025-12-21,2025-12-23,2,872,12613.5,DHL Supply Chain,1158.41,Livré,Erreur quantité
LIV03612,Entrepôt → Magasin,E05,Toulouse-Ouest,E07,Bordeaux-Centre,P002,Riz 1kg,Alimentaire,2025-07-07,2025-07-10,3,1358,996.8,DB Schenker,195.13,En transit,Aucun
LIV03613,Entrepôt → Magasin,E02,Lyon-Sud,E05,Toulouse-Ouest,P004,Shampoing,Droguerie,2025-11-25,2025-11-27,2,947,4935.1,Geodis,1489.94,Livré,Aucun
LIV03614,Inter-entrepôts,E02,Lyon-Sud,E08,Nantes-Atlantique,P009,TV 4K,Électronique,2025-09-22,2025-09-24,2,1260,6659.4,FM Logistic,1150.45,Livré,Aucun
LIV03615,Fournisseur → Entrepôt,E05,Toulouse-Ouest,E02,Lyon-Sud,P006,T-shirt homme,Textile,2025-12-21,2025-12-23,2,675,7663.2,Geodis,2162.43,Livré,Aucun
LIV03616,Magasin → Magasin,E06,Nice-Est,E05,Toulouse-Ouest,P010,Casque audio,Électronique,2025-10-28,2025-10-31,3,1344,13433.5,FM Logistic,3945.2,Annulé,Aucun
LIV03617,Fournisseur → Entrepôt,E03,Marseille-Port,E07,Bordeaux-Centre,P009,TV 4K,Électronique,2025-03-13,2025-03-14,1,1330,6928.7,DHL Supply Chain,1130.17,En transit,Aucun
LIV03618,Inter-entrepôts,E01,Paris-Rungis,E06,Nice-Est,P004,Shampoing,Droguerie,2025-11-08,2025-11-12,4,989,2284.4,XPO Logistics,662.11,Livré,Aucun
LIV03619,Fournisseur → Entrepôt,E04,Lille-Nord,E03,Marseille-Port,P010,Casque audio,Électronique,2025-02-10,2025-02-11,1,375,4530.2,DB Schenker,667.48,Livré,Aucun
LIV03620,Fournisseur → Entrepôt,E05,Toulouse-Ouest,E06,Nice-Est,P010,Casque audio,Électronique,2025-11-28,2025-12-02,4,34,233.8,XPO Logistics,184.75,Livré,Aucun
LIV03621,Inter-entrepôts,E04,Lille-Nord,E07,Bordeaux-Centre,P005,Lessive,Droguerie,2025-01-16,2025-01-21,5,257,1761.7,DHL Supply Chain,723.94,Livré,Casse
LIV03622,Fournisseur → Entrepôt,E04,Lille-Nord,E06,Nice-Est,P003,Pâtes 500g,Alimentaire,2025-08-08,2025-08-12,4,1093,2736.2,DHL Supply Chain,383.79,Annulé,Casse
LIV03623,Entrepôt → Magasin,E08,Nantes-Atlantique,E05,Toulouse-Ouest,P009,TV 4K,Électronique,2025-02-05,2025-02-06,1,739,1546.1,FM Logistic,293.31,Livré,Aucun
LIV03624,Inter-entrepôts,E04,Lille-Nord,E07,Bordeaux-Centre,P009,TV 4K,Électronique,2025-07-12,2025-07-14,2,552,3071.0,XPO Logistics,632.28,En transit,Aucun
LIV03625,Fournisseur → Entrepôt,E05,Toulouse-Ouest,E07,Bordeaux-Centre,P010,Casque audio,Électronique,2025-10-06,2025-10-07,1,226,2794.7,XPO Logistics,463.09,Livré,Aucun
LIV03626,Magasin → Magasin,E01,Paris-Rungis,E04,Lille-Nord,P001,Lait demi-écrémé,Alimentaire,2025-12-21,2025-12-25,4,627,3073.6,FM Logistic,342.9,Livré,Aucun
LIV03627,Magasin → Magasin,E02,Lyon-Sud,E08,Nantes-Atlantique,P001,Lait demi-écrémé,Alimentaire,2025-12-01,2025-12-02,1,59,675.7,DHL Supply Chain,97.05,Livré,Aucun
LIV03628,Fournisseur → Entrepôt,E02,Lyon-Sud,E05,Toulouse-Ouest,P003,Pâtes 500g,Alimentaire,2025-09-29,2025-10-03,4,464,1018.2,FM Logistic,459.31,Livré,Retard transporteur
LIV03629,Inter-entrepôts,E07,Bordeaux-Centre,E08,Nantes-Atlantique,P001,Lait demi-écrémé,Alimentaire,2025-12-11,2025-12-12,1,312,2880.7,FM Logistic,573.09,Livré,Aucun
LIV03630,Inter-entrepôts,E02,Lyon-Sud,E04,Lille-Nord,P007,Jeans,Textile,2025-11-19,2025-11-20,1,963,12660.8,FM Logistic,3220.51,Livré,Aucun
LIV03631,Entrepôt → Magasin,E04,Lille-Nord,E06,Nice-Est,P009,TV 4K,Électronique,2025-09-11,2025-09-13,2,242,1796.1,DHL Supply Chain,334.0,Livré,Aucun
LIV03632,Magasin → Magasin,E05,Toulouse-Ouest,E08,Nantes-Atlantique,P005,Lessive,Droguerie,2025-10-07,2025-10-11,4,1209,5477.4,Geodis,768.77,Livré,Aucun
LIV03633,Magasin → Magasin,E03,Marseille-Port,E04,Lille-Nord,P009,TV 4K,Électronique,2025-01-16,2025-01-20,4,338,4452.5,FM Logistic,673.03,Livré,Aucun
LIV03634,Inter-entrepôts,E03,Marseille-Port,E06,Nice-Est,P008,Smartphone,Électronique,2025-05-16,2025-05-18,2,603,1394.0,Geodis,709.17,Livré,Aucun
LIV03635,Entrepôt → Magasin,E06,Nice-Est,E01,Paris-Rungis,P009,TV 4K,Électronique,2025-11-19,2025-11-21,2,1465,18819.6,XPO Logistics,4372.36,Livré,Retard transporteur
LIV03636,Fournisseur → Entrepôt,E01,Paris-Rungis,E06,Nice-Est,P003,Pâtes 500g,Alimentaire,2025-11-30,2025-12-04,4,1173,3327.1,Geodis,968.23,En transit,Aucun
LIV03637,Magasin → Magasin,E06,Nice-Est,E01,Paris-Rungis,P006,T-shirt homme,Textile,2025-05-11,2025-05-12,1,1081,15061.5,DHL Supply Chain,3475.11,Livré,Aucun
LIV03638,Entrepôt → Magasin,E01,Paris-Rungis,E03,Marseille-Port,P002,Riz 1kg,Alimentaire,2025-04-22,2025-04-26,4,1343,2138.8,XPO Logistics,621.24,Livré,Aucun
LIV03639,Magasin → Magasin,E05,Toulouse-Ouest,E07,Bordeaux-Centre,P005,Lessive,Droguerie,2025-06-18,2025-06-19,1,338,829.1,DHL Supply Chain,350.33,Livré,Retard transporteur
LIV03640,Magasin → Magasin,E07,Bordeaux-Centre,E01,Paris-Rungis,P008,Smartphone,Électronique,2025-12-24,2025-12-28,4,605,2748.4,DHL Supply Chain,837.84,Retardé,Aucun
LIV03641,Entrepôt → Magasin,E04,Lille-Nord,E07,Bordeaux-Centre,P006,T-shirt homme,Textile,2025-12-12,2025-12-17,5,1262,3272.1,FM Logistic,467.27,Livré,Aucun
LIV03642,Fournisseur → Entrepôt,E02,Lyon-Sud,E01,Paris-Rungis,P009,TV 4K,Électronique,2025-08-09,2025-08-10,1,721,3066.0,XPO Logistics,375.04,Livré,Aucun
LIV03643,Fournisseur → Entrepôt,E08,Nantes-Atlantique,E03,Marseille-Port,P009,TV 4K,Électronique,2025-11-02,2025-11-05,3,819,5081.6,DHL Supply Chain,1028.53,Livré,Aucun
LIV03644,Fournisseur → Entrepôt,E02,Lyon-Sud,E06,Nice-Est,P005,Lessive,Droguerie,2025-04-29,2025-05-02,3,271,1420.8,DB Schenker,457.55,Livré,Casse
LIV03645,Entrepôt → Magasin,E02,Lyon-Sud,E04,Lille-Nord,P005,Lessive,Droguerie,2025-10-20,2025-10-23,3,932,9748.6,DHL Supply Chain,2790.68,En transit,Aucun
LIV03646,Fournisseur → Entrepôt,E04,Lille-Nord,E03,Marseille-Port,P003,Pâtes 500g,Alimentaire,2025-06-24,2025-06-27,3,1349,3433.2,XPO Logistics,476.27,Livré,Aucun
LIV03647,Magasin → Magasin,E01,Paris-Rungis,E03,Marseille-Port,P010,Casque audio,Électronique,2025-09-03,2025-09-06,3,1158,761.8,FM Logistic,298.06,Livré,Retard transporteur
LIV03648,Magasin → Magasin,E04,Lille-Nord,E02,Lyon-Sud,P006,T-shirt homme,Textile,2025-03-25,2025-03-26,1,214,1699.0,FM Logistic,490.73,Livré,Aucun
LIV03649,Magasin → Magasin,E07,Bordeaux-Centre,E02,Lyon-Sud,P001,Lait demi-écrémé,Alimentaire,2025-03-25,2025-03-30,5,875,5724.2,XPO Logistics,1952.16,En transit,Aucun
LIV03650,Fournisseur → Entrepôt,E02,Lyon-Sud,E06,Nice-Est,P010,Casque audio,Électronique,2025-10-09,2025-10-12,3,961,9034.3,FM Logistic,853.7,Livré,Aucun
LIV03651,Inter-entrepôts,E04,Lille-Nord,E06,Nice-Est,P006,T-shirt homme,Textile,2025-06-26,2025-06-27,1,1380,7408.6,DHL Supply Chain,641.71,Livré,Retard transporteur
LIV03652,Magasin → Magasin,E08,Nantes-Atlantique,E02,Lyon-Sud,P001,Lait demi-écrémé,Alimentaire,2025-09-17,2025-09-22,5,23,94.8,XPO Logistics,202.66,Livré,Aucun
LIV03653,Magasin → Magasin,E05,Toulouse-Ouest,E04,Lille-Nord,P001,Lait demi-écrémé,Alimentaire,2025-01-22,2025-01-23,1,259,416.9,Geodis,345.02,Livré,Casse
LIV03654,Entrepôt → Magasin,E01,Paris-Rungis,E07,Bordeaux-Centre,P009,TV 4K,Électronique,2025-05-17,2025-05-22,5,768,4080.4,XPO Logistics,1132.26,Livré,Aucun
LIV03655,Entrepôt → Magasin,E03,Marseille-Port,E04,Lille-Nord,P001,Lait demi-écrémé,Alimentaire,2025-02-23,2025-02-26,3,1015,6360.5,DB Schenker,1393.97,Livré,Aucun
LIV03656,Entrepôt → Magasin,E01,Paris-Rungis,E02,Lyon-Sud,P005,Lessive,Droguerie,2025-06-13,2025-06-15,2,1185,16542.7,DB Schenker,3616.39,Livré,Aucun
LIV03657,Inter-entrepôts,E02,Lyon-Sud,E08,Nantes-Atlantique,P002,Riz 1kg,Alimentaire,2025-04-08,2025-04-13,5,921,12159.7,DHL Supply Chain,820.54,Livré,Aucun
LIV03658,Entrepôt → Magasin,E08,Nantes-Atlantique,E02,Lyon-Sud,P006,T-shirt homme,Textile,2025-12-26,2025-12-29,3,1371,18801.9,Geodis,3920.7,Livré,Aucun
LIV03659,Magasin → Magasin,E07,Bordeaux-Centre,E03,Marseille-Port,P001,Lait demi-écrémé,Alimentaire,2025-02-10,2025-02-14,4,374,1873.9,DHL Supply Chain,543.77,Livré,Aucun
LIV03660,Inter-entrepôts,E01,Paris-Rungis,E06,Nice-Est,P010,Casque audio,Électronique,2025-04-10,2025-04-14,4,327,1640.1,FM Logistic,478.67,Livré,Aucun
LIV03661,Inter-entrepôts,E08,Nantes-Atlantique,E06,Nice-Est,P006,T-shirt homme,Textile,2025-01-09,2025-01-10,1,636,5367.2,Geodis,654.41,Retardé,Aucun
LIV03662,Inter-entrepôts,E07,Bordeaux-Centre,E08,Nantes-Atlantique,P005,Lessive,Droguerie,2025-07-27,2025-07-30,3,1446,10557.1,DHL Supply Chain,913.67,Livré,Erreur quantité
LIV03663,Inter-entrepôts,E04,Lille-Nord,E07,Bordeaux-Centre,P008,Smartphone,Électronique,2025-06-26,2025-06-29,3,412,5591.3,DB Schenker,877.68,Retardé,Aucun
LIV03664,Inter-entrepôts,E07,Bordeaux-Centre,E08,Nantes-Atlantique,P001,Lait demi-écrémé,Alimentaire,2025-09-08,2025-09-11,3,1102,6565.4,FM Logistic,1605.0,Livré,Aucun
LIV03665,Magasin → Magasin,E05,Toulouse-Ouest,E04,Lille-Nord,P010,Casque audio,Électronique,2025-02-27,2025-03-03,4,828,11899.4,XPO Logistics,2364.11,Livré,Aucun
LIV03666,Inter-entrepôts,E04,Lille-Nord,E01,Paris-Rungis,P003,Pâtes 500g,Alimentaire,2025-05-15,2025-05-20,5,1326,17749.7,DB Schenker,3478.66,Livré,Aucun
LIV03667,Inter-entrepôts,E06,Nice-Est,E05,Toulouse-Ouest,P010,Casque audio,Électronique,2025-02-22,2025-02-25,3,1241,7304.5,XPO Logistics,1185.35,Livré,Retard transporteur
LIV03668,Magasin → Magasin,E03,Marseille-Port,E01,Paris-Rungis,P005,Lessive,Droguerie,2025-02-28,2025-03-04,4,1049,12741.9,DB Schenker,1498.92,Livré,Aucun
LIV03669,Entrepôt → Magasin,E05,Toulouse-Ouest,E06,Nice-Est,P010,Casque audio,Électronique,2025-01-31,2025-02-01,1,803,475.4,XPO Logistics,346.38,Livré,Erreur quantité
LIV03670,Fournisseur → Entrepôt,E01,Paris-Rungis,E06,Nice-Est,P003,Pâtes 500g,Alimentaire,2025-10-14,2025-10-16,2,451,4329.9,FM Logistic,491.66,Livré,Aucun
LIV03671,Fournisseur → Entrepôt,E03,Marseille-Port,E06,Nice-Est,P010,Casque audio,Électronique,2025-04-02,2025-04-05,3,1021,677.2,FM Logistic,345.7,Livré,Aucun
LIV03672,Inter-entrepôts,E06,Nice-Est,E04,Lille-Nord,P002,Riz 1kg,Alimentaire,2025-07-04,2025-07-08,4,1015,3768.8,FM Logistic,474.38,Livré,Aucun
LIV03673,Magasin → Magasin,E07,Bordeaux-Centre,E06,Nice-Est,P010,Casque audio,Électronique,2025-01-22,2025-01-24,2,814,1637.7,FM Logistic,700.96,Livré,Aucun
LIV03674,Inter-entrepôts,E03,Marseille-Port,E08,Nantes-Atlantique,P010,Casque audio,Électronique,2025-09-21,2025-09-23,2,435,2763.3,XPO Logistics,323.21,Livré,Aucun
LIV03675,Entrepôt → Magasin,E01,Paris-Rungis,E07,Bordeaux-Centre,P004,Shampoing,Droguerie,2025-01-15,2025-01-18,3,786,3801.4,DHL Supply Chain,455.86,Livré,Aucun
LIV03676,Fournisseur → Entrepôt,E03,Marseille-Port,E07,Bordeaux-Centre,P009,TV 4K,Électronique,2025-08-21,2025-08-24,3,1328,10865.5,FM Logistic,1331.42,Livré,Aucun
LIV03677,Inter-entrepôts,E01,Paris-Rungis,E07,Bordeaux-Centre,P003,Pâtes 500g,Alimentaire,2025-02-14,2025-02-17,3,1456,10968.9,XPO Logistics,3059.8,Retardé,Aucun
LIV03678,Magasin → Magasin,E02,Lyon-Sud,E08,Nantes-Atlantique,P007,Jeans,Textile,2025-12-26,2025-12-28,2,300,2309.9,Geodis,624.1,Retardé,Erreur quantité
LIV03679,Inter-entrepôts,E01,Paris-Rungis,E08,Nantes-Atlantique,P005,Lessive,Droguerie,2025-09-24,2025-09-25,1,842,1433.0,DB Schenker,296.65,Livré,Aucun
LIV03680,Magasin → Magasin,E01,Paris-Rungis,E02,Lyon-Sud,P006,T-shirt homme,Textile,2025-10-06,2025-10-11,5,844,6114.5,Geodis,1312.96,Livré,Aucun
LIV03681,Inter-entrepôts,E07,Bordeaux-Centre,E04,Lille-Nord,P010,Casque audio,Électronique,2025-09-27,2025-09-28,1,428,1000.9,FM Logistic,449.05,En transit,Aucun
LIV03682,Magasin → Magasin,E07,Bordeaux-Centre,E04,Lille-Nord,P003,Pâtes 500g,Alimentaire,2025-10-22,2025-10-23,1,1192,1551.9,XPO Logistics,375.17,En transit,Aucun
LIV03683,Entrepôt → Magasin,E08,Nantes-Atlantique,E03,Marseille-Port,P007,Jeans,Textile,2025-09-06,2025-09-08,2,704,689.4,DB Schenker,208.96,En transit,Retard transporteur
LIV03684,Magasin → Magasin,E04,Lille-Nord,E01,Paris-Rungis,P002,Riz 1kg,Alimentaire,2025-10-31,2025-11-02,2,549,4810.9,XPO Logistics,435.44,Retardé,Erreur quantité
LIV03685,Fournisseur → Entrepôt,E02,Lyon-Sud,E08,Nantes-Atlantique,P009,TV 4K,Électronique,2025-04-20,2025-04-22,2,732,4730.6,FM Logistic,578.97,En transit,Aucun
LIV03686,Entrepôt → Magasin,E02,Lyon-Sud,E04,Lille-Nord,P008,Smartphone,Électronique,2025-04-25,2025-04-28,3,296,2123.9,FM Logistic,695.75,Livré,Retard transporteur
LIV03687,Entrepôt → Magasin,E01,Paris-Rungis,E07,Bordeaux-Centre,P002,Riz 1kg,Alimentaire,2025-07-04,2025-07-05,1,959,12142.5,XPO Logistics,2907.09,Livré,Aucun
LIV03688,Entrepôt → Magasin,E07,Bordeaux-Centre,E05,Toulouse-Ouest,P007,Jeans,Textile,2025-09-04,2025-09-06,2,849,12689.2,XPO Logistics,1575.11,Livré,Aucun
LIV03689,Inter-entrepôts,E06,Nice-Est,E05,Toulouse-Ouest,P009,TV 4K,Électronique,2025-04-04,2025-04-05,1,286,4242.9,DHL Supply Chain,879.02,Annulé,Aucun
LIV03690,Fournisseur → Entrepôt,E02,Lyon-Sud,E04,Lille-Nord,P002,Riz 1kg,Alimentaire,2025-08-26,2025-08-29,3,1017,6898.4,DHL Supply Chain,2293.71,Livré,Aucun
LIV03691,Magasin → Magasin,E07,Bordeaux-Centre,E03,Marseille-Port,P008,Smartphone,Électronique,2025-11-15,2025-11-20,5,1355,16133.2,XPO Logistics,2138.46,Livré,Aucun
LIV03692,Inter-entrepôts,E06,Nice-Est,E01,Paris-Rungis,P005,Lessive,Droguerie,2025-07-16,2025-07-21,5,1435,1421.3,DHL Supply Chain,500.72,Livré,Aucun
LIV03693,Fournisseur → Entrepôt,E01,Paris-Rungis,E06,Nice-Est,P007,Jeans,Textile,2025-01-18,2025-01-20,2,85,593.5,XPO Logistics,422.69,Livré,Aucun
LIV03694,Magasin → Magasin,E04,Lille-Nord,E02,Lyon-Sud,P003,Pâtes 500g,Alimentaire,2025-10-29,2025-11-03,5,261,2411.3,XPO Logistics,924.77,Livré,Casse
LIV03695,Fournisseur → Entrepôt,E04,Lille-Nord,E08,Nantes-Atlantique,P004,Shampoing,Droguerie,2025-11-03,2025-11-08,5,1029,1358.2,XPO Logistics,256.1,Livré,Aucun
LIV03696,Magasin → Magasin,E08,Nantes-Atlantique,E06,Nice-Est,P001,Lait demi-écrémé,Alimentaire,2025-07-22,2025-07-23,1,1266,9777.8,Geodis,1836.63,Livré,Erreur quantité
LIV03697,Magasin → Magasin,E02,Lyon-Sud,E05,Toulouse-Ouest,P007,Jeans,Textile,2025-12-02,2025-12-07,5,1177,17004.7,DHL Supply Chain,2057.15,Livré,Casse
LIV03698,Magasin → Magasin,E03,Marseille-Port,E04,Lille-Nord,P003,Pâtes 500g,Alimentaire,2025-08-19,2025-08-22,3,279,226.4,DB Schenker,208.26,En transit,Aucun
LIV03699,Inter-entrepôts,E08,Nantes-Atlantique,E01,Paris-Rungis,P008,Smartphone,Électronique,2025-12-09,2025-12-10,1,403,2722.4,DHL Supply Chain,668.66,En transit,Aucun
LIV03700,Magasin → Magasin,E02,Lyon-Sud,E04,Lille-Nord,P004,Shampoing,Droguerie,2025-07-31,2025-08-03,3,1100,9617.3,FM Logistic,1180.44,Annulé,Aucun
LIV03701,Entrepôt → Magasin,E08,Nantes-Atlantique,E06,Nice-Est,P001,Lait demi-écrémé,Alimentaire,2025-01-31,2025-02-02,2,765,1441.0,DHL Supply Chain,544.53,Livré,Retard transporteur
LIV03702,Entrepôt → Magasin,E03,Marseille-Port,E08,Nantes-Atlantique,P006,T-shirt homme,Textile,2025-05-08,2025-05-10,2,546,2502.7,XPO Logistics,951.01,Livré,Aucun
LIV03703,Entrepôt → Magasin,E02,Lyon-Sud,E03,Marseille-Port,P010,Casque audio,Électronique,2025-03-10,2025-03-11,1,852,566.8,FM Logistic,435.87,Livré,Aucun
LIV03704,Inter-entrepôts,E08,Nantes-Atlantique,E01,Paris-Rungis,P010,Casque audio,Électronique,2025-11-16,2025-11-20,4,366,5120.7,Geodis,656.45,Livré,Erreur quantité
LIV03705,Entrepôt → Magasin,E03,Marseille-Port,E08,Nantes-Atlantique,P004,Shampoing,Droguerie,2025-03-29,2025-04-03,5,1433,7229.7,XPO Logistics,695.16,Livré,Retard transporteur
LIV03706,Fournisseur → Entrepôt,E02,Lyon-Sud,E05,Toulouse-Ouest,P005,Lessive,Droguerie,2025-09-28,2025-10-02,4,99,61.2,XPO Logistics,270.88,Livré,Aucun
LIV03707,Fournisseur → Entrepôt,E08,Nantes-Atlantique,E06,Nice-Est,P007,Jeans,Textile,2025-11-08,2025-11-09,1,1312,17055.4,FM Logistic,1629.81,Livré,Aucun
LIV03708,Entrepôt → Magasin,E05,Toulouse-Ouest,E03,Marseille-Port,P001,Lait demi-écrémé,Alimentaire,2025-12-11,2025-12-16,5,391,211.6,FM Logistic,136.71,Retardé,Aucun
LIV03709,Inter-entrepôts,E08,Nantes-Atlantique,E05,Toulouse-Ouest,P003,Pâtes 500g,Alimentaire,2025-12-15,2025-12-20,5,1015,2710.0,DHL Supply Chain,766.0,Livré,Aucun
LIV03710,Fournisseur → Entrepôt,E06,Nice-Est,E02,Lyon-Sud,P008,Smartphone,Électronique,2025-05-17,2025-05-18,1,163,1838.6,FM Logistic,385.37,Livré,Casse
LIV03711,Fournisseur → Entrepôt,E07,Bordeaux-Centre,E03,Marseille-Port,P004,Shampoing,Droguerie,2025-03-15,2025-03-16,1,852,10145.0,DB Schenker,1554.39,Retardé,Aucun
LIV03712,Inter-entrepôts,E03,Marseille-Port,E05,Toulouse-Ouest,P010,Casque audio,Électronique,2025-01-26,2025-01-30,4,1301,18362.3,DB Schenker,5637.27,Livré,Aucun
LIV03713,Fournisseur → Entrepôt,E05,Toulouse-Ouest,E01,Paris-Rungis,P004,Shampoing,Droguerie,2025-03-11,2025-03-13,2,902,5324.4,Geodis,1637.39,En transit,Aucun
LIV03714,Entrepôt → Magasin,E08,Nantes-Atlantique,E02,Lyon-Sud,P004,Shampoing,Droguerie,2025-12-27,2025-12-30,3,1269,5961.0,XPO Logistics,567.62,Livré,Aucun
LIV03715,Entrepôt → Magasin,E06,Nice-Est,E02,Lyon-Sud,P007,Jeans,Textile,2025-12-16,2025-12-20,4,423,3350.1,DHL Supply Chain,1016.86,Livré,Aucun
LIV03716,Entrepôt → Magasin,E04,Lille-Nord,E01,Paris-Rungis,P009,TV 4K,Électronique,2025-09-01,2025-09-05,4,477,4772.0,XPO Logistics,1233.23,Livré,Aucun
LIV03717,Inter-entrepôts,E01,Paris-Rungis,E07,Bordeaux-Centre,P003,Pâtes 500g,Alimentaire,2025-12-29,2026-01-02,4,943,8032.7,Geodis,1674.8,Livré,Aucun
LIV03718,Fournisseur → Entrepôt,E08,Nantes-Atlantique,E01,Paris-Rungis,P003,Pâtes 500g,Alimentaire,2025-09-05,2025-09-07,2,1306,787.9,Geodis,281.45,En transit,Erreur quantité
LIV03719,Entrepôt → Magasin,E01,Paris-Rungis,E07,Bordeaux-Centre,P001,Lait demi-écrémé,Alimentaire,2025-04-22,2025-04-27,5,34,430.8,FM Logistic,223.1,Livré,Erreur quantité
LIV03720,Inter-entrepôts,E02,Lyon-Sud,E08,Nantes-Atlantique,P001,Lait demi-écrémé,Alimentaire,2025-04-12,2025-04-17,5,1095,8071.9,FM Logistic,694.29,Livré,Aucun
LIV03721,Inter-entrepôts,E07,Bordeaux-Centre,E03,Marseille-Port,P005,Lessive,Droguerie,2025-01-29,2025-01-30,1,816,2358.2,DB Schenker,368.67,Livré,Aucun
LIV03722,Fournisseur → Entrepôt,E04,Lille-Nord,E06,Nice-Est,P008,Smartphone,Électronique,2025-01-26,2025-01-31,5,989,14123.9,Geodis,1237.08,Livré,Casse
LIV03723,Fournisseur → Entrepôt,E04,Lille-Nord,E02,Lyon-Sud,P009,TV 4K,Électronique,2025-04-27,2025-05-01,4,138,1454.4,FM Logistic,691.54,Livré,Aucun
LIV03724,Magasin → Magasin,E04,Lille-Nord,E02,Lyon-Sud,P005,Lessive,Droguerie,2025-03-19,2025-03-22,3,812,5077.5,XPO Logistics,745.34,Livré,Aucun
LIV03725,Entrepôt → Magasin,E01,Paris-Rungis,E02,Lyon-Sud,P002,Riz 1kg,Alimentaire,2025-05-30,2025-06-01,2,210,3008.7,Geodis,1033.39,Livré,Aucun
LIV03726,Magasin → Magasin,E08,Nantes-Atlantique,E06,Nice-Est,P001,Lait demi-écrémé,Alimentaire,2025-05-11,2025-05-13,2,32,85.1,DB Schenker,296.33,Retardé,Aucun
LIV03727,Entrepôt → Magasin,E01,Paris-Rungis,E04,Lille-Nord,P005,Lessive,Droguerie,2025-03-31,2025-04-02,2,461,5387.1,Geodis,1011.26,Livré,Aucun
LIV03728,Inter-entrepôts,E05,Toulouse-Ouest,E02,Lyon-Sud,P009,TV 4K,Électronique,2025-11-24,2025-11-29,5,240,1350.2,FM Logistic,450.06,En transit,Aucun
LIV03729,Entrepôt → Magasin,E06,Nice-Est,E02,Lyon-Sud,P008,Smartphone,Électronique,2025-10-24,2025-10-29,5,1175,2178.1,DHL Supply Chain,571.01,En transit,Aucun
LIV03730,Magasin → Magasin,E05,Toulouse-Ouest,E07,Bordeaux-Centre,P002,Riz 1kg,Alimentaire,2025-09-25,2025-09-26,1,877,1905.7,DHL Supply Chain,506.8,En transit,Aucun
LIV03731,Inter-entrepôts,E05,Toulouse-Ouest,E02,Lyon-Sud,P005,Lessive,Droguerie,2025-12-06,2025-12-07,1,1188,1834.7,DB Schenker,767.83,Livré,Aucun
LIV03732,Inter-entrepôts,E03,Marseille-Port,E06,Nice-Est,P006,T-shirt homme,Textile,2025-06-06,2025-06-09,3,1495,20753.1,XPO Logistics,1416.37,Livré,Aucun
LIV03733,Inter-entrepôts,E02,Lyon-Sud,E06,Nice-Est,P003,Pâtes 500g,Alimentaire,2025-08-16,2025-08-17,1,30,388.6,XPO Logistics,250.79,En transit,Retard transporteur
LIV03734,Magasin → Magasin,E07,Bordeaux-Centre,E01,Paris-Rungis,P001,Lait demi-écrémé,Alimentaire,2025-10-13,2025-10-16,3,618,8046.8,FM Logistic,1304.24,Livré,Aucun
LIV03735,Magasin → Magasin,E03,Marseille-Port,E06,Nice-Est,P007,Jeans,Textile,2025-09-13,2025-09-16,3,456,1689.1,FM Logistic,638.49,Retardé,Aucun
LIV03736,Fournisseur → Entrepôt,E03,Marseille-Port,E04,Lille-Nord,P009,TV 4K,Électronique,2025-09-20,2025-09-21,1,638,5542.1,DB Schenker,919.54,Livré,Erreur quantité
LIV03737,Entrepôt → Magasin,E04,Lille-Nord,E07,Bordeaux-Centre,P002,Riz 1kg,Alimentaire,2025-06-17,2025-06-19,2,1247,14062.2,DB Schenker,3591.39,Livré,Aucun
LIV03738,Inter-entrepôts,E02,Lyon-Sud,E04,Lille-Nord,P009,TV 4K,Électronique,2025-06-20,2025-06-24,4,703,995.7,XPO Logistics,358.85,Retardé,Aucun
LIV03739,Magasin → Magasin,E03,Marseille-Port,E01,Paris-Rungis,P010,Casque audio,Électronique,2025-08-18,2025-08-20,2,224,1050.2,FM Logistic,328.02,Livré,Aucun
LIV03740,Magasin → Magasin,E07,Bordeaux-Centre,E01,Paris-Rungis,P002,Riz 1kg,Alimentaire,2025-10-19,2025-10-22,3,831,11215.9,DHL Supply Chain,1005.04,Livré,Retard transporteur
LIV03741,Fournisseur → Entrepôt,E06,Nice-Est,E02,Lyon-Sud,P006,T-shirt homme,Textile,2025-06-05,2025-06-10,5,837,1699.7,Geodis,736.25,Retardé,Erreur quantité
LIV03742,Fournisseur → Entrepôt,E06,Nice-Est,E01,Paris-Rungis,P002,Riz 1kg,Alimentaire,2025-01-26,2025-01-31,5,46,597.1,Geodis,209.21,Livré,Aucun
LIV03743,Entrepôt → Magasin,E06,Nice-Est,E04,Lille-Nord,P009,TV 4K,Électronique,2025-08-27,2025-08-28,1,517,4918.4,DB Schenker,612.7,Livré,Aucun
LIV03744,Inter-entrepôts,E08,Nantes-Atlantique,E01,Paris-Rungis,P001,Lait demi-écrémé,Alimentaire,2025-02-01,2025-02-03,2,867,10697.9,FM Logistic,3435.86,Livré,Aucun
LIV03745,Magasin → Magasin,E02,Lyon-Sud,E08,Nantes-Atlantique,P006,T-shirt homme,Textile,2025-10-27,2025-10-30,3,1468,19728.7,DB Schenker,2939.05,Livré,Aucun
LIV03746,Fournisseur → Entrepôt,E02,Lyon-Sud,E04,Lille-Nord,P003,Pâtes 500g,Alimentaire,2025-05-17,2025-05-19,2,980,10263.7,Geodis,2423.35,Livré,Retard transporteur
LIV03747,Fournisseur → Entrepôt,E04,Lille-Nord,E07,Bordeaux-Centre,P007,Jeans,Textile,2025-05-12,2025-05-15,3,463,5337.0,Geodis,880.81,Annulé,Retard transporteur
LIV03748,Entrepôt → Magasin,E05,Toulouse-Ouest,E07,Bordeaux-Centre,P006,T-shirt homme,Textile,2025-11-29,2025-12-01,2,98,788.2,FM Logistic,198.84,En transit,Aucun
LIV03749,Inter-entrepôts,E02,Lyon-Sud,E01,Paris-Rungis,P005,Lessive,Droguerie,2025-10-31,2025-11-04,4,415,4327.8,DB Schenker,813.78,Livré,Retard transporteur
LIV03750,Entrepôt → Magasin,E03,Marseille-Port,E01,Paris-Rungis,P010,Casque audio,Électronique,2025-02-04,2025-02-08,4,114,674.5,DB Schenker,386.94,Livré,Erreur quantité
LIV03751,Inter-entrepôts,E07,Bordeaux-Centre,E06,Nice-Est,P001,Lait demi-écrémé,Alimentaire,2025-04-11,2025-04-13,2,39,15.8,Geodis,106.56,Livré,Aucun
LIV03752,Fournisseur → Entrepôt,E05,Toulouse-Ouest,E02,Lyon-Sud,P006,T-shirt homme,Textile,2025-11-08,2025-11-11,3,1444,3669.1,Geodis,606.95,Livré,Aucun
LIV03753,Entrepôt → Magasin,E06,Nice-Est,E05,Toulouse-Ouest,P008,Smartphone,Électronique,2025-01-07,2025-01-08,1,391,4050.0,Geodis,1159.43,Livré,Aucun
LIV03754,Inter-entrepôts,E06,Nice-Est,E04,Lille-Nord,P008,Smartphone,Électronique,2025-05-01,2025-05-03,2,1438,3996.8,FM Logistic,398.5,Livré,Aucun
LIV03755,Fournisseur → Entrepôt,E06,Nice-Est,E03,Marseille-Port,P001,Lait demi-écrémé,Alimentaire,2025-11-14,2025-11-16,2,582,2136.4,FM Logistic,485.76,En transit,Erreur quantité
LIV03756,Entrepôt → Magasin,E05,Toulouse-Ouest,E06,Nice-Est,P001,Lait demi-écrémé,Alimentaire,2025-04-21,2025-04-22,1,813,9734.2,Geodis,1643.14,Livré,Aucun
LIV03757,Entrepôt → Magasin,E04,Lille-Nord,E06,Nice-Est,P008,Smartphone,Électronique,2025-06-13,2025-06-16,3,860,10439.7,FM Logistic,3270.55,Livré,Aucun
LIV03758,Inter-entrepôts,E04,Lille-Nord,E02,Lyon-Sud,P005,Lessive,Droguerie,2025-05-19,2025-05-21,2,52,546.4,Geodis,219.15,Livré,Aucun
LIV03759,Fournisseur → Entrepôt,E02,Lyon-Sud,E07,Bordeaux-Centre,P004,Shampoing,Droguerie,2025-11-05,2025-11-08,3,593,7115.4,Geodis,1141.1,En transit,Erreur quantité
LIV03760,Entrepôt → Magasin,E03,Marseille-Port,E06,Nice-Est,P005,Lessive,Droguerie,2025-03-17,2025-03-20,3,852,8293.5,XPO Logistics,2561.29,Livré,Aucun
LIV03761,Magasin → Magasin,E07,Bordeaux-Centre,E02,Lyon-Sud,P006,T-shirt homme,Textile,2025-02-15,2025-02-17,2,968,7076.3,DB Schenker,1490.44,Livré,Aucun
LIV03762,Entrepôt → Magasin,E05,Toulouse-Ouest,E07,Bordeaux-Centre,P009,TV 4K,Électronique,2025-04-16,2025-04-17,1,40,139.3,DHL Supply Chain,168.69,Livré,Aucun
LIV03763,Fournisseur → Entrepôt,E03,Marseille-Port,E01,Paris-Rungis,P010,Casque audio,Électronique,2025-08-31,2025-09-04,4,1038,1447.0,Geodis,302.97,Livré,Aucun
LIV03764,Entrepôt → Magasin,E03,Marseille-Port,E02,Lyon-Sud,P007,Jeans,Textile,2025-11-15,2025-11-20,5,733,1171.9,DB Schenker,378.51,En transit,Aucun
LIV03765,Fournisseur → Entrepôt,E03,Marseille-Port,E01,Paris-Rungis,P006,T-shirt homme,Textile,2025-03-30,2025-03-31,1,421,357.6,XPO Logistics,353.93,En transit,Aucun
LIV03766,Magasin → Magasin,E06,Nice-Est,E07,Bordeaux-Centre,P004,Shampoing,Droguerie,2025-04-22,2025-04-25,3,1046,621.0,DHL Supply Chain,365.89,Livré,Aucun
LIV03767,Entrepôt → Magasin,E05,Toulouse-Ouest,E08,Nantes-Atlantique,P010,Casque audio,Électronique,2025-05-31,2025-06-04,4,539,5830.8,DB Schenker,1788.29,Livré,Aucun
LIV03768,Inter-entrepôts,E08,Nantes-Atlantique,E01,Paris-Rungis,P009,TV 4K,Électronique,2025-10-28,2025-11-02,5,72,333.1,XPO Logistics,203.33,Livré,Aucun
LIV03769,Fournisseur → Entrepôt,E05,Toulouse-Ouest,E08,Nantes-Atlantique,P008,Smartphone,Électronique,2025-11-23,2025-11-24,1,995,10324.9,FM Logistic,1081.39,En transit,Casse
LIV03770,Fournisseur → Entrepôt,E01,Paris-Rungis,E04,Lille-Nord,P004,Shampoing,Droguerie,2025-01-24,2025-01-27,3,558,6696.5,Geodis,1694.82,En transit,Aucun
LIV03771,Magasin → Magasin,E04,Lille-Nord,E08,Nantes-Atlantique,P010,Casque audio,Électronique,2025-07-04,2025-07-09,5,112,823.2,DHL Supply Chain,101.94,Livré,Aucun
LIV03772,Inter-entrepôts,E04,Lille-Nord,E06,Nice-Est,P008,Smartphone,Électronique,2025-04-22,2025-04-25,3,245,2872.7,XPO Logistics,755.31,En transit,Aucun
LIV03773,Entrepôt → Magasin,E07,Bordeaux-Centre,E06,Nice-Est,P009,TV 4K,Électronique,2025-05-04,2025-05-09,5,1082,11224.8,DHL Supply Chain,2442.78,Livré,Aucun
LIV03774,Magasin → Magasin,E07,Bordeaux-Centre,E02,Lyon-Sud,P010,Casque audio,Électronique,2025-02-04,2025-02-09,5,1186,1226.6,XPO Logistics,415.15,Livré,Aucun
LIV03775,Entrepôt → Magasin,E06,Nice-Est,E01,Paris-Rungis,P005,Lessive,Droguerie,2025-11-26,2025-11-27,1,1266,9489.5,Geodis,1235.1,Livré,Aucun
LIV03776,Magasin → Magasin,E08,Nantes-Atlantique,E03,Marseille-Port,P005,Lessive,Droguerie,2025-07-07,2025-07-08,1,1002,9687.1,FM Logistic,3032.47,Livré,Aucun
LIV03777,Entrepôt → Magasin,E05,Toulouse-Ouest,E08,Nantes-Atlantique,P008,Smartphone,Électronique,2025-09-12,2025-09-17,5,119,1401.8,FM Logistic,342.92,Livré,Aucun
LIV03778,Fournisseur → Entrepôt,E08,Nantes-Atlantique,E06,Nice-Est,P009,TV 4K,Électronique,2025-08-24,2025-08-25,1,1194,15909.2,DHL Supply Chain,4461.94,Livré,Aucun
LIV03779,Entrepôt → Magasin,E06,Nice-Est,E05,Toulouse-Ouest,P005,Lessive,Droguerie,2025-07-19,2025-07-23,4,1217,7341.3,DHL Supply Chain,2269.32,Livré,Aucun
LIV03780,Inter-entrepôts,E03,Marseille-Port,E05,Toulouse-Ouest,P010,Casque audio,Électronique,2025-05-17,2025-05-22,5,199,720.9,DB Schenker,224.1,Livré,Aucun
LIV03781,Entrepôt → Magasin,E01,Paris-Rungis,E04,Lille-Nord,P005,Lessive,Droguerie,2025-06-19,2025-06-21,2,66,319.8,Geodis,207.83,Retardé,Aucun
LIV03782,Magasin → Magasin,E07,Bordeaux-Centre,E03,Marseille-Port,P002,Riz 1kg,Alimentaire,2025-10-13,2025-10-18,5,1210,14115.8,DB Schenker,4076.87,Livré,Aucun
LIV03783,Entrepôt → Magasin,E03,Marseille-Port,E06,Nice-Est,P009,TV 4K,Électronique,2025-02-16,2025-02-20,4,1046,7808.8,XPO Logistics,2201.46,Livré,Aucun
LIV03784,Entrepôt → Magasin,E01,Paris-Rungis,E02,Lyon-Sud,P004,Shampoing,Droguerie,2025-12-10,2025-12-15,5,699,5432.1,Geodis,715.74,Livré,Aucun
LIV03785,Fournisseur → Entrepôt,E03,Marseille-Port,E01,Paris-Rungis,P010,Casque audio,Électronique,2025-09-28,2025-09-30,2,845,8932.5,DHL Supply Chain,1149.97,Livré,Aucun
LIV03786,Inter-entrepôts,E07,Bordeaux-Centre,E01,Paris-Rungis,P008,Smartphone,Électronique,2025-08-09,2025-08-10,1,266,1159.8,XPO Logistics,471.51,Livré,Aucun
LIV03787,Entrepôt → Magasin,E08,Nantes-Atlantique,E02,Lyon-Sud,P008,Smartphone,Électronique,2025-12-14,2025-12-19,5,1175,11105.7,Geodis,2327.86,Livré,Retard transporteur
LIV03788,Entrepôt → Magasin,E03,Marseille-Port,E05,Toulouse-Ouest,P007,Jeans,Textile,2025-04-03,2025-04-08,5,477,5440.3,DHL Supply Chain,1442.76,Livré,Aucun
LIV03789,Fournisseur → Entrepôt,E07,Bordeaux-Centre,E06,Nice-Est,P001,Lait demi-écrémé,Alimentaire,2025-01-16,2025-01-18,2,376,3333.0,FM Logistic,1073.72,Livré,Aucun
LIV03790,Inter-entrepôts,E06,Nice-Est,E07,Bordeaux-Centre,P006,T-shirt homme,Textile,2025-04-19,2025-04-22,3,250,1820.6,DHL Supply Chain,317.74,Livré,Aucun
LIV03791,Inter-entrepôts,E07,Bordeaux-Centre,E06,Nice-Est,P009,TV 4K,Électronique,2025-11-09,2025-11-10,1,1238,6890.2,XPO Logistics,682.64,Livré,Aucun
LIV03792,Fournisseur → Entrepôt,E08,Nantes-Atlantique,E04,Lille-Nord,P008,Smartphone,Électronique,2025-05-12,2025-05-13,1,720,9240.4,DB Schenker,2364.05,Livré,Retard transporteur
LIV03793,Fournisseur → Entrepôt,E02,Lyon-Sud,E06,Nice-Est,P001,Lait demi-écrémé,Alimentaire,2025-02-14,2025-02-16,2,1143,817.6,XPO Logistics,143.9,Livré,Aucun
LIV03794,Entrepôt → Magasin,E08,Nantes-Atlantique,E03,Marseille-Port,P009,TV 4K,Électronique,2025-01-30,2025-01-31,1,697,3894.6,DHL Supply Chain,704.82,Livré,Aucun
LIV03795,Entrepôt → Magasin,E03,Marseille-Port,E07,Bordeaux-Centre,P007,Jeans,Textile,2025-11-19,2025-11-24,5,47,334.7,Geodis,312.13,Livré,Aucun
LIV03796,Inter-entrepôts,E04,Lille-Nord,E06,Nice-Est,P009,TV 4K,Électronique,2025-12-29,2026-01-03,5,28,184.9,XPO Logistics,328.25,En transit,Aucun
LIV03797,Magasin → Magasin,E02,Lyon-Sud,E07,Bordeaux-Centre,P008,Smartphone,Électronique,2025-03-19,2025-03-21,2,702,10212.4,XPO Logistics,2121.13,Livré,Retard transporteur
LIV03798,Magasin → Magasin,E03,Marseille-Port,E06,Nice-Est,P008,Smartphone,Électronique,2025-02-20,2025-02-21,1,58,170.4,Geodis,239.05,Livré,Aucun
LIV03799,Fournisseur → Entrepôt,E04,Lille-Nord,E01,Paris-Rungis,P004,Shampoing,Droguerie,2025-05-30,2025-06-02,3,1433,8244.7,XPO Logistics,1434.83,Retardé,Aucun
LIV03800,Inter-entrepôts,E08,Nantes-Atlantique,E06,Nice-Est,P002,Riz 1kg,Alimentaire,2025-01-21,2025-01-24,3,959,4822.1,FM Logistic,1259.95,Livré,Aucun
LIV03801,Entrepôt → Magasin,E02,Lyon-Sud,E05,Toulouse-Ouest,P007,Jeans,Textile,2025-12-17,2025-12-18,1,1492,17461.8,Geodis,3653.3,Livré,Erreur quantité
LIV03802,Entrepôt → Magasin,E03,Marseille-Port,E06,Nice-Est,P002,Riz 1kg,Alimentaire,2025-06-03,2025-06-07,4,211,888.9,Geodis,291.15,Livré,Aucun
LIV03803,Fournisseur → Entrepôt,E05,Toulouse-Ouest,E01,Paris-Rungis,P004,Shampoing,Droguerie,2025-04-11,2025-04-14,3,1264,18030.3,DB Schenker,4750.66,En transit,Aucun
LIV03804,Fournisseur → Entrepôt,E04,Lille-Nord,E01,Paris-Rungis,P010,Casque audio,Électronique,2025-08-08,2025-08-10,2,1016,6977.7,XPO Logistics,648.11,Livré,Aucun
LIV03805,Entrepôt → Magasin,E02,Lyon-Sud,E05,Toulouse-Ouest,P008,Smartphone,Électronique,2025-08-05,2025-08-07,2,840,910.5,DHL Supply Chain,432.08,Livré,Aucun
LIV03806,Fournisseur → Entrepôt,E06,Nice-Est,E02,Lyon-Sud,P008,Smartphone,Électronique,2025-11-04,2025-11-07,3,1332,8259.9,Geodis,2308.87,Livré,Casse
LIV03807,Magasin → Magasin,E03,Marseille-Port,E06,Nice-Est,P001,Lait demi-écrémé,Alimentaire,2025-06-07,2025-06-08,1,930,8716.4,XPO Logistics,1433.79,Livré,Aucun
LIV03808,Inter-entrepôts,E06,Nice-Est,E01,Paris-Rungis,P001,Lait demi-écrémé,Alimentaire,2025-04-21,2025-04-25,4,796,4842.3,XPO Logistics,539.63,En transit,Aucun
LIV03809,Fournisseur → Entrepôt,E08,Nantes-Atlantique,E07,Bordeaux-Centre,P002,Riz 1kg,Alimentaire,2025-01-04,2025-01-08,4,1067,10515.5,DHL Supply Chain,3303.65,Livré,Aucun
LIV03810,Inter-entrepôts,E07,Bordeaux-Centre,E04,Lille-Nord,P003,Pâtes 500g,Alimentaire,2025-05-08,2025-05-09,1,129,1802.0,FM Logistic,201.82,Livré,Aucun
LIV03811,Magasin → Magasin,E06,Nice-Est,E07,Bordeaux-Centre,P002,Riz 1kg,Alimentaire,2025-05-08,2025-05-09,1,233,637.2,XPO Logistics,271.93,En transit,Aucun
LIV03812,Fournisseur → Entrepôt,E02,Lyon-Sud,E01,Paris-Rungis,P001,Lait demi-écrémé,Alimentaire,2025-06-23,2025-06-24,1,285,3318.6,DHL Supply Chain,1088.44,En transit,Aucun
LIV03813,Magasin → Magasin,E03,Marseille-Port,E05,Toulouse-Ouest,P002,Riz 1kg,Alimentaire,2025-11-06,2025-11-09,3,1098,11810.8,DHL Supply Chain,3167.6,Livré,Aucun
LIV03814,Inter-entrepôts,E06,Nice-Est,E05,Toulouse-Ouest,P006,T-shirt homme,Textile,2025-10-06,2025-10-08,2,604,1911.0,FM Logistic,434.8,Livré,Retard transporteur
LIV03815,Fournisseur → Entrepôt,E08,Nantes-Atlantique,E04,Lille-Nord,P003,Pâtes 500g,Alimentaire,2025-12-05,2025-12-07,2,798,2243.4,DB Schenker,587.73,Livré,Aucun
LIV03816,Entrepôt → Magasin,E03,Marseille-Port,E04,Lille-Nord,P009,TV 4K,Électronique,2025-12-06,2025-12-09,3,660,7786.8,Geodis,1029.98,Livré,Aucun
LIV03817,Entrepôt → Magasin,E07,Bordeaux-Centre,E06,Nice-Est,P004,Shampoing,Droguerie,2025-06-29,2025-07-03,4,301,3613.8,DB Schenker,842.5,Livré,Aucun
LIV03818,Fournisseur → Entrepôt,E02,Lyon-Sud,E03,Marseille-Port,P008,Smartphone,Électronique,2025-03-30,2025-04-04,5,374,3493.9,DHL Supply Chain,400.05,Retardé,Aucun
LIV03819,Fournisseur → Entrepôt,E01,Paris-Rungis,E02,Lyon-Sud,P007,Jeans,Textile,2025-09-25,2025-09-28,3,162,1859.7,Geodis,395.25,Livré,Aucun
LIV03820,Entrepôt → Magasin,E03,Marseille-Port,E02,Lyon-Sud,P002,Riz 1kg,Alimentaire,2025-03-12,2025-03-15,3,1114,16424.8,FM Logistic,4284.0,Livré,Aucun
LIV03821,Magasin → Magasin,E05,Toulouse-Ouest,E06,Nice-Est,P005,Lessive,Droguerie,2025-09-17,2025-09-22,5,1432,19083.4,XPO Logistics,4741.08,Retardé,Aucun
LIV03822,Inter-entrepôts,E06,Nice-Est,E01,Paris-Rungis,P010,Casque audio,Électronique,2025-02-23,2025-02-25,2,775,7760.8,DHL Supply Chain,2036.69,Livré,Aucun
LIV03823,Fournisseur → Entrepôt,E03,Marseille-Port,E08,Nantes-Atlantique,P002,Riz 1kg,Alimentaire,2025-06-05,2025-06-06,1,658,7454.3,DB Schenker,616.2,Livré,Aucun
LIV03824,Magasin → Magasin,E01,Paris-Rungis,E04,Lille-Nord,P010,Casque audio,Électronique,2025-10-02,2025-10-07,5,1169,3168.3,DHL Supply Chain,309.1,Livré,Aucun
LIV03825,Magasin → Magasin,E02,Lyon-Sud,E07,Bordeaux-Centre,P005,Lessive,Droguerie,2025-10-21,2025-10-24,3,418,1938.4,DHL Supply Chain,335.0,En transit,Aucun
LIV03826,Entrepôt → Magasin,E05,Toulouse-Ouest,E08,Nantes-Atlantique,P006,T-shirt homme,Textile,2025-08-21,2025-08-24,3,537,5710.8,DHL Supply Chain,907.89,Livré,Aucun
LIV03827,Inter-entrepôts,E06,Nice-Est,E03,Marseille-Port,P001,Lait demi-écrémé,Alimentaire,2025-06-29,2025-07-02,3,311,1374.9,DB Schenker,282.71,Livré,Aucun
LIV03828,Entrepôt → Magasin,E03,Marseille-Port,E02,Lyon-Sud,P010,Casque audio,Électronique,2025-12-17,2025-12-19,2,602,3802.1,FM Logistic,512.36,Livré,Casse
LIV03829,Inter-entrepôts,E06,Nice-Est,E03,Marseille-Port,P006,T-shirt homme,Textile,2025-11-06,2025-11-11,5,658,4591.7,DB Schenker,850.1,Livré,Retard transporteur
LIV03830,Entrepôt → Magasin,E01,Paris-Rungis,E03,Marseille-Port,P004,Shampoing,Droguerie,2025-12-17,2025-12-18,1,1256,13776.6,FM Logistic,2368.28,Retardé,Aucun
LIV03831,Inter-entrepôts,E07,Bordeaux-Centre,E04,Lille-Nord,P002,Riz 1kg,Alimentaire,2025-10-21,2025-10-26,5,290,3838.3,FM Logistic,562.49,Livré,Aucun
LIV03832,Fournisseur → Entrepôt,E04,Lille-Nord,E08,Nantes-Atlantique,P005,Lessive,Droguerie,2025-02-28,2025-03-01,1,320,3985.5,XPO Logistics,1155.86,Livré,Aucun
LIV03833,Entrepôt → Magasin,E02,Lyon-Sud,E08,Nantes-Atlantique,P002,Riz 1kg,Alimentaire,2025-05-06,2025-05-08,2,806,11467.2,DHL Supply Chain,1466.26,Livré,Aucun
LIV03834,Magasin → Magasin,E07,Bordeaux-Centre,E05,Toulouse-Ouest,P007,Jeans,Textile,2025-09-05,2025-09-07,2,574,6375.2,Geodis,656.76,Livré,Aucun
LIV03835,Inter-entrepôts,E03,Marseille-Port,E01,Paris-Rungis,P010,Casque audio,Électronique,2025-01-08,2025-01-11,3,404,4271.8,FM Logistic,1312.74,Livré,Aucun
LIV03836,Entrepôt → Magasin,E05,Toulouse-Ouest,E08,Nantes-Atlantique,P004,Shampoing,Droguerie,2025-07-31,2025-08-03,3,1441,15962.8,FM Logistic,2062.65,Livré,Aucun
LIV03837,Fournisseur → Entrepôt,E05,Toulouse-Ouest,E02,Lyon-Sud,P002,Riz 1kg,Alimentaire,2025-02-08,2025-02-09,1,850,5790.6,Geodis,1389.67,Retardé,Aucun
LIV03838,Inter-entrepôts,E03,Marseille-Port,E05,Toulouse-Ouest,P002,Riz 1kg,Alimentaire,2025-06-23,2025-06-24,1,1304,18741.4,DB Schenker,3155.69,Livré,Retard transporteur
LIV03839,Magasin → Magasin,E05,Toulouse-Ouest,E08,Nantes-Atlantique,P007,Jeans,Textile,2025-04-28,2025-05-03,5,1191,10150.4,DB Schenker,1071.38,Livré,Aucun
LIV03840,Fournisseur → Entrepôt,E08,Nantes-Atlantique,E05,Toulouse-Ouest,P001,Lait demi-écrémé,Alimentaire,2025-12-23,2025-12-26,3,1308,9885.5,DB Schenker,2212.5,Livré,Casse
LIV03841,Entrepôt → Magasin,E07,Bordeaux-Centre,E02,Lyon-Sud,P002,Riz 1kg,Alimentaire,2025-09-19,2025-09-24,5,1476,3914.0,FM Logistic,1298.75,Livré,Aucun
LIV03842,Inter-entrepôts,E02,Lyon-Sud,E04,Lille-Nord,P004,Shampoing,Droguerie,2025-11-09,2025-11-10,1,1407,19266.4,DHL Supply Chain,5837.9,Livré,Erreur quantité
LIV03843,Fournisseur → Entrepôt,E02,Lyon-Sud,E08,Nantes-Atlantique,P008,Smartphone,Électronique,2025-11-11,2025-11-16,5,1462,12643.1,FM Logistic,1477.22,Retardé,Retard transporteur
LIV03844,Inter-entrepôts,E08,Nantes-Atlantique,E03,Marseille-Port,P009,TV 4K,Électronique,2025-02-23,2025-02-25,2,1449,460.4,DB Schenker,118.51,Livré,Aucun
LIV03845,Fournisseur → Entrepôt,E06,Nice-Est,E04,Lille-Nord,P002,Riz 1kg,Alimentaire,2025-10-03,2025-10-04,1,433,1751.2,DHL Supply Chain,379.36,Livré,Aucun
LIV03846,Entrepôt → Magasin,E06,Nice-Est,E02,Lyon-Sud,P007,Jeans,Textile,2025-02-09,2025-02-10,1,858,6555.4,Geodis,1244.92,Livré,Aucun
LIV03847,Inter-entrepôts,E06,Nice-Est,E07,Bordeaux-Centre,P009,TV 4K,Électronique,2025-11-15,2025-11-16,1,274,1994.8,FM Logistic,322.45,Retardé,Aucun
LIV03848,Fournisseur → Entrepôt,E08,Nantes-Atlantique,E05,Toulouse-Ouest,P002,Riz 1kg,Alimentaire,2025-01-31,2025-02-03,3,273,2098.5,DHL Supply Chain,409.58,Livré,Aucun
LIV03849,Inter-entrepôts,E02,Lyon-Sud,E06,Nice-Est,P006,T-shirt homme,Textile,2025-07-10,2025-07-12,2,1366,6780.6,Geodis,1341.71,Livré,Aucun
LIV03850,Fournisseur → Entrepôt,E05,Toulouse-Ouest,E01,Paris-Rungis,P002,Riz 1kg,Alimentaire,2025-08-05,2025-08-09,4,1230,16572.7,DB Schenker,1326.13,Livré,Erreur quantité
LIV03851,Inter-entrepôts,E05,Toulouse-Ouest,E02,Lyon-Sud,P007,Jeans,Textile,2025-11-05,2025-11-10,5,852,8543.1,FM Logistic,1836.2,Retardé,Aucun
LIV03852,Magasin → Magasin,E01,Paris-Rungis,E02,Lyon-Sud,P008,Smartphone,Électronique,2025-10-13,2025-10-15,2,1040,12630.7,XPO Logistics,1263.18,Livré,Aucun
LIV03853,Magasin → Magasin,E07,Bordeaux-Centre,E03,Marseille-Port,P001,Lait demi-écrémé,Alimentaire,2025-05-29,2025-06-03,5,995,922.2,Geodis,299.53,Livré,Aucun
LIV03854,Entrepôt → Magasin,E06,Nice-Est,E03,Marseille-Port,P008,Smartphone,Électronique,2025-11-23,2025-11-27,4,121,160.0,FM Logistic,299.63,Livré,Aucun
LIV03855,Entrepôt → Magasin,E03,Marseille-Port,E08,Nantes-Atlantique,P005,Lessive,Droguerie,2025-06-27,2025-07-01,4,38,393.4,Geodis,211.46,Livré,Aucun
LIV03856,Inter-entrepôts,E01,Paris-Rungis,E03,Marseille-Port,P003,Pâtes 500g,Alimentaire,2025-04-11,2025-04-16,5,1318,5234.1,XPO Logistics,779.29,Livré,Aucun
LIV03857,Fournisseur → Entrepôt,E05,Toulouse-Ouest,E04,Lille-Nord,P003,Pâtes 500g,Alimentaire,2025-11-17,2025-11-21,4,1140,1572.9,DB Schenker,590.77,Retardé,Aucun
LIV03858,Magasin → Magasin,E04,Lille-Nord,E08,Nantes-Atlantique,P006,T-shirt homme,Textile,2025-02-13,2025-02-16,3,1355,19116.6,DHL Supply Chain,5791.61,Livré,Aucun
LIV03859,Magasin → Magasin,E07,Bordeaux-Centre,E03,Marseille-Port,P008,Smartphone,Électronique,2025-02-16,2025-02-18,2,567,1914.4,DB Schenker,596.76,En transit,Aucun
LIV03860,Fournisseur → Entrepôt,E05,Toulouse-Ouest,E06,Nice-Est,P008,Smartphone,Électronique,2025-06-24,2025-06-25,1,1415,7258.5,FM Logistic,1431.66,Livré,Aucun
LIV03861,Inter-entrepôts,E03,Marseille-Port,E05,Toulouse-Ouest,P010,Casque audio,Électronique,2025-08-30,2025-09-01,2,839,902.1,DHL Supply Chain,368.64,Livré,Aucun
LIV03862,Inter-entrepôts,E02,Lyon-Sud,E07,Bordeaux-Centre,P001,Lait demi-écrémé,Alimentaire,2025-11-11,2025-11-14,3,1287,3744.9,XPO Logistics,816.74,Livré,Casse
LIV03863,Fournisseur → Entrepôt,E07,Bordeaux-Centre,E08,Nantes-Atlantique,P009,TV 4K,Électronique,2025-04-28,2025-05-01,3,661,1327.6,DHL Supply Chain,432.29,Livré,Erreur quantité
LIV03864,Fournisseur → Entrepôt,E02,Lyon-Sud,E04,Lille-Nord,P002,Riz 1kg,Alimentaire,2025-04-21,2025-04-26,5,316,4427.1,DB Schenker,564.32,Livré,Aucun
LIV03865,Inter-entrepôts,E05,Toulouse-Ouest,E07,Bordeaux-Centre,P010,Casque audio,Électronique,2025-11-11,2025-11-15,4,107,553.5,DB Schenker,394.27,Livré,Aucun
LIV03866,Inter-entrepôts,E07,Bordeaux-Centre,E08,Nantes-Atlantique,P008,Smartphone,Électronique,2025-12-15,2025-12-20,5,166,1848.6,FM Logistic,638.33,Livré,Aucun
LIV03867,Fournisseur → Entrepôt,E01,Paris-Rungis,E06,Nice-Est,P005,Lessive,Droguerie,2025-09-21,2025-09-25,4,168,1355.7,Geodis,537.71,Livré,Aucun
LIV03868,Magasin → Magasin,E07,Bordeaux-Centre,E04,Lille-Nord,P002,Riz 1kg,Alimentaire,2025-07-05,2025-07-08,3,742,7897.3,FM Logistic,2146.69,Retardé,Aucun
LIV03869,Magasin → Magasin,E01,Paris-Rungis,E02,Lyon-Sud,P002,Riz 1kg,Alimentaire,2025-04-21,2025-04-25,4,652,851.7,FM Logistic,147.76,Livré,Aucun
LIV03870,Entrepôt → Magasin,E04,Lille-Nord,E05,Toulouse-Ouest,P005,Lessive,Droguerie,2025-11-27,2025-12-01,4,383,4915.1,DB Schenker,1438.85,En transit,Aucun
LIV03871,Inter-entrepôts,E02,Lyon-Sud,E07,Bordeaux-Centre,P003,Pâtes 500g,Alimentaire,2025-03-08,2025-03-13,5,1242,10042.3,XPO Logistics,1154.78,Livré,Aucun
LIV03872,Entrepôt → Magasin,E02,Lyon-Sud,E07,Bordeaux-Centre,P010,Casque audio,Électronique,2025-05-09,2025-05-11,2,820,10899.0,Geodis,1909.77,Livré,Aucun
LIV03873,Fournisseur → Entrepôt,E04,Lille-Nord,E01,Paris-Rungis,P001,Lait demi-écrémé,Alimentaire,2025-12-30,2026-01-02,3,1335,4796.6,Geodis,1012.73,Livré,Aucun
LIV03874,Inter-entrepôts,E06,Nice-Est,E05,Toulouse-Ouest,P001,Lait demi-écrémé,Alimentaire,2025-06-01,2025-06-05,4,771,3561.1,XPO Logistics,1042.7,Livré,Aucun
LIV03875,Fournisseur → Entrepôt,E06,Nice-Est,E01,Paris-Rungis,P009,TV 4K,Électronique,2025-05-24,2025-05-28,4,1198,12589.5,DHL Supply Chain,2296.26,Livré,Aucun
LIV03876,Entrepôt → Magasin,E03,Marseille-Port,E05,Toulouse-Ouest,P003,Pâtes 500g,Alimentaire,2025-06-05,2025-06-06,1,1248,15520.6,XPO Logistics,3689.83,Livré,Aucun
LIV03877,Entrepôt → Magasin,E07,Bordeaux-Centre,E03,Marseille-Port,P006,T-shirt homme,Textile,2025-12-03,2025-12-08,5,932,10843.2,XPO Logistics,869.4,Livré,Aucun
LIV03878,Inter-entrepôts,E08,Nantes-Atlantique,E05,Toulouse-Ouest,P007,Jeans,Textile,2025-02-20,2025-02-24,4,945,13491.4,DB Schenker,839.44,Livré,Aucun
LIV03879,Fournisseur → Entrepôt,E02,Lyon-Sud,E05,Toulouse-Ouest,P003,Pâtes 500g,Alimentaire,2025-11-29,2025-12-04,5,564,4696.4,Geodis,1257.71,Livré,Aucun
LIV03880,Magasin → Magasin,E04,Lille-Nord,E03,Marseille-Port,P005,Lessive,Droguerie,2025-01-18,2025-01-21,3,293,3006.2,Geodis,879.65,Livré,Retard transporteur
LIV03881,Fournisseur → Entrepôt,E07,Bordeaux-Centre,E03,Marseille-Port,P004,Shampoing,Droguerie,2025-03-12,2025-03-17,5,32,32.8,DB Schenker,140.36,Livré,Aucun
LIV03882,Magasin → Magasin,E03,Marseille-Port,E05,Toulouse-Ouest,P006,T-shirt homme,Textile,2025-01-02,2025-01-06,4,1449,5706.4,XPO Logistics,1328.23,Livré,Casse
LIV03883,Fournisseur → Entrepôt,E01,Paris-Rungis,E04,Lille-Nord,P004,Shampoing,Droguerie,2025-09-18,2025-09-22,4,664,8620.6,DB Schenker,731.25,Livré,Aucun
LIV03884,Inter-entrepôts,E01,Paris-Rungis,E06,Nice-Est,P005,Lessive,Droguerie,2025-02-17,2025-02-22,5,568,2637.8,DB Schenker,1005.04,Livré,Aucun
LIV03885,Inter-entrepôts,E05,Toulouse-Ouest,E03,Marseille-Port,P008,Smartphone,Électronique,2025-11-22,2025-11-27,5,969,2950.5,FM Logistic,361.12,Livré,Aucun
LIV03886,Inter-entrepôts,E02,Lyon-Sud,E01,Paris-Rungis,P009,TV 4K,Électronique,2025-01-18,2025-01-23,5,1329,15294.0,DHL Supply Chain,1573.07,En transit,Aucun
LIV03887,Fournisseur → Entrepôt,E04,Lille-Nord,E06,Nice-Est,P006,T-shirt homme,Textile,2025-11-27,2025-12-01,4,362,3344.6,Geodis,445.79,Livré,Aucun
LIV03888,Fournisseur → Entrepôt,E06,Nice-Est,E04,Lille-Nord,P008,Smartphone,Électronique,2025-05-02,2025-05-04,2,908,5289.9,FM Logistic,626.48,En transit,Aucun
LIV03889,Magasin → Magasin,E07,Bordeaux-Centre,E06,Nice-Est,P006,T-shirt homme,Textile,2025-11-25,2025-11-30,5,1011,3796.4,Geodis,522.53,Livré,Aucun
LIV03890,Fournisseur → Entrepôt,E01,Paris-Rungis,E03,Marseille-Port,P002,Riz 1kg,Alimentaire,2025-02-18,2025-02-23,5,290,1498.0,XPO Logistics,486.95,En transit,Aucun
LIV03891,Magasin → Magasin,E03,Marseille-Port,E04,Lille-Nord,P002,Riz 1kg,Alimentaire,2025-08-23,2025-08-24,1,1316,3262.1,DB Schenker,1193.52,Retardé,Aucun
LIV03892,Inter-entrepôts,E07,Bordeaux-Centre,E04,Lille-Nord,P005,Lessive,Droguerie,2025-08-11,2025-08-16,5,1402,19222.8,XPO Logistics,2217.92,Livré,Aucun
LIV03893,Inter-entrepôts,E04,Lille-Nord,E05,Toulouse-Ouest,P003,Pâtes 500g,Alimentaire,2025-02-08,2025-02-10,2,26,78.6,FM Logistic,110.28,En transit,Aucun
LIV03894,Fournisseur → Entrepôt,E01,Paris-Rungis,E07,Bordeaux-Centre,P001,Lait demi-écrémé,Alimentaire,2025-01-07,2025-01-10,3,737,2569.7,DHL Supply Chain,462.34,Retardé,Retard transporteur
LIV03895,Inter-entrepôts,E02,Lyon-Sud,E05,Toulouse-Ouest,P003,Pâtes 500g,Alimentaire,2025-09-05,2025-09-07,2,575,6708.1,FM Logistic,833.36,Livré,Aucun
LIV03896,Fournisseur → Entrepôt,E05,Toulouse-Ouest,E02,Lyon-Sud,P008,Smartphone,Électronique,2025-07-16,2025-07-18,2,1316,11084.9,FM Logistic,1190.78,Livré,Aucun
LIV03897,Fournisseur → Entrepôt,E03,Marseille-Port,E07,Bordeaux-Centre,P008,Smartphone,Électronique,2025-06-28,2025-07-03,5,802,4537.9,FM Logistic,1075.41,En transit,Retard transporteur
LIV03898,Fournisseur → Entrepôt,E02,Lyon-Sud,E03,Marseille-Port,P001,Lait demi-écrémé,Alimentaire,2025-01-02,2025-01-07,5,1403,16800.8,FM Logistic,2745.83,Livré,Aucun
LIV03899,Entrepôt → Magasin,E07,Bordeaux-Centre,E05,Toulouse-Ouest,P004,Shampoing,Droguerie,2025-02-25,2025-03-02,5,386,3925.8,DHL Supply Chain,718.45,Retardé,Retard transporteur
LIV03900,Fournisseur → Entrepôt,E06,Nice-Est,E08,Nantes-Atlantique,P007,Jeans,Textile,2025-12-25,2025-12-29,4,1385,13935.1,DHL Supply Chain,2084.67,Livré,Aucun
LIV03901,Magasin → Magasin,E03,Marseille-Port,E04,Lille-Nord,P006,T-shirt homme,Textile,2025-02-10,2025-02-12,2,132,1168.4,FM Logistic,329.43,Livré,Aucun
LIV03902,Fournisseur → Entrepôt,E08,Nantes-Atlantique,E07,Bordeaux-Centre,P010,Casque audio,Électronique,2025-12-03,2025-12-06,3,1289,6042.1,DB Schenker,1584.86,Livré,Aucun
LIV03903,Fournisseur → Entrepôt,E04,Lille-Nord,E05,Toulouse-Ouest,P001,Lait demi-écrémé,Alimentaire,2025-07-08,2025-07-12,4,729,3130.6,Geodis,520.75,Livré,Aucun
LIV03904,Fournisseur → Entrepôt,E01,Paris-Rungis,E03,Marseille-Port,P003,Pâtes 500g,Alimentaire,2025-03-22,2025-03-27,5,684,881.3,DHL Supply Chain,307.28,Retardé,Aucun
LIV03905,Entrepôt → Magasin,E02,Lyon-Sud,E05,Toulouse-Ouest,P006,T-shirt homme,Textile,2025-06-30,2025-07-01,1,1436,11449.7,FM Logistic,1094.75,En transit,Aucun
LIV03906,Entrepôt → Magasin,E06,Nice-Est,E04,Lille-Nord,P005,Lessive,Droguerie,2025-10-11,2025-10-12,1,132,626.0,Geodis,404.29,Retardé,Erreur quantité
LIV03907,Entrepôt → Magasin,E03,Marseille-Port,E05,Toulouse-Ouest,P008,Smartphone,Électronique,2025-09-21,2025-09-23,2,339,1372.2,XPO Logistics,322.88,En transit,Aucun
LIV03908,Magasin → Magasin,E05,Toulouse-Ouest,E06,Nice-Est,P008,Smartphone,Électronique,2025-09-16,2025-09-19,3,946,4747.4,DHL Supply Chain,679.78,Livré,Aucun
LIV03909,Inter-entrepôts,E05,Toulouse-Ouest,E06,Nice-Est,P010,Casque audio,Électronique,2025-04-30,2025-05-04,4,296,2665.7,XPO Logistics,621.14,Retardé,Aucun
LIV03910,Entrepôt → Magasin,E05,Toulouse-Ouest,E02,Lyon-Sud,P001,Lait demi-écrémé,Alimentaire,2025-02-18,2025-02-22,4,127,576.6,FM Logistic,413.22,Livré,Aucun
LIV03911,Magasin → Magasin,E03,Marseille-Port,E06,Nice-Est,P009,TV 4K,Électronique,2025-06-06,2025-06-10,4,1295,10274.8,Geodis,1696.86,Livré,Aucun
LIV03912,Fournisseur → Entrepôt,E01,Paris-Rungis,E07,Bordeaux-Centre,P006,T-shirt homme,Textile,2025-08-29,2025-09-01,3,1230,14148.0,XPO Logistics,2883.26,Livré,Aucun
LIV03913,Entrepôt → Magasin,E02,Lyon-Sud,E06,Nice-Est,P005,Lessive,Droguerie,2025-01-21,2025-01-24,3,584,4474.0,Geodis,1318.22,Livré,Aucun
LIV03914,Inter-entrepôts,E06,Nice-Est,E05,Toulouse-Ouest,P001,Lait demi-écrémé,Alimentaire,2025-07-07,2025-07-12,5,414,431.3,DB Schenker,249.31,Livré,Aucun
LIV03915,Fournisseur → Entrepôt,E03,Marseille-Port,E05,Toulouse-Ouest,P001,Lait demi-écrémé,Alimentaire,2025-03-14,2025-03-17,3,574,1235.0,DB Schenker,269.9,Livré,Retard transporteur
LIV03916,Magasin → Magasin,E03,Marseille-Port,E07,Bordeaux-Centre,P008,Smartphone,Électronique,2025-05-15,2025-05-17,2,1470,17742.2,Geodis,2997.1,Livré,Aucun
LIV03917,Magasin → Magasin,E01,Paris-Rungis,E02,Lyon-Sud,P004,Shampoing,Droguerie,2025-12-25,2025-12-28,3,294,3536.8,Geodis,609.7,Livré,Aucun
LIV03918,Fournisseur → Entrepôt,E08,Nantes-Atlantique,E06,Nice-Est,P002,Riz 1kg,Alimentaire,2025-01-27,2025-01-31,4,274,212.2,Geodis,115.7,Livré,Aucun
LIV03919,Fournisseur → Entrepôt,E02,Lyon-Sud,E03,Marseille-Port,P006,T-shirt homme,Textile,2025-09-19,2025-09-24,5,851,8866.7,DB Schenker,1304.24,Livré,Aucun
LIV03920,Entrepôt → Magasin,E03,Marseille-Port,E07,Bordeaux-Centre,P001,Lait demi-écrémé,Alimentaire,2025-03-05,2025-03-06,1,1271,10505.8,XPO Logistics,1470.23,Livré,Aucun
LIV03921,Magasin → Magasin,E01,Paris-Rungis,E03,Marseille-Port,P007,Jeans,Textile,2025-03-03,2025-03-05,2,775,6658.2,DB Schenker,1805.48,En transit,Casse
LIV03922,Entrepôt → Magasin,E03,Marseille-Port,E05,Toulouse-Ouest,P002,Riz 1kg,Alimentaire,2025-09-30,2025-10-02,2,38,454.2,DB Schenker,202.87,Retardé,Erreur quantité
LIV03923,Inter-entrepôts,E06,Nice-Est,E03,Marseille-Port,P001,Lait demi-écrémé,Alimentaire,2025-01-05,2025-01-07,2,756,7659.7,FM Logistic,2529.39,En transit,Aucun
LIV03924,Inter-entrepôts,E05,Toulouse-Ouest,E07,Bordeaux-Centre,P006,T-shirt homme,Textile,2025-09-10,2025-09-14,4,591,5078.8,DHL Supply Chain,1031.25,Retardé,Aucun
LIV03925,Entrepôt → Magasin,E02,Lyon-Sud,E05,Toulouse-Ouest,P002,Riz 1kg,Alimentaire,2025-07-30,2025-08-02,3,807,4773.3,Geodis,1142.93,Livré,Aucun
LIV03926,Inter-entrepôts,E08,Nantes-Atlantique,E05,Toulouse-Ouest,P008,Smartphone,Électronique,2025-07-15,2025-07-20,5,1439,17910.2,Geodis,2386.29,Livré,Retard transporteur
LIV03927,Magasin → Magasin,E07,Bordeaux-Centre,E02,Lyon-Sud,P007,Jeans,Textile,2025-04-25,2025-04-28,3,910,10752.2,Geodis,1511.84,Livré,Aucun
LIV03928,Fournisseur → Entrepôt,E05,Toulouse-Ouest,E08,Nantes-Atlantique,P002,Riz 1kg,Alimentaire,2025-07-31,2025-08-05,5,413,4814.3,DB Schenker,501.68,Livré,Aucun
LIV03929,Magasin → Magasin,E03,Marseille-Port,E07,Bordeaux-Centre,P004,Shampoing,Droguerie,2025-09-23,2025-09-24,1,399,1042.0,DHL Supply Chain,196.5,Livré,Aucun
LIV03930,Fournisseur → Entrepôt,E02,Lyon-Sud,E08,Nantes-Atlantique,P003,Pâtes 500g,Alimentaire,2025-05-09,2025-05-11,2,329,4905.9,Geodis,1655.42,Livré,Aucun
LIV03931,Magasin → Magasin,E01,Paris-Rungis,E07,Bordeaux-Centre,P005,Lessive,Droguerie,2025-11-29,2025-12-01,2,798,11186.8,DHL Supply Chain,3102.31,Livré,Aucun
LIV03932,Magasin → Magasin,E04,Lille-Nord,E03,Marseille-Port,P009,TV 4K,Électronique,2025-07-05,2025-07-07,2,1111,5647.3,XPO Logistics,1834.11,Livré,Aucun
LIV03933,Entrepôt → Magasin,E03,Marseille-Port,E01,Paris-Rungis,P002,Riz 1kg,Alimentaire,2025-04-27,2025-04-29,2,998,11099.8,DB Schenker,1792.92,En transit,Retard transporteur
LIV03934,Inter-entrepôts,E02,Lyon-Sud,E07,Bordeaux-Centre,P002,Riz 1kg,Alimentaire,2025-09-01,2025-09-05,4,1485,12477.9,FM Logistic,768.59,Livré,Aucun
LIV03935,Inter-entrepôts,E01,Paris-Rungis,E08,Nantes-Atlantique,P004,Shampoing,Droguerie,2025-01-28,2025-02-01,4,648,7830.6,Geodis,806.86,En transit,Aucun
LIV03936,Fournisseur → Entrepôt,E03,Marseille-Port,E08,Nantes-Atlantique,P010,Casque audio,Électronique,2025-01-29,2025-02-02,4,1061,14282.9,DB Schenker,1774.26,Livré,Aucun
LIV03937,Entrepôt → Magasin,E03,Marseille-Port,E01,Paris-Rungis,P001,Lait demi-écrémé,Alimentaire,2025-10-27,2025-11-01,5,703,6243.9,XPO Logistics,557.87,Livré,Aucun
LIV03938,Inter-entrepôts,E02,Lyon-Sud,E03,Marseille-Port,P006,T-shirt homme,Textile,2025-04-08,2025-04-13,5,567,8361.9,DHL Supply Chain,818.67,Livré,Retard transporteur
LIV03939,Inter-entrepôts,E08,Nantes-Atlantique,E03,Marseille-Port,P003,Pâtes 500g,Alimentaire,2025-11-07,2025-11-09,2,482,5792.5,XPO Logistics,1121.26,Livré,Aucun
LIV03940,Entrepôt → Magasin,E02,Lyon-Sud,E04,Lille-Nord,P010,Casque audio,Électronique,2025-07-14,2025-07-19,5,725,6900.5,DHL Supply Chain,2174.23,Livré,Aucun
LIV03941,Entrepôt → Magasin,E06,Nice-Est,E03,Marseille-Port,P008,Smartphone,Électronique,2025-07-21,2025-07-23,2,546,1158.1,DB Schenker,358.39,Livré,Casse
LIV03942,Entrepôt → Magasin,E03,Marseille-Port,E07,Bordeaux-Centre,P004,Shampoing,Droguerie,2025-08-19,2025-08-21,2,1185,4142.6,DHL Supply Chain,1381.87,Livré,Casse
LIV03943,Fournisseur → Entrepôt,E02,Lyon-Sud,E07,Bordeaux-Centre,P003,Pâtes 500g,Alimentaire,2025-11-11,2025-11-16,5,887,534.9,Geodis,227.36,Livré,Aucun
LIV03944,Fournisseur → Entrepôt,E05,Toulouse-Ouest,E02,Lyon-Sud,P006,T-shirt homme,Textile,2025-04-23,2025-04-24,1,985,9504.7,Geodis,2913.64,Retardé,Erreur quantité
LIV03945,Magasin → Magasin,E08,Nantes-Atlantique,E06,Nice-Est,P003,Pâtes 500g,Alimentaire,2025-10-04,2025-10-08,4,1051,15022.8,Geodis,3767.32,Livré,Aucun
LIV03946,Inter-entrepôts,E04,Lille-Nord,E03,Marseille-Port,P005,Lessive,Droguerie,2025-09-20,2025-09-22,2,900,5843.1,XPO Logistics,961.71,Livré,Aucun
LIV03947,Inter-entrepôts,E04,Lille-Nord,E06,Nice-Est,P006,T-shirt homme,Textile,2025-04-12,2025-04-13,1,312,417.8,FM Logistic,193.18,Livré,Casse
LIV03948,Inter-entrepôts,E02,Lyon-Sud,E04,Lille-Nord,P010,Casque audio,Électronique,2025-12-29,2025-12-30,1,81,449.5,FM Logistic,265.15,Livré,Aucun
LIV03949,Magasin → Magasin,E03,Marseille-Port,E02,Lyon-Sud,P009,TV 4K,Électronique,2025-02-21,2025-02-22,1,1152,10152.1,FM Logistic,2100.03,Livré,Aucun
LIV03950,Fournisseur → Entrepôt,E01,Paris-Rungis,E02,Lyon-Sud,P001,Lait demi-écrémé,Alimentaire,2025-04-23,2025-04-28,5,1130,14213.6,Geodis,2960.26,Annulé,Aucun
LIV03951,Inter-entrepôts,E07,Bordeaux-Centre,E01,Paris-Rungis,P010,Casque audio,Électronique,2025-07-22,2025-07-23,1,401,1456.8,DHL Supply Chain,462.66,En transit,Erreur quantité
LIV03952,Entrepôt → Magasin,E08,Nantes-Atlantique,E02,Lyon-Sud,P009,TV 4K,Électronique,2025-01-31,2025-02-04,4,1246,4936.8,FM Logistic,723.81,En transit,Aucun
LIV03953,Entrepôt → Magasin,E02,Lyon-Sud,E01,Paris-Rungis,P003,Pâtes 500g,Alimentaire,2025-04-21,2025-04-22,1,1192,13726.1,FM Logistic,2438.16,Livré,Aucun
LIV03954,Entrepôt → Magasin,E05,Toulouse-Ouest,E03,Marseille-Port,P007,Jeans,Textile,2025-01-02,2025-01-03,1,1021,15084.1,XPO Logistics,4386.15,Retardé,Aucun
LIV03955,Fournisseur → Entrepôt,E03,Marseille-Port,E01,Paris-Rungis,P003,Pâtes 500g,Alimentaire,2025-09-06,2025-09-08,2,1376,16424.7,DHL Supply Chain,1171.61,Annulé,Aucun
LIV03956,Entrepôt → Magasin,E06,Nice-Est,E03,Marseille-Port,P001,Lait demi-écrémé,Alimentaire,2025-02-24,2025-02-27,3,579,2039.6,Geodis,426.79,Livré,Aucun
LIV03957,Fournisseur → Entrepôt,E02,Lyon-Sud,E03,Marseille-Port,P002,Riz 1kg,Alimentaire,2025-01-30,2025-02-03,4,652,2546.9,XPO Logistics,470.67,Livré,Aucun
LIV03958,Inter-entrepôts,E07,Bordeaux-Centre,E03,Marseille-Port,P004,Shampoing,Droguerie,2025-09-03,2025-09-06,3,772,6274.0,DB Schenker,1347.39,Livré,Aucun
LIV03959,Inter-entrepôts,E05,Toulouse-Ouest,E06,Nice-Est,P002,Riz 1kg,Alimentaire,2025-05-18,2025-05-23,5,694,8942.1,FM Logistic,1515.03,Livré,Aucun
LIV03960,Fournisseur → Entrepôt,E05,Toulouse-Ouest,E07,Bordeaux-Centre,P008,Smartphone,Électronique,2025-04-25,2025-04-30,5,1139,16038.1,XPO Logistics,1826.32,Retardé,Aucun
LIV03961,Magasin → Magasin,E03,Marseille-Port,E04,Lille-Nord,P003,Pâtes 500g,Alimentaire,2025-07-13,2025-07-15,2,1065,13640.3,DHL Supply Chain,1037.31,En transit,Aucun
LIV03962,Inter-entrepôts,E04,Lille-Nord,E02,Lyon-Sud,P002,Riz 1kg,Alimentaire,2025-09-07,2025-09-08,1,182,801.2,DB Schenker,519.97,Livré,Aucun
LIV03963,Magasin → Magasin,E01,Paris-Rungis,E04,Lille-Nord,P006,T-shirt homme,Textile,2025-08-18,2025-08-19,1,220,956.3,DHL Supply Chain,511.13,Livré,Aucun
LIV03964,Magasin → Magasin,E02,Lyon-Sud,E07,Bordeaux-Centre,P009,TV 4K,Électronique,2025-03-07,2025-03-10,3,572,239.1,XPO Logistics,154.97,Livré,Aucun
LIV03965,Entrepôt → Magasin,E01,Paris-Rungis,E06,Nice-Est,P006,T-shirt homme,Textile,2025-05-17,2025-05-18,1,89,1242.3,FM Logistic,434.61,En transit,Aucun
LIV03966,Magasin → Magasin,E08,Nantes-Atlantique,E04,Lille-Nord,P005,Lessive,Droguerie,2025-03-13,2025-03-17,4,520,5677.6,XPO Logistics,1586.33,Livré,Aucun
LIV03967,Entrepôt → Magasin,E03,Marseille-Port,E07,Bordeaux-Centre,P008,Smartphone,Électronique,2025-05-21,2025-05-22,1,1497,15596.6,XPO Logistics,965.86,Livré,Casse
LIV03968,Magasin → Magasin,E08,Nantes-Atlantique,E07,Bordeaux-Centre,P003,Pâtes 500g,Alimentaire,2025-11-10,2025-11-11,1,838,1775.3,DB Schenker,667.62,Livré,Casse
LIV03969,Magasin → Magasin,E02,Lyon-Sud,E05,Toulouse-Ouest,P005,Lessive,Droguerie,2025-07-22,2025-07-25,3,1131,7844.7,FM Logistic,1968.31,Livré,Retard transporteur
LIV03970,Fournisseur → Entrepôt,E03,Marseille-Port,E01,Paris-Rungis,P008,Smartphone,Électronique,2025-06-23,2025-06-27,4,48,202.0,DHL Supply Chain,291.48,Livré,Aucun
LIV03971,Entrepôt → Magasin,E06,Nice-Est,E02,Lyon-Sud,P001,Lait demi-écrémé,Alimentaire,2025-04-09,2025-04-13,4,865,2678.7,DHL Supply Chain,502.34,Livré,Aucun
LIV03972,Magasin → Magasin,E05,Toulouse-Ouest,E02,Lyon-Sud,P002,Riz 1kg,Alimentaire,2025-03-16,2025-03-17,1,1118,3297.9,DB Schenker,481.34,Livré,Aucun
LIV03973,Magasin → Magasin,E06,Nice-Est,E08,Nantes-Atlantique,P004,Shampoing,Droguerie,2025-11-27,2025-11-28,1,991,11923.9,DB Schenker,1696.66,Livré,Retard transporteur
LIV03974,Magasin → Magasin,E06,Nice-Est,E07,Bordeaux-Centre,P007,Jeans,Textile,2025-01-12,2025-01-17,5,231,1191.4,FM Logistic,418.64,Annulé,Aucun
LIV03975,Magasin → Magasin,E02,Lyon-Sud,E07,Bordeaux-Centre,P005,Lessive,Droguerie,2025-03-19,2025-03-24,5,385,1422.5,FM Logistic,306.83,Livré,Aucun
LIV03976,Magasin → Magasin,E03,Marseille-Port,E02,Lyon-Sud,P004,Shampoing,Droguerie,2025-12-12,2025-12-15,3,481,6191.5,FM Logistic,1520.95,Livré,Aucun
LIV03977,Magasin → Magasin,E08,Nantes-Atlantique,E06,Nice-Est,P010,Casque audio,Électronique,2025-12-04,2025-12-08,4,457,1239.5,FM Logistic,428.29,Livré,Aucun
LIV03978,Inter-entrepôts,E05,Toulouse-Ouest,E04,Lille-Nord,P006,T-shirt homme,Textile,2025-10-07,2025-10-10,3,1279,9912.7,Geodis,2123.8,Livré,Aucun
LIV03979,Entrepôt → Magasin,E05,Toulouse-Ouest,E07,Bordeaux-Centre,P001,Lait demi-écrémé,Alimentaire,2025-11-13,2025-11-16,3,758,1048.6,DB Schenker,227.17,Livré,Aucun
LIV03980,Fournisseur → Entrepôt,E06,Nice-Est,E01,Paris-Rungis,P006,T-shirt homme,Textile,2025-05-08,2025-05-12,4,268,3718.8,DHL Supply Chain,640.27,En transit,Aucun
LIV03981,Inter-entrepôts,E08,Nantes-Atlantique,E03,Marseille-Port,P001,Lait demi-écrémé,Alimentaire,2025-07-15,2025-07-20,5,1481,19129.4,Geodis,3795.06,Livré,Aucun
LIV03982,Fournisseur → Entrepôt,E08,Nantes-Atlantique,E02,Lyon-Sud,P005,Lessive,Droguerie,2025-10-03,2025-10-08,5,688,4058.6,FM Logistic,892.27,Livré,Aucun
LIV03983,Magasin → Magasin,E04,Lille-Nord,E01,Paris-Rungis,P008,Smartphone,Électronique,2025-01-03,2025-01-04,1,585,3591.7,DB Schenker,784.0,En transit,Aucun
LIV03984,Inter-entrepôts,E03,Marseille-Port,E07,Bordeaux-Centre,P007,Jeans,Textile,2025-02-22,2025-02-24,2,624,4637.4,DB Schenker,728.73,Livré,Aucun
LIV03985,Entrepôt → Magasin,E02,Lyon-Sud,E06,Nice-Est,P002,Riz 1kg,Alimentaire,2025-08-19,2025-08-20,1,825,5490.6,Geodis,712.6,Livré,Aucun
LIV03986,Inter-entrepôts,E02,Lyon-Sud,E08,Nantes-Atlantique,P002,Riz 1kg,Alimentaire,2025-05-16,2025-05-17,1,1217,1906.9,FM Logistic,428.08,Livré,Casse
LIV03987,Inter-entrepôts,E04,Lille-Nord,E06,Nice-Est,P010,Casque audio,Électronique,2025-08-22,2025-08-23,1,608,5664.0,DHL Supply Chain,1145.75,En transit,Aucun
LIV03988,Magasin → Magasin,E01,Paris-Rungis,E03,Marseille-Port,P007,Jeans,Textile,2025-02-05,2025-02-10,5,461,1152.3,XPO Logistics,456.99,Livré,Aucun
LIV03989,Fournisseur → Entrepôt,E08,Nantes-Atlantique,E04,Lille-Nord,P009,TV 4K,Électronique,2025-08-30,2025-09-02,3,1360,4023.3,FM Logistic,628.08,Livré,Aucun
LIV03990,Magasin → Magasin,E06,Nice-Est,E02,Lyon-Sud,P006,T-shirt homme,Textile,2025-06-05,2025-06-07,2,215,3040.2,DHL Supply Chain,476.47,En transit,Retard transporteur
LIV03991,Fournisseur → Entrepôt,E06,Nice-Est,E05,Toulouse-Ouest,P009,TV 4K,Électronique,2025-03-29,2025-04-02,4,456,6304.4,FM Logistic,1765.45,Livré,Erreur quantité
LIV03992,Entrepôt → Magasin,E06,Nice-Est,E07,Bordeaux-Centre,P004,Shampoing,Droguerie,2025-08-26,2025-08-29,3,1326,19376.1,DB Schenker,5022.85,Livré,Aucun
LIV03993,Entrepôt → Magasin,E02,Lyon-Sud,E07,Bordeaux-Centre,P005,Lessive,Droguerie,2025-02-27,2025-02-28,1,171,68.4,DHL Supply Chain,197.5,Livré,Aucun
LIV03994,Entrepôt → Magasin,E06,Nice-Est,E05,Toulouse-Ouest,P005,Lessive,Droguerie,2025-08-19,2025-08-20,1,420,3172.8,FM Logistic,895.66,En transit,Aucun
LIV03995,Fournisseur → Entrepôt,E02,Lyon-Sud,E07,Bordeaux-Centre,P009,TV 4K,Électronique,2025-04-13,2025-04-17,4,1478,536.2,XPO Logistics,278.29,Livré,Aucun
LIV03996,Fournisseur → Entrepôt,E05,Toulouse-Ouest,E06,Nice-Est,P008,Smartphone,Électronique,2025-01-24,2025-01-28,4,728,1240.3,Geodis,486.61,Livré,Aucun
LIV03997,Inter-entrepôts,E07,Bordeaux-Centre,E04,Lille-Nord,P005,Lessive,Droguerie,2025-02-18,2025-02-22,4,71,986.8,Geodis,180.92,Retardé,Aucun
LIV03998,Fournisseur → Entrepôt,E08,Nantes-Atlantique,E05,Toulouse-Ouest,P009,TV 4K,Électronique,2025-03-13,2025-03-16,3,752,4486.5,DB Schenker,792.34,Livré,Casse
LIV03999,Entrepôt → Magasin,E03,Marseille-Port,E06,Nice-Est,P008,Smartphone,Électronique,2025-03-09,2025-03-13,4,1317,15135.0,Geodis,4157.94,Livré,Retard transporteur
LIV04000,Magasin → Magasin,E01,Paris-Rungis,E04,Lille-Nord,P005,Lessive,Droguerie,2025-10-21,2025-10-22,1,1331,8364.0,DHL Supply Chain,692.54,Retardé,Retard transporteur
